Compound,Tanimoto_SC_ref0_AB,Tanimoto_SC_ref1_AB,Tversky_SC_ref0_AB,Tversky_SC_ref1_AB,Carbo_SC_ref0_AB,Carbo_SC_ref1_AB,SMILES
SC1,0.558954,0.429645,0.835673,0.622644,0.596181,0.486764,CCCCCCCC(=O)Nc1ccccc1
SC10,0.585023,0.495667,0.805534,0.663413,0.584727,0.47627,Cc1cccc(-c2cn(CSc3ccccc3)nn2)c1
SC11,0.613824,0.449078,0.796381,0.642591,0.587234,0.445348,Cc1ccc(Cl)c(NC(=O)c2cccc3ccsc23)c1
SC12,0.582762,0.48393,0.854956,0.676237,0.635841,0.48077,COc1ccc(C)cc1NC(=O)Cc1ccccc1
SC13,0.777597,0.535509,0.89611,0.773937,0.831966,0.550208,Cc1ccc(C)c(NCc2ccccc2)c1
SC14,0.537717,0.805931,0.75672,0.903075,0.541854,0.859526,Cc1cn(-c2cc(Cl)ccc2Oc2ccc(F)cc2)nn1
SC15,0.490443,0.500768,0.810918,0.816639,0.564871,0.540388,Cc1cn(-c2ccccc2)nn1
SC16,0.498105,0.421905,0.874271,0.683327,0.550002,0.448913,COc1ccc(C)cc1NC(=O)c1cccc2c1oc1ccccc12
SC2,0.555827,0.447773,0.860122,0.703226,0.576307,0.453321,Cc1ccc2c(c1)NC(=O)[C@@H](C)S2
SC3,0.64643,0.469644,0.864445,0.682355,0.62727,0.469079,Cc1cccc(NC(=O)c2ccccc2)c1
SC4,0.605994,0.484527,0.862897,0.745999,0.616902,0.503953,C[C@H]1CC(=O)N(c2ccc(Cl)cc2)C1=O
SC5,0.503057,0.4035,0.95198,0.901556,0.595315,0.465629,Cc1cc2c(Cl)cccc2s1
SC6,0.475708,0.403581,0.947587,0.916871,0.605336,0.48169,C/C=C/c1ccccc1Cl
SC7,0.620563,0.539746,0.846852,0.844127,0.65996,0.547346,C/C=C/c1ccccc1Sc1ccc(Cl)cc1
SC8,0.66333,0.492006,0.86265,0.782536,0.690396,0.524861,C/C=C/c1ccccc1OCc1c(Cl)cccc1Cl
SC9,0.637508,0.473189,0.809421,0.698535,0.659036,0.506764,COc1ccc(Cn2ccc3ccc(C)cc32)cc1
decoy_1,0.621673,0.566284,0.834928,0.793937,0.647743,0.566268,Cc1c(C)c2c(c(C)c1O)CC[C@](C)(CCBr)O2
decoy_10,0.55151,0.575089,0.841197,0.789951,0.579148,0.550464,O=C(c1ccc(Br)cc1)c1ccc([N+](=O)[O-])cc1
decoy_100,0.609011,0.526098,0.807597,0.792559,0.616969,0.511573,CC(C)(C)c1cc(C(F)(F)F)c(C#N)c(Cl)n1
decoy_1000,0.647103,0.463214,0.831283,0.697918,0.671846,0.485805,c1ccc(NC[C@H]2CCCCO2)cc1
decoy_1001,0.499414,0.534291,0.747932,0.724401,0.534819,0.588082,c1cc(NC2CCCCCC2)ncn1
decoy_1002,0.485806,0.369351,0.848759,0.655882,0.659983,0.45664,c1ccc(C[NH2+]CC2CCCCC2)cc1
decoy_1003,0.492716,0.400511,0.84264,0.688212,0.665922,0.485972,c1ccc(C[NH2+]C2CCCCCC2)cc1
decoy_1004,0.491484,0.438835,0.87106,0.721567,0.62355,0.447522,c1ccc(OCCC[NH2+]CC2CCCCC2)cc1
decoy_1005,0.446321,0.374902,0.848504,0.676098,0.565814,0.436531,c1ccc(OCCC[NH2+]C2CCCCCCC2)cc1
decoy_1006,0.662605,0.453374,0.833057,0.722457,0.623366,0.474731,c1ccc(OC[C@H]2CCCCO2)cc1
decoy_1007,0.703373,0.485967,0.85828,0.697293,0.696821,0.501877,c1ccc(COC[C@H]2CCCCO2)cc1
decoy_1008,0.615472,0.450721,0.868008,0.762453,0.687022,0.485183,c1ccc(SCC2CCCC2)cc1
decoy_1009,0.65486,0.492167,0.829272,0.730454,0.644565,0.508686,c1ccc(OCCSCC2CCCC2)cc1
decoy_101,0.501336,0.513081,0.707547,0.660784,0.513004,0.480871,CC[C@H](C)n1c(-c2cccs2)nc2ccccc21
decoy_1010,0.550023,0.417446,0.958142,0.878213,0.664435,0.476065,c1ccc(-n2cccc2)cc1
decoy_1011,0.560271,0.465883,0.830403,0.650443,0.541776,0.485899,C1CCC([NH+]2CCCCC2)CC1
decoy_1012,0.544289,0.406394,0.901689,0.82445,0.593125,0.444309,c1ccc(-n2cccn2)cc1
decoy_1013,0.518742,0.371369,0.875587,0.710652,0.589461,0.408673,c1ccc(-n2ccnc2)cc1
decoy_1014,0.456633,0.415986,0.815854,0.66922,0.547968,0.417688,C1CCC([NH+]2CCOCC2)CC1
decoy_1015,0.581873,0.419797,0.775601,0.672588,0.596936,0.448234,C1CCC(N2CCSCC2)C1
decoy_1016,0.483507,0.47877,0.846508,0.853971,0.561586,0.523274,c1ccc(-n2cncn2)cc1
decoy_1017,0.460985,0.490223,0.856518,0.833448,0.569575,0.532009,c1ccc(-n2cnnc2)cc1
decoy_1018,0.660822,0.473303,0.891844,0.795072,0.720833,0.546345,c1ccc(NC2CCCC2)cc1
decoy_1019,0.673859,0.499378,0.839082,0.759838,0.714394,0.535842,c1ccc(NC2CCCCC2)cc1
decoy_102,0.52705,0.413743,0.778953,0.705317,0.577903,0.47156,CC(C)CCC[C@@H](C)[C@]1(O)CC[C@H](C)CC1
decoy_1020,0.554417,0.463358,0.859172,0.674061,0.588153,0.520968,C1CCC([NH2+]C2CCCCC2)CC1
decoy_1021,0.688851,0.501338,0.870327,0.784218,0.763053,0.540981,C1=CC[C@@H](CNc2ccccc2)CC1
decoy_1022,0.436619,0.410831,0.82993,0.713672,0.569832,0.487435,c1cnnc(NC[C@H]2CC[NH2+]C2)c1
decoy_1023,0.556555,0.539916,0.850554,0.776921,0.61047,0.584669,c1cc(NC2CCCC2)ncn1
decoy_1024,0.477138,0.497327,0.801352,0.743625,0.596448,0.570841,c1nnc(NC2CCCCC2)s1
decoy_1025,0.460364,0.426435,0.802421,0.701284,0.602503,0.494329,C1CCC([NH2+]CC2CC2)CC1
decoy_1026,0.47566,0.391416,0.817565,0.667359,0.630016,0.459574,c1ccc(C[NH2+]C2CCCC2)cc1
decoy_1027,0.492273,0.396938,0.821222,0.665028,0.576757,0.47123,c1ccc(C[NH2+]C2CCCCC2)cc1
decoy_1028,0.481682,0.406508,0.799688,0.664521,0.594583,0.484933,c1ccc(C[NH+]2CCCCCC2)cc1
decoy_1029,0.477456,0.386176,0.833777,0.674404,0.687832,0.47145,c1csc(C[NH2+]C2CCCC2)c1
decoy_103,0.545094,0.446979,0.776539,0.626837,0.539958,0.466698,O=C1CCCCC[C@H]1CN1CCOCC1
decoy_1030,0.496075,0.396865,0.823293,0.66461,0.670209,0.481394,c1csc(C[NH2+]C2CCCCC2)c1
decoy_1031,0.491332,0.409749,0.821405,0.642679,0.59972,0.420497,c1ccc(CC[NH2+]C2CCCCC2)cc1
decoy_1032,0.44019,0.364694,0.779607,0.623022,0.555415,0.434632,c1ccc(OCCC[NH2+]C2CCCC2)cc1
decoy_1033,0.449513,0.416293,0.802226,0.675447,0.603612,0.450142,c1ccc(OCCC[NH2+]C2CCCCC2)cc1
decoy_1034,0.417834,0.375573,0.807878,0.700596,0.533047,0.47089,C1CCC([NH2+]CCCOC2CCCCC2)CC1
decoy_1035,0.456571,0.39298,0.808668,0.651582,0.565711,0.444999,c1ccc(COCCC[NH2+]C2CCCC2)cc1
decoy_1036,0.436571,0.449308,0.828123,0.754905,0.592135,0.513092,c1ccc(COCCC[NH2+]C2CCCCC2)cc1
decoy_1037,0.416765,0.365867,0.820647,0.694205,0.539592,0.456673,C1=CC[C@@H](COCCC[NH2+]C2CCCCC2)CC1
decoy_1038,0.436315,0.390738,0.839568,0.716295,0.621375,0.480123,C(=[NH+]/NCc1cccnn1)\N1CCCCCC1
decoy_1039,0.609191,0.442038,0.893336,0.785393,0.758158,0.491302,c1ccc(OC2CCCC2)cc1
decoy_104,0.572221,0.417163,0.750398,0.65884,0.58251,0.430929,C[C@@H](N(C)C(=O)c1ccc(Br)o1)C(C)(C)C
decoy_1040,0.611942,0.433378,0.857913,0.735488,0.680438,0.473599,c1ccc(OC2CCCCC2)cc1
decoy_1041,0.606816,0.431246,0.800343,0.644153,0.665408,0.476225,C1=CC[C@H](O[C@@H]2CCCCO2)CC1
decoy_1042,0.596105,0.455565,0.831526,0.757988,0.628124,0.492885,c1ccc(OC2CCCC2)nc1
decoy_1043,0.516301,0.496623,0.793196,0.718415,0.609244,0.527446,c1cnc(OC2CCCCC2)cn1
decoy_1044,0.615494,0.409573,0.784564,0.634574,0.664191,0.438626,c1ccc(COC2CCCCC2)cc1
decoy_1045,0.596174,0.495464,0.766512,0.714998,0.585451,0.565043,c1ccc(CCOC[C@H]2CCOC2)cc1
decoy_1046,0.415787,0.391,0.798632,0.691478,0.582171,0.470573,C1CCC(OCCC[NH2+]C2CC2)CC1
decoy_1046_2,0.436792,0.440658,0.798138,0.741056,0.507367,0.481309,C1CCC(OCCC[NH2+]C2CC2)CC1
decoy_1047,0.412326,0.357231,0.832444,0.696389,0.56148,0.45861,C1CCC(OCCC[NH2+]C2CCCC2)CC1
decoy_1048,0.441195,0.374069,0.815545,0.671727,0.56557,0.443958,c1ccc(C[NH2+]CCCOC2CCCCC2)cc1
decoy_1049,0.440001,0.384917,0.816297,0.683937,0.546879,0.457526,c1csc(C[NH2+]CCCOC2CCCCC2)c1
decoy_105,0.511642,0.504894,0.727601,0.697755,0.517825,0.496359,Cc1ccc(C2=C/C(=C\c3ccc4c(c3)OCO4)C(=O)O2)cc1
decoy_1050,0.633523,0.456333,0.83928,0.702078,0.620516,0.491082,c1ccc(OCCCOC2CCCCC2)cc1
decoy_1051,0.539861,0.576736,0.743914,0.758029,0.58543,0.666294,c1nnc(SCCOC2CCCCC2)s1
decoy_1052,0.669136,0.462357,0.811913,0.696472,0.665238,0.515168,C1=CC[C@@H](COCSc2ccccc2)CC1
decoy_1053,0.612208,0.440687,0.885396,0.766412,0.620961,0.47301,c1ccc(SC2CCCC2)cc1
decoy_1054,0.459228,0.517142,0.825726,0.812178,0.557803,0.541072,C1=C(CSc2ncn[nH]2)CCS1
decoy_1055,0.461579,0.498111,0.852575,0.806742,0.589097,0.581035,c1nnc(SC2CCCCC2)[nH]1
decoy_1056,0.655268,0.407486,0.815927,0.649556,0.638741,0.433143,c1ccc(CSC2CCCCC2)cc1
decoy_1057,0.532366,0.39866,0.773444,0.587374,0.552575,0.43487,c1n[nH]cc1CSC1CCCCC1
decoy_1058,0.622196,0.494766,0.789812,0.731902,0.592098,0.500853,c1ccc(CCSC2CCCCC2)cc1
decoy_1059,0.446842,0.395813,0.818398,0.661795,0.545581,0.44937,C1CC[N@@H+]2CCC[C@H]2C1
decoy_106,0.549726,0.478428,0.799808,0.695317,0.570795,0.451518,N#C/C(=C/c1ccco1)Sc1nc2ccccc2s1
decoy_1060,0.456891,0.342905,0.870141,0.765853,0.603263,0.413016,c1ccn2ccnc2c1
decoy_1061,0.43421,0.446253,0.801649,0.786342,0.572014,0.619985,C1CC(N2CCOCC2)CC[NH2+]1
decoy_1062,0.391768,0.406235,0.851261,0.832388,0.507052,0.485819,c1ccn2cnnc2c1
decoy_1063,0.586457,0.460475,0.917241,0.861474,0.716139,0.543352,c1ccc(N2CCCC2)cc1
decoy_1064,0.606065,0.46908,0.913766,0.853464,0.758756,0.562599,c1ccc(N2CCCCC2)cc1
decoy_1065,0.44114,0.409145,0.779946,0.739643,0.538381,0.537474,c1ccc(NC2CC[NH2+]CC2)cc1
decoy_1066,0.63432,0.507059,0.837034,0.770052,0.63043,0.533505,c1ccc(NC2CCSCC2)cc1
decoy_1067,0.602819,0.466669,0.848013,0.742459,0.622309,0.497136,c1ccc(N[C@H]2CCOC2)cc1
decoy_1068,0.583509,0.443219,0.850911,0.773225,0.622801,0.473374,c1ccc(N2CCCC2)nc1
decoy_1069,0.615778,0.469878,0.831031,0.759801,0.677454,0.489903,c1ccc(N2CCCCC2)nc1
decoy_107,0.557111,0.456443,0.823345,0.655367,0.564299,0.457089,CCc1ccc2[nH]c(-c3ccncc3)c(C=O)c2c1
decoy_1070,0.459696,0.409468,0.850609,0.761383,0.591324,0.515332,c1ccc(NC2CC[NH2+]CC2)nc1
decoy_1071,0.46495,0.486354,0.803482,0.772924,0.534398,0.548172,c1cnnc(N2CCCC2)c1
decoy_1072,0.497709,0.387263,0.973115,0.907001,0.649915,0.474683,c1csc(-n2cccc2)c1
decoy_1073,0.523722,0.550742,0.794256,0.823439,0.604021,0.565057,c1cc(N2CCCCC2)ncn1
decoy_1074,0.44806,0.410024,0.799691,0.651631,0.548378,0.42054,C1CC[NH+](C2CCOCC2)CC1
decoy_1075,0.534698,0.374769,0.930186,0.827638,0.580439,0.44285,c1ccn(-c2ccon2)c1
decoy_1076,0.470713,0.401792,0.80429,0.642444,0.560551,0.430504,c1ccc(C[NH+]2CCCC2)cc1
decoy_1077,0.463677,0.401192,0.796794,0.674655,0.56764,0.476996,c1ccc(C[NH+]2CCCCC2)cc1
decoy_1078,0.429945,0.419347,0.73902,0.729156,0.547441,0.623345,c1ccc(CNC2CC[NH2+]CC2)cc1
decoy_1079,0.474337,0.394703,0.8366,0.691463,0.583306,0.462743,c1ccc(C[NH+]2CCCCC2)nc1
decoy_108,0.494476,0.528643,0.699046,0.75165,0.520505,0.60033,CC1=C(/C=C/C(C)=C\CO)C(C)(C)CCC1
decoy_1080,0.459775,0.394234,0.826837,0.685433,0.558976,0.463302,c1coc(C[NH+]2CCCCC2)c1
decoy_1081,0.462702,0.39809,0.82222,0.689268,0.590537,0.480731,c1csc(C[NH+]2CCCCC2)c1
decoy_1082,0.523145,0.435852,0.830038,0.698385,0.614734,0.495004,c1ccc(CC[NH+]2CCCCC2)cc1
decoy_1083,0.486603,0.422819,0.775944,0.620582,0.580216,0.460021,c1ccc(CCC[NH+]2CCCC2)cc1
decoy_1084,0.462144,0.375655,0.793614,0.605873,0.547551,0.429289,c1ccc(CCC[NH+]2CCCCC2)cc1
decoy_1085,0.470169,0.400634,0.829871,0.656582,0.604682,0.459643,c1ccc(NCCC[NH+]2CCCCC2)cc1
decoy_1086,0.404475,0.333049,0.866556,0.767516,0.601238,0.465307,c1ccc(C[NH2+]CCC[NH+]2CCCCC2)cc1
decoy_1087,0.432971,0.394425,0.740177,0.626613,0.530034,0.445019,c1ccc(OCCC[NH+]2CCCC2)cc1
decoy_1088,0.481847,0.412235,0.797894,0.644119,0.578508,0.44121,c1ccc(OCCC[NH+]2CCCCC2)cc1
decoy_1089,0.47756,0.408865,0.790397,0.631406,0.594491,0.454886,c1ccc(NCC[NH+]2CCCC2)cc1
decoy_109,0.506671,0.404232,0.786783,0.690724,0.542658,0.440246,O=C[C@@H]1CCCC12OCCO2
decoy_1090,0.480574,0.413695,0.834135,0.714429,0.644111,0.499188,c1ccc(NCC[NH+]2CCCCC2)nc1
decoy_1091,0.458952,0.408137,0.832928,0.706216,0.662417,0.534588,c1cc(NCC[NH+]2CCCCC2)ncn1
decoy_1092,0.489482,0.458452,0.826284,0.750178,0.581171,0.503161,c1ccc(SCC[NH+]2CCCCC2)cc1
decoy_1093,0.593513,0.457256,0.809649,0.736668,0.630255,0.480876,c1ccc(OC2CCOCC2)cc1
decoy_1094,0.56538,0.42685,0.939008,0.851142,0.638866,0.481678,C1=COC(c2ccccc2)=CC1
decoy_1095,0.350338,0.335726,0.761894,0.665319,0.474697,0.419776,c1cc2n(c1)CC[NH2+]C2
decoy_1096,0.444124,0.324493,0.889245,0.811307,0.527931,0.377968,c1cn2ccsc2n1
decoy_1097,0.587391,0.441433,0.876902,0.661679,0.617768,0.458066,c1ccc([C@@H]2CCn3nccc3N2)cc1
decoy_1098,0.452338,0.420539,0.774128,0.655664,0.548809,0.455598,C1=CC2=NC=C3C[C@H]4[NH2+]CCC[C@@H]4C(=C1)[C@@H]32
decoy_1099,0.544913,0.405592,0.853528,0.778575,0.637509,0.438323,c1ccc2c(c1)CCCN2
decoy_11,0.475798,0.419598,0.85012,0.739811,0.548882,0.475202,Oc1ccsc1-c1ccncc1
decoy_110,0.53925,0.429434,0.780832,0.613388,0.536564,0.44638,C=C(C)C(=O)O[C@@]12C[C@@H]3C[C@@H](C[C@@](O)(C3)C1)C2
decoy_1100,0.63391,0.482677,0.786324,0.729112,0.63952,0.558593,c1ccc(N[C@H]2C[C@@H](c3ccccc3)C2)cc1
decoy_1101,0.418829,0.33557,0.874471,0.666682,0.571914,0.443908,c1ccc(-c2n[nH]cc2C[NH2+]C[C@H]2CCN(c3ccccc3)C2)cc1
decoy_1102,0.455006,0.363298,0.820507,0.623732,0.552422,0.438198,c1ccc(N2CC[C@H](C[NH2+]Cc3cn[nH]c3)C2)cc1
decoy_1103,0.434268,0.346335,0.835611,0.634629,0.55787,0.429045,c1ccc(C[NH2+]CC2CCN(c3ccccc3)CC2)cc1
decoy_1104,0.526269,0.588291,0.797236,0.772267,0.571054,0.603687,c1ccc(N2CCC(Nc3ccncn3)CC2)cc1
decoy_1105,0.416187,0.353003,0.85297,0.683723,0.565626,0.453974,c1ccc(N2CCC([NH2+]Cc3nc4ccccc4[nH]3)CC2)cc1
decoy_1106,0.436643,0.390063,0.746643,0.644799,0.524312,0.431907,c1ccc(N2CC[NH2+]CC2)cc1
decoy_1107,0.671001,0.46329,0.830536,0.72631,0.716607,0.514593,c1ccc(N2CCN(c3ccccc3)CC2)cc1
decoy_1108,0.418617,0.385572,0.836895,0.713557,0.559446,0.443991,c1ccc(Nc2ncnc(C[NH+]3CCN(c4ccccc4)CC3)n2)cc1
decoy_1109,0.395103,0.364671,0.823871,0.706566,0.571077,0.44374,c1ccc(-c2cn(-c3ccccc3)nc2C[NH+]2CCN(c3ccccc3)CC2)cc1
decoy_111,0.493924,0.432554,0.836895,0.7931,0.581421,0.617641,CC[C@H](C)Sc1ccc([C@@H](C)[NH2+]C)cc1F
decoy_1110,0.550743,0.613083,0.858471,0.827714,0.565126,0.65108,c1ccc(N2CCN(Cn3cnc4ccccc43)CC2)cc1
decoy_1111,0.609403,0.442767,0.861011,0.774508,0.605771,0.467106,c1ccc(N2CCOCC2)cc1
decoy_1112,0.590201,0.423852,0.904771,0.806461,0.636756,0.45775,C1=NN(c2ccccc2)CC1
decoy_1113,0.368589,0.389135,0.842599,0.781331,0.528024,0.50074,c1ccc(COc2cccc(C[NH2+]C3CCN(c4ccccn4)CC3)c2)cc1
decoy_1114,0.473385,0.424622,0.815803,0.679668,0.610648,0.496255,c1ccc(N2CCN(c3cccc[nH+]3)CC2)cc1
decoy_1115,0.596973,0.453123,0.857503,0.759153,0.616441,0.484933,c1ccc(N2CCOCC2)nc1
decoy_1116,0.479711,0.400656,0.855545,0.720124,0.608822,0.467848,C1=CC2=C(NC1)OCCN2
decoy_1117,0.493562,0.580266,0.731214,0.769094,0.538527,0.650783,c1ccc(CC2CCN(c3ccncn3)CC2)cc1
decoy_1118,0.517379,0.559004,0.773122,0.744395,0.544311,0.613464,c1ccc(OCC2CCN(c3ccncn3)CC2)cc1
decoy_1119,0.42023,0.385606,0.831258,0.696061,0.554801,0.444867,c1cc(N2CC[NH2+]CC2)ncn1
decoy_112,0.57221,0.508447,0.869819,0.734067,0.575381,0.488507,CC[C@@H]1CC[C@H](C#N)[C@H](Sc2ccccc2[N+](=O)[O-])C1
decoy_1120,0.475438,0.352952,0.922162,0.790067,0.564213,0.430506,c1cnc2ccnn2c1
decoy_1121,0.501399,0.563149,0.728421,0.763169,0.54519,0.62335,c1ccc(CC2CCN(c3cnccn3)CC2)cc1
decoy_1122,0.424554,0.42887,0.886997,0.868811,0.532822,0.56639,c1cnc2cncn2c1
decoy_1123,0.401595,0.388446,0.818616,0.789708,0.545382,0.572843,c1csc(N2CC[NH2+]CC2)n1
decoy_1124,0.578726,0.476276,0.821764,0.65854,0.596223,0.474067,c1csc(N2CCN(c3cn4ccsc4n3)CC2)n1
decoy_1125,0.495498,0.503035,0.842481,0.778915,0.575864,0.542696,C1=Nc2ncnn2[C@H](c2ccccc2)C1
decoy_1126,0.376588,0.322564,0.890515,0.74569,0.52028,0.416038,c1cnc2[nH]cnc2c1
decoy_1127,0.410378,0.311089,0.897829,0.702321,0.580817,0.395802,c1cnc2[nH]ncc2c1
decoy_1128,0.356571,0.334578,0.778462,0.652194,0.497566,0.397749,c1nnc(N2CC[NH2+]CC2)s1
decoy_1129,0.442057,0.393207,0.877434,0.733218,0.56885,0.477193,c1ccc(CN2CC[C@H]([NH2+][C@H]3[C@@H]4C[C@H]5C[C@@H](C4)C[C@@H]3C5)C2)cc1
decoy_113,0.585077,0.448828,0.877766,0.767824,0.643921,0.474588,N#Cc1cnc(-c2cc(F)cc(F)c2)nc1
decoy_1130,0.474378,0.425036,0.867902,0.741766,0.570981,0.492648,c1ccc(CN[C@H]2CC[N@H+](Cc3ccccc3)C2)cc1
decoy_1131,0.452426,0.383081,0.865891,0.719428,0.602936,0.483228,c1ccc(C[N@H+]2CC[C@H](c3ccn4nccc4n3)CC2)cc1
decoy_1132,0.482869,0.433537,0.828561,0.7021,0.531291,0.420854,c1ccc(C[NH+]2CCNCC2)cc1
decoy_1133,0.453127,0.362152,0.810074,0.629243,0.577164,0.436345,c1ccc(CN2CC[NH+](Cc3ccccc3)CC2)cc1
decoy_1134,0.46521,0.393604,0.874217,0.715828,0.594893,0.475506,c1ccc(CCN2CC[NH+](Cc3ccccc3)CC2)cc1
decoy_1135,0.599617,0.452757,0.820045,0.70739,0.652424,0.482899,c1ccc(CN2CCOCC2)cc1
decoy_1136,0.550497,0.406808,0.921513,0.792754,0.616388,0.454819,c1cnc(-c2ccco2)nc1
decoy_1137,0.457476,0.407489,0.844219,0.747083,0.583005,0.488885,c1csc(CN2CC[NH2+]CC2)c1
decoy_1138,0.582347,0.453225,0.861827,0.661613,0.598017,0.530392,c1ccc(CN2CCN(Cc3ccncn3)CC2)cc1
decoy_1139,0.4791,0.394237,0.855507,0.689037,0.568587,0.453107,c1ccc(C[NH+]2CCN(Cc3cc[nH]n3)CC2)cc1
decoy_114,0.545535,0.472241,0.830506,0.686828,0.554956,0.476761,CCOC(=O)Cc1csc2nc3c(n12)CCCCCC3
decoy_1140,0.41203,0.396463,0.895777,0.822516,0.564116,0.554212,C1=C[C@H](C[N@H+]2CC[C@H](C[C@H]3C[C@H](c4ccccc4)NO3)CC2)N=N1
decoy_1141,0.462642,0.379503,0.812086,0.646405,0.54372,0.441432,c1ccc(CN2CC[NH+](Cc3ccsc3)CC2)cc1
decoy_1142,0.391281,0.367756,0.819485,0.693495,0.480751,0.421245,c1nc([C@@H]2CCC[NH2+]2)cs1
decoy_1143,0.410898,0.413677,0.839853,0.810963,0.541256,0.518312,c1snnc1CN1CC[NH2+]CC1
decoy_1144,0.453613,0.373833,0.827312,0.673415,0.578158,0.455774,c1ccc(O[C@H]2CC[N@H+](Cc3ncncn3)CC2)cc1
decoy_1145,0.478661,0.421723,0.871713,0.737334,0.606101,0.47612,c1ccc(C[NH+]2CCN(Cc3ncncn3)CC2)cc1
decoy_1146,0.478174,0.376551,0.851876,0.653083,0.621575,0.445861,c1ccc(CC[N@H+]2CC[C@H](c3ccccc3)CC2)cc1
decoy_1147,0.357328,0.338644,0.816956,0.696092,0.55493,0.437903,C(=C/N1CC[NH+](Cc2ncnc(Nc3ccccc3)n2)CC1)\c1ccccc1
decoy_1148,0.457902,0.40327,0.793149,0.68883,0.567415,0.481213,c1ccc(C[C@H]2CCC[NH2+]C2)cc1
decoy_1149,0.443195,0.378287,0.769839,0.618591,0.534805,0.451168,c1ccc(NC[C@H]2CCC[NH2+]2)cc1
decoy_115,0.433701,0.447035,0.629649,0.681988,0.499402,0.470418,CC(C)[C@@H]1CC[C@@H](C)C[C@@H]1C#N
decoy_1150,0.442358,0.379558,0.797471,0.646161,0.532732,0.450961,c1ccc(NC[C@H]2CCC[NH2+]2)nc1
decoy_1151,0.481602,0.468812,0.752897,0.762592,0.553539,0.541,c1ccc(OCCN2CC[NH2+]CC2)cc1
decoy_1152,0.579982,0.488126,0.765359,0.736692,0.577608,0.480501,C1=NN(c2ccccc2)[C@H](c2ccccc2)C1
decoy_1153,0.506954,0.35903,0.868988,0.748698,0.660348,0.429002,c1ccc2c(c1)CCCO2
decoy_1154,0.495375,0.397466,0.831842,0.765252,0.561532,0.453876,c1ccc2c(c1)NCCO2
decoy_1155,0.499841,0.389757,0.877943,0.820387,0.568379,0.445584,c1ccc2c(c1)OCCO2
decoy_1156,0.547142,0.412906,0.840271,0.758728,0.564604,0.465623,c1ccc2c(c1)OCCCO2
decoy_1157,0.419248,0.387791,0.781357,0.663004,0.521038,0.450685,c1ccc([C@@H]2C[NH2+]CCO2)cc1
decoy_1158,0.585334,0.40081,0.901641,0.773622,0.618987,0.444195,c1ccc(C2OCCO2)cc1
decoy_1159,0.40921,0.453423,0.829739,0.80132,0.550994,0.568831,c1nn[nH]c1[C@@H]1CCCO1
decoy_116,0.531384,0.453031,0.778722,0.629521,0.560017,0.476501,C[C@H]1CC[C@H](C#N)[C@H](N2CCOC[C@@H]2C)C1
decoy_1160,0.630408,0.421638,0.8569,0.722013,0.608879,0.452257,c1ccc(C[C@H]2CCCO2)cc1
decoy_1161,0.626254,0.460753,0.828805,0.685306,0.6244,0.483578,c1ccc(NC[C@H]2CCCOC2)cc1
decoy_1162,0.652172,0.467149,0.866071,0.724591,0.647442,0.49395,c1ccc(NC[C@H]2CCCO2)cc1
decoy_1163,0.48885,0.474287,0.848723,0.770305,0.55938,0.483441,c1ccc(NC[C@H]2CCCO2)[nH+]c1
decoy_1164,0.545983,0.516889,0.870776,0.762691,0.594701,0.524529,c1cc(NC[C@H]2CCCO2)ncn1
decoy_1165,0.4996,0.426716,0.821605,0.686511,0.611973,0.470681,c1ccc(C[NH2+]C[C@H]2CCCO2)cc1
decoy_1166,0.476096,0.40902,0.822085,0.669993,0.611209,0.457508,c1ccc(C[NH2+]C[C@H]2COCCO2)cc1
decoy_1167,0.498608,0.388457,0.838802,0.639191,0.559644,0.424081,C(\NCCc1ccccc1)=[NH+]/C[C@H]1CCCO1
decoy_1168,0.494689,0.458816,0.817139,0.706509,0.556598,0.467326,C(\NCCOc1ccccc1)=[NH+]/C[C@H]1CCCO1
decoy_1169,0.642856,0.447213,0.849655,0.742558,0.609349,0.475177,c1ccc(OC[C@H]2CCCO2)cc1
decoy_117,0.558646,0.44384,0.742037,0.673481,0.608004,0.508591,CC(C)c1ccc([C@@H](O)CCCCl)cc1
decoy_1170,0.63719,0.440894,0.835748,0.643275,0.629289,0.476801,c1ccc(NCCOC[C@H]2CCCO2)cc1
decoy_1171,0.395558,0.403036,0.807539,0.79213,0.533694,0.544962,C1CSC2(CC[NH2+]CC2)N1
decoy_1172,0.57677,0.40196,0.847291,0.719861,0.61829,0.445975,c1ccc([C@H]2NCCS2)cc1
decoy_1173,0.448623,0.359456,0.980243,0.924549,0.660258,0.486194,c1csc(-c2cccs2)c1
decoy_1174,0.518331,0.395138,0.836752,0.756187,0.574502,0.441716,c1csc([C@H]2NCCS2)c1
decoy_1175,0.484986,0.360695,0.915331,0.717382,0.556363,0.418567,c1csc(-c2cc[nH]c2)n1
decoy_1176,0.465907,0.378835,0.982307,0.93468,0.712326,0.497622,c1csc(-c2ccsc2)c1
decoy_1177,0.526153,0.382098,0.951052,0.856623,0.573621,0.432665,c1csc(-c2ccsc2)n1
decoy_1178,0.465771,0.411999,0.908067,0.793438,0.583778,0.462268,c1csc(-c2ncc[nH]2)c1
decoy_1179,0.523515,0.380888,0.956421,0.860935,0.580483,0.438147,c1csc(-c2nccs2)c1
decoy_118,0.576703,0.419971,0.830145,0.599919,0.594591,0.434318,N#Cc1ccc(NC[C@@H]2CCCCO2)cc1Cl
decoy_1180,0.441001,0.450163,0.839643,0.93767,0.541159,0.55777,c1csc(-c2ncno2)c1
decoy_1181,0.401193,0.352011,0.878746,0.738741,0.51964,0.415164,c1csc(-c2nnc[nH]2)c1
decoy_1182,0.307338,0.340928,0.817018,0.850978,0.552,0.499762,c1csc(-c2nn[n-]n2)c1
decoy_1183,0.668687,0.496555,0.896431,0.696422,0.646339,0.492532,c1ccc2c(c1)NC[C@H]2C1N=c2ccccc2=N1
decoy_1184,0.598592,0.455429,0.811954,0.67782,0.589306,0.452142,c1ccc(CC2=c3ccccc3=NC2)cc1
decoy_1185,0.416569,0.513994,0.70903,0.727748,0.477126,0.535596,c1ccc([C@@H](C2=c3ccccc3=NC2)c2c[nH]c3ccccc23)cc1
decoy_1186,0.563463,0.496405,0.835372,0.690697,0.5807,0.499086,C(=N/N[C@H]1Nc2ccccc2S1)\C1=c2ccccc2=NC1
decoy_1187,0.598464,0.459773,0.818904,0.752076,0.625777,0.519223,c1ccc2c(c1)CNc1ccccc1C2
decoy_1188,0.668611,0.509397,0.85302,0.722918,0.682792,0.514215,c1ccc(C[C@H]2CNc3ccccc3O2)cc1
decoy_1189,0.451178,0.370725,0.892248,0.875783,0.555513,0.447208,c1ncc2ccsc2n1
decoy_119,0.455257,0.452174,0.921235,0.828907,0.63092,0.524638,C[N@@H+](C1CCOCC1)[C@@H]1C[C@H](C(C)(C)C)CC[C@@H]1C#N
decoy_1190,0.448142,0.336692,0.933653,0.807949,0.580851,0.422393,c1ncc2nscc2n1
decoy_1191,0.531585,0.460953,0.833613,0.668254,0.573646,0.471633,C1=NN=C(c2ccccc2)[C@@H]1c1[nH]cnc1-c1ccccc1
decoy_1192,0.581796,0.540572,0.880374,0.772162,0.688864,0.571042,C1=C[C@H]([C@@H]2NNCN2/N=C/c2ccccc2)N=N1
decoy_1193,0.447039,0.427846,0.860572,0.93202,0.545033,0.516584,c1noc(-c2ccsc2)n1
decoy_1194,0.701997,0.491526,0.884568,0.734272,0.676888,0.49382,c1ccc(N[C@H]2COc3ccccc32)cc1
decoy_1195,0.553697,0.412494,0.783243,0.591873,0.604298,0.4264,C1=C(c2nnc(-c3ccccc3)o2)COc2ccccc21
decoy_1196,0.468206,0.325766,0.905252,0.779245,0.579127,0.422858,c1ccc2c(c1)OCO2
decoy_1197,0.511899,0.423369,0.854055,0.661718,0.626764,0.460093,c1ccc(CSc2nc([C@@H]3COc4ccccc4O3)n[nH]2)cc1
decoy_1198,0.658171,0.497969,0.848644,0.776549,0.65102,0.527278,c1ccc(C[C@H]2CO[C@H](c3ccccc3)C2)cc1
decoy_1199,0.519017,0.397472,0.891934,0.744048,0.611173,0.440641,c1c[nH]c(C2=NCSC2)c1
decoy_12,0.454562,0.359251,0.909077,0.878693,0.544237,0.446434,N#Cc1csc2nnsc12
decoy_120,0.607134,0.454617,0.82707,0.684191,0.579594,0.465557,Fc1ccc(COc2nsnc2N2CCCCCC2)cc1
decoy_1200,0.437001,0.418789,0.760671,0.646182,0.550264,0.459005,c1ccc2c(c1)CC[NH2+][C@H]2C1CC1
decoy_1201,0.567969,0.508181,0.766429,0.72521,0.560151,0.503449,C1=C(c2ccccc2)[C@@H](c2ccccc2)N=N1
decoy_1202,0.631674,0.482853,0.843323,0.774862,0.670439,0.501509,c1ccc(C2=NN(c3ccccc3)[C@H](c3ccccc3)C2)cc1
decoy_1203,0.530434,0.540409,0.801841,0.718876,0.568449,0.543511,c1ccc([C@H]2C[C@@H](c3ccccc3)n3ncnc3N2)cc1
decoy_1204,0.577994,0.518105,0.736837,0.724003,0.570175,0.485268,C1=CN2C(=NC(c3ccccc3)=C[C@H]2c2ccccc2)S1
decoy_1205,0.497779,0.569849,0.786928,0.775976,0.582733,0.543955,C1=C(c2ccccc2)N[C@@H](c2ccccc2)N[C@H]1c1ccccc1
decoy_1206,0.489844,0.570921,0.820856,0.808262,0.546353,0.613564,C1=C(c2ccccc2)N[C@@H](c2cccnc2)N[C@H]1c1ccccc1
decoy_1207,0.597641,0.526638,0.801755,0.77873,0.64735,0.522415,C1=C(c2ccccc2)N[C@@H](c2cccs2)N[C@H]1c1ccccc1
decoy_1208,0.399165,0.429549,0.793474,0.799365,0.537853,0.49311,c1ccc([C@H]2[NH2+]CCc3[nH]cnc32)cc1
decoy_1209,0.424005,0.390897,0.816232,0.697008,0.531808,0.448807,c1ccc2c(c1)=N[C@H]1C[NH2+]CCC=21
decoy_121,0.48282,0.401217,0.708181,0.580067,0.502406,0.439442,C[C@H]1CC(C)(C)C[C@@](C#N)(NC2CC2)C1
decoy_1210,0.544334,0.423835,0.808965,0.724863,0.58358,0.449674,c1ccc2nc3c(cc2c1)CCC3
decoy_1211,0.606823,0.435856,0.856506,0.756946,0.670387,0.495213,c1ccc(Cc2ccc3c(c2)CCC3)cc1
decoy_1212,0.578609,0.458545,0.834936,0.69693,0.565566,0.472297,c1cnn(Cc2ccc3c(c2)OCC3)c1
decoy_1213,0.599047,0.489243,0.785656,0.699555,0.620403,0.514651,c1ccc(NCc2ccc3c(c2)CCO3)cc1
decoy_1214,0.466741,0.369208,0.802216,0.62383,0.58535,0.424187,c1ccc(C[NH2+]Cc2cc3c(s2)CCC3)cc1
decoy_1215,0.68085,0.475849,0.889489,0.764657,0.659943,0.492767,c1ccc(Oc2ccc3c(n2)CCC3)cc1
decoy_1216,0.663529,0.467201,0.866848,0.746253,0.632005,0.475525,c1ccc(-c2ncc3c(n2)CCC3)cc1
decoy_1217,0.610976,0.467103,0.890701,0.710928,0.597501,0.465345,c1cc(-c2ncc3c(n2)CCC3)ccn1
decoy_1218,0.60742,0.47518,0.849442,0.786608,0.620653,0.510728,C1=C2CCC[C@@H]2Nc2ccccc21
decoy_1219,0.578208,0.425595,0.858805,0.741235,0.582357,0.452887,c1cc2cc3c(nc2s1)CCOC3
decoy_122,0.505585,0.430997,0.775792,0.655741,0.533919,0.447039,CC[C@@H](C)c1ccc(C(=O)c2ccc3c(c2)CCC3)cc1
decoy_1220,0.463643,0.434166,0.757004,0.765177,0.537459,0.507927,c1ccc(-c2ncc3c(n2)CC[NH2+]C3)cc1
decoy_1221,0.603663,0.444113,0.856695,0.691651,0.650057,0.487301,c1ccc(O[C@@H]2CC[C@H]3O[C@@H](c4ccccc4)OC[C@H]3O2)cc1
decoy_1222,0.591068,0.460201,0.784502,0.715716,0.591459,0.471052,c1ccc(N2CCO[C@H]3CCC[C@H]32)cc1
decoy_1223,0.477679,0.489583,0.808717,0.869146,0.560505,0.522208,c1ncc2c3c(sc2n1)CCC3
decoy_1224,0.555669,0.483525,0.850216,0.834462,0.6524,0.511602,c1csc([C@@H]2CCCCc3ccccc32)c1
decoy_1225,0.581513,0.555374,0.817332,0.868661,0.574479,0.563089,C1=C[C@@H](c2ccccc2)N2C=CSC2=N1
decoy_1226,0.537285,0.428696,0.760354,0.714549,0.616717,0.503344,c1ccc([C@@H]2CCCN2c2ccccc2)cc1
decoy_1227,0.510362,0.421212,0.81696,0.641558,0.627161,0.459419,c1ccc([C@@H]2CCC[C@H](c3ccccc3)[NH2+]2)cc1
decoy_1228,0.505278,0.430449,0.871029,0.716816,0.629644,0.481585,c1ccc(OCC[N@@H+]2CCC[C@H]2c2ccccc2)cc1
decoy_1229,0.569383,0.443888,0.779372,0.722318,0.614818,0.456599,c1ccc(-c2conc2C2CCC2)cc1
decoy_123,0.463011,0.495299,0.793857,0.763139,0.537312,0.569367,CCC(C)(C)[C@@H]1CC[C@H](C#N)[C@H](N2CCO[C@H](C)C2)C1
decoy_1230,0.477882,0.480091,0.704115,0.804293,0.537457,0.585163,c1nc2c(s1)C[C@@H]1CCCC[C@@H]1C2
decoy_1231,0.494354,0.476566,0.791214,0.732098,0.539907,0.505304,c1cc2c(cc1[C@@H]1CSCC[NH2+]1)CCCC2
decoy_1232,0.471083,0.521893,0.713226,0.770238,0.550497,0.567335,c1noc(-c2cc3c(s2)CCCCC3)n1
decoy_1233,0.576895,0.436674,0.803759,0.691677,0.582134,0.450732,c1ccc2nc3c(cc2c1)CCCC3
decoy_1234,0.556265,0.508885,0.892213,0.794032,0.611801,0.533746,c1ccc2c(c1)ncn2-c1ccncn1
decoy_1235,0.563267,0.452805,0.875004,0.703288,0.608616,0.470664,c1ccc2nc(-c3cc[nH]c3)ccc2c1
decoy_1236,0.437432,0.411286,0.718098,0.652415,0.494518,0.467299,c1ccc(-c2c[nH]c(C3CC[NH2+]CC3)n2)cc1
decoy_1237,0.543124,0.547309,0.708289,0.772971,0.553044,0.5513,c1ccc(-c2ccnc3c2CCCCC3)cc1
decoy_1238,0.533874,0.519262,0.840238,0.768707,0.571753,0.492556,c1cc2c([nH+]c1NC1CC1)CCCC2
decoy_1239,0.528019,0.424019,0.807505,0.629872,0.560397,0.435913,c1c[nH]c(Sc2ccc3c(n2)CCCC3)n1
decoy_124,0.45605,0.515424,0.694073,0.775648,0.495023,0.580223,CC[C@H]1CC[C@H](C#N)[C@H](N2CCc3ccccc32)C1
decoy_1240,0.571169,0.426302,0.965993,0.875162,0.662813,0.508958,c1csc(-c2cc3ccccc3o2)c1
decoy_1241,0.577534,0.603204,0.7894,0.895371,0.601299,0.582637,c1ccc(-c2cccc3ncccc23)cc1
decoy_1242,0.506569,0.441043,0.871871,0.706003,0.601279,0.464606,c1ccc(C[C@H]2CCC[N@@H+](Cc3ccccc3)C2)cc1
decoy_1243,0.472714,0.452879,0.884076,0.772671,0.609061,0.506213,c1ccc(C[C@H]2CCC[N@@H+](Cc3cncnc3)C2)cc1
decoy_1244,0.500765,0.454655,0.862717,0.751502,0.609647,0.507998,c1ccc(C[N@@H+]2CCC[C@H]2C2CCCC2)cc1
decoy_1245,0.606217,0.517705,0.88552,0.808363,0.653827,0.511144,c1ccc(-c2cnn3cccnc23)cc1
decoy_1246,0.502393,0.519604,0.701782,0.752524,0.507227,0.515142,c1ccc(-c2conc2-c2ccccc2)cc1
decoy_1247,0.505421,0.588343,0.755763,0.824478,0.536403,0.639967,c1ccc(-c2conc2-c2cccnc2)cc1
decoy_1248,0.509643,0.558494,0.806622,0.883337,0.530306,0.585936,c1ccc(-c2csc3nccn23)cc1
decoy_1249,0.529011,0.58577,0.809203,0.897699,0.569493,0.618313,c1ccc(-c2csc3ncncc23)cc1
decoy_125,0.486149,0.424521,0.874905,0.747473,0.585184,0.482703,C[C@H]1CC[C@H](C#N)[C@H](N2CCC[N@H+](C)CC2)C1
decoy_1250,0.483464,0.550421,0.794547,0.775801,0.535941,0.546182,c1ccc(-c2nc[nH]c2-c2ccccn2)cc1
decoy_1251,0.509717,0.533564,0.752294,0.725235,0.530175,0.5258,c1ccc(-c2ncnn2-c2ccccc2)cc1
decoy_1252,0.514891,0.567789,0.818134,0.793631,0.552854,0.54262,c1ccc(-c2[nH]cnc2-c2ccncc2)cc1
decoy_1253,0.550933,0.469961,0.877983,0.72566,0.566277,0.460306,c1ccc(-c2nnc3ccccn23)cc1
decoy_1254,0.522642,0.539482,0.777958,0.726315,0.529849,0.532146,c1ccc(-c2nncn2-c2ccccc2)cc1
decoy_1255,0.513386,0.448538,0.828961,0.746507,0.612377,0.476259,c1ccc(-c2n[nH]c3sccc23)cc1
decoy_1256,0.515359,0.519168,0.775333,0.726775,0.53895,0.512941,c1ccc(-c2nnnn2-c2ccccc2)cc1
decoy_1257,0.654337,0.475295,0.891506,0.789455,0.625353,0.477246,c1ccc(-c2ccc3ccccc3n2)cc1
decoy_1258,0.546579,0.40973,0.762886,0.6447,0.561487,0.42293,c1ccc(-c2ccc(-c3ncon3)cc2)cc1
decoy_1259,0.464428,0.379452,0.801369,0.627085,0.556138,0.444799,c1ccn(-c2ccc(CC3CC[NH2+]CC3)cc2)c1
decoy_126,0.50029,0.412127,0.784795,0.683598,0.528406,0.448984,CCC(C)(C)[C@H]1CC[C@@H](C#N)[C@H](Sc2ccc(C)cc2)C1
decoy_1260,0.693403,0.488213,0.877641,0.765848,0.728835,0.512943,c1ccc(-c2ccn(-c3ccccc3)n2)cc1
decoy_1261,0.660383,0.450419,0.863647,0.705116,0.654761,0.465151,c1ccc(-c2ccn(-c3ccccn3)n2)cc1
decoy_1262,0.647119,0.522255,0.829617,0.789516,0.633858,0.513924,c1ccc(-c2ccnc(-c3ccccc3)c2)cc1
decoy_1263,0.647238,0.550102,0.845682,0.828678,0.627053,0.530872,c1ccc(-c2ccnc(-c3cccs3)c2)cc1
decoy_1264,0.608653,0.525837,0.884258,0.757147,0.645754,0.511701,c1ccc(-c2ccnc(-n3cccn3)n2)cc1
decoy_1265,0.634404,0.446297,0.895172,0.728968,0.621232,0.466567,c1ccc(-c2cn3ccccc3n2)cc1
decoy_1266,0.59594,0.472791,0.877352,0.763651,0.609482,0.495062,c1ccc(-c2cn3ccncc3n2)cc1
decoy_1267,0.599262,0.431711,0.894434,0.745702,0.649563,0.455372,c1ccc(-c2cn3ccsc3n2)cc1
decoy_1268,0.613842,0.423624,0.88779,0.779578,0.669164,0.45836,c1ccc(-c2cn3ncsc3n2)cc1
decoy_1269,0.644991,0.460289,0.872129,0.76095,0.617944,0.458028,c1ccc(-c2cnc3ccccc3n2)cc1
decoy_127,0.475709,0.521229,0.73,0.777748,0.492198,0.597955,CC(C)(C)[C@H]1CC[C@@H](C#N)[C@H](Sc2ccc(F)cc2)C1
decoy_1270,0.623486,0.452297,0.856197,0.694172,0.662392,0.457138,c1ccc(-c2cn(-c3ccccc3)nn2)cc1
decoy_1271,0.544237,0.5498,0.883076,0.806455,0.618899,0.579714,c1ccc(-c2cnc3cncnc3n2)cc1
decoy_1272,0.541498,0.432073,0.894392,0.696213,0.601042,0.475569,c1ccc(-c2cnc(-c3cnc[nH]3)[nH]2)cc1
decoy_1273,0.654513,0.455235,0.855178,0.739417,0.649332,0.465358,c1ccc(-c2cnn(-c3ccccc3)c2)cc1
decoy_1274,0.666124,0.476235,0.887767,0.788128,0.752448,0.516391,c1ccc(-c2csc(-c3ccccc3)n2)cc1
decoy_1275,0.608319,0.45118,0.918775,0.704097,0.602757,0.46792,c1ccc(-c2nc3ccccc3[nH]2)cc1
decoy_1276,0.641114,0.440988,0.902637,0.769907,0.639124,0.455103,c1ccc(-c2nc3ccccc3o2)cc1
decoy_1277,0.597878,0.456245,0.792275,0.671428,0.690577,0.482676,c1ccc2oc(C3CCCCC3)nc2c1
decoy_1278,0.540777,0.41272,0.865883,0.676466,0.602065,0.443237,c1ccc(-c2nc3ncccc3o2)cc1
decoy_1279,0.620673,0.451555,0.803443,0.644477,0.640099,0.46795,c1ccc(-c2noc(C3CCCCC3)n2)cc1
decoy_128,0.47697,0.524194,0.724079,0.713883,0.528071,0.533493,CC(C)(C)[C@@H]1CC[C@@H](C#N)[C@H](Sc2nncs2)C1
decoy_1280,0.559209,0.416317,0.782207,0.602387,0.594323,0.442181,c1ccc(Cc2noc(C3CCCCC3)n2)cc1
decoy_1281,0.474132,0.527366,0.831675,0.844698,0.534162,0.626591,c1ccc(-c2nn3cnnc3s2)cc1
decoy_1282,0.575443,0.406266,0.818965,0.640488,0.666276,0.421129,c1ccc(-c2nnc(-c3ccccc3)s2)cc1
decoy_1283,0.564932,0.432657,0.912432,0.682385,0.683921,0.472747,c1ccc(-c2nc(-c3ccccn3)n[nH]2)cc1
decoy_1284,0.528546,0.472122,0.859776,0.698929,0.58875,0.485961,c1ccc(NCc2nnc(C3CCCC3)[nH]2)cc1
decoy_1285,0.589507,0.434592,0.774129,0.668742,0.62964,0.459144,c1ccc(-c2nc(C3CCCC3)no2)cc1
decoy_1286,0.57936,0.435318,0.764118,0.62876,0.623023,0.464178,c1ccc(-c2nc(C3CCCCC3)no2)cc1
decoy_1287,0.548023,0.441843,0.762439,0.631994,0.614284,0.467075,c1ccc(Cc2nc(C3CCCCC3)no2)cc1
decoy_1288,0.475069,0.506654,0.719774,0.821963,0.575994,0.566256,c1ccc(C(c2ccccc2)c2ccccc2)cc1
decoy_1289,0.512786,0.51079,0.690287,0.72691,0.52609,0.504337,c1ccc(C(c2ccccc2)c2ccon2)cc1
decoy_129,0.538033,0.483847,0.796918,0.731005,0.533855,0.48395,CC(C)(C)[C@@H]1CC[C@@H](C#N)[C@H](Sc2ccc(F)c(F)c2)C1
decoy_1290,0.476295,0.498077,0.728261,0.674295,0.503813,0.501574,c1ccc(C(c2ccccc2)c2cnn[nH]2)cc1
decoy_1291,0.46277,0.483257,0.733935,0.827604,0.565856,0.515629,c1ccc(C(c2cccs2)c2cccs2)cc1
decoy_1292,0.478036,0.380695,0.789528,0.607544,0.551599,0.448899,c1ccc(CSc2nc(CCC3CCCC3)n[nH]2)cc1
decoy_1293,0.413891,0.385013,0.867649,0.740568,0.554296,0.473234,C1=C(CC[NH2+][C@H]2CCN(Cc3ccccc3)C2)CCCC1
decoy_1294,0.690314,0.536123,0.834705,0.746774,0.687479,0.570869,c1ccc2c(c1)ccn2C[C@H]1CCCCO1
decoy_1295,0.423539,0.430202,0.849896,0.748502,0.541436,0.47562,c1csc(NC[C@H]2CCC[N@@H+]2CC2CCCCC2)n1
decoy_1296,0.530117,0.472857,0.753597,0.63878,0.558397,0.48629,c1ccc(-c2nnnn2CC2CCCCC2)cc1
decoy_1297,0.446115,0.367138,0.821189,0.637762,0.533378,0.408615,c1ccc(N[C@H]2CC[N@H+](CC3CCCC3)CC2)nc1
decoy_1298,0.587303,0.459436,0.797921,0.669634,0.592882,0.462423,c1nn(CC2CCCCC2)c2c1CCCC2
decoy_1299,0.543734,0.435004,0.893627,0.686206,0.651111,0.476936,c1nc(NC2CCCCCC2)cc(N2CCCCC2)n1
decoy_13,0.494091,0.460383,0.894746,0.824843,0.560434,0.475324,N#Cc1ccc2c(c1)COC2=O
decoy_130,0.468871,0.449285,0.763426,0.660354,0.554415,0.460624,CC(C)[NH2+][C@H](Cc1cccs1)c1cccs1
decoy_1300,0.468495,0.460234,0.841506,0.765158,0.585888,0.50339,c1ccc(C[NH2+][C@H](c2ccccc2)C2CCCC2)cc1
decoy_1301,0.356709,0.380031,0.864395,0.860578,0.556122,0.53598,c1cc(C[NH2+]CC2CCCCC2)cc(OCCCN2CCOCC2)c1
decoy_1302,0.450864,0.381227,0.828191,0.711859,0.567201,0.443137,c1ccc2nc(C[NH2+]CC3CCCCC3)ncc2c1
decoy_1303,0.443588,0.381131,0.817073,0.701657,0.601956,0.454712,c1cc2cnc(C[NH2+]CC3CCCCC3)nc2s1
decoy_1304,0.483885,0.432563,0.866402,0.762386,0.587856,0.479526,c1ccc(CC[NH2+][C@H](c2cccs2)C2CCCC2)cc1
decoy_1305,0.539383,0.476313,0.804354,0.721763,0.544081,0.485303,c1ccc2c(OC[C@H]3CCCCO3)cc[nH+]c2c1
decoy_1306,0.449263,0.380417,0.809542,0.721744,0.579611,0.475458,c1ccc2[nH]c(SC[C@H]3CCCC[NH2+]3)nc2c1
decoy_1307,0.518405,0.507846,0.873946,0.769846,0.596098,0.519782,c1ccc(Nc2ncnc(CSC[C@H]3CCCCO3)n2)cc1
decoy_1308,0.568709,0.479277,0.834933,0.737811,0.572658,0.46479,c1ccc(-n2cnc3ccccc32)cc1
decoy_1309,0.519415,0.543458,0.863948,0.815119,0.60222,0.562275,c1ccc(-n2cnc3cncnc32)cc1
decoy_131,0.663672,0.477024,0.875335,0.775934,0.668553,0.519316,Fc1ccccc1N[C@@H]1C[C@@H]2CC=C[C@@H]21
decoy_1310,0.501834,0.434403,0.756387,0.616562,0.51771,0.448442,c1ccc(-c2nncn2C2CCCC2)cc1
decoy_1311,0.646536,0.472968,0.825542,0.728041,0.64327,0.488102,c1ccc2c(c1)cnn2C1CCCCC1
decoy_1312,0.515515,0.432023,0.748956,0.598402,0.528838,0.457208,c1ccc(-c2nnnn2C2CCCCC2)cc1
decoy_1313,0.575516,0.459245,0.782659,0.658437,0.585877,0.478666,c1ccc(Sc2nnnn2C2CCCC2)cc1
decoy_1314,0.534132,0.556021,0.787589,0.734237,0.57744,0.603492,c1coc(CSc2nnnn2C2CCCC2)c1
decoy_1315,0.653267,0.476813,0.834832,0.681496,0.699558,0.488825,c1coc(-c2ccn(C3CCCCC3)n2)c1
decoy_1316,0.458911,0.378976,0.829806,0.659097,0.54342,0.453018,c1ccc(CN2CC[NH+](C3CCCCC3)CC2)cc1
decoy_1317,0.655484,0.44848,0.897158,0.756528,0.639542,0.474482,c1ccc(-n2nc3ccccc3n2)cc1
decoy_1318,0.51287,0.454881,0.853653,0.714728,0.577426,0.48471,c1cnc2c(c1)CCC[C@@H]2[NH2+]C1CCCCC1
decoy_1318_2,0.514492,0.44256,0.870182,0.710208,0.600904,0.483248,c1cnc2c(c1)CCC[C@@H]2[NH2+]C1CCCCC1
decoy_1319,0.59258,0.465307,0.79356,0.625796,0.59799,0.479918,c1cnnc(NC[C@H]2CCCc3ccccc32)c1
decoy_132,0.464749,0.470728,0.876225,0.801513,0.627579,0.504574,c1csc([C@@H]([NH2+]CC2CCC2)C2CCCC2)c1
decoy_1320,0.504645,0.475153,0.738083,0.682508,0.481605,0.467038,c1ccc2c(NC3CCCCC3)cc[nH+]c2c1
decoy_1321,0.450293,0.443951,0.768533,0.698311,0.499774,0.483452,c1n[nH]c(Sc2ccc(NCC3CCOCC3)cc2)n1
decoy_1322,0.462489,0.447088,0.840568,0.811388,0.52024,0.523778,C1CCC(N[C@H]2CCN(C3CC[NH2+]CC3)C2)CC1
decoy_1323,0.52352,0.441268,0.852401,0.671814,0.625491,0.478497,c1ccc(CNc2cc(NC3CCCC3)ncn2)cc1
decoy_1324,0.435012,0.387398,0.768485,0.691754,0.492368,0.445846,c1ccc(NNc2cc(N3CCCCCC3)nc[nH+]2)cc1
decoy_1325,0.35408,0.3364,0.792759,0.741111,0.488105,0.445239,c1nc(NCCNC2CC[NH2+]CC2)sc1N1CCCCCC1
decoy_1326,0.399911,0.423816,0.82584,0.777976,0.564435,0.522689,c1ccc(C[NH2+]C[C@H]2CC[NH2+][C@@H]2c2ccccc2)cc1
decoy_1327,0.476929,0.410681,0.85052,0.707685,0.577178,0.469172,c1ccc(Cn2cccc2C[NH2+]C2CCCCC2)cc1
decoy_1328,0.418213,0.44567,0.791264,0.714331,0.526394,0.501046,c1ccc(C2(C[NH2+]Cc3ncno3)CCOCC2)cc1
decoy_1329,0.463082,0.383475,0.809363,0.687413,0.593327,0.458692,c1ccc2oc(C[NH2+]C3CCCCC3)cc2c1
decoy_133,0.550235,0.468599,0.734367,0.680087,0.532361,0.456339,C[C@@H](Cl)c1ncc(-c2ccc3ccccc3c2)o1
decoy_1330,0.427882,0.373113,0.7786,0.63437,0.629191,0.462924,c1csc(-c2noc(C[NH2+]C3CCCCC3)n2)c1
decoy_1331,0.399062,0.367504,0.878844,0.755343,0.599937,0.512718,c1ccc2c(c1)SCC/C2=N\OCCC[NH2+]C1CCCCC1
decoy_1332,0.451969,0.407254,0.822634,0.668373,0.553021,0.473329,c1ccc(CSc2nnc(NN=C3CCCC3)[nH]2)cc1
decoy_1333,0.567127,0.593309,0.737635,0.783213,0.574675,0.58869,c1cc(OC2CCCCC2)c2cccnc2c1
decoy_1334,0.438971,0.393119,0.839714,0.730434,0.565678,0.46458,c1ccc(CC[NH2+]Cc2ccccc2OC2CCCC2)cc1
decoy_1335,0.521339,0.481912,0.776097,0.682604,0.579081,0.489845,c1ccc2c(O[C@@H]3CCCCO3)c[nH]c2c1
decoy_1336,0.418544,0.522077,0.724292,0.771965,0.47417,0.508335,c1ccc(NCc2cccnc2OC2CCCC2)[nH+]c1
decoy_1337,0.370306,0.351005,0.787938,0.683048,0.559166,0.43474,c1ccc(C[NH2+]CCc2ccc(OC3CCCC3)cc2)cc1
decoy_1338,0.570554,0.426016,0.818439,0.649937,0.636851,0.461662,c1nc(OC2CCCCC2)cc(N2CCCCC2)n1
decoy_1339,0.544496,0.513398,0.783652,0.72521,0.574498,0.505302,c1ccc(C(O[C@@H]2CCCCO2)c2ccccc2)cc1
decoy_134,0.595039,0.512741,0.828926,0.706766,0.597955,0.500628,C[C@H]1CC[C@H](Nc2ccc(C(F)(F)F)cc2C#N)CC1
decoy_1340,0.493082,0.449566,0.782075,0.73345,0.552803,0.52343,c1ccc(CNc2cccc(COC3CCCCC3)c2)cc1
decoy_1341,0.49833,0.446152,0.858458,0.72441,0.578464,0.44571,c1ccc([C@H](COC2CCCC2)[NH2+]C2CC2)cc1
decoy_1342,0.551549,0.462685,0.910664,0.781997,0.600854,0.504846,C1=CC[C@H](COC(OC[C@H]2CC=CCC2)[C@@H]2CC=CCC2)CC1
decoy_1343,0.439851,0.380182,0.852604,0.716343,0.556294,0.473067,c1cc(CN2CC[NH+](C3CC[NH2+]CC3)CC2)n[nH]1
decoy_1344,0.728314,0.551364,0.868954,0.768606,0.694577,0.540433,c1ccc(N[C@H]2CCOc3ccccc32)cc1
decoy_1345,0.615397,0.484785,0.870229,0.781906,0.650921,0.530847,c1ccc(OCCNc2ccccc2N2CCCCC2)cc1
decoy_1346,0.675446,0.487482,0.85156,0.703613,0.655571,0.49507,c1ccc2nc(N3CCCCC3)ccc2c1
decoy_1347,0.381951,0.305059,0.771588,0.592642,0.57229,0.395275,c1ccc(C[NH2+]Cc2ccc(N3CCCCC3)cc2)cc1
decoy_1348,0.385567,0.350832,0.764161,0.649842,0.559456,0.428265,c1csc(C[NH2+]Cc2ccc(N3CCCCC3)cc2)c1
decoy_1349,0.421299,0.376424,0.746343,0.662306,0.507335,0.450168,c1cc(N2CCCCC2)ccc1C[NH2+]Cc1cn[nH]c1
decoy_135,0.504743,0.537364,0.739256,0.74192,0.554165,0.516979,CC[C@@H](C)c1ccc(C(=O)c2ccc(F)cc2F)cc1
decoy_1350,0.603761,0.46923,0.86365,0.671466,0.607907,0.489312,c1nc(N2CCCCC2)cc(N2CCCCC2)n1
decoy_1351,0.46765,0.417634,0.756642,0.71033,0.509498,0.475962,c1nc(N2CCCCC2)cc(N2CC[NH2+]CC2)n1
decoy_1352,0.611728,0.449212,0.876081,0.636291,0.68649,0.463738,c1ccc(Nc2cc(N3CCCCC3)ncn2)cc1
decoy_1353,0.514061,0.410634,0.846561,0.639213,0.647184,0.456643,c1ccc(Nc2cc(N3CCCCC3)ncn2)nc1
decoy_1354,0.455768,0.408174,0.870338,0.735121,0.598765,0.505257,c1cnnc(N2CCC([NH+]3CCCCC3)CC2)c1
decoy_1355,0.53569,0.453083,0.827062,0.663348,0.570264,0.486607,c1ccc(CNc2cc(N3CCCCC3)ncn2)cc1
decoy_1356,0.553028,0.481503,0.841669,0.67768,0.617135,0.496886,c1coc(CNc2cc(N3CCCCC3)ncn2)c1
decoy_1357,0.610133,0.555784,0.86547,0.738294,0.652842,0.537823,c1cnn(-c2nccc(N3CCCCC3)n2)c1
decoy_1358,0.491628,0.420459,0.841466,0.67167,0.574912,0.465262,c1cncc(OCCNc2nccc(N3CCCCC3)n2)c1
decoy_1359,0.612737,0.469462,0.799086,0.685257,0.639411,0.493961,c1ccc(Oc2cc(N3CCCCC3)ncn2)cc1
decoy_136,0.446284,0.446006,0.676518,0.747786,0.501259,0.47788,C[C@@H](C#N)C1CCCCC1
decoy_1360,0.442818,0.423287,0.808995,0.737949,0.560975,0.487346,c1ccc(Oc2cc(NC3CC[NH2+]CC3)ncn2)cc1
decoy_1361,0.607971,0.4663,0.862489,0.702457,0.606568,0.4845,c1ccn2cc(N3CCCC3)nc2c1
decoy_1362,0.624654,0.482376,0.85664,0.684797,0.645734,0.496139,c1nc(N2CCCCC2)nc(N2CCCCC2)n1
decoy_1363,0.509305,0.580567,0.786204,0.828491,0.54551,0.647137,c1cn2nc(N3CCCCC3)sc2n1
decoy_1364,0.439071,0.466398,0.812092,0.722101,0.52033,0.511942,c1ccc([C@H](c2nnn[n-]2)[NH+]2CCCCC2)cc1
decoy_1365,0.490516,0.435442,0.893228,0.745551,0.59624,0.473506,c1ccc(CN[C@H]2CCC[N@@H+](Cc3ccccc3)C2)cc1
decoy_1366,0.437172,0.404024,0.846488,0.735721,0.591258,0.494979,C1CC[NH+](C[C@H]2C[N@H+]3CC[C@@H]2CC3)C1
decoy_1367,0.476671,0.394891,0.824299,0.701524,0.591571,0.465369,c1ccn2c(C[NH+]3CCCCC3)cnc2c1
decoy_1368,0.502456,0.426028,0.795199,0.667091,0.545158,0.448137,c1cc2c(cc1C[NH+]1CCCCC1)CCN2
decoy_1369,0.478003,0.406905,0.804329,0.643406,0.562567,0.44742,c1cc2c(cc1C[NH+]1CCCC1)OCO2
decoy_137,0.494383,0.384107,0.722622,0.656801,0.572507,0.477409,CC(C)[C@]1(O)CCCC[C@@H]1C(C)(C)C
decoy_1370,0.422694,0.355885,0.768879,0.627019,0.542932,0.439163,c1ccc(-c2ccc(C[NH2+]C3CC[NH2+]CC3)o2)cc1
decoy_1371,0.481804,0.44609,0.787147,0.746062,0.546301,0.485584,c1ccc(-c2nc(C[NH+]3CCCC3)cs2)cc1
decoy_1372,0.428536,0.353655,0.735167,0.595911,0.527517,0.420169,c1ccc(-c2noc(C[NH+]3CCCCC3)n2)cc1
decoy_1373,0.525539,0.397322,0.862581,0.653095,0.60858,0.470055,c1ccc(CC[NH2+][C@H]2CCCc3ccccc32)cc1
decoy_1374,0.428035,0.399846,0.850274,0.734312,0.60322,0.502789,C1CC[NH+](CCCCO[C@H]2C[C@@H]3CC[C@H]2C3)CC1
decoy_1375,0.429982,0.42759,0.858598,0.837961,0.576797,0.529657,c1ccc(Oc2ccnc(NCCC[NH+]3CCCCC3)n2)cc1
decoy_1376,0.446987,0.393822,0.908016,0.75741,0.606308,0.459661,c1cc(C[NH2+]CCCN2CCCCC2)c2c(c1)OCCCO2
decoy_1377,0.428217,0.366545,0.89129,0.734062,0.59106,0.450899,c1ccc(-c2n[nH]cc2C[NH2+]CCCN2CCCCC2)cc1
decoy_1378,0.303372,0.259693,0.796869,0.634608,0.558282,0.3993,c1ccc(-n2cc(C[NH2+]CCC[NH+]3CCCCC3)cn2)cc1
decoy_1378_2,0.382015,0.318441,0.846036,0.683265,0.564093,0.418628,c1ccc(-n2cc(C[NH2+]CCCN3CCCCC3)cn2)cc1
decoy_1379,0.337884,0.28336,0.769197,0.597011,0.527404,0.400555,C(=N/c1ccc(OCCC[NH+]2CCCCC2)cc1)\c1ccccc1
decoy_138,0.578822,0.449671,0.774501,0.694194,0.588349,0.492518,CC(C)C[C@@]1(O)C[C@H]2C[C@@H]1[C@H]1CCC[C@H]21
decoy_1380,0.385036,0.347313,0.843501,0.700143,0.615387,0.475396,c1ccc(C(OCCC[NH+]2CCCCC2)c2ccccc2)cc1
decoy_1381,0.334111,0.341872,0.784187,0.768552,0.527865,0.572308,c1ccc(CNc2nnc(SCCC[NH+]3CCCCC3)s2)cc1
decoy_1382,0.478125,0.500278,0.886379,0.854158,0.626072,0.575364,c1ccc([C@H](CNc2ccncn2)[NH+]2CCCC2)cc1
decoy_1383,0.450881,0.499329,0.856378,0.852422,0.572671,0.567839,c1coc([C@H](CNc2ccncn2)[NH+]2CCCCC2)c1
decoy_1384,0.449811,0.392017,0.822006,0.673336,0.529808,0.428631,C(Nc1ccccc1)=[NH+]C[C@@H](c1ccco1)N1CCCCC1
decoy_1385,0.569584,0.497623,0.873537,0.709767,0.622751,0.502204,c1nc(NN2CCCCC2)c2ccsc2n1
decoy_1386,0.687018,0.454093,0.846708,0.67926,0.72716,0.473023,c1ccc(CO[C@H]2CCCc3ccccc32)cc1
decoy_1387,0.5832,0.512268,0.874587,0.778657,0.58848,0.563986,c1ccc(CO[C@@H]2CCC[C@H](OCc3ccccc3)C2)cc1
decoy_1388,0.598204,0.497928,0.885688,0.742011,0.617046,0.497365,c1ccc(COC[C@@H]2OCC[C@H]2OCc2ccccc2)cc1
decoy_1389,0.491353,0.438699,0.835315,0.69187,0.602357,0.487657,c1ccc([C@H]2[NH2+]CCn3cccc32)cc1
decoy_139,0.512989,0.48446,0.762426,0.683206,0.522459,0.472493,CC(C)c1cccc(-n2c(=S)[nH]c3c(F)cccc32)c1
decoy_1390,0.581129,0.444191,0.82643,0.734847,0.603716,0.480593,C1=C2Nc3ccccc3CN2CC1
decoy_1391,0.618836,0.447949,0.903146,0.720845,0.666192,0.457613,c1ccc(-c2cn3c(n2)SCC3)cc1
decoy_1392,0.435011,0.525577,0.732334,0.789284,0.525694,0.529231,c1ccc(-c2ccccc2N2CC[NH2+]CC2)cc1
decoy_1393,0.490792,0.427742,0.776352,0.636677,0.54561,0.465035,c1ccc([C@@H]2CN(c3ccccc3)CC[NH2+]2)cc1
decoy_1394,0.500824,0.55246,0.746591,0.783111,0.560317,0.578916,c1ccc2c(c1)CCCN2c1ccncn1
decoy_1395,0.449139,0.422855,0.776744,0.687493,0.548848,0.465623,c1nc(N2CC[NH2+]CC2)c2ccsc2n1
decoy_1396,0.598826,0.512175,0.776475,0.757979,0.616606,0.555451,c1ccc2c(c1)CC(N1CCOCC1)C2
decoy_1397,0.475121,0.417511,0.7399,0.651988,0.521618,0.448589,c1ccc2nc(N3CC[NH2+]CC3)ccc2c1
decoy_1398,0.620731,0.462842,0.852232,0.697717,0.648336,0.487131,c1ccc(N2CCN(c3ccc4ccccc4n3)CC2)cc1
decoy_1399,0.466202,0.537898,0.783109,0.775394,0.543953,0.696448,c1ccc(CC2CCN(c3ccc4nncn4n3)CC2)cc1
decoy_14,0.513941,0.400148,0.769332,0.605152,0.52829,0.429053,C[C@@H]1C[C@@H](C)CN(c2oc(-c3ccc(F)cc3)nc2C#N)C1
decoy_140,0.472466,0.393716,0.760267,0.624866,0.502497,0.444608,CC(C)(C)[C@H]1CCCC[C@]1(O)c1cnc2ccccc2c1
decoy_1400,0.652031,0.601215,0.832675,0.808179,0.679245,0.62895,c1cc(OCC2CC2)nc(N2CCOCC2)c1
decoy_1401,0.448698,0.479328,0.815504,0.765326,0.572976,0.537405,c1ccc(CC2CCN(c3cc(Nc4ccccc4)ncn3)CC2)cc1
decoy_1402,0.455914,0.387783,0.743697,0.656405,0.537152,0.434362,c1ccc(Nc2cc(N3CC[NH2+]CC3)ncn2)cc1
decoy_1403,0.394912,0.350272,0.778238,0.64963,0.522932,0.427746,c1ccc(Nc2cc(N3CCN(c4ccccc4)CC3)nc[nH+]2)cc1
decoy_1404,0.39923,0.323665,0.815477,0.639072,0.517911,0.410491,c1ccc(Nc2cc(N3CCN(c4ccccn4)CC3)nc[nH+]2)cc1
decoy_1405,0.418518,0.356919,0.827847,0.69726,0.521444,0.445466,c1ccc(C[NH+]2CCN(c3cc(Nc4ccccc4)ncn3)CC2)cc1
decoy_1406,0.44648,0.364662,0.859164,0.675002,0.579229,0.425664,c1ccc(C[C@H]2CC[N@H+](Cc3cccc4ccccc34)CC2)cc1
decoy_1407,0.398742,0.485222,0.703128,0.798724,0.506537,0.549831,c1ccc(C(c2ccccc2)N2CC[NH2+]CC2)cc1
decoy_1408,0.404872,0.38709,0.806623,0.69887,0.488139,0.440336,c1ccc(C(c2ccccc2)N2CC[NH+](Cc3ncncn3)CC2)cc1
decoy_1409,0.531414,0.436517,0.84215,0.688498,0.573999,0.472261,c1ccc(CN2CC[NH2+][C@H](c3ccccc3)C2)cc1
decoy_141,0.531448,0.403895,0.73457,0.632853,0.539124,0.430674,ClCc1coc(-c2cc3c(s2)CCCC3)n1
decoy_1410,0.436791,0.375537,0.83593,0.693641,0.553242,0.457819,c1ccc(C[NH+]2CCN(Cc3c[nH]c4ccccc34)CC2)nc1
decoy_1411,0.437025,0.367008,0.79846,0.654233,0.517833,0.436315,c1csc(C[NH+]2CCN(Cc3c[nH]c4ccccc34)CC2)c1
decoy_1412,0.418242,0.36075,0.93705,0.769575,0.587067,0.47925,C1=NN=C(c2ccccc2)[C@H]1CN1CC[C@H]2NN[C@H](c3ccccc3)[N@@H+]2CC1
decoy_1413,0.431904,0.405717,0.769191,0.709758,0.543345,0.47336,c1ccc(-c2ccc(C[NH+]3CCNCC3)cc2)cc1
decoy_1414,0.346348,0.312536,0.886376,0.743672,0.577128,0.436766,C1=C[C@@H](c2ccc(C[N@H+]3CC[C@H](C[C@@H]4C[C@H](c5ccccc5)NO4)CC3)o2)N=N1
decoy_1415,0.447785,0.383092,0.802839,0.690243,0.529986,0.431796,c1ccc(Cc2ccc(C[NH+]3CCNCC3)cc2)cc1
decoy_1416,0.428832,0.378089,0.857406,0.693995,0.587039,0.464692,c1ccc([C@H]2CC[N@H+](Cc3cccc(-c4cnccn4)c3)CC2)cc1
decoy_1417,0.470667,0.422909,0.796682,0.68771,0.553584,0.503654,c1cc(NCc2ccc(CN3CCOCC3)cc2)ncn1
decoy_1418,0.61056,0.45817,0.875736,0.659159,0.628756,0.487478,c1cc2cnc(CN3CCOCC3)nc2s1
decoy_1419,0.376777,0.355419,0.823019,0.751693,0.484853,0.487982,c1ccc(C[NH+]2CCN(Cc3ncnc(Nc4ccccc4)n3)CC2)cc1
decoy_142,0.612621,0.424524,0.860666,0.754436,0.646281,0.424276,ClCc1coc(-c2cc(Cl)cc(Cl)c2)n1
decoy_1420,0.39738,0.355057,0.852695,0.703488,0.56453,0.442889,c1ccc(CN[C@H]2CC[N@H+](CC(c3ccccc3)c3ccccc3)C2)cc1
decoy_1421,0.463115,0.441651,0.746563,0.675208,0.552892,0.486679,c1ccc(-c2cc([C@H]3CCC[NH2+]C3)ccn2)cc1
decoy_1422,0.449434,0.372653,0.813324,0.675572,0.541453,0.433104,c1ccc(NCc2cc(C[C@H]3CCC[NH2+]C3)no2)cc1
decoy_1423,0.495682,0.495895,0.916618,0.850455,0.620053,0.547948,c1ccc(NC[C@@H](c2ccccc2)[NH+]2CCNCC2)cc1
decoy_1424,0.463523,0.431284,0.783052,0.678125,0.573286,0.474543,c1ccc2c(NC[C@H]3CCC[NH2+]3)ccnc2c1
decoy_1425,0.450535,0.420227,0.880985,0.746225,0.568992,0.473318,C(\NC[C@@H](c1ccccc1)N1CCOCC1)=[NH+]/Cc1ccco1
decoy_1426,0.381173,0.429993,0.800548,0.741554,0.540515,0.492791,c1ccc(C/[NH+]=C(\Nc2ccccc2)N2CC[NH2+]CC2)cc1
decoy_1427,0.414656,0.44125,0.791446,0.741643,0.496546,0.491814,c1ccc(C(c2ccccc2)C2CCN(/N=N/C3=c4ccccc4=NC3)CC2)cc1
decoy_1428,0.478801,0.420902,0.904722,0.744871,0.58269,0.471647,c1nc2cc3c(cc2[nH]1)OCCO3
decoy_1429,0.496921,0.576706,0.813904,0.833248,0.554146,0.655076,c1cc2c(cc1-c1cn[nH]c1)OCCO2
decoy_143,0.530801,0.446585,0.798665,0.659,0.531809,0.464842,N#C[C@@]1(NC2CCCCCC2)CCSc2ccccc21
decoy_1430,0.49201,0.54106,0.747688,0.732204,0.54314,0.59762,c1nc(Cc2ccc3c(c2)OCCCO3)no1
decoy_1431,0.596265,0.464812,0.848954,0.655359,0.628725,0.468766,c1ccc(Nc2ccc3c(c2)OCCCO3)nc1
decoy_1432,0.627888,0.474316,0.814066,0.723849,0.602896,0.480903,c1ccc2c(c1)OC[C@H]1OCCC[C@@H]1O2
decoy_1433,0.615021,0.453796,0.857411,0.692068,0.615059,0.473261,c1cc2cnc(C[C@H]3CCCO3)nc2s1
decoy_1434,0.536362,0.452347,0.872421,0.718878,0.590671,0.485013,c1ccc2c(NC[C@H]3CCCOC3)cc[nH+]c2c1
decoy_1435,0.547922,0.447258,0.874758,0.678336,0.645059,0.465807,c1ccc(Nc2cc(NC[C@H]3CCCO3)ncn2)cc1
decoy_1436,0.488164,0.422238,0.879405,0.711439,0.587982,0.474866,C(\NCC1(c2ccccc2)CCC1)=[NH+]/C[C@H]1CCCO1
decoy_1437,0.44171,0.365461,0.764977,0.61572,0.508658,0.406209,C(=N/C[C@H]1CCCO1)\[NH+]=N\c1c[nH]c2ccccc12
decoy_1438,0.586559,0.522981,0.860428,0.742342,0.606122,0.533779,c1ccc(CNc2ccccc2OC[C@H]2CCCO2)cc1
decoy_1439,0.541307,0.536385,0.868387,0.782936,0.610374,0.558582,c1ccc(OCCNc2ccccc2OC[C@H]2CCCO2)cc1
decoy_144,0.468034,0.426025,0.809052,0.707118,0.504315,0.443005,Oc1ccc([C@@H]2CC(c3ccccc3)=Nc3[nH+]c4ccccc4n32)cc1
decoy_1440,0.479863,0.407741,0.754365,0.62848,0.539575,0.464275,c1ccc(NCc2ccc(OC[C@H]3CCCO3)cc2)cc1
decoy_1441,0.52514,0.471184,0.807849,0.703623,0.575931,0.485022,c1ccc(CNc2cccc(OC[C@H]3CCCO3)c2)cc1
decoy_1442,0.471605,0.375782,0.808308,0.622713,0.555789,0.435203,c1ccc(OCCNc2cccc(OC[C@H]3CCCO3)c2)cc1
decoy_1443,0.448664,0.3897,0.769972,0.636087,0.542554,0.461894,c1ccc(OCCNc2ccc(OC[C@H]3CCCO3)cc2)cc1
decoy_1444,0.57227,0.469222,0.865777,0.700701,0.609994,0.47445,c1ccc2c(c1)ncn2[C@@H]1CCCO1
decoy_1445,0.584319,0.416903,0.9094,0.75096,0.646463,0.462827,c1csc(-c2ccc3cnoc3n2)c1
decoy_1446,0.624013,0.441825,0.932215,0.778237,0.634529,0.460986,c1csc(-c2ncc3ccsc3n2)c1
decoy_1447,0.426826,0.376055,0.802321,0.742807,0.527166,0.546855,C(=N/Nc1ccncc1)\c1ccc(NC2=[NH+]CCS2)cc1
decoy_1448,0.441953,0.508492,0.810139,0.802897,0.552238,0.545991,c1ccc([C@H]2NCN(Cc3ncc[nH]3)[C@@H]2c2ccccc2)cc1
decoy_1449,0.439158,0.539229,0.791585,0.807031,0.553185,0.64501,c1ccc(CN2CN=C(c3ccccc3)[C@@H]2c2cnc[nH]2)cc1
decoy_145,0.532449,0.457893,0.821618,0.673798,0.540281,0.481306,CON(C)C(=O)C1CCCC1
decoy_1450,0.657396,0.502934,0.8436,0.695063,0.667784,0.518961,C1=C(c2ccccc2)NCN[C@@H]1c1ccccc1
decoy_1451,0.56804,0.417809,0.815671,0.65547,0.59213,0.459197,C1=C[C@H](c2ccccc2)C2=C(O1)/C(=C/c1ccccc1)CNC2
decoy_1452,0.458077,0.487716,0.783099,0.77746,0.522138,0.51853,C1=CC2=CC[NH2+]C[C@@H]2[C@@H](c2cccnc2)C1
decoy_1453,0.524533,0.429031,0.730859,0.689755,0.576169,0.498691,C1=NN(c2ccccc2)[C@@H](c2ccccc2)N1c1ccccc1
decoy_1454,0.527795,0.463949,0.845253,0.710802,0.558694,0.47478,c1ccc(N2CN[NH+]=C2C2=c3ccccc3=NC2)cc1
decoy_1455,0.488345,0.433282,0.80957,0.661308,0.560059,0.471389,c1coc(CN2CN[NH+]=C2C2=c3ccccc3=NC2)c1
decoy_1456,0.460602,0.377658,0.803949,0.634054,0.510312,0.431272,C(=C/C1=c2ccccc2=NC1)\C=N\C1=[NH+]NCS1
decoy_1457,0.467644,0.397532,0.940167,0.76385,0.587357,0.44906,c1nc2cc3c(cc2[nH]1)OCO3
decoy_1458,0.586141,0.512735,0.90241,0.766875,0.617676,0.505247,c1cc(Nc2ccc3c(c2)OCO3)ncn1
decoy_1459,0.590328,0.481987,0.803857,0.701994,0.646088,0.504832,c1ccc(CNc2ccc3c(c2)OCO3)cc1
decoy_146,0.610995,0.445954,0.847172,0.764618,0.628075,0.476904,Brc1cnn([C@H]2CCCCO2)c1
decoy_1460,0.673866,0.539831,0.848173,0.747463,0.660532,0.538557,c1ccc(OCc2cccc3c2OCOC3)cc1
decoy_1461,0.529484,0.601957,0.834211,0.821193,0.590318,0.618899,c1ccc([C@H]2N[C@@H](c3ccccc3)Cc3c2[nH]c2ccccc32)cc1
decoy_1462,0.406377,0.454661,0.787347,0.791624,0.487455,0.500936,c1cnc2c([C@@H]3c4[nH+]c[nH]c4CCN3Cc3cn[nH]c3)cccc2c1
decoy_1463,0.61274,0.56142,0.808256,0.763202,0.581317,0.541182,C1=CC2=c3ccccc3=N[C@@H]2C(c2ccccc2)=N1
decoy_1464,0.412305,0.450009,0.834684,0.826536,0.560384,0.525018,c1ccc(COc2ccc3c(c2)[C@H](Cc2ccccc2)[NH2+]CC3)cc1
decoy_1465,0.411066,0.491532,0.702152,0.77632,0.461871,0.499065,C1=[NH+][C@]2(CCN1)C[C@H](c1ccccc1)c1ccccc1O2
decoy_1466,0.505008,0.468493,0.680334,0.657986,0.5066,0.457614,c1csc(-c2conc2-c2ccc3c(c2)CCC3)c1
decoy_1467,0.416325,0.378278,0.746607,0.713294,0.501304,0.471463,c1cc2c(c(-c3cccc4c3C[NH2+]CC4)c1)C[NH2+]CC2
decoy_1468,0.532685,0.479556,0.82181,0.681705,0.55534,0.469151,c1ccc2[nH]c(SCc3ccc4c(c3)OCC4)nc2c1
decoy_1469,0.457907,0.533367,0.76378,0.750799,0.593544,0.556465,c1ccc(-n2nc(CSc3ncccn3)c3c2CCC3)cc1
decoy_147,0.461836,0.376802,0.821942,0.632612,0.546741,0.425552,Cc1ccc(NC2=NC(=O)/C(=C/C3=c4ccccc4=NC3)S2)c(C)c1
decoy_1470,0.521225,0.520905,0.809985,0.803907,0.555566,0.551071,c1ncc2sc3ncc4c(c3c2n1)CCC4
decoy_1471,0.567938,0.496231,0.877833,0.736088,0.632219,0.50861,c1ncc2sc3nc4c(cc3c2n1)COCC4
decoy_1472,0.445268,0.405311,0.865815,0.82132,0.528556,0.552535,c1ccc([C@@]2(CNc3ncnc4c3CC[NH2+]CC4)CCOC2)cc1
decoy_1473,0.44058,0.425715,0.787891,0.777289,0.501656,0.482227,C1=C[C@H](c2ccccc2)C=C(CSc2ccc3c(n2)CC[NH2+]C3)O1
decoy_1474,0.582679,0.48087,0.858245,0.667399,0.637353,0.510291,c1csc(-c2ccnc(N[C@H]3CO[C@@H]4CCO[C@H]34)n2)c1
decoy_1475,0.628633,0.441552,0.839487,0.705854,0.615064,0.44719,c1csc(-c2ncc3c4c(sc3n2)CCC4)c1
decoy_1476,0.424417,0.459036,0.741862,0.723906,0.52352,0.50976,c1nc(N2CC[NH2+]CC2)c2c3c(sc2n1)CCC3
decoy_1477,0.624686,0.499521,0.873247,0.688535,0.591533,0.488403,c1ccc(CCNc2ncnc3sc4c(c23)CCC4)cc1
decoy_1478,0.39888,0.396563,0.69166,0.590649,0.527807,0.464304,C1=C[C@@H](c2ccccc2)n2nc(-c3cccs3)nc2[N-]1
decoy_1479,0.540106,0.431811,0.88626,0.685571,0.595382,0.474213,c1ccc(Nc2ncnc(CN3CCC[C@H]3c3cccs3)n2)cc1
decoy_148,0.510305,0.407829,0.763858,0.694065,0.544236,0.447829,CC#C[C@@]1(C)OCC1(C)C
decoy_1480,0.452838,0.394154,0.887134,0.730711,0.556846,0.470989,C1=C(C[N@H+]2CCC[C@@H]([C@@H]3N=NC=C3c3ccccc3)C2)CNN1
decoy_1481,0.632957,0.47637,0.843108,0.754511,0.603373,0.479012,c1ccc2c(-c3nc4ccccc4o3)cccc2c1
decoy_1482,0.571677,0.437014,0.803418,0.661883,0.621259,0.466284,c1ccc(Nc2nc3c(s2)C[C@@H]2CCCC[C@@H]2C3)cc1
decoy_1483,0.517536,0.400904,0.875074,0.779847,0.5873,0.484734,C1=C2CCCC[C@H]2[C@@H]2CC[C@H]3CCC[C@H]3[C@H]2C1
decoy_1484,0.504684,0.400263,0.854715,0.780186,0.589606,0.477915,C1=C[C@H]2CC[C@@H]3[C@H](CC=C4CCCC[C@H]43)[C@@H]2C1
decoy_1485,0.452405,0.4554,0.735847,0.70251,0.536132,0.504687,c1nc(NCc2ccc3c(c2)CCCC3)c2nc[nH]c2n1
decoy_1486,0.656865,0.462745,0.874916,0.680943,0.632955,0.471588,c1ccc2c(c1)CCN(c1ncc3c(n1)CCCC3)C2
decoy_1487,0.409477,0.33897,0.747259,0.645222,0.508148,0.408213,c1nocc1C[NH2+]Cc1ncc2c3c(sc2n1)CCCCC3
decoy_1488,0.507449,0.446445,0.810506,0.687683,0.552586,0.451919,c1cc2cc/c(=[NH+]/c3cc4c(s3)CCCC4)oc2cn1
decoy_1489,0.426783,0.382616,0.921355,0.780436,0.627532,0.485536,c1ccc(C[C@H]2CCC[N@@H+](CCCn3cnc4cncnc43)C2)cc1
decoy_149,0.523794,0.468611,0.776496,0.739019,0.547437,0.455964,CC#CC1(C#CC)CCCO1
decoy_1490,0.634546,0.527795,0.782996,0.753624,0.613616,0.498495,C(=C1\CCCc2cc3ccccc3nc21)\c1cccs1
decoy_1491,0.62987,0.442593,0.829702,0.708108,0.61409,0.441155,c1ccc(-c2cn3c(n2)sc2ccccc23)cc1
decoy_1492,0.613997,0.470416,0.808706,0.720526,0.681762,0.466324,c1ccc(-c2cn(-c3ccccc3)nc2-c2ccccc2)cc1
decoy_1493,0.457546,0.519208,0.73716,0.714003,0.57411,0.597721,c1ccc(-c2nc3cncnc3nc2-c2ccccc2)cc1
decoy_1494,0.588604,0.529231,0.841807,0.704344,0.583093,0.534703,c1ccc(-c2ncnc3nn(-c4ccccc4)cc23)cc1
decoy_1495,0.479761,0.37207,0.676711,0.576429,0.521769,0.406619,c1ccc(-c2[nH]c3ccccc3c2-c2ccccc2)cc1
decoy_1496,0.563255,0.52674,0.735984,0.677199,0.532059,0.526598,c1ccc(-c2cc(-c3ccccc3)n3ccnc3c2)cc1
decoy_1497,0.594926,0.48015,0.8077,0.710754,0.622489,0.482935,c1ccc(-c2cc(-c3ccccc3)n(-c3ccccc3)n2)cc1
decoy_1498,0.578062,0.409979,0.780009,0.603905,0.602856,0.438318,c1ccc(-c2ccc(-c3cn4ccccc4n3)cc2)cc1
decoy_1499,0.427423,0.426609,0.697668,0.645997,0.492583,0.48631,c1cncc(-c2noc(-c3ccc(C4CCCCC4)cc3)n2)c1
decoy_15,0.583862,0.454146,0.783871,0.706441,0.624764,0.475058,C(=C/c1ccco1)\C1=NN(c2ccccc2)[C@@H](c2ccco2)C1
decoy_150,0.528856,0.439964,0.853112,0.810519,0.556445,0.473859,C=C=CC1=C(C#N)OCCO1
decoy_1500,0.445923,0.460618,0.822452,0.763501,0.516554,0.504793,c1cn(C2CCN(Cc3ccc([C@@H]4CCCCO4)s3)CC2)nn1
decoy_1501,0.556914,0.51613,0.755796,0.657192,0.544424,0.52911,c1ccc(-c2cnc3[nH]cc(-c4ccccc4)c3c2)cc1
decoy_1502,0.532803,0.418656,0.748125,0.609254,0.569905,0.429425,c1ccc(-c2csc(-c3cn(-c4ccccc4)nn3)n2)cc1
decoy_1503,0.54774,0.502885,0.807973,0.69285,0.617298,0.488208,c1ccc(-c2nc(-c3ccccc3)c(-c3ccccc3)[nH]2)cc1
decoy_1504,0.523268,0.461559,0.827143,0.670123,0.581223,0.460873,c1ccc(-c2nc(-c3ccncc3)c(-c3ccccc3)[nH]2)cc1
decoy_1505,0.522057,0.393763,0.788747,0.605907,0.610593,0.438369,C1CCC(c2noc(C[C@H]3C[C@@H]4CC[C@H]3C4)n2)CC1
decoy_1506,0.336376,0.418109,0.596458,0.649311,0.399505,0.463777,c1ccc(C(c2ccccc2)(c2ccccc2)n2cc[nH+]c2)cc1
decoy_1507,0.581283,0.545264,0.832223,0.748846,0.587983,0.51797,C1=C(CCn2ccc3nc4ccccc4nc32)CCCC1
decoy_1508,0.393369,0.40825,0.81064,0.829197,0.522638,0.557577,c1ccc(Cc2nc3c(NCC[C@H]4CCCC[NH2+]4)nccc3o2)cc1
decoy_1509,0.35929,0.308648,0.799707,0.655063,0.472793,0.398705,C1=C(CCNc2cc(NN(c3ccccc3)c3ccccc3)[nH+]cn2)CCCC1
decoy_151,0.523744,0.37764,0.916548,0.796476,0.6051,0.426027,N#Cc1ccc2ccoc2n1
decoy_1510,0.387169,0.350632,0.819125,0.698708,0.53064,0.442798,C1=C(CC[NH2+]Cc2cn(Cc3ccccc3)c3ccccc23)CCCC1
decoy_1511,0.386906,0.347425,0.811301,0.696843,0.51815,0.444584,c1ccc(Cn2cc(C[NH2+]C3CCCCCCC3)c3ccccc32)cc1
decoy_1512,0.57005,0.445287,0.798696,0.678157,0.637605,0.466004,c1cc2cc3c(cc2nc1OCC1CCCCC1)OCO3
decoy_1513,0.48171,0.424998,0.875714,0.75659,0.625564,0.502502,c1nc2n[nH]cc2c2c1C[N@H+](C1CCCCC1)CC2
decoy_1514,0.625102,0.520712,0.833443,0.753488,0.618657,0.489925,c1ccc(-n2ccc3nc4ccccc4nc32)cc1
decoy_1515,0.464964,0.440397,0.866455,0.757164,0.589751,0.475734,c1ccc([C@H]2NC[N@@H+](CC3CCC3)[C@@H]2c2c[nH]cn2)cc1
decoy_1516,0.571477,0.414343,0.85148,0.620572,0.641382,0.449557,C1=CC[C@H](CN2N=CC3=N[C@H](c4ccccc4)N[C@H]32)CC1
decoy_1517,0.470012,0.445979,0.776278,0.673169,0.508861,0.448964,c1ccc(-c2nc3ccccn3c2NC2CCCCC2)cc1
decoy_1518,0.547892,0.431584,0.830443,0.629595,0.56633,0.45899,c1ccc(-c2nc3sccn3c2NC2CCCC2)cc1
decoy_1519,0.554979,0.570542,0.899176,0.817518,0.670191,0.572989,c1ccc(Nc2nc(NC3CCCCC3)c3ccccc3n2)cc1
decoy_152,0.60439,0.452794,0.86361,0.766345,0.6175,0.476071,C=Cc1cnc(N(C)C)nc1
decoy_1520,0.545239,0.568547,0.913556,0.839714,0.638619,0.554668,c1coc(CNc2nc(NC3CCCCC3)c3ccsc3n2)c1
decoy_1521,0.533242,0.485992,0.900888,0.751707,0.598116,0.512195,c1ccc2c(Nc3cc(NC4CCCCC4)ncn3)cccc2c1
decoy_1522,0.491539,0.429776,0.87479,0.708608,0.592261,0.47091,c1cc(Nc2cc(N3CCCCCC3)ncn2)c2cccnc2c1
decoy_1523,0.440312,0.365395,0.850484,0.674858,0.572609,0.430339,c1ccc(C2([NH2+]Cc3c[nH]nc3-c3cccs3)CCCC2)cc1
decoy_1524,0.407021,0.375156,0.799113,0.698935,0.527473,0.452804,c1ccc(Cn2cc(C[NH2+]C3CCCCC3)c3ccccc32)cc1
decoy_1525,0.359504,0.311455,0.827443,0.664061,0.563385,0.432247,c1ccc(-c2cc3c(NCCC[NH2+]C4CCCCC4)ncnc3s2)cc1
decoy_1526,0.283544,0.260836,0.774766,0.669537,0.479082,0.391411,c1cc(C[NH2+]CCC[NH2+]C2CCCCC2)n(-c2nnc(N3CCCCC3)s2)c1
decoy_1527,0.493675,0.477037,0.884447,0.790344,0.56282,0.508302,c1ccc(C[C@H]2CO[C@@H](c3ccccc3)[C@H]2CO[C@@H]2CCCCO2)cc1
decoy_1528,0.386962,0.418308,0.856544,0.847282,0.546584,0.543704,c1ccc(C[NH2+]C[C@@H]2OCC[C@H]2N2CCN(c3ccccc3)CC2)cc1
decoy_1529,0.383294,0.328432,0.897386,0.818587,0.562218,0.472635,c1ccc(-n2cccn2)c(C[NH2+]C[C@H]2CCC[N@H+]3CCCC[C@H]23)c1
decoy_153,0.449008,0.386111,0.89569,0.720784,0.532853,0.426631,CC1=CC=C(C)S(=O)(=O)O1
decoy_1530,0.441796,0.424323,0.95621,0.865707,0.626612,0.524855,c1ccc(-n2ccnc2)c(C[NH2+]C[C@H]2CCCN3CCCC[C@H]23)c1
decoy_1531,0.378676,0.354093,0.923647,0.871905,0.611802,0.522642,c1cncc(-c2nc(CC[NH2+]C[C@H]3CCC[N@H+]4CCCC[C@H]34)cs2)c1
decoy_1531_2,0.376723,0.335392,0.878626,0.734253,0.602126,0.440652,c1cncc(-c2nc(CC[NH2+]C[C@H]3CCCN4CCCC[C@H]34)cs2)c1
decoy_1532,0.353248,0.30713,0.860052,0.697616,0.59523,0.43509,c1cnc(-c2nc(CC[NH2+]C[C@H]3CCC[N@H+]4CCCC[C@H]34)cs2)cn1
decoy_1532_2,0.410828,0.35454,0.906355,0.76074,0.621175,0.479032,c1cnc(-c2nc(CC[NH2+]C[C@H]3CCCN4CCCC[C@H]34)cs2)cn1
decoy_1533,0.505149,0.389151,0.817832,0.6391,0.554272,0.439742,c1ccc(-c2noc(CNc3ccccc3N3CCCCC3)n2)cc1
decoy_1534,0.601519,0.472588,0.801021,0.682981,0.59164,0.470092,c1ccc2c(c1)CCC[C@@H]2Nc1ccc2c(c1)CCO2
decoy_1535,0.394585,0.379132,0.895069,0.771907,0.602946,0.454491,C1=C(CC[NH2+]Cc2cc3ccccc3nc2N2CCCCC2)CCCC1
decoy_1536,0.448352,0.464757,0.787113,0.75844,0.506296,0.467566,c1ccc(Nc2nc(N3CCCC3)c3ccccc3[nH+]2)cc1
decoy_1537,0.580688,0.518094,0.775628,0.672209,0.587452,0.505097,c1ccc2c(c1)oc1c(N3CCCCC3)ncnc12
decoy_1538,0.404171,0.382546,0.725998,0.660459,0.530547,0.459512,c1ccc(-c2cc3ncnc(NC4CC[NH2+]CC4)c3s2)cc1
decoy_1539,0.428815,0.428408,0.816215,0.802279,0.536627,0.582444,c1ccc(-c2cc3c(NC4CC[NH2+]CC4)ncnc3s2)cc1
decoy_154,0.545731,0.382793,0.827558,0.653507,0.568043,0.442883,O=C[C@@H]1C[C@H]2CCCCN2O1
decoy_1540,0.428968,0.513535,0.797889,0.804171,0.540952,0.586934,C(=C/c1ccc(N2CCCCC2)cc1N1CCCCC1)\c1cc[nH]n1
decoy_1541,0.417931,0.384242,0.882449,0.762306,0.611301,0.51889,C1=C(CN2CCC([NH+]3CCCCC3)CC2)COc2ccccc21
decoy_1542,0.490589,0.383786,0.874143,0.65301,0.580515,0.440174,c1ccc2c(c1)=NC(CCNc1nccc(N3CCCCC3)n1)N=2
decoy_1543,0.421711,0.412294,0.860432,0.835655,0.584905,0.521189,c1nc(N2CCCCC2)nc2c1[C@@H]([NH2+]C1CCOCC1)CCC2
decoy_1544,0.433095,0.482714,0.816579,0.796891,0.573579,0.556081,c1ccc([C@H](c2cn3ncnc3s2)[NH+]2CCCCC2)cc1
decoy_1545,0.408867,0.338244,0.80891,0.631272,0.527239,0.413583,c1ccc(C[NH2+][C@H]2CCCc3c2cnn3-c2ccccc2)cc1
decoy_1546,0.338743,0.339154,0.863387,0.853918,0.569558,0.593388,c1ccc2c(c1)CC[N@H+](CCCOc1ccccc1C[NH+]1CCCCC1)C2
decoy_1546_2,0.389003,0.447718,0.855081,0.913967,0.526401,0.605757,c1ccc2c(c1)CCN(CCCOc1ccccc1C[NH+]1CCCCC1)C2
decoy_1547,0.437882,0.384154,0.816686,0.67784,0.534139,0.451081,c1ccc(-n2ncc3c2CCC[C@@H]3[NH2+]Cc2ccco2)cc1
decoy_1548,0.392856,0.441249,0.810588,0.774432,0.544882,0.495791,c1ccc(-c2nc3ccccn3c2C[NH+]2CCCCC2)cc1
decoy_1549,0.444021,0.504622,0.882871,0.853274,0.528989,0.551347,c1ccc(-c2nc3ccccn3c2CNC2CC[NH2+]CC2)cc1
decoy_155,0.54723,0.432385,0.78706,0.665897,0.620146,0.490088,COC[C@@H]1OCC(C)(C)N1C
decoy_1550,0.469625,0.399405,0.916799,0.763617,0.649451,0.485241,c1ccc(N2CCC[C@H]([NH2+]Cc3ccc(-c4ccn[nH]4)s3)C2)nc1
decoy_1551,0.496048,0.381506,0.855646,0.656768,0.564448,0.444069,c1cnc2c(c1)CCC[C@@H]2[NH2+]Cc1cn2ccccc2n1
decoy_1552,0.380778,0.393582,0.788037,0.807421,0.50632,0.497441,c1ccc(Oc2ccnc(Nc3cccc(C[NH+]4CCCCC4)c3)n2)cc1
decoy_1553,0.409335,0.35501,0.718044,0.629207,0.464466,0.409686,c1nc(C[NH+]2CCCCC2)nc2sc3c(c12)CCCC3
decoy_1554,0.503691,0.396424,0.898278,0.698885,0.620367,0.467469,c1ccc(CC[NH2+][C@@H]2CCCC3=c4ccccc4=N[C@H]32)cc1
decoy_1555,0.460578,0.557223,0.750138,0.791767,0.503426,0.61967,C1=C[C@@H](c2ccccc2)N2C(/C=C/N3CCCCC3)=CSC2=N1
decoy_1556,0.391835,0.381892,0.836097,0.721508,0.555601,0.467801,c1ccc(C(c2ccccc2)[C@H](C[NH+]2CCCCC2)c2ccccc2)cc1
decoy_1557,0.442226,0.368538,0.907811,0.721074,0.573975,0.43578,c1ccc([C@H](CNc2cc[nH+]c3ccccc23)[NH+]2CCCC2)cc1
decoy_1558,0.388986,0.369455,0.844496,0.793577,0.525427,0.502346,c1ccc(-c2cn[nH]c2-c2ccc(OCC[NH+]3CCCCC3)cc2)cc1
decoy_1559,0.428702,0.37524,0.831197,0.676988,0.551623,0.467982,c1ccc(C[C@H]2CN(c3ccccc3-c3ccccc3)CC[NH2+]2)cc1
decoy_156,0.548132,0.42984,0.821878,0.716765,0.553974,0.465992,COC(=O)[C@]1(C)C[C@@]1(C)C#N
decoy_1560,0.531537,0.428896,0.854885,0.653785,0.591827,0.452085,c1cncc(Nc2cc(N3CCCc4ccccc43)ncn2)c1
decoy_1561,0.529728,0.444072,0.861609,0.686,0.570327,0.473467,c1ccc(CNc2cc(N3CCCc4ccccc43)ncn2)cc1
decoy_1562,0.569414,0.445797,0.836123,0.647179,0.590902,0.47643,c1ccc(Oc2cc(N3CCCc4ccccc43)ncn2)cc1
decoy_1563,0.367371,0.384582,0.782044,0.807251,0.470533,0.485225,c1ccc(C[NH2+]Cc2cc3ccccc3nc2N2CC[NH2+]CC2)cc1
decoy_1563_2,0.398645,0.394445,0.791268,0.699619,0.48996,0.430955,c1ccc(CNCc2cc3ccccc3nc2N2CC[NH2+]CC2)cc1
decoy_1564,0.464345,0.477602,0.792482,0.727609,0.55651,0.511614,c1nc(N2CC[NH2+]CC2)c2c3c(sc2n1)COCC3
decoy_1565,0.394858,0.46411,0.724308,0.785794,0.475207,0.537837,c1ccc(-c2csc3ncnc(N4CC[NH2+]CC4)c23)cc1
decoy_1566,0.492097,0.44701,0.857745,0.76878,0.556119,0.478998,c1n[nH]cc1C[N@@H+]1CCC[C@H]1c1cc2n(n1)CCCN2
decoy_1567,0.367821,0.348116,0.76283,0.681659,0.456328,0.417793,c1cc(-c2nc(C[NH2+]Cc3ccc(N4CC[NH2+]CC4)cc3)cs2)cs1
decoy_1568,0.319069,0.281267,0.662101,0.589296,0.417746,0.372883,C(=N/c1ccc(N2CC[NH2+]CC2)cc1)\c1cccc(Cc2ccccc2)c1
decoy_1569,0.375469,0.323177,0.78806,0.723724,0.499586,0.444766,c1ccc2c(CNc3cc(N4CC[NH2+]CC4)ncn3)cc[nH+]c2c1
decoy_157,0.514943,0.432291,0.754809,0.737365,0.553489,0.509462,CO[C@@H]1CCCCCC[C@H]1F
decoy_1570,0.570562,0.486521,0.817008,0.759805,0.665967,0.508102,c1ccc(CN2CCCn3cccc3[C@H]2c2ccccc2)cc1
decoy_1571,0.469141,0.377649,0.857165,0.677378,0.576979,0.447553,c1ccc(N2CCC[N@@H+](Cc3c[nH]c4ccccc34)CC2)nc1
decoy_1572,0.46144,0.54496,0.756309,0.762286,0.522385,0.629983,c1ccc(-c2nc3ccccn3c2CN2CCOCC2)cc1
decoy_1573,0.378904,0.424801,0.747389,0.720789,0.481794,0.461639,c1ccc(-c2nc3ccccn3c2CN2CC[NH2+]CC2)nc1
decoy_1574,0.434829,0.357463,0.827629,0.690337,0.526384,0.434995,c1ccc(-c2ccc(CN3CC[NH2+][C@H](c4ccccc4)C3)cc2)cc1
decoy_1575,0.393221,0.384062,0.844153,0.782723,0.539948,0.485313,c1ccc(Cc2ccc(CN3CC[NH2+][C@@H](Cc4ccccc4)C3)cc2)cc1
decoy_1576,0.424563,0.367646,0.877647,0.719326,0.568337,0.464846,C1=C(c2c[nH]c3ncccc23)CC[N@H+](C[C@H]2CCC[NH2+]C2)C1
decoy_1577,0.316475,0.386271,0.780273,0.874207,0.483097,0.521339,c1ccc(C[NH2+]C[C@@H](c2ccc(-c3ccccc3)cc2)N2CC[NH2+]CC2)cc1
decoy_1578,0.318007,0.349732,0.814377,0.825575,0.480444,0.490216,c1ccc(C[NH2+]C[C@@H](c2ccc(Cc3ccccc3)cc2)N2CC[NH2+]CC2)cc1
decoy_1579,0.425158,0.414946,0.806206,0.737502,0.534997,0.494723,c1ccc(-c2c[nH]nc2-c2ccc(OCCN3CCOCC3)cc2)cc1
decoy_158,0.507099,0.430203,0.821392,0.692295,0.533654,0.460136,CC(=O)O[C@@H]1CCC[C@H]1C#N
decoy_1580,0.478827,0.519916,0.703267,0.696821,0.535903,0.530748,C1=C(c2ccc3c(c2)OCCO3)[C@@H](c2ccccc2)N=N1
decoy_1581,0.573587,0.488135,0.816605,0.682817,0.643607,0.487231,c1ccn2cc(-c3ccc4c(c3)OCCO4)nc2c1
decoy_1582,0.486845,0.574237,0.848184,0.84842,0.601947,0.601047,c1ccc(Nc2nc(NC[C@H]3CCCO3)c3ccccc3n2)cc1
decoy_1583,0.448115,0.381889,0.871775,0.687821,0.548308,0.439654,c1ccc(C(Nc2cc(NC[C@H]3CCCO3)ncn2)c2ccccc2)cc1
decoy_1584,0.409507,0.467179,0.820268,0.796518,0.581305,0.522257,c1ccc(Nc2ncnc(CN(Cc3cccs3)C[C@H]3CCCO3)n2)cc1
decoy_1585,0.479555,0.590526,0.805662,0.835691,0.581919,0.634656,c1ccc(-c2cc(-c3ccccc3OC[C@H]3CCCO3)[nH]n2)cc1
decoy_1586,0.471375,0.455557,0.787513,0.704461,0.558466,0.514873,c1ccc(-c2cc(-c3ccc(OC[C@H]4CCCO4)cc3)[nH]n2)cc1
decoy_1587,0.433916,0.517535,0.764358,0.768098,0.523246,0.604238,c1ccc(-c2cc(-c3cccc(OC[C@H]4CCCO4)c3)[nH]n2)cc1
decoy_1588,0.462757,0.553642,0.712958,0.733849,0.515381,0.577341,c1ccc(-n2ncnc2-c2ccc3c(c2)OCO3)cc1
decoy_1589,0.449551,0.558659,0.73045,0.778841,0.543162,0.560296,c1ccc(-c2[nH]cnc2-c2ccc3c(c2)OCO3)cc1
decoy_159,0.474767,0.381736,0.731913,0.626812,0.517027,0.428478,CO[C@]12CCCC[C@H](CO1)C2=O
decoy_1590,0.450739,0.412503,0.883374,0.759719,0.641294,0.50736,c1ccc(CC[N@H+]2CC[C@H](c3ccc4c(c3)OCO4)CC2)cc1
decoy_1591,0.4872,0.52176,0.718138,0.724188,0.53359,0.543461,c1cc2cnc(SCc3ccc4c(c3)OCO4)nc2s1
decoy_1592,0.364385,0.329196,0.852824,0.69663,0.508012,0.409173,c1ccc2c(c1)CC[NH2+][C@@H]2C[C@H]1CC[N@H+]2CCc3ccccc3[C@@H]2C1
decoy_1593,0.441141,0.365934,0.843705,0.690189,0.54059,0.437008,c1ccc(SCc2cccc([C@H]3[NH2+]CCc4c3[nH]c3ccccc43)c2)nc1
decoy_1594,0.319998,0.332133,0.702924,0.657897,0.424657,0.402262,C(=N/[C@H]1c2ccccc2O[C@@]2(/N=C/c3ccccc3)CC[NH2+]C[C@H]12)\c1ccccc1
decoy_1595,0.467751,0.410317,0.854568,0.714851,0.541384,0.457581,c1ccc([C@@H]2CCC[C@@H]3c4[nH]c5ccccc5c4CC[N@H+]32)cc1
decoy_1596,0.410103,0.360603,0.8727,0.736353,0.5466,0.4688,c1ccc([C@H]2CCCCc3c2ncnc3N2C[C@H]3CCC[NH2+][C@H]3C2)cc1
decoy_1597,0.366865,0.427504,0.809004,0.805528,0.521892,0.500429,c1ccc([C@H]2N[C@H](C[N@H+]3CCC[C@@H]3c3nc4ccccc4[nH]3)CO2)cc1
decoy_1598,0.505,0.5654,0.770913,0.759236,0.525293,0.559042,c1ccc2cc(-n3nnnc3-c3cnc4ccccc4c3)ccc2c1
decoy_1599,0.389126,0.371648,0.853393,0.747369,0.580352,0.450688,c1ccc(-n2cc(C[NH2+]Cc3[nH]nc4c3CCCCC4)c(-c3ccco3)n2)cc1
decoy_16,0.491276,0.447647,0.821205,0.709646,0.546682,0.460976,CCc1c(C)c2ccc(O[C@H]3CCCCC3=O)c(C)c2oc1=O
decoy_160,0.558767,0.413832,0.871934,0.700296,0.636233,0.442609,CSc1ncn(C(C)C)n1
decoy_1600,0.36636,0.32531,0.771763,0.679524,0.469196,0.413069,c1ccc(N2CCCN(Cc3ncc4c5c(sc4n3)CCCCC5)CC2)[nH+]c1
decoy_1601,0.440116,0.40431,0.784344,0.767096,0.466201,0.466467,c1cc2c(cc1C1CCCCC1)c1c3n2CC[NH2+][C@H]3CCC1
decoy_1602,0.573184,0.435372,0.788212,0.616106,0.583702,0.458541,c1ccc(-c2nc3c4c(-c5ccccc5)csc4ncn3n2)cc1
decoy_1603,0.341059,0.320603,0.83264,0.729042,0.532247,0.476339,c1ccc(-c2ccnc(N[C@@H]3CO[C@@H]4[C@H]3OC[C@H]4[NH2+]CC3CCCCC3)n2)cc1
decoy_1604,0.386566,0.346911,0.905965,0.767633,0.602916,0.45458,C1=C(C[NH2+]C[C@H]2CCCN(c3ncccn3)C2)[C@@H](c2cccc3ccccc23)N=N1
decoy_1605,0.385464,0.482319,0.736255,0.777741,0.510344,0.569137,C1=C[C@H](c2ccc(OC3CCCC3)cc2)c2c(n[nH]c2-c2ccccc2)O1
decoy_1606,0.45042,0.39946,0.850638,0.699398,0.577448,0.462184,c1ccc2c(c1)CC[C@@H]([NH2+][C@H]1CCCc3c1[nH]c1ccccc31)C2
decoy_1607,0.349588,0.386834,0.787555,0.734316,0.494037,0.453914,c1ccc(C[NH2+]Cc2cc3cc4c(cc3nc2N2CCCCC2)OCO4)cc1
decoy_1608,0.476652,0.487811,0.892094,0.812706,0.543004,0.519063,c1ccc(-c2csc3ncnc(NCc4ccc(N5CCCCC5)nc4)c23)cc1
decoy_1609,0.394103,0.344831,0.911201,0.751599,0.592856,0.458407,C1=NN=C(c2ccccc2)[C@H]1C[NH2+][C@@H]1CCC[C@@H]2[C@@H]1CNN2c1ccccc1
decoy_161,0.47402,0.388885,0.873973,0.838612,0.553746,0.472576,CSC(=S)C1CCCC1
decoy_1610,0.454221,0.492797,0.907842,0.875601,0.566004,0.616775,c1ccc([C@H]2N[C@H](CN3CCCC[C@@H]3c3nc4ccccc4[nH]3)CO2)cc1
decoy_1611,0.438287,0.389818,0.767813,0.620297,0.562566,0.436645,C1=C[C@@]23CCC[N@H+]2CCc2cc4c(cc2[C@H]3C1)OCO4
decoy_1612,0.352997,0.331716,0.846088,0.726946,0.52642,0.438351,c1ccc(CCN2CC[NH+](Cc3ncnc(N4CCCc5ccccc54)n3)CC2)cc1
decoy_1613,0.406185,0.398215,0.869481,0.75725,0.566362,0.454921,C(=N/[n+]1c(-c2ccccc2)csc1NC[C@H]1CCCO1)\c1ccc2c(c1)OCO2
decoy_1614,0.533465,0.483223,0.850257,0.718999,0.610846,0.495393,C1=C(c2ccc3c(c2)OCO3)N[C@@H](c2ccccc2)N[C@H]1c1ccccc1
decoy_1615,0.340226,0.297011,0.848638,0.69049,0.52806,0.419271,c1nn(CC2CCCCC2)c2c1C[C@@H]([NH2+][C@H]1[C@@H]3C[C@H]4C[C@@H](C3)C[C@@H]1C4)CC2
decoy_1616,0.370399,0.362661,0.839225,0.768148,0.511948,0.462921,c1nc(N2CCCCC2)nc2c1[C@@H]([NH2+][C@]13C[C@H]4C[C@@H](C[C@H](C4)C1)C3)CCC2
decoy_1617,0.614846,0.529101,0.894766,0.887679,0.687232,0.595869,C1=C[C@H](Cc2ccccc2)c2ccccc21
decoy_1618,0.523449,0.39978,0.885266,0.815397,0.658016,0.531133,c1ccc(Cc2ccccc2)cc1
decoy_1619,0.563985,0.572016,0.82764,0.898563,0.638986,0.627296,c1ccc(Cc2ccccc2-c2ccccc2)cc1
decoy_162,0.490662,0.447426,0.831448,0.766889,0.550928,0.465801,O=C1CCCCc2oncc21
decoy_1620,0.643965,0.53331,0.826955,0.76755,0.628208,0.527517,C(=N/c1ccccc1Cc1ccccc1)\c1ccccc1
decoy_1621,0.511716,0.388421,0.893395,0.821389,0.625498,0.475174,c1ccc(Cc2ccco2)cc1
decoy_1622,0.508841,0.40146,0.9147,0.854376,0.642633,0.531943,c1ccc(Cc2cccs2)cc1
decoy_1623,0.498553,0.381369,0.904876,0.829505,0.620639,0.51585,c1ccc(Cc2ccsc2)cc1
decoy_1624,0.494169,0.502275,0.775849,0.80188,0.545404,0.551239,c1ccc(Cc2cncnc2)cc1
decoy_1625,0.548781,0.370111,0.823563,0.697555,0.576988,0.407414,c1ccc(Cc2cncs2)cc1
decoy_1626,0.446401,0.502857,0.766207,0.786135,0.499394,0.570466,c1ccc(Cc2cn[nH]c2)cc1
decoy_1627,0.563502,0.397985,0.831374,0.690651,0.580831,0.438645,c1ccc(Cc2ncccn2)cc1
decoy_1628,0.45639,0.390638,0.801642,0.658957,0.520417,0.443953,c1ccc(Cc2ncc[nH]2)cc1
decoy_1629,0.581196,0.388676,0.871607,0.728579,0.573839,0.407003,c1ccc(Cc2nccs2)cc1
decoy_163,0.486216,0.377133,0.919383,0.813478,0.593707,0.442668,C1=CSC=c2cnoc2=N1
decoy_1630,0.543112,0.386295,0.842736,0.679899,0.604474,0.432117,c1ccc(Cc2ncncn2)cc1
decoy_1631,0.461045,0.467938,0.776299,0.808187,0.535071,0.528793,c1ccc(Cc2ncno2)cc1
decoy_1632,0.537539,0.380305,0.833552,0.706361,0.575534,0.423901,c1ccc(Cc2ncsn2)cc1
decoy_1633,0.427691,0.544286,0.697518,0.741744,0.517314,0.565215,c1ccc(Cc2nncn2-c2ccccc2)cc1
decoy_1634,0.336385,0.355709,0.720783,0.763772,0.487824,0.543582,c1ccc(Cc2nnn[n-]2)cc1
decoy_1635,0.523299,0.532455,0.739001,0.77627,0.556299,0.539645,c1ccc(Cc2ccc3nccnc3c2)cc1
decoy_1636,0.632044,0.479082,0.861496,0.803825,0.699697,0.552237,c1ccc(Cc2cccc(-c3ccccc3)c2)cc1
decoy_1637,0.42924,0.514872,0.711525,0.778326,0.499372,0.538941,c1ccc(Cc2cn3ncnc3s2)cc1
decoy_1638,0.594941,0.43902,0.795672,0.671686,0.595686,0.449781,c1ccc(Cc2cnc3ccccc3n2)cc1
decoy_1639,0.522236,0.407237,0.808871,0.608538,0.575882,0.459436,C(=N/Nc1cncc(Cc2ccccc2)n1)\c1ccccc1
decoy_164,0.380602,0.362882,0.802138,0.679391,0.549567,0.411695,O=C1C[N@@H+]2CCCC[C@H]2CO1
decoy_1640,0.530089,0.401006,0.833722,0.61797,0.560566,0.451619,c1ccc(Cc2nc3ccccc3[nH]2)cc1
decoy_1641,0.586439,0.420844,0.793844,0.635138,0.615141,0.443811,c1ccc(Cc2nc(-c3ccccc3)no2)cc1
decoy_1642,0.58433,0.432257,0.850376,0.620212,0.628989,0.459497,c1ccc(Cc2nc(-c3ccccc3)c[nH]2)cc1
decoy_1643,0.561309,0.402426,0.764717,0.618151,0.59525,0.422136,c1ccc(Cc2noc(-c3ccccc3)n2)cc1
decoy_1644,0.556699,0.45739,0.8388,0.665212,0.653161,0.505044,c1ccc(Cc2noc(-c3cnccn3)n2)cc1
decoy_1645,0.470538,0.503559,0.809682,0.760844,0.560185,0.606242,c1ccc(Cc2noc(-c3cn[nH]c3)n2)cc1
decoy_1646,0.609233,0.405413,0.803844,0.58997,0.63291,0.439352,c1ccc(Cc2noc(Cc3ccccc3)n2)cc1
decoy_1647,0.533518,0.447431,0.831203,0.806069,0.579104,0.524371,C=C1CCCC[C@@H]1CC/C=C/CCc1ccoc1
decoy_1648,0.570517,0.407891,0.87356,0.775181,0.620299,0.46314,c1ccc(Cn2cccc2)cc1
decoy_1649,0.55507,0.394098,0.82346,0.707549,0.570321,0.409595,c1ccc(Cn2cccn2)cc1
decoy_165,0.569244,0.494848,0.839578,0.684248,0.599262,0.505673,CCC(=O)N(C)[C@H]1CCCCO1
decoy_1650,0.465403,0.50469,0.773728,0.789861,0.488636,0.552978,c1ccc(Cn2ccnc2)cc1
decoy_1651,0.439837,0.470789,0.758644,0.776327,0.511088,0.507653,c1ccc(Cn2ccnn2)cc1
decoy_1652,0.472261,0.481376,0.800568,0.783384,0.533095,0.552151,c1ccc(Cn2cncn2)cc1
decoy_1653,0.516216,0.497881,0.753525,0.672749,0.527542,0.476623,c1ccc(Cn2nnnc2-c2ccccc2)cc1
decoy_1654,0.62578,0.491112,0.808886,0.686085,0.606933,0.474343,c1ccc(Cn2ccc3nc4ccccc4nc32)cc1
decoy_1655,0.6099,0.493734,0.785256,0.709751,0.603262,0.489924,c1ccc(Cn2ncc3ccc(-c4ccccc4)nc32)cc1
decoy_1656,0.576758,0.464382,0.848618,0.666253,0.572151,0.455712,c1ccc(Cn2cc3c(-c4ccccc4)ncnc3n2)cc1
decoy_1657,0.480548,0.510782,0.794385,0.803816,0.537094,0.606866,c1ccc(Cc2ccncn2)nc1
decoy_1658,0.560255,0.453094,0.843334,0.667589,0.571532,0.475926,c1ccc(Cn2cnc3ccccc32)nc1
decoy_1659,0.549079,0.44621,0.840919,0.665174,0.578222,0.477068,c1cncc(Cn2cnc3ccccc32)c1
decoy_166,0.515706,0.431608,0.878248,0.739011,0.589693,0.463469,CC1=N[C@@H](C#N)C(C)=C1C=O
decoy_1660,0.492725,0.415573,0.896887,0.720889,0.613511,0.455554,c1c[nH]c(Cc2ccc[nH]2)c1
decoy_1661,0.475513,0.366686,0.906498,0.841288,0.597624,0.477594,c1csc(Cc2cccs2)c1
decoy_1662,0.509856,0.361577,0.812127,0.716944,0.535179,0.387624,c1csc(Cc2nccs2)c1
decoy_1663,0.459845,0.480833,0.705144,0.805521,0.485466,0.503488,C=C1C=NC=C[C@@H]1c1ccccc1
decoy_1664,0.541005,0.454843,0.926499,0.89701,0.697687,0.52247,C=C1c2ccccc2-c2ccccc21
decoy_1665,0.401712,0.372642,0.79745,0.752655,0.494275,0.462674,C=C1C(COCCN2CC[NH2+]CC2)=NC=C[C@@H]1c1ccccc1
decoy_1666,0.522696,0.484698,0.782217,0.802471,0.556243,0.509083,C=C1CC[C@H]2CCCC[C@H]2[C@@H]1CCc1ccoc1
decoy_1667,0.548629,0.485109,0.893343,0.753711,0.562009,0.472124,C=C1C[C@@H](c2ccccc2)NC(=S)N1
decoy_1668,0.482173,0.521596,0.734028,0.788852,0.51627,0.537842,C=C1CC[C@H]2C=CC(=O)C[C@@H]2C1
decoy_1669,0.42031,0.408965,0.810578,0.710108,0.520784,0.458143,c1ccc(Cn2cc[nH+]c2Cc2cc(-c3cccs3)nc3ccccc23)cc1
decoy_167,0.626047,0.509657,0.81295,0.767137,0.619888,0.512083,FC(F)(F)[C@H]1C=C(c2cccc3ccccc23)N=N1
decoy_1670,0.38631,0.394957,0.895957,0.824102,0.515202,0.473207,C=C1C=NC=C(C(=O)OCC[NH2+]Cc2ccccc2)[C@@H]1c1cccc(-n2ccnc2)c1
decoy_1671,0.448914,0.453133,0.742471,0.739881,0.511972,0.510356,C=C1COC(=O)[C@H]2CCC[C@@H]12
decoy_1672,0.482301,0.425427,0.776742,0.685006,0.533417,0.467771,C=C1N=CC2(CCCCC2)N1
decoy_1673,0.529976,0.473577,0.904123,0.745936,0.629167,0.514295,C=C1CCO[C@@H](CC(=O)N[C@H]2OCO[C@@H]3CCCO[C@H]32)C1
decoy_1674,0.522233,0.638116,0.795422,0.814388,0.586376,0.70157,C=C1NC(=O)c2ccccc2[C@H](c2ccccc2)N1
decoy_1675,0.423491,0.375613,0.902181,0.89166,0.641681,0.476627,C=C(C1CC1)C1CC1
decoy_1676,0.428684,0.361122,0.83153,0.673593,0.520899,0.427227,c1ccc(COc2cc[nH+]c(CCc3cccc4ccccc34)c2)cc1
decoy_1677,0.571702,0.427484,0.921164,0.842532,0.702196,0.526376,C(=C/c1ccccc1)\c1ccccc1
decoy_1678,0.580138,0.428804,0.8945,0.812219,0.661393,0.540468,c1ccc(CCc2ccccc2)cc1
decoy_1679,0.547283,0.452014,0.772773,0.686126,0.606688,0.461982,C(=C(c1ccccc1)c1ccccc1)c1c[nH]c2ccccc12
decoy_168,0.490937,0.498624,0.788668,0.778765,0.51911,0.525827,CC1(C)OC[C@@H](/C=C\C=O)O1
decoy_1680,0.55534,0.376054,0.771168,0.594539,0.579522,0.441753,C(=C/C1N=c2ccccc2=N1)\c1ccccc1
decoy_1681,0.491233,0.505948,0.861034,0.7699,0.587167,0.506232,c1ccc([C@@H](Cc2nc3ccccc3[nH]2)c2nc3ccccc3[nH]2)cc1
decoy_1682,0.529545,0.527492,0.808705,0.770762,0.567822,0.547266,C1=C[C@H]([C@@H]2NN[C@@H]3SC(CCc4ccccc4)=NN32)N=N1
decoy_1683,0.564858,0.450592,0.837949,0.796213,0.633432,0.538143,c1ccc(CCCc2ccccc2)cc1
decoy_1684,0.428579,0.334325,0.834838,0.626522,0.537108,0.396944,c1ccc(CC[N@H+]2CC[C@@]3(CCc4ccccc4O3)CC2)cc1
decoy_1685,0.404011,0.336626,0.816691,0.645759,0.544722,0.414461,c1ccc(CC[N@H+]2CC[C@@]3(CCc4ccc5ccccc5c4O3)CC2)cc1
decoy_1686,0.463791,0.547062,0.739118,0.748353,0.521574,0.618792,c1ccc(C[C@@H](c2ccccc2)n2nnc3ccccc32)cc1
decoy_1687,0.429087,0.364717,0.829348,0.666541,0.530907,0.427956,c1ccc(CCN2CNC(Nc3ncc4ccccc4n3)=[NH+]C2)cc1
decoy_1688,0.627224,0.515127,0.795245,0.726363,0.635284,0.516167,c1ccc(CCNc2cccc3cccnc23)cc1
decoy_1689,0.679909,0.496157,0.845999,0.761334,0.666506,0.520439,c1ccc(CCNc2ccccc2)cc1
decoy_169,0.596632,0.435109,0.761127,0.667558,0.603681,0.450607,CCC[C@@H](C)[C@H](O)c1ccc(CC)s1
decoy_1690,0.492945,0.585045,0.789005,0.79358,0.55768,0.646884,c1ccc(CCNc2ccncn2)cc1
decoy_1691,0.559053,0.483606,0.866817,0.742293,0.619822,0.516932,c1ccc(CCNc2ncnc3cn[nH]c23)cc1
decoy_1692,0.552984,0.504168,0.840906,0.740165,0.603124,0.505974,c1ccc(CCNc2ncnc3[nH]ncc23)cc1
decoy_1693,0.627941,0.49723,0.842764,0.689383,0.633869,0.4885,c1ccc(CCNc2ncnc3sccc23)cc1
decoy_1694,0.490373,0.577006,0.793643,0.794937,0.571984,0.648058,c1ccc(CCNc2ncncn2)cc1
decoy_1695,0.521134,0.402411,0.850165,0.632097,0.600918,0.44686,c1ccc(CCNc2cc(Nc3ccccc3)ncn2)cc1
decoy_1696,0.571108,0.438496,0.844013,0.649449,0.646205,0.47662,c1ccc(CCNc2cc(Oc3ccccc3)ncn2)cc1
decoy_1697,0.556771,0.416876,0.848334,0.622354,0.614347,0.466601,c1ccc(CCNc2nc(Cc3ccccc3)ns2)cc1
decoy_1698,0.510989,0.55479,0.845205,0.809511,0.61014,0.618324,C1=N[C@@H]2N=CN/C(=N\CCc3ccccc3)C2=N1
decoy_1699,0.587131,0.542372,0.874084,0.7475,0.582268,0.507423,c1ccc(CCNc2ncnc3scc(-c4ccccc4)c23)cc1
decoy_17,0.434471,0.525172,0.711469,0.74391,0.497413,0.574944,CCOc1ccc(-c2cc(=O)oc(-c3ccccc3C)n2)cc1
decoy_170,0.581292,0.542453,0.768647,0.776296,0.609062,0.551346,Cl[C@@H](c1ccc2c(c1)OCCCO2)C1CCCC1
decoy_1700,0.484474,0.427541,0.892514,0.72731,0.608327,0.478211,c1ccc(CCNc2ncc(-c3ncc[nH]3)c(-c3ccccc3)n2)cc1
decoy_1701,0.391042,0.427591,0.79991,0.769624,0.523175,0.481855,c1ccc(CCNc2nc(NCc3ccccc3)c3ccccc3[nH+]2)cc1
decoy_1702,0.508236,0.426024,0.867307,0.698372,0.595258,0.475164,c1ccc(CC[NH2+][C@H](c2ccccc2)C2CC2)cc1
decoy_1703,0.52735,0.402283,0.812604,0.613084,0.631442,0.442199,c1ccc(CC[NH2+]Cc2ccccc2)cc1
decoy_1704,0.520899,0.397294,0.834103,0.631708,0.615378,0.448805,C(=[NH+]/CCc1ccccc1)\c1ccccc1
decoy_1705,0.424922,0.406227,0.810419,0.719664,0.547314,0.459766,c1ccc(CC[NH2+]Cc2ccccc2OCc2ccccc2)cc1
decoy_1706,0.505265,0.403414,0.80428,0.625892,0.593806,0.455374,c1ccc(CC[NH2+]Cc2ccco2)cc1
decoy_1707,0.501631,0.372169,0.809365,0.598342,0.593348,0.427473,c1ccc(CC[NH2+]Cc2cccs2)cc1
decoy_1708,0.487558,0.39252,0.816279,0.63452,0.593788,0.449506,c1ccc(CC[NH2+]Cc2cncs2)cc1
decoy_1709,0.510632,0.414436,0.848593,0.662762,0.600608,0.476383,c1ccc(CC[NH2+]Cc2cn[nH]c2)cc1
decoy_171,0.598407,0.505751,0.823978,0.698542,0.593374,0.498894,Cc1nn(C[C@H](C)C#N)c(C)c1C
decoy_1710,0.533314,0.398978,0.88649,0.68719,0.64181,0.46209,c1ccc(CC[NH2+]Cc2cn[nH]c2-c2ccco2)cc1
decoy_1711,0.500568,0.377304,0.816361,0.626499,0.61789,0.429587,c1ccc(CC[NH2+]Cc2ccc(C3CC3)o2)cc1
decoy_1712,0.471935,0.39466,0.788129,0.637997,0.543362,0.455614,c1ccc(CC[NH2+]Cc2ccc(-c3ccccc3)o2)cc1
decoy_1713,0.359926,0.302185,0.791485,0.619691,0.58744,0.422925,c1ccc(CC[NH2+]Cc2ccc(OCc3ccccc3)cc2)cc1
decoy_1714,0.399542,0.386055,0.827213,0.720465,0.609722,0.460842,c1ccc(CC[NH2+]Cc2c(OCc3ccccc3)ccc3ccccc23)cc1
decoy_1715,0.510519,0.404243,0.810726,0.622464,0.567292,0.447801,C(\NCCc1ccccc1)=[NH+]/Cc1ccco1
decoy_1716,0.686439,0.479842,0.89523,0.778781,0.653374,0.499231,c1ccc(CCOc2ccccc2)cc1
decoy_1717,0.447053,0.528542,0.763614,0.789893,0.520117,0.611832,C1=Nc2ncsc2[C@@H](c2ccc(OCCc3ccccc3)cc2)C1
decoy_1718,0.665619,0.434108,0.849866,0.705093,0.637395,0.462639,c1ccc(CCOCC2CC2)cc1
decoy_1719,0.669364,0.480577,0.894429,0.794999,0.635604,0.497334,c1ccc(CCSc2ccccc2)cc1
decoy_172,0.455385,0.472248,0.869998,0.812227,0.600883,0.51068,CC(C)(C)C[NH2+][C@H](c1cccs1)C1CCCC1
decoy_1720,0.51568,0.523967,0.755861,0.819467,0.543231,0.547606,c1ccc(CCSc2nncs2)cc1
decoy_1721,0.671619,0.454373,0.816471,0.697854,0.617684,0.484873,c1ccc(CCSCc2ccccc2)cc1
decoy_1722,0.649018,0.492682,0.862721,0.727143,0.635267,0.50698,c1ccc(NCCc2ccccn2)cc1
decoy_1723,0.572877,0.399787,0.907018,0.798657,0.650091,0.478258,c1ccc(CCc2ccco2)cc1
decoy_1724,0.497666,0.383546,0.825985,0.628032,0.625369,0.424304,c1ccc(C[NH2+]CCc2ccco2)cc1
decoy_1725,0.531488,0.424676,0.848319,0.663274,0.623824,0.437025,c1coc(CC[NH2+]Cc2cccs2)c1
decoy_1726,0.505974,0.450047,0.8167,0.679025,0.570158,0.469562,c1coc(CC[NH2+][C@@H](Cc2cccs2)c2cccs2)c1
decoy_1727,0.53986,0.405434,0.911562,0.832408,0.589986,0.494075,c1csc(CCc2cccs2)c1
decoy_1728,0.571569,0.467837,0.826983,0.792187,0.613859,0.492434,c1ccc(COc2ccccc2CCCc2cccs2)cc1
decoy_1729,0.500861,0.398235,0.808546,0.608631,0.580892,0.448319,c1ccc(CSc2nnc(NCCc3cccs3)s2)cc1
decoy_173,0.456462,0.495056,0.717137,0.7069,0.519008,0.493531,CC[C@H]1COCCN1c1nc(CCl)cc2ccccc12
decoy_1730,0.522101,0.441842,0.849853,0.675454,0.617217,0.488095,c1csc(CCNc2cc(Nc3cccc4ccccc34)ncn2)c1
decoy_1731,0.393019,0.456573,0.806794,0.785279,0.479986,0.491487,c1ccc(CNc2nc(NCCc3cccs3)[nH+]c3ccccc23)cc1
decoy_1732,0.483669,0.448472,0.785303,0.661565,0.605143,0.466014,c1ccc(C[NH2+]CCc2cccs2)cc1
decoy_1733,0.474616,0.354292,0.816467,0.608346,0.605352,0.408279,c1csc(CC[NH2+]Cc2cccs2)c1
decoy_1734,0.638807,0.531973,0.802993,0.756383,0.614264,0.518149,C(=C/c1ccnc2ccccc12)\c1ccccc1
decoy_1735,0.609991,0.471972,0.842085,0.673207,0.599097,0.472754,c1ccc(NCCc2ccncc2)cc1
decoy_1736,0.528014,0.513977,0.810765,0.804765,0.578623,0.518386,C(=C/c1ccncn1)\c1ccccc1
decoy_1737,0.511009,0.405554,0.807616,0.673113,0.564583,0.437084,C(=C/c1cc[nH]n1)\c1ccccc1
decoy_1738,0.528529,0.575283,0.814573,0.793069,0.567098,0.604389,c1ccc(OCCc2cc[nH]n2)cc1
decoy_1739,0.500068,0.445155,0.892415,0.739926,0.531115,0.472578,c1ccc(-c2ncn(CCC[C@H]3CCOC3)c2-c2cn[nH]c2)cc1
decoy_174,0.506009,0.488608,0.831479,0.788466,0.601343,0.522825,CCc1ccc([C@@H](C)[NH2+]CC(C)C)s1
decoy_1740,0.49428,0.478968,0.857356,0.78375,0.586652,0.508358,c1ccc(NCCc2ccsc2)[nH+]c1
decoy_1741,0.6429,0.483464,0.895771,0.674787,0.626223,0.490406,c1ccc2c(NCCc3ccsc3)ncnc2c1
decoy_1742,0.516883,0.389101,0.83077,0.623394,0.618262,0.419463,c1ccc(C[NH2+]CCc2ccsc2)cc1
decoy_1743,0.613791,0.493339,0.863346,0.730249,0.597793,0.503935,c1ccc(NCCc2cncs2)cc1
decoy_1744,0.567316,0.616357,0.816619,0.890285,0.597769,0.71176,c1ccc(OCCc2cncs2)cc1
decoy_1745,0.524906,0.524905,0.831813,0.781976,0.578288,0.531486,c1cc(OCCc2cncs2)ncn1
decoy_1746,0.505977,0.410206,0.81168,0.631049,0.593489,0.439026,c1coc(C[NH2+]CCc2c[nH]c3ccccc23)c1
decoy_1747,0.37727,0.305426,0.836213,0.635003,0.528892,0.409535,c1ccc(-c2ccc(N3CCC([NH2+]CCc4c[nH]cn4)CC3)cc2)cc1
decoy_1748,0.389829,0.435737,0.770067,0.749797,0.513914,0.493352,c1ccc(-c2nn(-c3ccccc3)cc2C[NH2+]CCc2c[nH]cn2)cc1
decoy_1749,0.420223,0.386692,0.775806,0.676041,0.496129,0.431217,C(=C[C@@H](c1ccccc1)c1ccccn1)NCCc1c[nH]c[nH+]1
decoy_175,0.547951,0.506471,0.826033,0.743234,0.613524,0.504314,CCc1nc(N2CCCC[C@@H]2C)c2cc(CC)sc2n1
decoy_1750,0.385881,0.426435,0.908082,0.862448,0.569737,0.522844,C1=C(CC[NH2+]C[C@H]2CN(c3ccccc3)N[C@H]2c2ccccc2)CN=N1
decoy_1751,0.566879,0.461247,0.830678,0.653509,0.600696,0.480227,c1ccc(-c2cncc(NCCc3cn[nH]c3)n2)cc1
decoy_1752,0.556406,0.563319,0.79951,0.813957,0.595011,0.572248,c1ccc(OCCc2ncccn2)cc1
decoy_1753,0.387549,0.433629,0.772207,0.749363,0.514468,0.502388,c1ccc(-c2nn(-c3ccccc3)cc2C[NH2+]CCc2ncc[nH]2)cc1
decoy_1754,0.541729,0.461459,0.914732,0.749915,0.577443,0.475973,C1=NC=[NH+][C@@H](CCCc2ccccc2)N1c1ccccc1
decoy_1755,0.578024,0.597527,0.862697,0.812106,0.61479,0.592896,c1ccc(OCCc2nnc3scnn23)cc1
decoy_1756,0.519725,0.429269,0.846317,0.669935,0.545811,0.446735,c1ccc(CS[C@H]2N=N[C@@H](CCC3=c4ccccc4=NC3)O2)cc1
decoy_1757,0.610684,0.425498,0.836319,0.593643,0.613905,0.450124,c1ccc(NCCC2=c3ccccc3=NC2)cc1
decoy_1758,0.608176,0.475524,0.88493,0.695696,0.595497,0.479426,c1ccc2c(c1)=NCC=2CCNc1ncnc2c1CCS2
decoy_1759,0.501503,0.462528,0.827645,0.715389,0.579424,0.496491,C(Nc1ncccn1)=[NH+]CCC1=c2ccccc2=NC1
decoy_176,0.604935,0.51181,0.84316,0.677206,0.601172,0.486873,CCNc1nc(CC)nc2sc3c(c12)CCC3
decoy_1760,0.364293,0.326072,0.827616,0.685332,0.550515,0.435214,c1ccc2c(c1)CC[C@H](CC[NH2+]CC[C@H]1CCc3ccccc3O1)O2
decoy_1761,0.3845,0.378142,0.857743,0.75898,0.556786,0.492829,c1ccc(-c2ccc(CC[N@H+]3CC[C@]4(CCc5ccccc5O4)CC3)cc2)cc1
decoy_1762,0.547338,0.48641,0.76095,0.770132,0.604153,0.50058,C(=C/c1cccc(/C=C/c2ccccc2)n1)\c1ccccc1
decoy_1763,0.630634,0.512296,0.854126,0.684739,0.635664,0.508256,c1ccc(NCCC2N=c3ccccc3=N2)cc1
decoy_1764,0.621499,0.515914,0.825297,0.708643,0.576712,0.507648,c1ccc(CCc2nc3ccccc3o2)cc1
decoy_1765,0.489306,0.431649,0.779388,0.649846,0.523066,0.462736,c1ccc(CCc2[nH]c(-c3cccs3)c[nH+]2)cc1
decoy_1766,0.463089,0.481394,0.815494,0.756604,0.565095,0.480307,c1ccc(CCc2nnc(SCc3ccccc3)n2-c2ccccc2)cc1
decoy_1767,0.558345,0.4418,0.81005,0.625673,0.629561,0.459212,C(=C/c1n[nH]c(-c2ccccc2)n1)\c1ccccc1
decoy_1768,0.365358,0.413561,0.814388,0.793339,0.48654,0.476131,c1ccc2c(Nc3ccc(CCCn4cccc4)cc3)c3ccccc3[nH+]c2c1
decoy_1769,0.451002,0.521746,0.883989,0.86141,0.575758,0.557391,C1=C(CCC2=NC3=c4ccccc4=N[C@@H](SCc4ccccc4)N3N2)CN=N1
decoy_177,0.476208,0.53703,0.808811,0.787281,0.537274,0.583064,CC[C@@H](C(C)C)n1ccc2c1CC(C)(C)CC2=O
decoy_1770,0.476528,0.568872,0.754211,0.768358,0.533633,0.663717,c1ccc(C(CCNc2nccs2)c2ccccc2)cc1
decoy_1771,0.454578,0.397,0.811206,0.660295,0.555244,0.449622,c1ccc(C[NH2+]CC[C@H](c2ccccc2)c2ccco2)cc1
decoy_1772,0.482784,0.376134,0.841483,0.631877,0.610861,0.438812,c1ccc(CCCC[NH2+]Cc2ccccc2)cc1
decoy_1773,0.631496,0.48308,0.83066,0.763002,0.63691,0.512177,c1ccc(CCCCOc2ccccc2)cc1
decoy_1774,0.489317,0.538046,0.805778,0.816785,0.532411,0.549713,c1ccc(CC(Cc2ccccc2)=NNc2nnc[nH]2)cc1
decoy_1775,0.563094,0.634829,0.738162,0.835446,0.555965,0.650766,c1ccc(OCCCCc2nccs2)cc1
decoy_1776,0.368749,0.330206,0.918806,0.760302,0.526534,0.44499,c1ccc(CC[NH2+]CCCC[C@H]2C[C@H]3CC[C@H]4c5ccccc5CC[C@@H]4[C@@H]3C2)nc1
decoy_1777,0.501406,0.403157,0.8214,0.679332,0.544076,0.451191,c1ccc(NCCCCn2cc[nH+]c2)cc1
decoy_1778,0.47546,0.428084,0.823476,0.702239,0.542239,0.460329,c1ccc(SCCCCC[NH2+]C2CC2)cc1
decoy_1779,0.424436,0.381399,0.799683,0.708894,0.503998,0.451026,C(CC[NH2+]C1CC1)CCSC1CCCCC1
decoy_1779_2,0.463685,0.475126,0.868627,0.87026,0.590864,0.591589,C(CC[NH2+]C1CC1)CCSC1CCCCC1
decoy_178,0.592229,0.597622,0.808311,0.759119,0.621182,0.66889,O[C@@H]1CCCc2c1ccn2C1CCCC1
decoy_1780,0.409369,0.424085,0.896496,0.810242,0.545499,0.494117,c1ccc([C@H](CC[NH2+]Cc2ccccn2)NCc2ccccn2)cc1
decoy_1781,0.414156,0.402734,0.832593,0.746005,0.547788,0.473027,c1ccc(C[NH2+]CCCCO[C@H]2C[C@@H]3CC[C@H]2C3)cc1
decoy_1782,0.597671,0.425944,0.813044,0.649403,0.62351,0.491077,c1ccc(NCCCCOc2ccccc2)cc1
decoy_1783,0.609128,0.452106,0.788792,0.701443,0.612732,0.487762,c1ccc(OCCCCOc2ccccc2)cc1
decoy_1784,0.567485,0.465154,0.833258,0.644666,0.598327,0.488292,C=C(C(=O)Nc1ccccc1)C(=O)Nc1ccccc1
decoy_1785,0.471477,0.411677,0.812147,0.679595,0.570516,0.44994,c1ccc(SCCCC[NH2+]C2CC2)cc1
decoy_1786,0.431328,0.35514,0.872412,0.698896,0.622317,0.444984,c1ccc(N2CCC([NH2+]CCn3ccc4ccccc43)CC2)cc1
decoy_1787,0.343931,0.296717,0.893178,0.752258,0.546994,0.437787,c1ccc2c(c1)NC[C@]21CC[N@H+](CCC2CCN(c3cc[nH+]cc3)CC2)CC1
decoy_1788,0.554829,0.428702,0.779715,0.699893,0.5557,0.445556,c1ccc(CCn2cccn2)cc1
decoy_1789,0.481655,0.439128,0.883084,0.786477,0.568349,0.480995,c1ccc(NCCn2cccn2)[nH+]c1
decoy_179,0.508552,0.504974,0.742168,0.759086,0.547052,0.590261,CC[C@H]1CO[C@@H](C)CN1CC#N
decoy_1790,0.540829,0.428196,0.902323,0.708782,0.633149,0.486431,c1ccc2c(c1)CC[C@@H]2[NH2+]CCn1ccnc1
decoy_1791,0.490027,0.440496,0.842829,0.695483,0.640455,0.483679,c1ccc(C[NH2+]CCn2ccnc2)cc1
decoy_1792,0.509186,0.462445,0.832812,0.790444,0.551158,0.4949,c1ccc(SCCn2cc[nH+]c2)cc1
decoy_1793,0.504981,0.403868,0.823331,0.684884,0.558494,0.486424,c1ccc(CCCN2CC[NH2+]CC2)cc1
decoy_1794,0.425139,0.382157,0.781951,0.653565,0.517872,0.445204,c1ccc(C[NH2+]CCN2CCc3ccccc3C2)cc1
decoy_1795,0.609153,0.475172,0.871903,0.69601,0.638455,0.491072,c1ccc(COCCn2cc(-c3ccccc3)cn2)cc1
decoy_1796,0.489764,0.354914,0.834029,0.608845,0.587269,0.420884,c1ccc(C[NH2+]CCN2CCc3sccc3C2)cc1
decoy_1797,0.39461,0.35912,0.903026,0.757283,0.649022,0.488704,c1ccc(CC[C@H]2CC[N@H+](CCCn3cnc4cncnc43)CC2)cc1
decoy_1798,0.548609,0.515916,0.847393,0.782242,0.594214,0.529995,c1ccc(CCn2cc(CNc3ccccc3)c3ccccc32)cc1
decoy_1799,0.473527,0.395873,0.871903,0.699733,0.642601,0.470116,c1ccc(CCC[NH+]2CCN(c3ccccn3)CC2)cc1
decoy_18,0.453013,0.389311,0.839958,0.671129,0.538115,0.460763,Oc1ccccc1/C=N/c1ccc2c(c1)ncn2C1CCCCC1
decoy_180,0.529729,0.397021,0.782209,0.583074,0.505408,0.42135,N#Cc1ccc(C(=O)N2C[C@H]3CC[C@@H]2C3)cc1
decoy_1800,0.450275,0.365492,0.818246,0.644318,0.536924,0.430107,c1ccc(C[NH+]2CCN(CCOc3ccccc3)CC2)cc1
decoy_1801,0.539145,0.415308,0.909346,0.680663,0.61861,0.466778,c1ccc([C@@H]2CN(CCCn3cnc4cncnc43)CCO2)cc1
decoy_1802,0.454111,0.443715,0.816951,0.786302,0.530655,0.516218,C(C[NH2+]C1CC1)CN1CCC2(CCCC2)CC1
decoy_1803,0.496122,0.423925,0.819323,0.654583,0.611231,0.482409,c1ccc(NCCC[NH2+]C2CC2)cc1
decoy_1804,0.483301,0.495455,0.788347,0.756902,0.591469,0.529546,c1ccc(OCCC[NH2+]C2CC2)cc1
decoy_1805,0.513294,0.483917,0.809084,0.766138,0.569865,0.513545,c1ccc(SCCC[NH2+]C2CC2)cc1
decoy_1806,0.51378,0.458209,0.828876,0.80332,0.557862,0.546026,c1cc2c(cc1SCCC[NH2+]C1CC1)CCC2
decoy_1807,0.52978,0.437682,0.793363,0.759619,0.601596,0.502525,c1ccc(N(CCN(c2ccccc2)c2cccs2)c2cccs2)cc1
decoy_1808,0.702132,0.468382,0.825997,0.703583,0.709051,0.517178,c1ccc(CCCNc2ccccc2)cc1
decoy_1809,0.621255,0.489232,0.858285,0.682111,0.616656,0.497649,c1ccc(NCCCn2cccn2)cc1
decoy_181,0.493432,0.424503,0.843809,0.725739,0.549326,0.478145,N#C[C@@H]1CCC[C@@H]1N1CC[NH+](C2CC2)CC1
decoy_1810,0.673991,0.516064,0.859385,0.710076,0.693321,0.534901,c1ccc(NCCCNc2ccccc2)cc1
decoy_1811,0.592826,0.534136,0.834787,0.714491,0.62808,0.534259,c1ccc(NCCCNc2ncccn2)cc1
decoy_1812,0.654126,0.512099,0.833459,0.710195,0.650097,0.521022,c1ccc(NCCCOc2ccccc2)cc1
decoy_1813,0.661982,0.436174,0.862433,0.641883,0.700958,0.472553,c1ccc(NCCNc2ccccc2)cc1
decoy_1814,0.51448,0.425793,0.820804,0.649589,0.598839,0.444375,c1ccc(C[NH2+]CCNc2ccccc2)cc1
decoy_1815,0.463257,0.348389,0.777648,0.56595,0.605411,0.414422,c1ccc(NCC[NH2+]Cc2cccs2)cc1
decoy_1816,0.433813,0.336808,0.793131,0.599629,0.594902,0.423039,c1ccc(NCC[NH2+]Cc2ccc(-c3ccccc3)o2)cc1
decoy_1817,0.531975,0.406507,0.817731,0.6135,0.596473,0.416695,c1ccc(CCCNc2cccc[nH+]2)cc1
decoy_1818,0.486565,0.458735,0.818573,0.743998,0.596045,0.510759,c1ccc(OCCCNc2cccc[nH+]2)cc1
decoy_1819,0.489246,0.44794,0.870271,0.72331,0.594547,0.484663,c1nsnc1OCCC[NH2+][C@H]1CCN2CCC[C@H]12
decoy_182,0.529705,0.427589,0.834791,0.652481,0.559301,0.476241,CCN(c1nc2c(cc1C#N)CCCC2)C1CCCC1
decoy_1820,0.422092,0.378589,0.805699,0.669651,0.601324,0.456169,c1ccc(OCCC[NH2+]C2CC[NH2+]CC2)cc1
decoy_1820_2,0.460113,0.395538,0.805583,0.671022,0.53844,0.452171,c1ccc(OCCCNC2CC[NH2+]CC2)cc1
decoy_1821,0.578487,0.47964,0.834527,0.671935,0.595239,0.499601,c1ccc(CCCNc2ccncn2)cc1
decoy_1822,0.484025,0.423426,0.883475,0.731568,0.603848,0.489435,c1ccc2c(c1)CC[N@@H+](CCCNc1ccncn1)C2
decoy_1823,0.632565,0.504109,0.822493,0.715249,0.63106,0.505553,c1ccc(OCCCNc2ccsc2)cc1
decoy_1824,0.474379,0.53764,0.808197,0.817485,0.534249,0.566961,c1ccc(CCOCCCNc2ncnc3[nH]cnc23)cc1
decoy_1825,0.517218,0.562689,0.809608,0.784061,0.544794,0.579967,c1ccc(OCCCNc2ncnc3[nH]ncc23)cc1
decoy_1826,0.473006,0.492868,0.791239,0.731953,0.531884,0.514473,c1ccc(-n2ccc(CCCNc3ncnc4sccc34)n2)cc1
decoy_1827,0.348457,0.395331,0.723722,0.726963,0.456958,0.482287,c1ccc(COCCCNc2ccc(-n3ncnc3-c3ccccc3)cc2)cc1
decoy_1828,0.360977,0.323493,0.882733,0.725934,0.552544,0.463636,c1ccc(OCCC[NH2+][C@H]2CC[C@@H](Nc3nccc4ncccc34)CC2)cc1
decoy_1829,0.414479,0.37308,0.838663,0.702694,0.496513,0.432998,c1ccc([C@H]2c3ccccc3Oc3ncnc(NCCCn4cc[nH+]c4)c32)cc1
decoy_183,0.581103,0.465952,0.81701,0.67019,0.603625,0.489038,O=C1CCCC[C@H]1N1CCO[C@H]2CCCC[C@H]21
decoy_1830,0.462855,0.387861,0.784261,0.629714,0.553625,0.441773,c1ccc(OCCC[NH2+]CC2CC2)cc1
decoy_1831,0.406798,0.345885,0.876254,0.704587,0.567932,0.446925,c1ccc([C@@H]([NH2+]CCCO[C@@H]2CCCc3ccccc32)c2cccs2)cc1
decoy_1832,0.509355,0.386155,0.814397,0.607122,0.654155,0.430953,c1ccc(C[NH2+]CCCc2ccco2)cc1
decoy_1833,0.504344,0.416545,0.835714,0.653893,0.644994,0.440367,c1ccc(C[NH2+]CCCn2cccn2)cc1
decoy_1834,0.503113,0.386931,0.887482,0.673434,0.658982,0.463202,c1ccc(C[NH2+]CCCn2cnc3cncnc32)cc1
decoy_1835,0.404436,0.355258,0.859142,0.69283,0.616417,0.436452,c1ccc(C[NH2+]CCCN2CCN(c3ccccc3)CC2)cc1
decoy_1836,0.470681,0.409379,0.860756,0.806124,0.644276,0.550763,c1ccc(C[NH2+]CCC[NH2+]C2CC2)cc1
decoy_1837,0.458013,0.367185,0.823579,0.641234,0.593988,0.435675,c1ccc(C[NH2+]CCCNc2ccccc2)cc1
decoy_1838,0.426438,0.359318,0.827779,0.652084,0.558775,0.431833,c1ccc(C[NH2+]CCCO[C@H]2CCCc3ccccc32)cc1
decoy_1839,0.475585,0.391349,0.790706,0.618554,0.614679,0.432722,c1ccc(C[NH2+]CCCOc2ccccc2)cc1
decoy_184,0.588701,0.49844,0.819444,0.699659,0.580212,0.494422,CC1(C)CC(=O)c2ccc(OCc3ccsc3)cc2O1
decoy_1840,0.469896,0.415313,0.819167,0.688006,0.60825,0.472175,c1ccc(C[NH2+]CCCOc2cnsn2)cc1
decoy_1841,0.381769,0.333658,0.873092,0.730464,0.614115,0.436359,c1ccc(N2CCOCC2)c(C[NH2+]CCCOc2cccc3ccccc23)c1
decoy_1842,0.505055,0.440319,0.803432,0.650201,0.572212,0.458157,C(=[NH+]/CCNc1ccccc1)\c1ccccc1
decoy_1843,0.398993,0.393182,0.841345,0.740253,0.588944,0.458552,c1ccc(COc2ccccc2C[NH2+]CCCn2cc[nH+]c2)cc1
decoy_1844,0.459781,0.385388,0.737872,0.589745,0.524648,0.424206,c1ccc(OCCC[NH2+]Cc2ccco2)cc1
decoy_1845,0.478416,0.411891,0.774932,0.627234,0.564141,0.450602,c1ccc(OCCC[NH2+]Cc2cccs2)cc1
decoy_1846,0.472626,0.396682,0.848876,0.7002,0.59421,0.453114,c1ccc(-c2n[nH]cc2C[NH2+]CCCc2ccco2)cc1
decoy_1847,0.431932,0.360967,0.859634,0.700935,0.604541,0.453104,c1ccc(OCCC[NH2+]Cc2c[nH]nc2-c2ccccc2)cc1
decoy_1848,0.429099,0.355537,0.885737,0.710322,0.615524,0.449545,c1ccc(COCCC[NH2+]Cc2c[nH]nc2-c2ccccc2)cc1
decoy_1849,0.47945,0.432942,0.810316,0.667553,0.591494,0.476603,c1ccc(OCCC[NH2+]Cc2cn[nH]c2)cc1
decoy_185,0.531883,0.420067,0.819325,0.711278,0.56864,0.462399,CC1(C)OC[C@@H](CC=O)O1
decoy_1850,0.502366,0.421506,0.870428,0.683568,0.588524,0.489386,c1ccc(CCC[NH2+]Cc2nnn[n-]2)cc1
decoy_1851,0.369733,0.320321,0.833534,0.692436,0.578598,0.442288,c1ccc(OCCC[NH2+]C[C@]23C[C@H]4C[C@@H](C[C@H](C4)C2)C3)cc1
decoy_1852,0.434206,0.390355,0.921071,0.780381,0.62717,0.483723,c1ccc(OCCC[NH2+]Cc2c([C@@H]3CCCO3)[nH]c3ncccc23)cc1
decoy_1853,0.448448,0.419456,0.841756,0.716821,0.554693,0.469776,c1ccc(OCCC[NH2+]Cc2ccc3c(c2)OCCO3)cc1
decoy_1854,0.398725,0.352542,0.795499,0.655472,0.524099,0.426759,C(=[NH+]/CCNc1ccccc1)\c1cccc(Cc2ccccc2)c1
decoy_1855,0.384539,0.325658,0.821107,0.658655,0.52988,0.410696,c1ccc(OCCC[NH2+]Cc2ccc(N3CCOCC3)cc2)cc1
decoy_1856,0.388642,0.377042,0.832015,0.727236,0.573753,0.466313,c1ccc(Oc2c(C[NH2+]CCCc3cc[nH]n3)cnn2-c2ccccc2)cc1
decoy_1857,0.504041,0.381616,0.855701,0.639986,0.655666,0.436218,c1ccc(CCC[NH2+]CCc2ccccc2)cc1
decoy_1858,0.474015,0.365545,0.845249,0.641949,0.594594,0.427407,c1ccc(CC[NH2+]CCCOc2ccccc2)cc1
decoy_1859,0.506407,0.396211,0.888304,0.685022,0.658463,0.462214,c1ccc(CCC[NH2+]CCc2ccncc2)cc1
decoy_186,0.606141,0.510188,0.854399,0.733002,0.601664,0.484428,Fc1ccc(-c2nnc3ccc(Cl)nn23)cc1C(F)(F)F
decoy_1860,0.4695,0.40061,0.828443,0.658606,0.658662,0.47079,c1ccc(OCCC[NH2+]CCc2ccsc2)cc1
decoy_1861,0.409608,0.34058,0.844744,0.66394,0.623099,0.437885,c1ccc(OCCC[NH2+]CCCn2ccc3ccccc32)cc1
decoy_1862,0.437205,0.385543,0.831829,0.671679,0.636774,0.451945,c1ccc(NCC[NH2+]CCCOc2ccccc2)cc1
decoy_1863,0.451991,0.374363,0.838061,0.658308,0.659424,0.457709,c1ccc(OCCC[NH2+]CCNc2ncccn2)cc1
decoy_1864,0.392671,0.314599,0.776112,0.607738,0.540825,0.420695,C=C([N-]NC(=O)CCCOc1ccccc1)c1ccccc1
decoy_1865,0.458286,0.32272,0.803914,0.560713,0.586419,0.406377,C=C([N-]NC(=O)COc1ccccc1)c1ccccc1
decoy_1866,0.439048,0.38218,0.764904,0.644972,0.499069,0.456982,c1ccc2c(OCCCN3CC[NH2+]CC3)cccc2c1
decoy_1867,0.474108,0.569172,0.759815,0.771754,0.515783,0.629416,c1ccc2c(OCCCn3cnc4ccccc43)cccc2c1
decoy_1868,0.656836,0.466662,0.839856,0.752665,0.653131,0.489535,c1ccc(CCCOc2ccccc2)cc1
decoy_1869,0.531988,0.636279,0.744361,0.837945,0.54584,0.662584,c1ccc(OCCCc2ccncc2)cc1
decoy_187,0.543866,0.415878,0.753857,0.689125,0.594943,0.456796,CC(C)c1ccc(CC[C@H](O)C(C)C)cc1
decoy_1870,0.467874,0.464535,0.78813,0.797456,0.538608,0.643084,c1ccc(OCCCN2CC[NH2+]CC2)cc1
decoy_1871,0.595424,0.492772,0.80716,0.661405,0.568708,0.485654,c1ccc(OCCCn2cnc3ccccc32)cc1
decoy_1872,0.449082,0.398457,0.852859,0.702197,0.554573,0.452637,c1ccc(OCCC[N@H+]2CC[C@H](c3ccccc3)CC2)cc1
decoy_1873,0.420064,0.372018,0.870308,0.721596,0.581165,0.47494,c1ccc(C[C@H]2CC[N@H+](CCCOc3ccccc3)CC2)cc1
decoy_1874,0.463134,0.363729,0.764127,0.579332,0.546733,0.405393,C(=[NH+]/CCCOc1ccccc1)\c1ccccc1
decoy_1875,0.301579,0.287908,0.759588,0.720334,0.442739,0.415575,c1ccc(C[NH2+]Cc2ccccc2OCCC[N@H+]2CCc3ccccc3C2)cc1
decoy_1875_2,0.346493,0.414895,0.840475,0.887336,0.520522,0.60528,c1ccc(C[NH2+]Cc2ccccc2OCCCN2CCc3ccccc3C2)cc1
decoy_1876,0.660322,0.536734,0.799308,0.769479,0.643767,0.543256,c1ccc(OCCCOc2ccccc2)cc1
decoy_1877,0.678745,0.52645,0.837088,0.781253,0.655867,0.531339,c1ccc(OCCCSc2ccccc2)cc1
decoy_1878,0.588561,0.624917,0.817202,0.787249,0.605285,0.603968,c1ccc(OCCCSc2ncccn2)cc1
decoy_1879,0.513226,0.564991,0.792894,0.790519,0.54062,0.599777,c1ccc(OCCCSc2nc[nH]n2)cc1
decoy_188,0.530689,0.439523,0.741577,0.688065,0.561986,0.477768,C[C@H]1CC[C@@H](O)[C@H](CCC(C)(C)C)C1
decoy_1880,0.518554,0.598176,0.770265,0.789727,0.553105,0.662513,c1ccc(OCCCSc2nncs2)cc1
decoy_1881,0.445202,0.50928,0.7539,0.741109,0.549645,0.583299,c1ccc(OCCCSc2nc(-c3ccccc3)n[nH]2)cc1
decoy_1882,0.473541,0.504991,0.752691,0.700423,0.528785,0.573465,c1ccc(OCCCSc2nnc(-c3ccccc3)o2)cc1
decoy_1883,0.456895,0.479041,0.799837,0.740772,0.55801,0.522216,c1ccc(OCCCSc2nnc(-c3cccs3)[nH]2)cc1
decoy_1884,0.365365,0.426504,0.710274,0.699225,0.471816,0.481041,c1ccc(Nc2nnc(SCCCOc3ccccc3)s2)cc1
decoy_1885,0.388698,0.455003,0.751924,0.742531,0.515174,0.498344,c1ccc(CNc2nnc(SCCCOc3ccccc3)s2)cc1
decoy_1886,0.389406,0.431707,0.747793,0.711195,0.526711,0.495901,C(=C/c1nc(SCCCOc2ccccc2)n[nH]1)\c1ccccc1
decoy_1887,0.447823,0.367171,0.784417,0.599027,0.543563,0.424286,C(=C/c1ccco1)\c1nc(SCCCOc2ccccc2)n[nH]1
decoy_1888,0.663891,0.496573,0.84904,0.729202,0.639348,0.503505,c1ccc(CSCCCOc2ccccc2)cc1
decoy_1889,0.47753,0.410717,0.780538,0.653204,0.524635,0.441019,c1ccc(OCC[NH2+]C2CC2)cc1
decoy_189,0.47274,0.523418,0.744274,0.777501,0.546735,0.617593,C[C@@H]1CCOCC[C@H]1OC=O
decoy_1890,0.683413,0.484873,0.856087,0.708162,0.683479,0.511658,c1ccc(NCCOc2ccccc2)cc1
decoy_1891,0.515699,0.607922,0.811176,0.809851,0.570527,0.685302,c1ccc(OCCNc2ccncn2)cc1
decoy_1892,0.485205,0.396776,0.764802,0.603647,0.561107,0.441506,c1ccc(C[NH2+]CCOc2ccccc2)cc1
decoy_1893,0.676874,0.519001,0.851521,0.787298,0.656677,0.51665,c1ccc(OCCOc2ccccc2)cc1
decoy_1894,0.500761,0.526141,0.814369,0.766658,0.552309,0.542153,c1ccc(OCCOCCOc2ncnc3ccccc23)cc1
decoy_1895,0.573323,0.492098,0.841606,0.685423,0.604264,0.493813,c1ccc(OCCOc2cccn3ccnc23)cc1
decoy_1896,0.474954,0.368256,0.814541,0.613784,0.552538,0.436945,c1ccc(Cc2ccc(OCCCN3CCOCC3)cc2)cc1
decoy_1897,0.294796,0.291722,0.744024,0.740723,0.412138,0.415918,c1cc(C[NH+]2CCNCC2)cc(OCCC[N@H+]2CCc3ccccc3C2)c1
decoy_1897_2,0.344675,0.378669,0.770891,0.799455,0.454442,0.46528,c1cc(CN2CC[NH2+]CC2)cc(OCCCN2CCc3ccccc3C2)c1
decoy_1898,0.484863,0.497042,0.830589,0.749927,0.576549,0.528895,c1ccc(OCCOc2cccn3cc(-c4ccccc4)nc23)cc1
decoy_1899,0.409554,0.369313,0.770034,0.64884,0.494405,0.437869,C(=C/c1cncc(OCCCC2=c3ccccc3=NC2)c1)\c1ccncc1
decoy_19,0.501639,0.375206,0.773624,0.620636,0.514957,0.427247,CC1=CCCC(C)(C)[C@@H]1/C=C(\C)C(=O)/C=C/c1cccs1
decoy_190,0.549176,0.530626,0.848671,0.809771,0.610188,0.546614,Brc1cc(N2CCOCC2)ccn1
decoy_1900,0.44046,0.363793,0.788859,0.629491,0.525352,0.424568,c1cc(CCCOc2cncc(-c3ccc4[nH]ncc4c3)c2)c2c(c1)OCO2
decoy_1901,0.467073,0.408282,0.783158,0.656854,0.519819,0.452239,c1ccc(CCCOc2cncc(-c3ccc4[nH]ncc4c3)c2)cc1
decoy_1902,0.469735,0.373269,0.853464,0.654676,0.589532,0.439948,C1=C[C@H]2c3cc(OCCOc4ccccc4)ccc3N[C@@H](c3ccccc3)[C@@H]2C1
decoy_1903,0.436211,0.430879,0.798209,0.719218,0.50716,0.475217,c1ccc(CCCOc2cncc(-c3cc4c(cn3)cnc3ccccc34)c2)cc1
decoy_1904,0.385082,0.347999,0.859167,0.724681,0.520756,0.45669,c1ccc(C(OCCC[NH+]2CCN(c3ccccc3)CC2)c2ccccc2)cc1
decoy_1905,0.472142,0.585909,0.744299,0.774221,0.521282,0.668166,c1ccc(COCCCn2cnc3ccccc32)cc1
decoy_1906,0.499194,0.545544,0.741237,0.720629,0.538789,0.577436,c1ccc(COCCCSc2nncs2)cc1
decoy_1907,0.406359,0.461607,0.750383,0.730149,0.517322,0.496674,c1ccc(COCCCSc2nnc(NC3CC3)s2)cc1
decoy_1908,0.479339,0.420964,0.795574,0.675929,0.522375,0.45457,c1ccc(SCC[NH2+]C2CC2)cc1
decoy_1909,0.683565,0.456486,0.828023,0.697357,0.64901,0.490714,c1ccc(OCCSc2ccccc2)cc1
decoy_191,0.566263,0.473096,0.867527,0.714328,0.570389,0.489529,CN(CC1CCCCC1)C(=O)C1(C#N)CCCCC1
decoy_1910,0.445567,0.536595,0.740269,0.760492,0.523556,0.590303,c1ccc(CCCSc2nncn2-c2ccccc2)cc1
decoy_1911,0.489466,0.552324,0.818023,0.810944,0.564386,0.573512,c1ccc(OCCSc2ncn[nH]2)cc1
decoy_1912,0.505702,0.644203,0.777285,0.851821,0.54226,0.733547,c1ccc(OCCSc2nncs2)cc1
decoy_1913,0.536871,0.423011,0.846915,0.63792,0.611631,0.464382,c1ccc(CCCSc2nc(-c3ccccc3)n[nH]2)cc1
decoy_1914,0.517309,0.47996,0.7995,0.665291,0.559916,0.490735,c1ccc(OCCSc2nc(-c3ccco3)n[nH]2)cc1
decoy_1915,0.391801,0.322948,0.856494,0.676657,0.600955,0.43676,c1ccc(C[NH2+]Cc2nc(SCCOc3ccccc3)n[n-]2)cc1
decoy_1916,0.410099,0.442043,0.688157,0.657234,0.524489,0.477832,c1ccc(OCCSc2nnc(COc3ccccc3)o2)cc1
decoy_1917,0.507746,0.411897,0.854101,0.687218,0.611069,0.473928,c1ccc(C[N@@H+]2Cc3ncnc(-c4ccccc4)c3C2)cc1
decoy_1918,0.42792,0.345108,0.925668,0.718943,0.631123,0.462144,c1ccc(-c2n[nH]cc2C[NH2+][C@@]23C[C@H]4C[C@@H](C2)C[C@](n2cncn2)(C4)C3)cc1
decoy_1919,0.684699,0.549752,0.862513,0.788047,0.683104,0.544062,c1coc(CNc2cccc3ccccc23)c1
decoy_192,0.440887,0.490256,0.786448,0.757568,0.51069,0.52571,C[C@H]1O[C@]2(CS1)C[N@+]1([O-])CC[C@H]2CC1
decoy_1920,0.680798,0.437917,0.924956,0.755019,0.733715,0.459961,C(=N/c1ccccc1)\c1ccccc1
decoy_1921,0.66845,0.448587,0.867019,0.742824,0.704773,0.498913,c1ccc(CNc2ccccc2)cc1
decoy_1922,0.592231,0.461132,0.843147,0.695467,0.659843,0.482198,c1ccc(COc2ccccc2CNc2ccccc2)cc1
decoy_1923,0.676625,0.444714,0.898785,0.755653,0.758566,0.483104,c1ccc(NCc2ccco2)cc1
decoy_1924,0.679504,0.465764,0.920917,0.79718,0.763079,0.503277,c1ccc(NCc2cccs2)cc1
decoy_1925,0.582683,0.43679,0.85737,0.676067,0.628506,0.462072,c1ccc(NCc2ccncc2)cc1
decoy_1926,0.562105,0.4293,0.877618,0.667042,0.656945,0.470513,c1ccc(NCc2ccncn2)cc1
decoy_1927,0.542792,0.408513,0.874994,0.656153,0.641466,0.448416,c1ccc(NCc2cc[nH]n2)cc1
decoy_1928,0.651601,0.456647,0.895342,0.78429,0.737351,0.499372,c1ccc(NCc2ccsc2)cc1
decoy_1929,0.574122,0.46562,0.871203,0.697969,0.615728,0.488855,c1ccc(NCc2cnccn2)cc1
decoy_193,0.493429,0.507349,0.793379,0.731155,0.552312,0.536108,C[C@H](C#N)C(=O)N1C[C@H]2CC[C@@H]1C2
decoy_1930,0.592374,0.432731,0.883855,0.713693,0.680913,0.462778,c1ccc(NCc2cncs2)cc1
decoy_1931,0.529574,0.423227,0.862934,0.673538,0.624099,0.447819,c1ccc(NCc2cn[nH]c2)cc1
decoy_1932,0.572902,0.436249,0.868379,0.713233,0.670054,0.465812,c1ccc(NCc2cnoc2)cc1
decoy_1933,0.667271,0.515477,0.835422,0.769867,0.665588,0.541816,c1ccc(NCc2coc3ccccc23)cc1
decoy_1934,0.654292,0.454104,0.887903,0.764711,0.669296,0.475584,c1ccc(NCc2cscn2)cc1
decoy_1935,0.564861,0.431737,0.899252,0.699777,0.663838,0.460137,c1ccc(NCc2csnn2)cc1
decoy_1936,0.45103,0.367767,0.818913,0.646061,0.531414,0.418332,c1ccc(NCc2[nH]cc[nH+]2)cc1
decoy_1937,0.445229,0.572525,0.76333,0.811621,0.526607,0.596782,c1ccc(-c2nc[nH]n2)c(NCc2ccncc2)c1
decoy_1938,0.558866,0.417753,0.895799,0.696166,0.666249,0.460084,c1ccc(NCc2ncno2)cc1
decoy_1939,0.593825,0.455463,0.866349,0.649672,0.588516,0.448113,c1ccc(NCc2nncn2-c2ccccc2)cc1
decoy_194,0.556585,0.575262,0.73942,0.77359,0.543016,0.543218,CCN(c1cccc(F)c1)c1ccc(C#N)cc1F
decoy_1940,0.498908,0.393428,0.895308,0.680365,0.615191,0.446685,c1ccc(NCc2nnc[nH]2)cc1
decoy_1941,0.598569,0.416813,0.774044,0.659899,0.649654,0.470698,c1ccc(NCc2ccc(-c3ccccc3)cc2)cc1
decoy_1942,0.559171,0.421543,0.802124,0.604069,0.608739,0.446141,c1ccc(NCc2nc(-c3ccccc3)no2)cc1
decoy_1943,0.534592,0.372185,0.843105,0.582399,0.610009,0.43232,c1ccc(NCc2nc(-c3cccs3)n[nH]2)cc1
decoy_1944,0.63196,0.472193,0.857939,0.685389,0.645166,0.482154,c1ccc(NCc2nc(-c3ccsc3)no2)cc1
decoy_1945,0.568161,0.464643,0.834034,0.647183,0.615295,0.483662,c1ccc(Cc2noc(CNc3ccccc3)n2)cc1
decoy_1946,0.552549,0.409239,0.919174,0.676832,0.645763,0.456123,c1ccc(CSc2nnc(CNc3ccccc3)[nH]2)cc1
decoy_1947,0.458999,0.442927,0.819789,0.761504,0.561524,0.504161,c1ccc(NCc2cn(CC(c3ccccc3)c3ccccc3)c3ccccc23)cc1
decoy_1948,0.364064,0.47277,0.762922,0.833267,0.493434,0.517963,c1ccc(NCc2nc(-c3ccc4nccnc4c3)c(-c3ccccn3)[nH]2)cc1
decoy_1949,0.487582,0.473928,0.902315,0.817979,0.603879,0.485836,c1ccc(NCc2cccs2)[nH+]c1
decoy_195,0.550293,0.448834,0.810982,0.649865,0.557602,0.468538,CC(=O)O[C@@H]1CCCCOCC1
decoy_1950,0.489999,0.560481,0.706507,0.738875,0.524742,0.665648,c1ccc(CN(c2ccccn2)c2ccncn2)cc1
decoy_1951,0.589861,0.446384,0.92416,0.714764,0.684418,0.467083,c1ccc(NCc2cncs2)nc1
decoy_1952,0.56241,0.448873,0.841153,0.682979,0.590372,0.472591,c1ccc(CNc2cccnc2)cc1
decoy_1953,0.540259,0.480205,0.899815,0.752879,0.616278,0.515747,c1cnnc(NCc2cccs2)c1
decoy_1954,0.547576,0.435262,0.921006,0.718823,0.644709,0.466156,c1cnnc(NCc2ccoc2)c1
decoy_1955,0.533176,0.517662,0.877435,0.787118,0.587818,0.515893,c1coc(CNc2cc[nH+]c3ccccc23)c1
decoy_1956,0.525568,0.509235,0.907418,0.816355,0.596231,0.521669,c1ccc2c(NCc3nccs3)cc[nH+]c2c1
decoy_1957,0.557708,0.476386,0.854416,0.716251,0.612596,0.487288,c1ccc(CNc2ccncn2)cc1
decoy_1958,0.543428,0.484292,0.908995,0.760269,0.627143,0.509471,c1cncc(CNc2ccncn2)c1
decoy_1959,0.425938,0.499442,0.748984,0.760243,0.518893,0.541346,c1ccc(COCc2cccc(CNc3ccncn3)c2)cc1
decoy_196,0.456149,0.394027,0.805983,0.66504,0.599891,0.45376,CCc1ccc([C@H](C)[NH2+]C[C@@H]2CC=CCC2)s1
decoy_1960,0.49351,0.410649,0.809397,0.658678,0.573032,0.447324,c1ccc(CNc2cn[nH]c2)cc1
decoy_1961,0.516069,0.420229,0.790567,0.651181,0.544254,0.459135,c1cn(-c2ccc(CNc3cn[nH]c3)cc2)cn1
decoy_1962,0.587093,0.451609,0.90368,0.736763,0.699639,0.474476,c1cnc(NCc2cccs2)nc1
decoy_1963,0.496127,0.505539,0.772937,0.723848,0.551238,0.546045,c1cnc(NCc2ccc(-c3ccn[nH]3)cc2)nc1
decoy_1964,0.507805,0.413158,0.798892,0.618635,0.599999,0.474866,c1ccc2c(c1)OC[C@H](CNc1nccs1)O2
decoy_1965,0.516105,0.538672,0.852319,0.810483,0.588672,0.56336,c1ccc(CNc2ncnc3[nH]cnc23)cc1
decoy_1966,0.577538,0.547014,0.903338,0.77955,0.609913,0.538384,c1ccc(CNc2ncnc3sccc23)nc1
decoy_1967,0.610895,0.56555,0.900971,0.796246,0.621761,0.530624,c1csc(CNc2ncnc3sccc23)c1
decoy_1968,0.388448,0.465088,0.705426,0.725607,0.5157,0.55611,c1ccc(COc2ccc(CNc3nn[nH]n3)cc2)cc1
decoy_1969,0.464393,0.363859,0.830787,0.624368,0.582725,0.436829,c1ccc(C[NH2+][C@]23C[C@H]4C[C@@H](C[C@H](C4)C2)C3)cc1
decoy_197,0.622473,0.555813,0.870902,0.721571,0.647657,0.518411,CC1=C/C(=C(/C)c2cc(C)c(C)[nH]2)N=C1C
decoy_1970,0.427566,0.417138,0.864599,0.759279,0.575227,0.4894,c1ccc(COc2ccccc2C[NH2+][C@]23C[C@H]4C[C@@H](C[C@H](C4)C2)C3)cc1
decoy_1971,0.340517,0.288081,0.819335,0.646859,0.598729,0.410725,c1ccc(COc2ccc(C[NH2+][C@]34C[C@H]5C[C@@H](C[C@H](C5)C3)C4)cc2)cc1
decoy_1972,0.454734,0.384255,0.843182,0.695924,0.60091,0.468122,c1ccc(C[NH2+][C@H]2[C@@H]3C[C@H]4C[C@@H](C3)C[C@@H]2C4)cc1
decoy_1973,0.559715,0.508707,0.916604,0.783927,0.631089,0.509238,c1csc(CNc2ccc3nncn3n2)c1
decoy_1974,0.559754,0.507228,0.819451,0.717725,0.606525,0.537206,c1ccc(CNc2ccc3ocnc3c2)cc1
decoy_1975,0.66324,0.479751,0.824806,0.730865,0.734934,0.516993,c1ccc(CNc2ccc3sccc3c2)cc1
decoy_1976,0.465478,0.404447,0.761238,0.622557,0.538646,0.461773,c1ccc(CNc2ccc(CNc3ccccc3)cc2)cc1
decoy_1977,0.512758,0.438638,0.729507,0.620253,0.540892,0.475088,c1ccc(CNc2ccc(-n3nccn3)cc2)cc1
decoy_1978,0.527088,0.391688,0.761778,0.604252,0.545175,0.423695,c1ccc(CNc2ccc(Oc3ccccc3)cc2)cc1
decoy_1979,0.522631,0.439136,0.827279,0.652749,0.596807,0.459849,c1ccc(CNc2cc(Nc3ccccc3)ncn2)cc1
decoy_198,0.555418,0.484195,0.765892,0.690283,0.552175,0.471507,O=[N+]([O-])c1cc(Cl)cc(Br)c1N1CCCCC1
decoy_1980,0.513132,0.429308,0.830089,0.648883,0.569713,0.456034,c1ccc(Nc2cc(NCc3cccnc3)ncn2)cc1
decoy_1981,0.556219,0.41515,0.843773,0.609977,0.622188,0.454762,c1ccc(Nc2cc(NCc3ccco3)ncn2)cc1
decoy_1982,0.500613,0.477099,0.800458,0.693221,0.574959,0.502698,c1ccc(CNc2cc(Nc3ccccn3)ncn2)cc1
decoy_1983,0.539464,0.422161,0.79474,0.610044,0.554636,0.436511,c1ccc(CNc2cnc(Cc3ccccc3)o2)cc1
decoy_1984,0.548521,0.424564,0.824772,0.623359,0.601644,0.438257,c1ccc(CNc2nc3ccccc3o2)cc1
decoy_1985,0.575116,0.592832,0.854593,0.789654,0.604366,0.540766,c1ccc(CNc2nc(-c3ccccc3)nc3ccccc23)cc1
decoy_1986,0.469211,0.410007,0.777454,0.62606,0.532367,0.448541,c1ccc(CNc2[nH]c(-c3ccccc3)c[nH+]2)cc1
decoy_1987,0.413549,0.505872,0.761098,0.788081,0.491092,0.51877,c1ccc(CNc2nc(Nc3ccccc3)[nH+]c3ccccc23)cc1
decoy_1988,0.467256,0.510843,0.835393,0.819708,0.5623,0.561717,c1ccc(Nc2nc(NCc3ccco3)c3ccccc3[nH+]2)cc1
decoy_1989,0.551478,0.472859,0.771931,0.629075,0.592268,0.48676,c1ccc(CNc2ncnc(-c3ccccc3)n2)cc1
decoy_199,0.444807,0.446259,0.643264,0.697336,0.485325,0.532923,CCN(CC)c1c(Cl)cc(Br)cc1[N+](=O)[O-]
decoy_1990,0.400969,0.476778,0.769918,0.76578,0.597079,0.56096,C(=N/Nc1ncnc(NCc2ccccc2)n1)\c1ccccc1
decoy_1991,0.519488,0.450285,0.851071,0.686203,0.570355,0.474831,c1cc(CNc2nn3ccnc3s2)c2[nH]ccc2c1
decoy_1992,0.472347,0.373325,0.766681,0.574741,0.540166,0.423183,c1ccc(CNc2nnc(SCc3ccccc3)s2)cc1
decoy_1993,0.486758,0.383264,0.796854,0.609874,0.550289,0.441459,c1ccc(CNc2nnc(SCc3ncncn3)s2)cc1
decoy_1994,0.543247,0.484995,0.827788,0.683602,0.607891,0.496407,c1ccc(CNc2cc3c(-c4ccccc4)noc3cn2)cc1
decoy_1995,0.572118,0.40134,0.808299,0.661957,0.612014,0.449174,C(=N/c1cc(-c2ccccc2)c(-c2ccccc2)o1)\c1ccccc1
decoy_1996,0.468084,0.386377,0.844733,0.658346,0.53246,0.436747,c1ccc(CNc2cc(-c3nc[nH]c3-c3ccccc3)ccn2)cc1
decoy_1997,0.555288,0.471201,0.781197,0.650983,0.607152,0.484594,C(=N/c1ccc2cc3ccccc3nc2c1)\c1ccco1
decoy_1998,0.41944,0.381717,0.803881,0.68012,0.527265,0.457085,c1ccc(C[NH2+][C@H]2CO[C@@H]3CO[C@H](c4ccccc4)O[C@@H]3C2)cc1
decoy_1999,0.368741,0.339658,0.826633,0.748124,0.544204,0.527053,c1ccc(C[NH2+][C@@H]2CO[C@H]3[C@@H]2OC[C@@H]3Nc2nccc(-c3cccs3)n2)cc1
decoy_2,0.513158,0.368954,0.801475,0.593219,0.585721,0.42228,Cc1ccc(/C=C2/N=C(c3ccc(C(C)(C)C)cc3)OC2=O)o1
decoy_20,0.499966,0.503834,0.780818,0.708602,0.52504,0.479704,O=c1c2ccccc2nc(-c2ccccc2)n1Nc1ccc(F)cc1F
decoy_200,0.482919,0.421159,0.867396,0.69621,0.60858,0.455568,Clc1snnc1C[N@H+]1CCC[C@@H]1C1CCCCC1
decoy_2000,0.377363,0.322714,0.734274,0.584024,0.481484,0.401241,c1ccc(CNc2[nH]c(-c3ccc(-c4ccccc4)cc3)c[nH+]2)cc1
decoy_2001,0.397262,0.472407,0.768974,0.787607,0.450817,0.508465,c1ccc(CNc2nc(NCc3ccccc3)c3ccccc3[nH+]2)cc1
decoy_2002,0.470432,0.415252,0.871737,0.708323,0.582859,0.480531,c1ccc(CNc2cc(N[C@]34C[C@H]5C[C@@H](C[C@H](C5)C3)C4)ncn2)cc1
decoy_2003,0.424223,0.495508,0.840466,0.831145,0.582485,0.545846,c1ccc(CNc2nc(-c3ccccc3)c3cn(-c4ccccc4)nc3n2)cc1
decoy_2004,0.56811,0.495631,0.842435,0.697131,0.609562,0.51364,c1cc(CNCc2cncnc2)c2cccnc2c1
decoy_2005,0.488902,0.472865,0.813726,0.709551,0.636152,0.485897,C(=[NH+]/Cc1ccccc1)\c1ccccc1
decoy_2006,0.505357,0.38749,0.784987,0.592734,0.601514,0.427637,c1ccc(C[NH2+]Cc2ccccc2)cc1
decoy_2007,0.441724,0.48887,0.833369,0.784148,0.542366,0.47461,c1ccc(C([NH2+]Cc2cn[nH]c2)c2ccccc2)cc1
decoy_2008,0.494505,0.476039,0.857308,0.744827,0.595196,0.487839,c1ccc(-c2ccccc2C[NH2+]Cc2ncncn2)cc1
decoy_2009,0.497423,0.464948,0.743032,0.635117,0.535295,0.453248,c1ccc([C@@H](NCc2cn[nH]c2)c2cccs2)cc1
decoy_201,0.554099,0.473519,0.911377,0.746856,0.582203,0.490356,Fc1cc2nc(C3CC3)[nH]c2cc1F
decoy_2010,0.456345,0.413969,0.921464,0.791849,0.589777,0.470757,c1ccc(-c2n[nH]cc2C[NH2+][C@@H](c2ccccc2)c2ccncc2)cc1
decoy_2011,0.49118,0.454525,0.863869,0.735418,0.573751,0.503043,c1ccc(CN(Cc2ccccc2)c2cc(Nc3ccccc3)ncn2)cc1
decoy_2012,0.439558,0.516763,0.832635,0.82958,0.534835,0.559425,c1ccc(CN(Cc2ccccc2)c2cc(Nc3ccccn3)ncn2)cc1
decoy_2013,0.544504,0.464416,0.847381,0.67933,0.580011,0.489051,C(\CNCc1ccccc1)=N/c1nncs1
decoy_2014,0.516807,0.397416,0.841334,0.642762,0.608242,0.43718,c1ccc(C[NH2+]Cc2ccccn2)cc1
decoy_2015,0.487766,0.390902,0.848415,0.675936,0.626406,0.438059,c1ccc(C[NH2+]Cc2ccoc2)nc1
decoy_2016,0.496671,0.42496,0.819082,0.668591,0.570308,0.472558,c1ccc(Cn2cccc2C[NH2+]Cc2ccco2)cc1
decoy_2017,0.487958,0.37864,0.814651,0.614679,0.615919,0.433089,c1ccc(C[NH2+]Cc2ccco2)cc1
decoy_2018,0.457418,0.374056,0.828252,0.662021,0.649208,0.426461,c1c[nH]c(C[NH2+]Cc2ccco2)c1
decoy_2019,0.508245,0.390485,0.843881,0.641639,0.617398,0.443494,c1ccc(C[NH2+]Cc2cccs2)cc1
decoy_202,0.528628,0.511325,0.820367,0.749213,0.555697,0.513006,Cn1cc(S[C@@H]2C[C@H](C(C)(C)C)CC[C@@H]2C#N)cn1
decoy_2020,0.471094,0.447671,0.830167,0.718015,0.630857,0.468896,c1coc(C[NH2+]Cc2cccs2)c1
decoy_2021,0.444681,0.390737,0.842889,0.703684,0.596435,0.443049,c1csc(C[NH2+]Cc2cn[nH]c2)c1
decoy_2022,0.472764,0.373949,0.839886,0.659657,0.623869,0.423323,c1cnc(C[NH2+]Cc2cccs2)nc1
decoy_2023,0.451086,0.377757,0.714887,0.587606,0.502296,0.416698,c1ccc(-c2nc(C[NH2+]Cc3cccs3)cs2)cc1
decoy_2024,0.500018,0.389737,0.835573,0.632938,0.610336,0.441656,c1ccc(C[NH2+]Cc2ccncc2)cc1
decoy_2025,0.481047,0.392261,0.848953,0.662562,0.640387,0.444423,c1cc(C[NH2+]Cc2ccoc2)ccn1
decoy_2026,0.49215,0.382042,0.852464,0.643774,0.6343,0.434956,c1ccc(C[NH2+]Cc2c[nH]cn2)cc1
decoy_2027,0.503017,0.452284,0.838969,0.721381,0.625651,0.492013,c1ccc(-c2n[nH]cc2C[NH2+]Cc2cnccn2)cc1
decoy_2028,0.42209,0.32711,0.839974,0.654445,0.59445,0.424377,c1ccc(-c2n[nH]cc2C[NH2+]Cc2cnn(-c3ccccc3)c2)cc1
decoy_2029,0.407254,0.393044,0.890453,0.797422,0.56257,0.481656,c1cc(C[NH2+]Cc2c[nH]nc2-c2ccco2)cc(Cn2cnc3ccccc32)c1
decoy_203,0.597189,0.41962,0.843849,0.604037,0.629769,0.441763,Fc1cccc(NC[C@@H]2Cc3ccccc3O2)n1
decoy_2030,0.433227,0.345419,0.906551,0.704607,0.614322,0.447683,c1ccc(Cn2cccn2)c(C[NH2+]Cc2c[nH]nc2-c2cc3ccccc3o2)c1
decoy_2031,0.384314,0.419892,0.814423,0.80638,0.548871,0.508845,c1ccc(-c2ccc(-c3n[nH]cc3C[NH2+]Cc3ccccn3)cc2)cc1
decoy_2032,0.480383,0.358402,0.811855,0.606262,0.579126,0.414725,c1ccc(C[NH2+]Cc2cscn2)cc1
decoy_2033,0.482238,0.403788,0.841272,0.6705,0.614956,0.448248,c1ccc(C[NH2+]Cc2ncco2)cc1
decoy_2034,0.527381,0.499648,0.838116,0.736069,0.577126,0.551667,c1ccc(CNCc2ncno2)cc1
decoy_2035,0.474018,0.393558,0.910388,0.704313,0.613352,0.468145,c1ccc(C[NH2+]Cc2nnn[n-]2)cc1
decoy_2036,0.416828,0.358616,0.836314,0.678446,0.631907,0.43111,c1ccc(-c2n[nH]cc2C[NH2+]Cc2scnc2-c2ccccc2)cc1
decoy_2037,0.416893,0.379247,0.820621,0.671133,0.578053,0.455842,c1ccc(C[NH2+]C[C@]23C[C@H]4C[C@@H](C[C@H](C4)C2)C3)cc1
decoy_2038,0.403638,0.327362,0.90372,0.708472,0.538635,0.434444,c1ccc(-c2n[n-]nc2C[NH2+]C[C@]23C[C@H]4C[C@@H](C[C@H](C4)C2)C3)cc1
decoy_2039,0.374002,0.403791,0.808966,0.762873,0.484809,0.473018,C1=NN=C(c2ccc(-c3ccccc3)cc2)[C@@H]1CNCC1=C[C@@H](c2ccccc2)ON1
decoy_204,0.543487,0.581476,0.757064,0.7752,0.565182,0.57737,CN(Cc1ccc2ccccc2c1)c1cncc(Cl)n1
decoy_2040,0.498111,0.409088,0.799048,0.626812,0.627722,0.463045,c1ccc(C[NH2+]Cc2ccn3nccc3n2)cc1
decoy_2041,0.423998,0.344037,0.755716,0.59792,0.498715,0.415309,c1ccc(C[NH2+]Cc2ccn(Cc3ccccc3)c2)cc1
decoy_2042,0.488064,0.36593,0.82715,0.620419,0.627029,0.427877,c1ccc(C[NH2+]Cc2cn3ccsc3n2)cc1
decoy_2043,0.41622,0.374029,0.776669,0.669162,0.519802,0.454206,c1ccc(C[NH2+]Cc2cn(Cc3ccccc3)c3ccccc23)cc1
decoy_2044,0.433048,0.338678,0.753742,0.574923,0.554818,0.414,c1ccc(C[NH2+]Cc2cnn(-c3ccccc3)c2)cc1
decoy_2045,0.404148,0.320123,0.769398,0.586407,0.524372,0.399384,c1ccc(C[NH2+]Cc2cnn(Cc3ccccc3)c2)cc1
decoy_2046,0.405233,0.374526,0.790501,0.664421,0.587893,0.461285,c1csc(-c2nc(C[NH2+]C[C@H]3CNc4ccnn4C3)co2)c1
decoy_2047,0.441843,0.395123,0.720001,0.613675,0.493334,0.436285,c1ccc(C[NH2+]Cc2csc(-c3ccccc3)n2)cc1
decoy_2048,0.53635,0.438491,0.896706,0.693244,0.592924,0.482107,C1=C(CNCc2nc3ccccc3[nH]2)[C@@H](c2ccccc2)N=N1
decoy_2049,0.474316,0.478756,0.880429,0.790532,0.575256,0.504373,c1ccc(-c2nc3ccccc3cc2CNCc2nc3ccccc3[nH]2)cc1
decoy_205,0.516138,0.436959,0.869501,0.714361,0.538338,0.471149,CC[C@@H]1CO[C@H](C)CN1[C@@H]1C[C@H](C(C)(C)C)CC[C@@H]1C#N
decoy_2050,0.390294,0.307374,0.75206,0.583445,0.54931,0.3839,c1ccc(-c2cc(C[NH2+]Cc3nc4ccccc4[nH]3)on2)cc1
decoy_2051,0.575272,0.461307,0.82724,0.640828,0.607947,0.491898,c1ccc(CNCc2nc(-c3ccccc3)no2)cc1
decoy_2052,0.596576,0.476363,0.825281,0.654058,0.623279,0.49567,c1ccc(Cc2noc(CNCc3cccs3)n2)cc1
decoy_2053,0.519507,0.417666,0.850054,0.650266,0.618857,0.459125,c1ccc(CNCc2ncnc(Nc3ccccc3)n2)cc1
decoy_2054,0.440731,0.522148,0.807073,0.809413,0.542832,0.576706,c1ccc(CN(Cc2ncnc(Nc3ccccc3)n2)Cc2ccco2)cc1
decoy_2055,0.50552,0.410538,0.820539,0.645673,0.627718,0.453989,c1ccc(C[NH2+][C@@H](Cc2cccs2)c2cccs2)cc1
decoy_2056,0.493176,0.453747,0.793549,0.683369,0.564629,0.489115,c1coc(C[NH2+][C@@H](Cc2cccs2)c2cccs2)c1
decoy_2057,0.50176,0.421739,0.79564,0.630752,0.568526,0.437793,C(\N[C@H]1C[C@@H]1c1ccccc1)=[NH+]/Cc1ccco1
decoy_2058,0.507692,0.374108,0.813728,0.596797,0.601902,0.405842,C(\Nc1ccccc1)=[NH+]/Cc1ccccc1
decoy_2059,0.498112,0.407599,0.820353,0.644451,0.560398,0.423518,C(\NCc1ccccc1)=[NH+]/Cc1ccco1
decoy_206,0.546305,0.491546,0.728721,0.748102,0.527115,0.493705,Cc1scc(CS)c1-c1ccc(C(C)C)cc1
decoy_2060,0.416261,0.323835,0.719779,0.530202,0.519247,0.374829,C(=N/[NH+]=C/NCc1ccccc1)\c1ccccc1
decoy_2061,0.563301,0.610619,0.789294,0.840329,0.632528,0.605818,C(=N/N(Cc1ccccc1)c1ccccc1)\c1ccccc1
decoy_2062,0.519547,0.497286,0.897207,0.772476,0.597037,0.51289,c1cnc2c(OCc3nnc[nH]3)cccc2c1
decoy_2063,0.704344,0.515852,0.867852,0.770953,0.683442,0.533032,c1ccc(OCc2cccc3ccccc23)cc1
decoy_2064,0.644105,0.439994,0.894005,0.760486,0.685513,0.477239,c1ccc(COc2ccccc2)cc1
decoy_2065,0.592579,0.461799,0.826677,0.760699,0.596496,0.46717,c1ccc(OCc2ccccn2)cc1
decoy_2066,0.577552,0.464416,0.827417,0.734299,0.581056,0.475616,c1ccc(OCc2cccnc2)cc1
decoy_2067,0.623411,0.427233,0.895259,0.761437,0.758733,0.465746,c1ccc(OCc2ccco2)cc1
decoy_2068,0.634075,0.421095,0.926433,0.771285,0.718501,0.455795,c1ccc(OCc2cccs2)cc1
decoy_2069,0.470911,0.541529,0.745879,0.753288,0.521422,0.528379,C1=Nc2ncsc2[C@@H](c2ccccc2OCc2ccccc2)C1
decoy_207,0.562456,0.441507,0.85124,0.79897,0.594749,0.498087,CCC[C@@H](CCl)c1ccc(Br)cc1
decoy_2070,0.519029,0.555159,0.798331,0.839557,0.556538,0.605069,c1ccc(OCc2ccncn2)cc1
decoy_2071,0.501002,0.388362,0.822862,0.64578,0.565451,0.443028,c1ccc(OCc2ccn[nH]2)cc1
decoy_2072,0.645021,0.429748,0.93021,0.776239,0.769638,0.462357,c1ccc(OCc2ccsc2)cc1
decoy_2073,0.585418,0.413356,0.852147,0.719567,0.703259,0.447413,c1ccc(OCc2cncs2)cc1
decoy_2074,0.623831,0.459532,0.874569,0.795303,0.623405,0.47745,c1ccc(OCc2cscn2)cc1
decoy_2075,0.495825,0.521532,0.817997,0.804612,0.525374,0.589869,c1ccc(OCc2csnn2)cc1
decoy_2076,0.521892,0.484581,0.814304,0.754997,0.580423,0.515631,c1ccc(OCc2ncccn2)cc1
decoy_2077,0.651679,0.436402,0.903054,0.749266,0.649453,0.460217,c1ccc(OCc2nccs2)cc1
decoy_2078,0.458879,0.469461,0.829831,0.777107,0.525273,0.531192,c1ccc(OCc2nc[nH]n2)cc1
decoy_2079,0.574055,0.494112,0.877998,0.721594,0.60706,0.519448,c1ccc(OCc2nnc3ccccn23)cc1
decoy_208,0.525697,0.430032,0.756885,0.715474,0.560743,0.522942,BrC[C@H](c1ccccc1)C1CCCCC1
decoy_2080,0.53327,0.553247,0.864173,0.803538,0.608081,0.588242,c1ccc(OCc2nnc3scnn23)cc1
decoy_2081,0.439188,0.566518,0.712594,0.762732,0.522378,0.612051,c1ccc(OCc2nncn2-c2ccccc2)cc1
decoy_2082,0.532599,0.546138,0.882376,0.839914,0.58795,0.651286,c1ccc(OCc2nnco2)cc1
decoy_2083,0.544489,0.444033,0.800725,0.619228,0.626695,0.474314,c1ccc(OCc2cc(-c3ccccc3)[nH]n2)cc1
decoy_2084,0.590826,0.429635,0.787974,0.662305,0.592651,0.438144,c1ccc(OCc2cc(-c3cccs3)on2)cc1
decoy_2085,0.500699,0.484251,0.7929,0.735049,0.542815,0.497549,c1ccc(OCc2ccc(-c3nnc[nH]3)o2)cc1
decoy_2086,0.626693,0.530398,0.809131,0.76723,0.6308,0.510862,c1ccc(OCc2coc(-c3cccs3)n2)cc1
decoy_2087,0.529755,0.410693,0.83293,0.623905,0.556775,0.446759,c1ccc(OCc2nc3ccccc3[nH]2)cc1
decoy_2088,0.51007,0.381132,0.837138,0.598779,0.611345,0.437925,c1ccc(CSc2nc(COc3ccccc3)n[nH]2)cc1
decoy_2089,0.587014,0.41038,0.831794,0.603957,0.614983,0.438283,c1ccc(CSc2nnc(COc3ccccc3)o2)cc1
decoy_209,0.500417,0.400448,0.794755,0.735116,0.528104,0.432029,C=CC[C@H]1CCCCC[C@@H]1Cl
decoy_2090,0.602511,0.429594,0.836454,0.658164,0.612071,0.443569,c1ccc(OCc2noc(-c3ccsc3)n2)cc1
decoy_2091,0.432207,0.480537,0.788113,0.770329,0.497336,0.511966,c1ccc(CN(Cc2ccccc2)c2cnc(COc3ccccc3)o2)cc1
decoy_2092,0.501446,0.390845,0.853383,0.632756,0.589005,0.438947,c1ccc(OCc2n[nH]c(SCc3cccc4ccccc34)n2)cc1
decoy_2093,0.505871,0.429392,0.883202,0.697229,0.574113,0.461937,c1ccc(OCc2nc(SCc3ccc4ccccc4n3)n[nH]2)cc1
decoy_2094,0.37277,0.364824,0.782378,0.708419,0.463795,0.417158,c1ccc(OCC2=[NH+]N[C@H](SCC3N=c4ccccc4=N3)N2c2ccccc2)cc1
decoy_2095,0.42588,0.593561,0.753413,0.858693,0.506888,0.588382,C(=N/Nc1ncn[nH]1)\c1ccccc1OCc1ccccc1
decoy_2096,0.364585,0.436243,0.753787,0.773607,0.497833,0.49723,C(=N/Nc1nc2ccccc2[nH]1)\c1ccccc1OCc1cccc2ccccc12
decoy_2097,0.659615,0.470085,0.817164,0.709929,0.685544,0.474178,c1ccc(COc2ccc3ccccc3n2)cc1
decoy_2098,0.389324,0.437448,0.695347,0.66991,0.518004,0.564002,c1ccc(Cc2ccc(OCc3nc[nH]n3)cc2)cc1
decoy_2099,0.584484,0.488347,0.875295,0.696203,0.614089,0.480704,c1ccc(COc2cccn3cc(-c4ccccc4)nc23)cc1
decoy_21,0.480107,0.539954,0.741786,0.794121,0.538045,0.582317,CC(=O)O[C@]1(C)CC[C@@]23C[C@@H]1C(C)(C)[C@@H]2CC[C@H]3C
decoy_210,0.45187,0.392747,0.809866,0.778358,0.50762,0.439477,CCC[C@H]1CCC[C@@H]1Br
decoy_2100,0.46309,0.503723,0.740468,0.70202,0.555664,0.543517,c1ccc(COc2ccnc(OCc3ccccc3)n2)cc1
decoy_2101,0.439817,0.480031,0.752111,0.730757,0.541731,0.546739,C1=C[C@@H](c2ccc(OCc3ccccc3)cc2)n2ncnc2N1
decoy_2102,0.455524,0.543368,0.767917,0.789577,0.512293,0.607619,c1ccc(COc2ccc(-c3n[nH]cc3-c3nccs3)cc2)cc1
decoy_2103,0.485712,0.548227,0.791599,0.799309,0.518909,0.575496,C1=C[C@@H](c2cccc(OCc3ccccc3)c2)n2ncnc2N1
decoy_2104,0.518415,0.459808,0.809142,0.696957,0.533367,0.48333,C1=C[C@H](c2cccc(OCc3ccccc3)c2)c2c[nH]nc2O1
decoy_2105,0.490865,0.521147,0.741065,0.704923,0.526613,0.517781,c1ccc(COc2csc(-c3cnc4ccccn34)c2)cc1
decoy_2106,0.622998,0.40972,0.803264,0.654009,0.696814,0.448502,c1ccc(COCc2ccccc2)cc1
decoy_2107,0.611231,0.447099,0.833873,0.742855,0.653203,0.492028,c1ccc(COCc2ccco2)cc1
decoy_2108,0.677054,0.497223,0.907466,0.816107,0.758102,0.546708,c1ccc(COCc2cccs2)cc1
decoy_2109,0.627648,0.483552,0.819052,0.707626,0.617708,0.499056,C(=N/OCc1ccccc1)\c1ccccc1
decoy_211,0.508023,0.404894,0.845959,0.797543,0.559547,0.473449,C#CC[C@H]1CCCC[C@@H]1Br
decoy_2110,0.619086,0.431801,0.873358,0.745804,0.614358,0.448527,c1ccc(CSc2ccccc2)cc1
decoy_2111,0.542521,0.540647,0.814456,0.862462,0.554472,0.659463,c1ccc(SCc2cnoc2)cc1
decoy_2112,0.70724,0.498419,0.891965,0.782067,0.690268,0.494948,c1ccc(SCc2coc3ccccc23)cc1
decoy_2113,0.611653,0.466967,0.802954,0.741375,0.611853,0.49496,C1=C[C@H](c2ccccc2)C=C(CSc2ccccc2)O1
decoy_2114,0.612562,0.470187,0.842414,0.704591,0.614239,0.46091,c1ccc(SCc2ncc3ccsc3n2)cc1
decoy_2115,0.504051,0.552127,0.824873,0.78682,0.591438,0.614305,c1ccc(SCc2ncc3cn[nH]c3n2)cc1
decoy_2116,0.622899,0.453996,0.884981,0.794652,0.621802,0.509543,c1ccc(CSc2ccccn2)cc1
decoy_2117,0.576758,0.45685,0.92136,0.739866,0.617446,0.468153,c1ccc(SCc2cnoc2)nc1
decoy_2118,0.620605,0.535237,0.848,0.711824,0.601117,0.515904,c1ccc(-c2noc(CSc3cccnc3)n2)cc1
decoy_2119,0.53607,0.413795,0.834274,0.664065,0.584364,0.448151,c1ccc(CSc2ccn[nH]2)cc1
decoy_212,0.433983,0.374215,0.801638,0.771306,0.506361,0.431067,CC[C@@H]1CCCC[C@H]1Br
decoy_2120,0.488158,0.581125,0.854091,0.866183,0.551916,0.637925,c1cncc(CSc2ccn[nH]2)c1
decoy_2121,0.505012,0.539146,0.763086,0.882459,0.523922,0.594565,c1ccc(CSc2cncs2)cc1
decoy_2122,0.528822,0.496047,0.810039,0.751912,0.579165,0.511094,c1ccc(CSc2ncccn2)cc1
decoy_2123,0.511497,0.505581,0.798462,0.822047,0.567545,0.518097,c1cnc(SCc2ccsc2)nc1
decoy_2124,0.495972,0.434869,0.912974,0.757716,0.588334,0.449718,c1cnc(SCc2cn[nH]c2)nc1
decoy_2125,0.593913,0.54529,0.891596,0.761783,0.618141,0.521284,c1cnc(SCc2cnc3ccccc3n2)nc1
decoy_2126,0.511006,0.57628,0.82077,0.799533,0.61891,0.559592,c1cnc(SCc2noc(-c3cccs3)n2)nc1
decoy_2127,0.479957,0.522348,0.850533,0.811276,0.559017,0.552341,c1ccc(CSc2ncc[nH]2)cc1
decoy_2128,0.626795,0.614384,0.839719,0.83312,0.606074,0.625308,c1ccc(-c2nc(CSc3nccs3)co2)cc1
decoy_2129,0.467407,0.533656,0.844411,0.830945,0.563988,0.579787,c1ccc(CSc2ncn[nH]2)cc1
decoy_213,0.418614,0.3595,0.812481,0.768893,0.48558,0.425868,C[C@H]1CC[C@H](Br)[C@H](C)C1
decoy_2130,0.455045,0.551023,0.743315,0.768794,0.544274,0.623497,C(=N/n1cnnc1SCc1ccccc1)\c1ccccc1
decoy_2131,0.459767,0.484559,0.851157,0.814119,0.529,0.519842,c1nc(SCc2ccsc2)n[nH]1
decoy_2132,0.528153,0.417134,0.84749,0.65589,0.559935,0.457962,c1ccc2nc(CSc3nc[nH]n3)ccc2c1
decoy_2133,0.514437,0.392145,0.795652,0.59875,0.550584,0.422432,c1ccc(-c2nc(CSc3nc[nH]n3)cs2)cc1
decoy_2134,0.446148,0.536925,0.825881,0.842238,0.552975,0.585751,c1ccc2nc(CSc3nc[nH]n3)ncc2c1
decoy_2135,0.468374,0.496763,0.769429,0.786865,0.514169,0.554929,c1ccc(CSc2nncs2)cc1
decoy_2136,0.463875,0.478947,0.783467,0.841707,0.506069,0.521801,c1cc(CSc2nncs2)cs1
decoy_2137,0.501457,0.56055,0.825178,0.813879,0.536187,0.617334,c1ccc2oc(CSc3nncs3)nc2c1
decoy_2138,0.572395,0.575853,0.880708,0.814281,0.59767,0.608275,c1csc(-c2noc(CSc3nncs3)n2)c1
decoy_2139,0.573154,0.553202,0.852744,0.767056,0.595694,0.514151,c1ccc(-c2nnc(CSc3nncs3)o2)cc1
decoy_214,0.57283,0.447844,0.851504,0.672443,0.560201,0.459142,C[C@H](c1cccs1)N(C)c1nc2c(cc1C#N)CCCC2
decoy_2140,0.463873,0.512113,0.740975,0.787556,0.507422,0.529598,c1ccc(CSc2c3ccccc3[nH+]c3ccccc23)cc1
decoy_2141,0.572072,0.41888,0.793217,0.610051,0.563289,0.435976,c1ccc(CSc2cc(-c3ccccc3)ccn2)cc1
decoy_2142,0.510974,0.415455,0.808942,0.620363,0.594685,0.45432,c1ccc(C2=NN[C@H](CSC3N=c4ccccc4=N3)O2)cc1
decoy_2143,0.499768,0.412796,0.844053,0.647927,0.570729,0.46304,c1ccc([C@@H]2NN[C@H](CSC3N=c4ccccc4=N3)O2)cc1
decoy_2144,0.398923,0.321239,0.74859,0.603718,0.477666,0.39693,C(\CSC1N=c2ccccc2=N1)=N/C1=[NH+]N[C@H](c2ccccc2)S1
decoy_2145,0.562862,0.474933,0.847669,0.676882,0.56494,0.498702,c1ccc(CSc2nc3ccccc3[nH]2)cc1
decoy_2146,0.564156,0.494071,0.886212,0.723235,0.571783,0.514917,c1cncc(CSc2nc3ccccc3[nH]2)c1
decoy_2147,0.567225,0.446155,0.898718,0.68527,0.604437,0.45798,c1coc(CSc2nc3ccccc3[nH]2)c1
decoy_2148,0.510975,0.461215,0.848718,0.694447,0.57084,0.466756,c1ccc2[nH]c(CSc3nc4ccccc4[nH]3)nc2c1
decoy_2149,0.565332,0.453369,0.883675,0.683237,0.630854,0.482028,c1ccc([C@H]2N=N[C@@H](SCc3nc4ccccc4[nH]3)N2)cc1
decoy_215,0.61031,0.443816,0.844802,0.682262,0.617821,0.478622,CCc1ccc(C[C@](C)(O)[C@@H](C)CC)cc1
decoy_2150,0.63228,0.470055,0.885342,0.740154,0.622813,0.479364,c1coc(CSc2ncc3ccsc3n2)c1
decoy_2151,0.581262,0.487407,0.874521,0.696543,0.63797,0.505308,c1ccc(-c2c[nH]c(SCc3ncncn3)n2)cc1
decoy_2152,0.524207,0.484085,0.851402,0.703942,0.567539,0.500359,C1=CN2N=C(SCc3nc4ccccc4[nH]3)N[C@@H]2N=C1
decoy_2153,0.514281,0.41986,0.841387,0.655095,0.58417,0.476764,c1ccc2c(c1)S[C@H]1NN[C@H](SCC3N=c4ccccc4=N3)N21
decoy_2154,0.39577,0.374577,0.799208,0.698982,0.470981,0.42386,c1ccc([C@H]2N[NH+]=C(SCC3N=c4ccccc4=N3)N2c2ccccc2)cc1
decoy_2155,0.598648,0.457381,0.811139,0.621881,0.608139,0.463192,c1ccc(CSc2nc(-c3ccccc3)n[nH]2)cc1
decoy_2156,0.572794,0.48211,0.898487,0.722529,0.666554,0.502986,c1ccc(-c2nc(SCc3ncno3)n[nH]2)cc1
decoy_2157,0.565712,0.447425,0.918491,0.714812,0.672723,0.467626,c1ccc(-c2nc(SCc3ncon3)n[nH]2)cc1
decoy_2158,0.533517,0.55866,0.83132,0.762023,0.586046,0.566244,c1ccc(-c2nc(SCc3ncc4ccsc4n3)n[nH]2)cc1
decoy_2159,0.54725,0.423278,0.839722,0.624652,0.577461,0.444309,c1ccc(CSc2nc(-c3cccnc3)n[nH]2)cc1
decoy_216,0.487056,0.374431,0.820191,0.629425,0.57751,0.411219,CCc1ccc(C[C@H]([NH2+]C)c2ccsc2)cc1
decoy_2160,0.518665,0.371922,0.80863,0.58343,0.5498,0.408634,c1coc(-c2nc(SCc3cccs3)n[nH]2)c1
decoy_2161,0.578435,0.439022,0.873089,0.64468,0.610088,0.453075,c1ccc(CSc2nc(-c3ccncc3)n[nH]2)cc1
decoy_2162,0.575448,0.424256,0.861528,0.629536,0.582644,0.429891,c1ccc(CSc2nc(-c3ccoc3)n[nH]2)cc1
decoy_2163,0.575287,0.42753,0.859596,0.626729,0.637642,0.443506,c1ccc(CSc2nc(Cc3ccccc3)n[nH]2)cc1
decoy_2164,0.595279,0.446862,0.823597,0.619968,0.583774,0.465591,c1ccc(CSc2nnc(Cc3ccccc3)o2)cc1
decoy_2165,0.492505,0.389969,0.805573,0.603154,0.588166,0.438888,c1ccc(Nc2nnc(SCc3cscn3)s2)cc1
decoy_2166,0.48387,0.39028,0.837607,0.632073,0.568581,0.452484,C(=N/Nc1nc(SCc2ccccc2)n[nH]1)\c1ccccc1
decoy_2167,0.556191,0.428307,0.892371,0.663221,0.612954,0.465069,C1=Nc2nc(SCc3ccccc3)nn2[C@H](c2ccccc2)C1
decoy_2168,0.504814,0.451898,0.804246,0.664916,0.551164,0.4566,c1csc(-c2nc(SCc3ncncn3)[nH]c2-c2cccs2)c1
decoy_2169,0.477918,0.567367,0.824907,0.829965,0.555323,0.612524,c1ncnc(CSCc2cscn2)n1
decoy_217,0.489498,0.439883,0.706777,0.670197,0.516551,0.487255,CCCC[C@H](CC)[C@H](O)C1=CCCC1
decoy_2170,0.561926,0.442059,0.795952,0.635946,0.59651,0.456819,C(=C/c1ccccc1)\CS/C=N/N=C/c1ccccc1
decoy_2171,0.710003,0.52501,0.909891,0.718711,0.706696,0.544664,c1ccc(C2Nc3cccc4cccc(c34)N2)cc1
decoy_2172,0.481322,0.372774,0.810669,0.633551,0.51352,0.405253,c1ccc([C@H]2Nc3ccc[nH+]c3N2)cc1
decoy_2173,0.477665,0.390399,0.787773,0.632246,0.508768,0.419301,C1=[NH+][C@@H](c2ccccc2)Nc2ccccc21
decoy_2174,0.500206,0.525887,0.829013,0.789167,0.57107,0.596595,C1=C[C@@H](c2ccccc2)n2ncnc2N1
decoy_2175,0.493134,0.519445,0.860481,0.817671,0.57409,0.579441,C1=C[C@@H](c2cccs2)n2ncnc2N1
decoy_2176,0.633388,0.448884,0.925184,0.788208,0.634401,0.45833,c1ccc2sc(-n3cccn3)nc2c1
decoy_2177,0.457289,0.438055,0.767748,0.655519,0.508616,0.454349,C1=Nc2nc3ccccc3n2[C@H](c2ccccc2)N1
decoy_2178,0.546492,0.497233,0.791768,0.671561,0.554559,0.50694,C1=C(c2ccccc2)Nc2nnnn2[C@@H]1c1ccccc1
decoy_2179,0.578379,0.540105,0.790033,0.73664,0.565882,0.505588,c1ccc([C@H]2Nc3ccccc3-c3ccnn32)cc1
decoy_218,0.456098,0.437127,0.801731,0.808213,0.529828,0.550975,CC[NH2+][C@H]1CCCc2nc(-c3cccc(C)c3C)sc21
decoy_2180,0.572707,0.475097,0.852101,0.684357,0.602919,0.501587,c1ccc2c(Nc3ncnc4[nH]ncc34)cccc2c1
decoy_2181,0.666949,0.473751,0.930564,0.8177,0.704941,0.510502,c1ccc(Nc2ccccc2)cc1
decoy_2182,0.635097,0.455422,0.912664,0.760512,0.633171,0.489987,c1ccc(Nc2ccccn2)cc1
decoy_2183,0.628316,0.45057,0.934276,0.823034,0.664715,0.487154,c1ccc(Nc2cccs2)cc1
decoy_2184,0.604651,0.490789,0.898767,0.7494,0.620674,0.497614,c1ccc(Nc2cc[nH+]c3ccccc23)cc1
decoy_2185,0.554978,0.507531,0.913414,0.797134,0.620276,0.537342,c1ccc(Nc2ccncn2)cc1
decoy_2186,0.531552,0.430785,0.909927,0.725599,0.612707,0.461584,c1ccc(Nc2ccn[nH]2)cc1
decoy_2187,0.498029,0.425928,0.873838,0.723004,0.580961,0.460542,c1ccc(Nc2cn[nH]c2)cc1
decoy_2188,0.572603,0.429469,0.907319,0.763748,0.616125,0.448006,c1ccc(Nc2nccs2)cc1
decoy_2189,0.521548,0.495237,0.885187,0.794653,0.616966,0.536207,c1ccc(Nc2ncncn2)cc1
decoy_219,0.434481,0.378671,0.756248,0.697948,0.482268,0.437717,C[NH2+][C@H]1CC(C)(C)Cc2nc(-c3cc(C)sc3C)sc21
decoy_2190,0.502354,0.419897,0.893344,0.733489,0.586236,0.452763,c1ccc(Nc2nncs2)cc1
decoy_2191,0.520029,0.585065,0.790339,0.745345,0.532877,0.544561,c1ccc(Nc2c(-c3ccccc3)nc3ccccn23)cc1
decoy_2192,0.473828,0.547462,0.760131,0.751303,0.561214,0.529265,c1ccc(Nc2c(-c3ccccc3)nc3cnccn23)cc1
decoy_2193,0.680292,0.477917,0.831777,0.709854,0.665021,0.49673,c1ccc(N[C@H]2CCc3ccccc3O2)cc1
decoy_2194,0.624479,0.431153,0.858573,0.625793,0.612899,0.450309,c1ccc(N[C@H]2CCc3ccncc3O2)cc1
decoy_2195,0.613429,0.549552,0.891195,0.780188,0.615863,0.513435,c1ccc(Nc2ccc3scnc3c2)cc1
decoy_2196,0.559488,0.467261,0.826847,0.653929,0.59578,0.482168,c1ccc(Nc2cc(Nc3ccccc3)ncn2)cc1
decoy_2197,0.558409,0.477526,0.861153,0.690376,0.638382,0.506414,c1ccc(Nc2cc(Nc3ccccn3)ncn2)cc1
decoy_2198,0.433841,0.505277,0.746591,0.741917,0.513433,0.509388,c1ccc(Nc2cc(Nc3cc[nH+]cc3)ncn2)cc1
decoy_2199,0.528419,0.469772,0.848643,0.70312,0.624209,0.507859,c1ccc(Nc2cc(Nc3nccs3)ncn2)cc1
decoy_22,0.581668,0.451054,0.843442,0.634057,0.669358,0.467831,Cn1c(=O)c(Oc2cccc(C(F)(F)F)c2)nc2ccccc21
decoy_220,0.534622,0.404063,0.808355,0.619646,0.55803,0.430104,CCc1ccc(-c2nc3c(s2)[C@@H](O)CC(C)(C)C3)cc1
decoy_2200,0.524486,0.403754,0.781449,0.580438,0.601021,0.447878,c1ccc(Nc2cc(Oc3ccccc3)ncn2)cc1
decoy_2201,0.536014,0.402286,0.824083,0.600419,0.584309,0.436244,c1ccc(Nc2cc(Oc3cccnc3)ncn2)cc1
decoy_2202,0.615237,0.449194,0.875438,0.704668,0.643855,0.474194,c1ccc(Nc2nc3ccccc3s2)cc1
decoy_2203,0.619881,0.414446,0.84554,0.633031,0.656759,0.442131,c1ccc(Nc2nc(-c3ccccc3)cs2)cc1
decoy_2204,0.619794,0.466969,0.880923,0.687222,0.626811,0.485911,c1ccc(Nc2ncc3ccccc3n2)cc1
decoy_2205,0.585054,0.393828,0.857726,0.62245,0.623115,0.423805,c1ccc(Nc2nc(-c3cncs3)cs2)cc1
decoy_2206,0.554019,0.484438,0.851982,0.690158,0.603162,0.479585,c1ccc(Nc2nnc(-c3ccccc3)c3ccccc23)cc1
decoy_2207,0.524591,0.432137,0.834057,0.648638,0.607149,0.469876,c1ccc(Nc2cc(Nc3cccc4ccccc34)ncn2)cc1
decoy_2208,0.513293,0.413258,0.866629,0.673687,0.598409,0.45338,c1ccc(Nc2cc(Nc3cccc4ncccc34)ncn2)cc1
decoy_2209,0.543031,0.476011,0.935316,0.781365,0.64027,0.523816,c1ccc(Nc2ccncn2)nc1
decoy_221,0.53923,0.450567,0.759587,0.704696,0.555141,0.488976,CC[C@H](C)C[C@@H]1C[C@@H](CC)CC[C@H]1O
decoy_2210,0.552059,0.401044,0.893288,0.645721,0.617718,0.439043,c1ccc(Nc2nc(-c3cncs3)cs2)nc1
decoy_2211,0.409682,0.416636,0.723509,0.693223,0.48314,0.465783,c1cnc2c(Sc3cc(Nc4cc[nH+]cc4)ncn3)cccc2c1
decoy_2212,0.619595,0.555854,0.92916,0.80234,0.700142,0.564834,c1cc(Nc2ccncn2)c2cccnc2c1
decoy_2213,0.529642,0.419664,0.951055,0.754189,0.624392,0.454994,c1cc(Nc2nccs2)ncn1
decoy_2214,0.4093,0.392765,0.870068,0.761992,0.514559,0.444043,Nc1cc[nH+]c2ccccc12
decoy_2215,0.448455,0.416652,0.919931,0.787827,0.616048,0.470453,Nc1ccs[n+]1/C(Nc1ccccc1)=[NH+]\CCC1=CCCCC1
decoy_2216,0.416874,0.4394,0.895064,0.846023,0.565351,0.515388,[H]/N=C1/C(=O)Nc2ccccc21
decoy_2217,0.468118,0.476822,0.891113,0.826479,0.601894,0.523759,Nc1nc[nH]c1-c1ccccc1
decoy_2218,0.491863,0.543533,0.831969,0.824755,0.554504,0.609222,NC1=NC=N[C@@H]1c1ccc2c(c1)OCCO2
decoy_2219,0.358702,0.280716,0.902797,0.763167,0.558456,0.390411,Nc1nccs1
decoy_222,0.571095,0.496173,0.828836,0.805196,0.568635,0.491179,Cc1nn([C@H](C)C#N)c(C)c1Br
decoy_2220,0.507831,0.437465,0.797266,0.733644,0.54941,0.44971,N=C1c2ccccc2-c2ccccc21
decoy_2221,0.475548,0.40966,0.805117,0.617719,0.579799,0.470136,[NH-]C1=C2CN3CC[N@H+](C2)C[C@@]1(c1ccccc1)C3
decoy_2222,0.493834,0.416411,0.82414,0.667265,0.569669,0.438051,NC1=[N+](C2CC2)C=N[C@@H]1c1ccccc1
decoy_2223,0.589404,0.489527,0.885649,0.708872,0.643131,0.511453,NC1=C2CC[C@@](C(=O)Nc3ccccc3)(C1)C2
decoy_2224,0.591372,0.453686,0.909126,0.689376,0.612689,0.465718,c1ccc2c(Nc3ccc4cn[nH]c4c3)ncnc2c1
decoy_2225,0.531797,0.533708,0.834209,0.733204,0.599912,0.524075,NC1=CCc2c(OCC(=O)NC3CC3)cccc21
decoy_2226,0.523729,0.44963,0.834465,0.671799,0.590651,0.476672,c1ccc(Oc2cc(Nc3cccc4ncccc34)ncn2)cc1
decoy_2227,0.551747,0.464795,0.812571,0.664686,0.567743,0.477765,[H]/N=C1/C(=O)N(Cc2ccccc2)c2ccccc21
decoy_2228,0.466261,0.551847,0.843641,0.84792,0.565923,0.654383,Nc1c(-c2ccccc2)cnc2[nH]ncc12
decoy_2229,0.550274,0.452516,0.843124,0.68869,0.568366,0.463324,Nc1[nH]c(-c2ccccc2)c[n+]1-c1ccccc1
decoy_223,0.503474,0.56042,0.737696,0.741157,0.526042,0.515253,CC[C@H](C)c1ccc2ncc(C#N)c(NC)c2c1
decoy_2230,0.490014,0.383127,0.842817,0.695895,0.611306,0.430513,Nc1nc(-c2ccccc2)cs1
decoy_2231,0.483812,0.495862,0.843642,0.813895,0.575335,0.514168,[H]/N=C1\NC(=O)/C(=C/c2ccccc2)S1
decoy_2232,0.532419,0.463132,0.875868,0.761739,0.587029,0.491092,[NH2+]=c1oc2ccccc2cc1C(=O)Nc1cccs1
decoy_2233,0.511256,0.564904,0.747901,0.737352,0.497195,0.527664,Nc1scc(-c2ccccc2)[n+]1/N=C/c1ccccc1
decoy_2234,0.478039,0.518376,0.832528,0.876053,0.519588,0.587857,[H]/N=C1/C=C(c2cccs2)CS1
decoy_2235,0.455332,0.396189,0.838249,0.689789,0.530383,0.437394,[H]/N=C1C(=C\c2ccc(OCCSc3ccccc3)cc2)\C(=O)N=C2SC=NN2\1
decoy_2236,0.545171,0.506633,0.82373,0.727695,0.568476,0.503688,[NH2+]=c1ccc2c(CNc3ccccc3)ccoc-2c1
decoy_2237,0.516155,0.389132,0.856861,0.692266,0.648521,0.464521,[NH2+]=c1ccc2c(C[NH2+]Cc3ccccc3)ccoc-2c1
decoy_2238,0.478704,0.494048,0.682544,0.747689,0.547522,0.560344,NC1=CC[C@@H]2C(=C1)CC[C@@H]1[C@@H]3CCC[C@@H]3CC[C@H]12
decoy_2239,0.481781,0.458594,0.760933,0.668178,0.531837,0.473001,Nc1ncnc2c1[C@@H](c1ccccc1)c1ccc3ccccc3c1O2
decoy_224,0.526615,0.451038,0.714074,0.65235,0.506203,0.459033,CCCC1CCN(c2ccc(C#N)cc2F)CC1
decoy_2240,0.420526,0.478784,0.782774,0.769782,0.511136,0.530761,c1ccc([C@H](Nc2cccc[nH+]2)c2cccc3ncccc23)cc1
decoy_2241,0.491429,0.631501,0.734464,0.790209,0.527328,0.624605,c1ccc(C(Nc2ccncn2)c2ccccc2)cc1
decoy_2242,0.442019,0.4673,0.779928,0.761154,0.519072,0.499888,c1ccc([C@@H](Nc2cccc[nH+]2)c2c[nH]c3ccccc23)cc1
decoy_2243,0.539107,0.508788,0.800147,0.723044,0.555338,0.508379,c1ccc(N[C@@H](c2ccccc2)c2ccc3cccnc3c2)cc1
decoy_2244,0.453875,0.48578,0.836459,0.829923,0.545427,0.577479,c1ccc([C@H](Nc2cccc[nH+]2)c2ccc3cccnc3c2)cc1
decoy_2245,0.418422,0.502895,0.811472,0.818042,0.540908,0.52936,c1ccc([C@H](Nc2cccc[nH+]2)c2ccc3ncccc3c2)cc1
decoy_2246,0.474898,0.472488,0.837742,0.801717,0.565407,0.561868,c1ccc(N[C@@H](c2ccsc2)c2ccc3cccnc3c2)[nH+]c1
decoy_2247,0.56098,0.541129,0.806817,0.745363,0.589869,0.514444,c1ccc(N[C@H](c2ccc3cccnc3c2)c2cccs2)cc1
decoy_2248,0.57824,0.422176,0.866385,0.62479,0.601519,0.441576,[H]/N=C(/C[C@@H]1C(=O)Nc2ccccc21)C(=O)c1ccccc1
decoy_2249,0.571368,0.469135,0.826369,0.661614,0.56536,0.456228,N/C(=C/[C@@H]1OC(=O)c2ccccc21)c1ccccc1
decoy_225,0.548058,0.509771,0.800117,0.688691,0.563875,0.504524,CO[C@@H]1CCCC[C@H]1Nc1ccc(F)c(C#N)c1
decoy_2250,0.448893,0.406784,0.769472,0.694703,0.532047,0.453889,[NH2+]=C(/C=N/Nc1ccccc1)N1CCCCC1
decoy_2251,0.510203,0.442136,0.802645,0.645588,0.55184,0.450564,[NH2+]=C(NC1CCCCC1)c1ccccc1
decoy_2252,0.458748,0.416048,0.818938,0.676145,0.53471,0.459145,c1ccc(NC(=Nc2cccc[nH+]2)Nc2ccccn2)nc1
decoy_2253,0.456858,0.570442,0.773679,0.804139,0.570919,0.597788,c1ccc(C(Nc2ncccn2)Nc2ncccn2)cc1
decoy_2254,0.421517,0.453635,0.803069,0.754466,0.538783,0.545066,N/C(=N/N=C/c1ccccc1)S[C@H]1CC(=O)N(c2ccccc2)C1=O
decoy_2255,0.641077,0.432755,0.894135,0.74786,0.689384,0.463589,c1ccc(/N=N/c2ccccc2)cc1
decoy_2256,0.528868,0.434768,0.831684,0.640876,0.612038,0.471892,c1ccc(NNc2cc(Oc3ccccc3)ncn2)cc1
decoy_2257,0.571212,0.477529,0.775644,0.677525,0.611114,0.479825,c1ccc(/N=N/c2ccc3cc4ccccc4nc3c2)cc1
decoy_2258,0.460973,0.396368,0.717104,0.598285,0.516338,0.438413,C(=N/Nc1nnc[nH]1)\c1ccc2ccc3cccc4ccc1c2c34
decoy_2259,0.612783,0.479914,0.890506,0.716449,0.677629,0.481533,C(=N/Nc1ccccn1)\c1ccccc1
decoy_226,0.586298,0.421218,0.767629,0.634618,0.617418,0.481987,CC#CC[C@@H](O)c1ccc(C(C)C)cc1
decoy_2260,0.561813,0.42187,0.861197,0.658536,0.608356,0.457352,C(=N/Nc1ccncn1)\c1ccccc1
decoy_2261,0.565738,0.414457,0.885351,0.655601,0.622449,0.450932,C(=N/Nc1ncccn1)\c1ccccc1
decoy_2262,0.567467,0.412561,0.871765,0.662685,0.603035,0.447896,C(=N/Nc1nccs1)\c1ccccc1
decoy_2263,0.626319,0.466598,0.903228,0.681146,0.670584,0.473915,C(=N/Nc1ncnc2sccc12)\c1ccccc1
decoy_2264,0.502965,0.415406,0.883471,0.701604,0.607476,0.455827,C(=N/Nc1ncn[nH]1)\c1ccccc1
decoy_2265,0.562719,0.44759,0.816116,0.633607,0.624483,0.459215,C(=N/Nc1ccc2ccccc2n1)\c1ccccc1
decoy_2266,0.508979,0.40578,0.829834,0.622695,0.626344,0.463581,C(=N/Nc1ncnc(Nc2ccccc2)n1)\c1ccccc1
decoy_2267,0.467829,0.494343,0.792878,0.742998,0.54411,0.535101,C(=N/Nc1cc(-c2ccccc2)nc(-c2ccccc2)n1)\c1ccccc1
decoy_2268,0.425822,0.390705,0.701655,0.649302,0.490229,0.453735,C(=N/NC1=N[C@@H]2N=c3ccccc3=C2N=[NH+]1)\c1ccccc1
decoy_2269,0.443447,0.364814,0.896882,0.703208,0.575509,0.437777,C(=N/[N-]c1nnc[nH]1)\c1ccccn1
decoy_227,0.430666,0.50409,0.647711,0.756891,0.506801,0.577698,CC#CC[C@H]1C[C@@H](C(C)(C)C)CC[C@@H]1O
decoy_2270,0.438791,0.368254,0.882145,0.713476,0.599297,0.440401,C(=N/[N-]c1nnc[nH]1)\c1cccnc1
decoy_2271,0.424259,0.473466,0.892434,0.871513,0.599706,0.641213,C(=N/Nc1nnc[nH]1)\c1cccs1
decoy_2272,0.475949,0.542257,0.717085,0.696571,0.53141,0.541158,C(=N/Nc1ncn[nH]1)\c1c2ccccc2cc2ccccc12
decoy_2273,0.467607,0.537106,0.777344,0.749309,0.543292,0.552783,C(=N/Nc1ncncn1)\C1=c2ccccc2=N[C@@H]1c1ccccc1
decoy_2274,0.613242,0.423959,0.883744,0.759399,0.655798,0.493736,C1=C[C@@H](c2ccccc2)Oc2ccccc21
decoy_2275,0.469968,0.464136,0.677708,0.625839,0.491544,0.463011,C1=C[C@H](c2ccccc2)c2c(-c3ccccc3)n[nH]c2O1
decoy_2276,0.48295,0.457487,0.713096,0.62525,0.516539,0.459293,C1=C[C@@H](c2ccccc2)[C@@H]2C(=NN=C2c2ccccc2)O1
decoy_2277,0.58441,0.486171,0.86195,0.842052,0.603694,0.500319,C1=C[C@@H](c2ccccc2)c2ccccc2O1
decoy_2278,0.434926,0.494692,0.746386,0.755864,0.492478,0.52629,C1=C[C@H](c2ccccc2)c2c[nH]nc2O1
decoy_2279,0.494928,0.52587,0.76467,0.808787,0.549371,0.562796,C1=C[C@H](c2ccccc2)C2=CN=N[C@H]2O1
decoy_228,0.467582,0.444451,0.910366,0.829103,0.539703,0.503456,CCC(C)(C)[C@@H]1CC[C@H](C#N)[C@H](n2c[nH+]c(C)c2C)C1
decoy_2280,0.548519,0.545595,0.858796,0.7909,0.591439,0.54492,C1=CC(c2ccccc2)=C2N=CN[C@H]2O1
decoy_2281,0.445614,0.504101,0.778806,0.780998,0.517167,0.555204,C1=C[C@H](c2ccccc2)c2[nH]cnc2O1
decoy_2282,0.516887,0.404095,0.873242,0.821784,0.549634,0.442856,C1=CC(c2ccccc2)C=CO1
decoy_2283,0.464807,0.55655,0.810055,0.82517,0.547337,0.582923,C1=C[C@H](c2cccnc2)c2cn[nH]c2O1
decoy_2284,0.493771,0.5104,0.791678,0.864586,0.541258,0.537827,C1=CC(c2ccncc2)C=CO1
decoy_2285,0.437277,0.536307,0.768,0.822432,0.520651,0.590205,C1=C[C@@H](c2ccsc2)c2cn[nH]c2O1
decoy_2286,0.455655,0.406644,0.854924,0.725777,0.547685,0.444202,C1=CC(c2cn[nH]c2)C=CO1
decoy_2287,0.451855,0.47364,0.669677,0.644648,0.503031,0.476047,c1ccc([C@H]2c3ccccc3Oc3ncncc32)cc1
decoy_2288,0.524812,0.601294,0.747699,0.806931,0.564707,0.674629,C1=C[C@H](c2cccc3ccccc23)C2=CN=N[C@H]2O1
decoy_2289,0.607425,0.535441,0.851405,0.848196,0.618945,0.541257,C1=CC(c2cccc3ccccc23)C=CO1
decoy_229,0.464111,0.430537,0.930034,0.846681,0.569467,0.519552,CC[C@H]1CC[C@@H](C#N)[C@H](N2CC[NH+](C3CCCC3)CC2)C1
decoy_2290,0.582594,0.420695,0.742771,0.650187,0.596458,0.456826,C1=C[C@H](c2ccccc2)c2cnn(-c3ccccc3)c2O1
decoy_2291,0.507252,0.418953,0.765221,0.685855,0.525467,0.452542,O=C1CCC[C@@H]1c1ccccc1
decoy_2292,0.436976,0.445842,0.734429,0.647601,0.466272,0.443778,O=C1CCCC2=C1[C@]1(C=CO2)C(=O)Nc2ccccc21
decoy_2293,0.456659,0.456059,0.760303,0.654964,0.52204,0.477663,O=C1CCCC2=C1[C@]1(C(=O)N2)c2ccccc2-c2ocnc21
decoy_2294,0.451324,0.509691,0.809697,0.79154,0.541567,0.582188,O=C1CCCC2=C1CC=CN2
decoy_2295,0.436734,0.409477,0.863564,0.747684,0.51791,0.4441,O=C1CCCc2[nH]ccc21
decoy_2296,0.399766,0.489494,0.83944,0.861382,0.519433,0.619743,O=C1CCCc2n[nH]cc21
decoy_2297,0.422373,0.477038,0.778229,0.766472,0.553165,0.534793,O=c1[nH]cnc2c1[C@@H](c1ccccc1)C1=C(O)CCC=C1N2
decoy_2298,0.539694,0.537087,0.808717,0.71057,0.536118,0.510924,O=C1CCCC2=C1[C@H](c1ccccc1)C=CN2
decoy_2299,0.472001,0.546228,0.76753,0.765057,0.511883,0.560985,O=C1CCCC2=C1[C@H](c1ccccc1)C=CN2c1ccccc1
decoy_23,0.414819,0.294426,0.799444,0.67763,0.580601,0.38188,CC(C)(C)C(C)(C)Cl
decoy_230,0.452868,0.419862,0.816959,0.697547,0.580053,0.493511,N#C[C@@H](C1CCOCC1)[NH+]1CCCCC1
decoy_2300,0.512811,0.521009,0.737984,0.706657,0.497636,0.487352,O=C1CCCC2=C1[C@H](c1ccccc1)C=CO2
decoy_2301,0.479274,0.454615,0.79891,0.678113,0.554119,0.492762,O=C1CCCC2=C1[C@H](c1ccc[nH]1)C=CO2
decoy_2302,0.503577,0.520082,0.761565,0.722459,0.49667,0.510172,O=C1CCCC2=C1[C@H](c1ccco1)C=CO2
decoy_2303,0.428171,0.494986,0.712933,0.703061,0.53307,0.567751,OC1=C2C(=CCC1)N[C@@H]1N=NC=C1[C@H]2c1ccccc1
decoy_2304,0.499617,0.576219,0.837457,0.822346,0.570094,0.639184,O=C1CCCC2=C1[C@H](c1ccccc1)C=C(c1ccccc1)N2
decoy_2305,0.484614,0.44116,0.883688,0.754854,0.525788,0.456485,O=C(Nc1ccccc1)C1=CNC2=CCCC(O)=C2[C@H]1c1ccccc1
decoy_2306,0.501629,0.469302,0.892487,0.761784,0.535777,0.486527,O=C1CCCC2=C1[C@H](c1ccccc1)[C@@H](C(=O)OC1CCCC1)C=N2
decoy_2307,0.435629,0.365995,0.865657,0.708857,0.545648,0.430253,O=C(OC[C@H]1CCCO1)C1=CNC2=CCCC([O-])=C2[C@H]1c1ccccc1
decoy_2308,0.54494,0.51065,0.861236,0.73075,0.641703,0.538863,OC1=C2C(=CCC1)Nc1ccccc1N[C@H]2c1ccccc1
decoy_2309,0.473511,0.484022,0.81728,0.747584,0.511954,0.480336,O=C1CCCC2=C1[C@H](c1cccc(COc3ccccc3)c1)C=CO2
decoy_231,0.5483,0.442814,0.7789,0.642433,0.545588,0.476018,CCc1ccccc1[C@@H](C#N)N1CCCCCC1
decoy_2310,0.561405,0.607394,0.783237,0.873954,0.54882,0.667876,c1ccc(Oc2cccc3cnccc23)cc1
decoy_2311,0.566585,0.44724,0.90012,0.826684,0.629921,0.48281,c1ccc(Oc2ccccc2)cc1
decoy_2312,0.601533,0.433995,0.943063,0.835455,0.619166,0.48208,c1ccc(Oc2ccccn2)cc1
decoy_2313,0.589818,0.435368,0.865278,0.754511,0.576653,0.449681,c1ccc(Oc2cccnc2)cc1
decoy_2314,0.464525,0.51451,0.812435,0.808906,0.561668,0.579373,c1ccc(Oc2cccnn2)cc1
decoy_2315,0.500543,0.525618,0.811799,0.825804,0.547264,0.541486,c1ccc(Oc2cc[nH+]c3ccccc23)cc1
decoy_2316,0.479741,0.519877,0.816343,0.822036,0.554527,0.569984,c1ccc(Oc2ccncn2)cc1
decoy_2317,0.533759,0.412556,0.894187,0.729203,0.614549,0.462094,c1ccc(Oc2ccn[nH]2)cc1
decoy_2318,0.486113,0.4948,0.817651,0.801589,0.562244,0.520897,c1ccc(Oc2cnccn2)cc1
decoy_2319,0.54046,0.459556,0.800025,0.641343,0.564214,0.467862,c1ccc(Oc2c[nH]nc2-c2ccccc2)cc1
decoy_232,0.555953,0.439992,0.762775,0.635387,0.569636,0.456211,CC(C)c1cc(S)n(C2CCCCCC2)n1
decoy_2320,0.408079,0.468263,0.631688,0.645437,0.502699,0.554675,C(=C/c1cc[nH]n1)\c1ccc(Oc2ccccc2)cc1
decoy_2321,0.630439,0.511226,0.781338,0.731897,0.641638,0.505567,c1ccc(Oc2cccc(Oc3ccccc3)n2)cc1
decoy_2322,0.551519,0.389823,0.756881,0.589697,0.568856,0.425544,c1ccc(Oc2cc(Oc3ccccc3)ncn2)cc1
decoy_2323,0.527075,0.439393,0.867807,0.74853,0.549214,0.448537,c1ccc(Oc2cn3ccccc3[nH+]2)cc1
decoy_2324,0.659873,0.431707,0.916651,0.732566,0.678486,0.480759,c1ccc(Oc2cn3ccsc3n2)cc1
decoy_2325,0.442757,0.521471,0.826264,0.830109,0.536682,0.562134,c1ccc(Oc2ccc(-c3[nH]c(-c4ccccc4)nc3-c3ccccc3)cc2)cc1
decoy_2326,0.639844,0.483042,0.883976,0.800102,0.635028,0.507069,c1ccc(Oc2cccc3ccccc23)nc1
decoy_2327,0.519989,0.420642,0.804582,0.667132,0.525054,0.43312,O=c1ccccn1Cc1ccccc1
decoy_2328,0.57913,0.400616,0.857041,0.597697,0.595755,0.43448,O=C1CCC=CN1/N=C/[C@H]1C=c2ccccc2=N1
decoy_2329,0.503758,0.479216,0.812097,0.709172,0.538408,0.467855,O=c1ccccn1NC(=S)NC1CCCCCC1
decoy_233,0.530142,0.587477,0.769706,0.754881,0.537801,0.560795,Cc1ccc(Cn2c([C@@H](C)Cl)nc3c(F)cccc32)o1
decoy_2330,0.533868,0.437696,0.811477,0.729291,0.559686,0.463117,O=C1CCCN1c1ccccc1
decoy_2331,0.467433,0.480471,0.724436,0.692008,0.528817,0.490095,O=C1CCCN1C1CCCCC1
decoy_2332,0.551853,0.438915,0.779242,0.638225,0.53046,0.444082,O=C1CCCN1CCc1ccccc1
decoy_2333,0.555633,0.455311,0.810896,0.666126,0.532469,0.440871,O=C1C=CCN1CCc1ccccc1
decoy_2334,0.454633,0.542109,0.753232,0.76587,0.51236,0.567246,O=C1CCCN1CCCn1ccc(-c2ccccc2)c1
decoy_2335,0.49128,0.547188,0.762239,0.752519,0.497152,0.521461,O=C1CCCN1CCCn1ccc(-c2cccs2)c1
decoy_2336,0.59044,0.429046,0.911854,0.665215,0.607467,0.463536,O=C1CCCN1C(=O)c1cc2cccnc2s1
decoy_2337,0.507162,0.492407,0.898083,0.802401,0.588894,0.520681,c1cncc(Oc2ccncn2)c1
decoy_2338,0.568932,0.582893,0.821547,0.761177,0.579215,0.541307,O=c1cccnn1CCCOc1ccccc1
decoy_2339,0.589973,0.500121,0.881257,0.724536,0.605588,0.514998,c1cnc2c(Oc3ccncn3)cccc2c1
decoy_234,0.471147,0.421948,0.872207,0.750844,0.572521,0.488822,C[C@@H]1CCC[C@]2(CO[C@H](C(C)(C)C)C[NH2+]2)C1
decoy_2340,0.41458,0.480205,0.865993,0.858335,0.537211,0.599346,O=c1cc[nH]c2ccccc12
decoy_2341,0.321537,0.356895,0.909986,0.873795,0.562808,0.514297,O=c1cc[nH]c(=O)[nH]1
decoy_2342,0.522801,0.450356,0.843644,0.812993,0.582911,0.491651,O=C1CC=NN1c1ccccc1
decoy_2343,0.462405,0.512298,0.776409,0.739021,0.543889,0.509198,O=C1NCC(=O)N2C[C@H](c3ccccc3)c3c([nH]c4ccccc34)[C@@H]12
decoy_2344,0.533156,0.488453,0.820549,0.728495,0.555131,0.483866,O=C1CNC(=O)N1CCc1ccccc1
decoy_2345,0.474713,0.421296,0.871545,0.764492,0.601989,0.507106,O=C1CNC(=O)N1CCC[NH+]1CCCCC1
decoy_2346,0.532049,0.483232,0.823713,0.705005,0.553562,0.500851,O=C1CNC(=O)N1CCCn1c2ccccc2c2ccccc21
decoy_2347,0.497009,0.392565,0.894936,0.697278,0.623527,0.456854,O=C1CNC(=O)N1CCC[N@@H+]1CCc2ccccc2C1
decoy_2348,0.525804,0.506751,0.793905,0.711199,0.5502,0.494364,O=C1CNC(=O)N1CCCOc1ccccc1
decoy_2349,0.522012,0.500272,0.903736,0.804963,0.581326,0.522317,O=C1CNC(=O)N1CCSc1nncs1
decoy_235,0.458162,0.436901,0.781305,0.691939,0.515297,0.44775,CCc1ccc(OC(=O)c2ccc3c(c2)CCN3C(C)=O)cc1
decoy_2350,0.604749,0.456975,0.790089,0.686707,0.60384,0.463805,C1=C(Oc2ccccc2)[C@@H](c2ccccc2)N=N1
decoy_2351,0.376276,0.398397,0.908442,0.840855,0.574762,0.534736,O=c1cnnc2nccnn12
decoy_2352,0.37127,0.321205,0.761641,0.637363,0.436513,0.375573,O=C1N[C@H]2CC=C[C@@H]1C2
decoy_2353,0.461209,0.449367,0.790251,0.705689,0.501836,0.467329,O=C1NC=C[C@]12C=COc1ccccc12
decoy_2354,0.422991,0.426235,0.904106,0.819955,0.540633,0.488965,O=C1NCCc2c[nH]cc21
decoy_2355,0.433569,0.440727,0.826502,0.798938,0.591518,0.510841,O=C1NCCC[C@@H]1[NH2+]CCCOc1ccccc1
decoy_2356,0.438752,0.476632,0.828722,0.777201,0.565569,0.516489,O=C1NCCC[C@@H]1NS(=O)(=O)c1ccccc1
decoy_2357,0.47302,0.449308,0.838419,0.702105,0.554483,0.482997,O=C1NCCCC[C@@H]1NS(=O)(=O)c1ccccc1
decoy_2358,0.504115,0.409765,0.865226,0.664864,0.570762,0.449234,O=C1NCCCC[C@@H]1Sc1nncs1
decoy_2359,0.493527,0.444944,0.856992,0.732498,0.560232,0.470254,O=C1NCCN1c1ccccc1
decoy_236,0.450966,0.32974,0.866057,0.747616,0.559274,0.405835,C[C@@H](Br)C1CCCC1
decoy_2360,0.411396,0.355578,0.789435,0.665194,0.533574,0.438281,O=C(NCC[NH+]1CCCCC1)c1cccc(N2CCNC2=O)c1
decoy_2361,0.502688,0.425686,0.828085,0.685071,0.538206,0.458675,O=C(c1ccc(N2CCNC2=O)cc1)N1CCCCC1
decoy_2362,0.48856,0.413119,0.789342,0.642042,0.536569,0.459619,O=C1NCCN1c1ccc(NCc2ccncc2)cc1
decoy_2363,0.473296,0.413647,0.826402,0.704701,0.536706,0.454459,O=C1NCCN1c1ccc(NS(=O)(=O)c2ccccc2)cc1
decoy_2364,0.4023,0.491061,0.738615,0.747537,0.484379,0.530539,O=C1[NH+]=CN=C[C@H]1[C@@H](c1ccccc1)c1cnc[nH]c1=O
decoy_2365,0.3962,0.374538,0.840109,0.772687,0.548876,0.447208,[O-]c1ncnnc1-c1ccccc1
decoy_2366,0.467765,0.418562,0.867405,0.725194,0.611356,0.483594,O=C1NC(=O)[C@H]2C[NH2+][C@@H](c3ccccc3)[C@@H]12
decoy_2367,0.436966,0.443925,0.807755,0.8117,0.566713,0.532661,O=C1NC(=O)[C@H]2C[NH2+][C@@H](c3cccc(Oc4ccccc4)c3)[C@@H]12
decoy_2368,0.424856,0.394659,0.783751,0.713995,0.499322,0.443843,O=C1Nc2cccc3cccc1c23
decoy_2369,0.485121,0.439567,0.826445,0.713359,0.538955,0.488109,O=c1[nH]cccc1NCc1nc2ccccc2o1
decoy_237,0.439045,0.438199,0.818743,0.761771,0.538236,0.491665,CCc1ccc([C@H]([NH2+]C)C(C)(C)CC)s1
decoy_2370,0.515906,0.411589,0.794863,0.618711,0.574769,0.460383,O=c1[nH]ccnc1NC1CCCCC1
decoy_2371,0.503094,0.441912,0.848693,0.706308,0.578178,0.477773,O=c1[nH]ccnc1NCc1ccccc1
decoy_2372,0.335911,0.300446,0.919882,0.803169,0.508146,0.406238,O=c1[nH]ccs1
decoy_2373,0.501923,0.459949,0.876791,0.759863,0.572061,0.479916,O=C1NC=N/C1=C/c1ccccc1
decoy_2374,0.421187,0.425937,0.891157,0.821569,0.579041,0.506281,O=c1[nH]cnc2ccccc12
decoy_2375,0.376128,0.33568,0.856587,0.74257,0.514219,0.42523,O=c1[nH]cnc2sccc12
decoy_2376,0.435002,0.492647,0.85821,0.845333,0.581876,0.543781,O=c1[nH]cncc1Cc1nc(CCc2ccccc2)nn1-c1ccccc1
decoy_2377,0.291684,0.322386,0.900211,0.896642,0.484886,0.538711,O=C1N=C([O-])C(=S)C(=O)N1
decoy_2378,0.39873,0.465495,0.725995,0.78142,0.463805,0.512695,O=C1NC(=S)N=C([O-])/C1=C/c1cn(-c2ccccc2)nc1-c1ccccc1
decoy_2379,0.512744,0.423398,0.893977,0.706512,0.620341,0.463205,O=C1NC(=S)S/C1=C/c1ccccc1
decoy_238,0.549129,0.450415,0.8352,0.681114,0.567554,0.472912,CC(C)[C@H]1CCC(=O)[C@H](CC2CCOCC2)C1
decoy_2380,0.507015,0.369982,0.752138,0.568024,0.546408,0.414059,O=C1NC(=S)S/C1=C/c1ccc(-c2ccccc2)o1
decoy_2381,0.436569,0.555475,0.792076,0.833166,0.51455,0.568841,O=C1NC(=S)S/C1=C\c1c(N2CCCCC2)nc2ccccn2c1=O
decoy_2382,0.425592,0.45867,0.868184,0.83421,0.554172,0.512931,O=c1[nH]ncc2ccccc12
decoy_2383,0.355271,0.321914,0.902754,0.755016,0.499243,0.412,O=c1[nH][nH]c2ncccc12
decoy_2384,0.385164,0.42587,0.886865,0.871297,0.559939,0.518263,O=c1[nH][nH]c(=S)n1C1CC1
decoy_2385,0.486828,0.518492,0.852699,0.813423,0.547574,0.588369,O=C1NN=C[C@@H]1/N=N/c1ccccc1
decoy_2386,0.384483,0.417062,0.855854,0.83714,0.530306,0.49771,[H]/[S+]=c1/[nH][nH]c([O-])c1C1CC1
decoy_2387,0.487512,0.51857,0.855586,0.82889,0.555988,0.545941,O=C1O[C@@H]2C[C@H]3CCCCC3=C[C@@H]2[C@@H]1CN[C@@H]1CONC1=O
decoy_2388,0.335204,0.352367,0.816927,0.824256,0.47584,0.432733,O=S1(=O)N=C([O-])c2ccccc21
decoy_2389,0.38296,0.37711,0.883723,0.787502,0.520981,0.448149,[O-]C1=C2Cc3c[nH]nc3N=C2CO1
decoy_239,0.570336,0.450045,0.779319,0.627615,0.53731,0.46312,O=C1CCCCc2ccc(Oc3ccccc3)cc21
decoy_2390,0.394896,0.397301,0.775739,0.681392,0.518662,0.440896,O=C1OC=C[C@]12C=C[N-]c1ccccc12
decoy_2391,0.516917,0.450877,0.848352,0.770549,0.560099,0.483595,O=C1OCCN1c1ccccc1
decoy_2392,0.41095,0.415244,0.829707,0.795084,0.574753,0.575708,O=C1OCCN1C1CC[NH2+]CC1
decoy_2393,0.615043,0.450899,0.847447,0.663206,0.634256,0.45931,O=C1/C(=N\Nc2ccccc2)[C@@H]2CC[C@H]1C2
decoy_2394,0.492687,0.41987,0.781043,0.745046,0.526501,0.440723,O=C1c2ccccc2-c2ccccc21
decoy_2395,0.555973,0.447005,0.826576,0.744291,0.550587,0.468454,O=C1c2ccccc2C(=O)c2ccccc21
decoy_2396,0.543825,0.426185,0.825986,0.73355,0.535264,0.441498,O=c1c2ccccc2sc2ccccc12
decoy_2397,0.454202,0.407194,0.807325,0.677042,0.548442,0.4535,OC1=C(C=[NH+]CCNc2ccc3ccccc3n2)[C@H]2C[C@H]2C1
decoy_2398,0.577892,0.461887,0.810874,0.658995,0.578617,0.471932,O=C1/C(=C\c2ccccc2)CC[C@H]1C1CCCC1
decoy_2399,0.607626,0.447467,0.829565,0.643827,0.587498,0.455915,O=c1c(C2CCCC2)cncn1Cc1ccccc1
decoy_24,0.351269,0.329309,0.804497,0.800132,0.597453,0.510886,CC(C)(C)CC(C)(C)C
decoy_240,0.542635,0.461363,0.752954,0.707023,0.537332,0.45768,N#C[C@H]1CCC[C@H]1Nc1ccccc1I
decoy_2400,0.648104,0.444652,0.878984,0.691572,0.611704,0.448581,O=c1c(-c2ccccc2)coc2ccccc12
decoy_2401,0.433542,0.428578,0.852002,0.79212,0.551714,0.487911,O=C1Cc2ccccc2N1
decoy_2402,0.44306,0.485694,0.669372,0.716803,0.50713,0.505376,O=C1[C@H](c2ccccc2)SC=c2/c(=C/c3ccccc3)ccn21
decoy_2403,0.602638,0.464448,0.884129,0.780993,0.592343,0.478011,O=c1c(-c2cscn2)coc2ccccc12
decoy_2404,0.505524,0.41855,0.847861,0.647795,0.628654,0.460291,O=C(NNC(=O)[C@@]12CC[C@@H](C1)C(=O)C2)c1ccccc1
decoy_2405,0.464731,0.496183,0.731048,0.736356,0.500448,0.513275,O=C1C[C@H](c2ccccc2)c2c(-c3ccccc3)n[nH]c2N1
decoy_2406,0.574497,0.50997,0.825051,0.7101,0.569208,0.500791,O=C1C[C@@H](c2ccccc2)CC2=C1CC=N2
decoy_2407,0.561754,0.470746,0.887865,0.712378,0.557693,0.496564,O=C1C[C@H](c2ccccc2)CC2=C1[C@H](c1ccccc1)C=CN2
decoy_2408,0.596919,0.490766,0.859255,0.709249,0.566907,0.498987,O=C1C[C@H](c2ccccc2)CC2=C1[C@H](c1ccccc1)C=CO2
decoy_2409,0.490124,0.471251,0.865135,0.75374,0.561969,0.5062,OC1=C2C(=C[C@@H](c3ccccc3)C1)Nc1ccccc1N[C@H]2c1ccccc1
decoy_241,0.51871,0.583308,0.824368,0.799436,0.550788,0.691638,O=Cc1cnc(N2C[C@H]3CC[C@@H]2C3)s1
decoy_2410,0.507487,0.458779,0.867996,0.736529,0.557548,0.484401,OC1=C2C(=C[C@@H](c3ccccc3)C1)N[C@@H]1N=NC=C1[C@H]2c1cccnc1
decoy_2411,0.489041,0.499668,0.857756,0.7791,0.569673,0.533526,OC1=C2C(=C[C@@H](c3ccccc3)C1)Nc1ccccc1N[C@H]2c1ccco1
decoy_2412,0.475486,0.509742,0.792715,0.766775,0.533227,0.518211,O=C1C[C@H](c2ccccc2)C=CN1
decoy_2413,0.456185,0.511623,0.786961,0.769393,0.525416,0.537852,O=C1C[C@@H](c2ccccc2)CC=N1
decoy_2414,0.383974,0.30461,0.760859,0.577611,0.527294,0.396277,[O-]c1c(Cc2ccccc2)cnn1-c1nc(-c2ccccc2)cs1
decoy_2415,0.603836,0.448858,0.776672,0.657397,0.576325,0.442999,O=C1[C@@H](Cc2ccccc2)C=NN1c1ccccc1
decoy_2416,0.456573,0.412557,0.819343,0.722302,0.522394,0.445148,O=C1CCc2ccccc2N1
decoy_2417,0.432175,0.411728,0.868928,0.773502,0.536514,0.448128,O=c1ccc2ccccc2[nH]1
decoy_2418,0.422635,0.47956,0.793733,0.808202,0.50724,0.561462,O=c1ccc2c([nH]1)CCCC2
decoy_2419,0.578185,0.47411,0.83854,0.652243,0.590185,0.461514,O=C1C[C@@H](c2ccccc2)NN1Cc1ccccc1
decoy_242,0.479855,0.3608,0.711745,0.546158,0.519572,0.405483,CC(C)(C)C1CCN(c2ncc(CO)s2)CC1
decoy_2420,0.451432,0.484992,0.847352,0.866181,0.503707,0.534944,O=c1ccc2ccccc2o1
decoy_2421,0.559979,0.492385,0.795433,0.659277,0.57527,0.493232,O=C1C=C(c2ccccc2)O[C@H]1CNc1ccccc1
decoy_2422,0.660606,0.431179,0.859738,0.696817,0.649359,0.456672,O=C1/C(=C\c2ccccc2)Oc2ccccc21
decoy_2423,0.658283,0.506211,0.858179,0.738122,0.604308,0.476789,O=C1C[C@@H](c2ccccc2)Oc2ccccc21
decoy_2424,0.512227,0.442796,0.832397,0.66914,0.518817,0.458411,O=C1C[C@H](c2ccco2)CC2=C1[C@]1(C=CO2)C(=O)Nc2ccccc21
decoy_2425,0.510814,0.450877,0.856741,0.704868,0.549517,0.463295,OC1=C2C(=C[C@@H](c3ccco3)C1)Nc1ncnn1[C@H]2c1ccccc1
decoy_2426,0.482087,0.544489,0.782475,0.791589,0.534775,0.542046,O=C1CC(Cc2ccccc2)=CC=N1
decoy_2427,0.477869,0.458361,0.864261,0.738279,0.570501,0.484666,O=c1ccc(-c2ccccc2)nn1C[NH+]1CCCCC1
decoy_2428,0.456128,0.491958,0.826127,0.814608,0.53603,0.516341,O=c1ccc(-c2ccccc2)n[nH]1
decoy_2429,0.448311,0.482355,0.799554,0.834483,0.504371,0.600203,O=C1CC[C@@H](c2cscn2)O1
decoy_243,0.519908,0.408425,0.787701,0.618723,0.536395,0.438886,CN(Cc1cc(=O)n2ccccc2n1)c1cccc2ccccc12
decoy_2430,0.520683,0.450926,0.864905,0.696664,0.555121,0.47172,O=C(NCCc1ccccc1)c1cc2c([nH]1)CCCC2=O
decoy_2431,0.498875,0.440169,0.87186,0.732256,0.601507,0.479836,O=C1CCCc2[nH]c(=O)c(C(=O)NCc3ccccc3)cc21
decoy_2432,0.472002,0.393411,0.853648,0.666234,0.569346,0.460399,O=C1CCCc2[nH]c(=O)c(C(=O)NCCc3ccccc3)cc21
decoy_2433,0.516841,0.439961,0.789263,0.660273,0.564299,0.452034,O=C1CCC[C@@H](c2ccccc2)N1
decoy_2434,0.497245,0.437025,0.881431,0.73792,0.546779,0.459689,O=c1cccc(-c2ccccc2)[nH]1
decoy_2435,0.485399,0.467165,0.870859,0.797186,0.544394,0.519143,O=C1C=C/C(=C/Nc2ccccc2)C(=O)N1[C@H]1CCS(=O)(=O)C1
decoy_2436,0.524734,0.427028,0.871867,0.673369,0.601617,0.451357,O=C1CC[C@@H](C(=O)Nc2ccccc2)N1
decoy_2437,0.567898,0.47429,0.859113,0.684864,0.606272,0.481797,O=c1cc(CNc2ccccc2)nc2ccccn12
decoy_2438,0.636775,0.478987,0.883412,0.682882,0.645158,0.468837,O=c1cc(CNc2ccccc2)nc2sccn12
decoy_2439,0.492522,0.433339,0.846744,0.711513,0.531337,0.467326,O=c1ccc(NCc2ccccc2)c[nH]1
decoy_244,0.505278,0.396668,0.744593,0.681188,0.562808,0.425769,C[C@@]1(C2CCCCC2)CO1
decoy_2440,0.510176,0.438639,0.930719,0.772573,0.61302,0.485403,O=C1C=CC(=NN=c2[nH]cc[nH]2)C=C1
decoy_2441,0.466925,0.503016,0.879346,0.829444,0.570269,0.527881,O=c1ccc(NS(=O)(=O)c2ccccc2)c[nH]1
decoy_2442,0.520629,0.442505,0.904245,0.755561,0.607104,0.491898,O=c1ccc(NS(=O)(=O)Cc2ccccc2)c[nH]1
decoy_2443,0.549696,0.442795,0.894161,0.690091,0.624776,0.47023,O=C1C[C@H](C(=O)Nc2ccccc2)CN1
decoy_2444,0.52406,0.469841,0.866413,0.713618,0.557792,0.485936,O=C(Nc1ccccc1)[C@H]1CC(=O)N(C2CCCC2)C1
decoy_2445,0.428495,0.463603,0.764503,0.73469,0.508199,0.474812,[O-]c1cc(CS[C@@H]2NN=CS2)nn1-c1ccccc1
decoy_2446,0.462961,0.504954,0.783202,0.796881,0.550694,0.558922,O=c1cc(N2CCCCC2)cc[nH]1
decoy_2447,0.482785,0.399439,0.799088,0.734028,0.567753,0.554483,O=c1cc(N2CC[NH2+]CC2)cnn1-c1ccccc1
decoy_2448,0.550502,0.457992,0.863078,0.719378,0.618785,0.493004,OC1=C(C2N=c3ccccc3=N2)C=[N+](c2ccccc2)CC1
decoy_2449,0.517126,0.451729,0.881128,0.750278,0.561622,0.458756,O=c1cc(Nc2ccccc2)cc[nH]1
decoy_245,0.491771,0.444234,0.797017,0.823582,0.570006,0.49963,CC(C)(C)C#C[C@@]1(C)C[C@@H]1Br
decoy_2450,0.549353,0.467164,0.86953,0.715234,0.575559,0.487461,O=C1C[C@H](Nc2ccccc2)CO1
decoy_2451,0.620995,0.489203,0.856585,0.661912,0.6115,0.479629,O=C1C=C(Nc2ccccc2)C(=O)N1c1ccccc1
decoy_2452,0.625741,0.45432,0.835121,0.628632,0.629888,0.475868,O=C1C[C@H](Nc2ccccc2)C(=O)N1c1ccccc1
decoy_2453,0.514918,0.442056,0.878784,0.699696,0.598154,0.502455,O=c1cc(Nc2ccccc2)[nH]c(=O)n1C1CCCCC1
decoy_2454,0.452765,0.33985,0.7075,0.517018,0.482923,0.385988,O=C1C=C(Nc2ccccc2)S/C1=C\c1ccccc1
decoy_2455,0.46975,0.473134,0.764503,0.702756,0.50328,0.484073,O=C1C=C(Nc2ccccc2)S/C1=C\c1c[nH]c2ccccc12
decoy_2456,0.413072,0.363388,0.845154,0.711976,0.596497,0.467903,[O-]c1c(/C=N/C2CC[NH2+]CC2)cnn1-c1ccccc1
decoy_2457,0.362741,0.326676,0.813882,0.72738,0.552247,0.457,[O-]c1c(/C=N/C2CC[NH2+]CC2)cnn1-c1nc2ccccc2s1
decoy_2458,0.509713,0.468288,0.876441,0.762574,0.551603,0.506901,O=c1cc(NCc2ccccc2)cn[nH]1
decoy_2459,0.561334,0.463798,0.843642,0.655478,0.591251,0.483617,O=C1C[C@H](NCc2ccccc2)C(=O)N1c1ccccc1
decoy_246,0.492922,0.376755,0.807397,0.747866,0.54997,0.449133,FC(F)(F)[C@]1(F)[C@H]2C=C[C@H](C2)C1(F)F
decoy_2460,0.453698,0.498234,0.815208,0.779262,0.537062,0.618782,O=c1ccn(Cc2ccccc2)c(=O)[nH]1
decoy_2461,0.464526,0.441823,0.93791,0.824232,0.590358,0.473272,O=C1CC=NC(c2ccccc2)=[NH+]1
decoy_2462,0.523089,0.414726,0.875789,0.670614,0.59634,0.452321,O=c1cc(NCc2ccco2)[nH]c(=O)n1Cc1ccccc1
decoy_2463,0.48385,0.420002,0.85432,0.691958,0.583213,0.455982,O=c1ccnc(Cc2ccccc2)[nH]1
decoy_2464,0.51389,0.528932,0.869723,0.806055,0.569718,0.626208,O=c1ccnc(/C=C/c2ccccc2)[nH]1
decoy_2465,0.561821,0.476635,0.888685,0.728307,0.582406,0.473396,O=c1ccnc(CCOc2ccccc2)[nH]1
decoy_2466,0.493574,0.540575,0.872503,0.837208,0.573574,0.649329,O=c1ccnc(COc2ccccc2)[nH]1
decoy_2467,0.477006,0.531578,0.842849,0.820098,0.567922,0.676119,O=c1ccnc(/N=C/N2CCCCC2)[nH]1
decoy_2468,0.514559,0.428496,0.907191,0.706262,0.634232,0.459518,O=c1ccnc(/N=C/Nc2ccccc2)[nH]1
decoy_2469,0.488619,0.49211,0.78834,0.741931,0.552,0.496457,O=c1ccnc(SC2CCCCC2)[nH]1
decoy_247,0.425131,0.365956,0.896073,0.881082,0.628027,0.487368,C1=CC=C2C=CC=CC(=C1)C2
decoy_2470,0.548153,0.407881,0.891007,0.665442,0.579624,0.439543,O=c1cc(N/N=C/c2ccccc2)cn[nH]1
decoy_2471,0.455028,0.438442,0.918827,0.807729,0.578908,0.486977,O=C1C=C2C=CNC=C2C(=O)C1
decoy_2472,0.576301,0.530179,0.772845,0.791091,0.554865,0.504322,O=C1C=CSC2=C[C@@H](c3ccccc3)C=CN12
decoy_2473,0.503837,0.420325,0.811976,0.637598,0.555124,0.448883,O=C1C[C@H](S/C=N/N=C/c2ccccc2)C(=O)N1c1ccccc1
decoy_2474,0.48448,0.413696,0.781931,0.62054,0.534147,0.450793,O=C1C[C@H](S/C=N/N=C/c2cccs2)C(=O)N1c1ccccc1
decoy_2475,0.527338,0.435117,0.774233,0.61347,0.544751,0.448918,O=C1CN(c2ccccc2)C=C1C1N=c2ccccc2=N1
decoy_2476,0.516256,0.52887,0.843651,0.780047,0.570821,0.531083,O=C1CN(c2ccccc2)CCN1
decoy_2477,0.449689,0.429784,0.867183,0.771979,0.531933,0.456818,O=C1CNc2ccccc2N1
decoy_2478,0.431278,0.456126,0.797457,0.793156,0.559039,0.633028,O=C1CNC2(CC[NH2+]CC2)N1CC1CC1
decoy_2479,0.504047,0.57269,0.775666,0.790721,0.524848,0.581605,O=C1CN(Cc2ccccc2)CCN1
decoy_248,0.563147,0.457066,0.932569,0.719874,0.592187,0.49306,C[C@H](C(=O)NC1CCCC1)N1CCCCCCC1
decoy_2480,0.515223,0.456572,0.836487,0.669169,0.564299,0.48405,O=C1CN(CC(=O)Nc2ccccc2)CCN1
decoy_2481,0.556118,0.483985,0.876621,0.730494,0.599196,0.507262,O=C1CN(C(=O)COc2ccccc2)CCN1
decoy_2482,0.539129,0.446289,0.887433,0.714662,0.590329,0.479352,O=C1CN(C(=S)NC(=O)c2ccccc2)CCN1
decoy_2483,0.478551,0.456199,0.889171,0.760616,0.571163,0.51464,O=C1CN(C(=S)NC(=O)CCCOc2ccccc2)CCN1
decoy_2484,0.466919,0.430214,0.874879,0.779296,0.554006,0.463382,O=C1COc2ccccc2N1
decoy_2485,0.468691,0.518396,0.704094,0.780184,0.491069,0.544742,O=C1CSC2=C[C@@H](c3ccccc3)C=CN12
decoy_2486,0.526143,0.436862,0.904612,0.728753,0.579618,0.463633,O=C1CSC(Nc2ccccc2)=N1
decoy_2487,0.435287,0.43842,0.885004,0.828375,0.548908,0.506622,O=C1NC2(CCCC2)C(=O)N1CCC[NH2+]Cc1ccccc1
decoy_2488,0.377318,0.449515,0.722698,0.713162,0.478732,0.47996,O=C1Nc2ccccc2[C@@]12CC[NH2+][C@@H]2c1ccccc1
decoy_2489,0.451384,0.467064,0.72583,0.660638,0.494619,0.483239,O=C1Nc2ccccc2[C@@]12C=COc1c2c(=O)oc2ccccc12
decoy_249,0.45678,0.365466,0.868711,0.653198,0.560028,0.433629,CC(C)c1ccc2nc(CO[C@@H]3CCCC[C@@H]3C)[nH]c(=O)c2c1
decoy_2490,0.46913,0.46596,0.800023,0.723253,0.506325,0.483943,O=C1Nc2ccccc2C12C=COC=C2
decoy_2491,0.388922,0.44919,0.739909,0.729799,0.494913,0.523374,O=C1N=CC=C2OC=C[C@@]3(C(=O)Nc4ccccc43)[C@H]12
decoy_2492,0.433329,0.412609,0.787751,0.680168,0.509781,0.443344,O=C1Nc2ccccc2[C@]12C=COC1=NN=C[C@H]12
decoy_2493,0.557745,0.494415,0.811657,0.667479,0.577911,0.487435,O=C1Nc2ccccc2[C@@H]1c1cc[nH]c1-c1ccccc1
decoy_2494,0.580826,0.488688,0.863824,0.69784,0.600882,0.483026,O=C1Nc2ccccc2[C@@H]1NCc1ccco1
decoy_2495,0.580575,0.500112,0.891291,0.718802,0.623086,0.496661,O=C1Nc2ccccc2[C@@H]1NCCn1cccn1
decoy_2496,0.389014,0.4409,0.846623,0.798375,0.534347,0.509714,O=C1N=c2ccccc2=C[C@@H]1[C@H]1Nc2cccc[n+]2[C@H]1NCc1ccccc1
decoy_2497,0.491167,0.403174,0.811834,0.619879,0.588098,0.445214,O=C1N=c2ccccc2=C[C@@H]1[C@@H]1NC(c2ccccc2)=NO1
decoy_2498,0.403952,0.373167,0.939871,0.797613,0.574626,0.484324,O=C1N=c2ccccc2=C[C@@H]1CN1CC[NH+](C(c2ccccc2)c2ccccc2)CC1
decoy_2499,0.538209,0.464174,0.851374,0.685112,0.587076,0.469023,O=C1N=c2ccccc2=C[C@@H]1CNc1ccccc1
decoy_25,0.464991,0.398652,0.757366,0.727668,0.512427,0.438308,CCC[C@H]1CCCC[C@@H]1Br
decoy_250,0.469818,0.400806,0.81677,0.67716,0.567901,0.467012,N#C[C@H]1CC[N@H+](C[C@@H]2CCCCO2)CC1
decoy_2500,0.559767,0.427703,0.871654,0.653105,0.618072,0.454348,O=C1N=c2ccccc2=C/C1=C\NCc1ccccc1
decoy_2501,0.494791,0.431733,0.882062,0.717963,0.584274,0.47768,O=C1N=c2ccccc2=C[C@@H]1CNCc1nc2ccccc2[nH]1
decoy_2502,0.428869,0.339487,0.718824,0.53407,0.528759,0.407389,O=C1C([N-]c2ccccc2)=CCN1c1ccccc1
decoy_2503,0.577948,0.442567,0.821888,0.652681,0.587318,0.451678,O=C1Nc2ccccc2CN1c1ccccc1
decoy_2504,0.634616,0.417983,0.844279,0.624424,0.651974,0.446098,O=C1/C(=C/c2ccccc2)N=CN1c1ccccc1
decoy_2505,0.639775,0.472624,0.914466,0.709746,0.627024,0.471236,O=c1c2ccccc2ncn1-c1ccccc1
decoy_2506,0.603462,0.443758,0.911505,0.696717,0.607535,0.450603,O=c1c2sccc2ncn1-c1ccccc1
decoy_2507,0.47282,0.436375,0.879787,0.817504,0.604718,0.518854,O=C1NC2(CCCCC2)C(=O)N1C[NH+]1CCCCC1
decoy_2508,0.619882,0.43642,0.797125,0.660235,0.60948,0.441162,O=C1/C(=C/c2ccccc2)SC(=S)N1c1ccccc1
decoy_2509,0.427322,0.349998,0.761701,0.602369,0.54566,0.440265,O=C1/C(=C/NC2CC[NH2+]CC2)C=NN1c1ccccc1
decoy_251,0.574113,0.52097,0.748426,0.790541,0.619143,0.603908,CC(C)c1ccc([C@H](Cl)CC(F)(F)F)cc1
decoy_2510,0.542075,0.38285,0.837011,0.58292,0.623344,0.443817,O=C1/C(=C/NNc2ccccc2)C=NN1c1ccccc1
decoy_2511,0.551868,0.418555,0.81188,0.604343,0.548588,0.464597,O=C1Nc2ccccc2O[C@H]1Cc1ccccc1
decoy_2512,0.467563,0.401993,0.84788,0.757468,0.618719,0.567442,O=c1c2ccsc2ncn1C1CC[NH2+]CC1
decoy_2513,0.426581,0.43395,0.778203,0.715888,0.506445,0.48542,O=C1NC2(CC[NH2+]CC2)C(=O)N1CCOc1ccccc1
decoy_2514,0.386923,0.398326,0.864189,0.790833,0.504159,0.50638,O=C1N[C@H]2CSC[C@H]2N1
decoy_2515,0.577939,0.420488,0.904982,0.659211,0.605429,0.441806,O=c1nc2scnn2cc1/C=C1\C=Nc2ccccc21
decoy_2516,0.531874,0.522917,0.870765,0.76119,0.581841,0.510346,O=C1N[C@@H](C2CC2)C(=O)N1CCCOc1ccccc1
decoy_2517,0.561237,0.457093,0.802479,0.6357,0.550961,0.452845,O=C1N[C@H](c2ccccc2)[C@@H]1Oc1ccccc1
decoy_2518,0.509424,0.533479,0.793331,0.722633,0.548498,0.511221,O=C1N[C@H](c2ccccc2)[C@H]2C1=NN=C2c1ccccc1
decoy_2519,0.566697,0.478725,0.842915,0.677841,0.563511,0.478932,O=C1N[C@H](c2ccccc2)c2c1oc1ccccc1c2=O
decoy_252,0.520297,0.45967,0.80068,0.663108,0.543314,0.473585,O=C1N/C(=N/c2cccc(Cl)c2Cl)S/C1=C/c1ccncc1
decoy_2520,0.445128,0.460284,0.861713,0.804157,0.536819,0.512914,O=C1NC(=O)[C@@H](c2ccccc2)N1
decoy_2521,0.444613,0.407048,0.90568,0.78345,0.580361,0.473009,O=C1N[C@H](c2ccccc2)C(=O)N1CCC[N@@H+]1CCc2ccccc2C1
decoy_2522,0.493652,0.430883,0.835968,0.659925,0.55626,0.460246,O=C(NN1C(=O)N[C@H](c2ccccc2)C1=O)c1ccccc1
decoy_2523,0.519503,0.480516,0.854756,0.715866,0.571268,0.488204,O=C1/C(=C\c2cnc3ccccn3c2=O)SC(=S)N1Cc1ccccc1
decoy_2524,0.586644,0.437653,0.899004,0.665474,0.598843,0.455923,O=C1N[C@@H](c2ccccc2)Nc2ccccc21
decoy_2525,0.548235,0.445011,0.775604,0.627845,0.533714,0.450838,O=C1N=C(c2ccccc2)S/C1=C\c1ccccc1
decoy_2526,0.43313,0.455372,0.895048,0.842451,0.55158,0.520628,O=C1NC(=O)[C@H](c2cccs2)N1
decoy_2527,0.55525,0.492477,0.913323,0.753394,0.617708,0.495966,O=C1N[C@@H](c2cscn2)Nc2ccccc21
decoy_2528,0.520594,0.546611,0.848617,0.84484,0.588992,0.605535,O=C1NC[C@@H](c2ccccc2)Cc2[nH]cnc21
decoy_2529,0.437446,0.472619,0.811886,0.762635,0.51776,0.494282,O=C1/C(=C\c2cnc3ccccn3c2=O)SC(=S)N1CCc1ccccc1
decoy_253,0.68864,0.499643,0.893131,0.706964,0.642666,0.478722,Cc1ccc(C)c(OC(=O)[C@@H]2CC=CCC2)c1C
decoy_2530,0.569584,0.532608,0.856109,0.748911,0.577444,0.520307,O=C1N=CC=C2OC=C[C@@H](c3ccccc3)[C@H]12
decoy_2531,0.487096,0.470989,0.856187,0.771197,0.55057,0.514121,O=C1NC=C[C@@H](c2ccccc2)N1
decoy_2532,0.495382,0.454352,0.861825,0.744771,0.546275,0.482455,O=C1NCC[C@@H](c2ccccc2)N1
decoy_2533,0.550283,0.416853,0.830015,0.624015,0.561338,0.464029,O=C1N[C@@H](/C=C/c2ccccc2)Nc2ccccc21
decoy_2534,0.460436,0.493607,0.901255,0.857049,0.560664,0.556858,O=c1nccc(-c2ccccc2)[nH]1
decoy_2535,0.473047,0.461572,0.876563,0.787487,0.534928,0.528937,O=C1NC=C[C@@H](c2cccs2)N1
decoy_2536,0.483908,0.461878,0.863667,0.767378,0.551221,0.490622,O=C1NCC[C@@H](c2cccs2)N1
decoy_2537,0.540804,0.426921,0.839075,0.636109,0.588979,0.462118,O=C1NCCCc2nc(Cc3ccccc3)[nH]c21
decoy_2538,0.499457,0.41398,0.894157,0.745898,0.658233,0.499943,O=C1NCC=C(C[NH+]2CCCCCCC2)N1
decoy_2539,0.488837,0.51985,0.814715,0.789866,0.543813,0.576609,O=C1NC[C@H](COc2ccccc2)O1
decoy_254,0.542509,0.416357,0.855843,0.792603,0.5751,0.468319,CC#CC[C@H]1CCC[C@H]1Cl
decoy_2540,0.461976,0.371225,0.834104,0.718639,0.591119,0.477623,O=c1[nH]c(C[NH+]2CCNCC2)nc2sccc12
decoy_2541,0.463591,0.344568,0.782138,0.581627,0.611518,0.422453,O=c1[nH]c(C[NH2+]Cc2ccccc2)nc2ccccc12
decoy_2542,0.495634,0.451823,0.83731,0.73215,0.551415,0.489225,O=C1NCCOc2ccc(NS(=O)(=O)c3cccs3)cc21
decoy_2543,0.507367,0.448829,0.891202,0.733825,0.562267,0.47845,O=C1NCCOc2ccc(NS(=O)(=O)Cc3ccccc3)cc21
decoy_2544,0.451062,0.370211,0.862643,0.667458,0.547132,0.430242,O=c1[nH]c(N2CCCCC2)ncc1C(=S)Nc1ccccc1
decoy_2545,0.563738,0.489825,0.841167,0.687689,0.594522,0.505852,O=C1N=CN(c2ccccc2)C(=O)/C1=C\[C@H]1C=c2ccccc2=N1
decoy_2546,0.539316,0.444378,0.868721,0.670191,0.609105,0.497755,O=C1N[C@H](NC2CCCCC2)C(=O)N1c1ccccc1
decoy_2547,0.468008,0.342775,0.757066,0.547975,0.530541,0.397118,O=C1N=C(Nc2ccccc2)S/C1=C\c1cccs1
decoy_2548,0.448033,0.396214,0.946475,0.810046,0.580095,0.473727,O=C1N=CN=C2SCC=C12
decoy_2549,0.439016,0.459705,0.89181,0.847104,0.579726,0.518686,O=c1nc[nH]c2sc3c(c12)CCOC3
decoy_255,0.606448,0.537388,0.820924,0.789986,0.614311,0.52464,C[C@H](Nc1cc(F)c(F)c(F)c1)C1CC1
decoy_2550,0.513008,0.426231,0.838624,0.646864,0.617551,0.467772,O=C1N/C(=N\N=C\c2ccccc2)S[C@H]1Cc1ccccc1
decoy_2551,0.416137,0.460566,0.792001,0.775512,0.497406,0.585137,O=C1NC(=O)C2(CCCCC2)N1
decoy_2552,0.600916,0.468241,0.930838,0.716969,0.667639,0.495024,O=C1Nc2ccccc2/C1=C/c1ccc[nH]1
decoy_2553,0.632872,0.455989,0.908142,0.666734,0.624607,0.464963,O=C1Nc2ccccc2/C1=N/Nc1ccccc1
decoy_2554,0.474558,0.392955,0.865746,0.699314,0.610195,0.459248,O=c1[nH]c2ccccc2cc1C[NH2+]C1CCCC1
decoy_2555,0.382704,0.50149,0.79616,0.855024,0.484449,0.523098,O=c1[nH]c2ccccc2cc1CN(C(=S)Nc1ccccc1)C1CCCC1
decoy_2556,0.473315,0.402076,0.86381,0.723217,0.627167,0.476194,O=c1[nH]c2ccccc2cc1C[NH2+]C1CCCCC1
decoy_2557,0.44618,0.386926,0.846543,0.682909,0.538002,0.442691,O=c1[nH]c2ccccc2cc1CNc1ccc(N2CCCCC2)cc1
decoy_2558,0.48269,0.410899,0.835136,0.689821,0.565128,0.4613,O=c1[nH]c2ccccc2cc1C[NH2+]Cc1ccccc1
decoy_2559,0.409464,0.441703,0.887582,0.824229,0.528029,0.506353,O=c1[nH]c2ccccc2cc1CN(Cc1cccnc1)S(=O)(=O)c1ccccc1
decoy_256,0.512238,0.476283,0.798892,0.710803,0.558038,0.498912,CC(C)(C)[C@H]1CC[C@@](O)(c2cccc3cnccc32)CC1
decoy_2560,0.481707,0.376769,0.815291,0.636957,0.584701,0.446822,O=c1[nH]c2ccccc2cc1C[NH2+]Cc1ccco1
decoy_2561,0.484727,0.430881,0.875266,0.756077,0.612058,0.493106,O=c1[nH]c2ccccc2cc1C[NH2+]C[C@H]1CCCO1
decoy_2562,0.45208,0.479442,0.924512,0.853875,0.580905,0.512192,O=c1[nH]c2ccccc2cc1CN(C[C@H]1CCCO1)C(=S)Nc1ccccc1
decoy_2563,0.451895,0.394126,0.848676,0.719027,0.562218,0.484291,O=c1[nH]c2ccccc2cc1CNCC[NH+]1CCCC1
decoy_2564,0.372781,0.410956,0.872786,0.847126,0.513249,0.49802,O=c1[nH]c2ccccc2cc1CN(CC[NH+]1CCCC1)C(=S)Nc1ccccc1
decoy_2565,0.370671,0.409325,0.86047,0.855984,0.513587,0.498935,O=c1[nH]c2ccccc2cc1CN(CC[NH+]1CCCC1)C(=S)NC[C@H]1CCCO1
decoy_2566,0.560392,0.455711,0.822219,0.658081,0.545936,0.458915,O=c1[nH]c2ccccc2n1CCCOc1ccccc1
decoy_2567,0.384958,0.41655,0.876909,0.845062,0.562128,0.509591,O=c1[nH]c2ccccc2[nH]1
decoy_2568,0.530887,0.475748,0.88617,0.769752,0.588491,0.503406,O=C1Nc2ccc(S(=O)(=O)/N=c3\[nH]ccs3)c3cccc1c23
decoy_2569,0.525357,0.486467,0.931087,0.806628,0.601213,0.526445,O=c1[nH]c(-c2ccccc2)nc2cn[nH]c12
decoy_257,0.576756,0.446855,0.836036,0.633738,0.635322,0.460651,Fc1ccc2sc(NC[C@@H]3CCOC3)nc2c1
decoy_2570,0.556781,0.438415,0.9128,0.702909,0.597548,0.470336,O=c1[nH]c(-c2ccccc2)nc2sccc12
decoy_2571,0.442384,0.422511,0.894729,0.791091,0.564487,0.457983,O=c1[nH]ccc2c1CC=CO2
decoy_2572,0.462726,0.386175,0.886468,0.688048,0.558519,0.442662,O=c1[nH]cc(N2CCCCC2)c(=O)n1CCCOc1ccccc1
decoy_2573,0.546033,0.440704,0.876376,0.673256,0.616389,0.468037,O=c1[nH]c(CNc2ccccc2)nc2ccccc12
decoy_2574,0.457705,0.417429,0.833554,0.74781,0.596644,0.480397,O=c1[nH]c(C[NH2+]C2CCCCC2)nc2sccc12
decoy_2575,0.478607,0.420873,0.800302,0.64948,0.582783,0.455453,O=c1[nH]c(C[NH2+]Cc2ccccc2)nc2sccc12
decoy_2576,0.427473,0.35112,0.818415,0.643919,0.581352,0.450647,O=c1[nH]c(C[NH2+]C[C@H]2CCCCO2)nc2ccccc12
decoy_2577,0.491747,0.378581,0.84771,0.661976,0.623011,0.432978,O=c1[nH]c(C[NH2+]Cc2ccco2)nc2sccc12
decoy_2578,0.568423,0.448492,0.877924,0.666845,0.610588,0.466201,O=c1[nH]c(COc2ccccc2)nc2ccccc12
decoy_2579,0.556598,0.51423,0.864116,0.726134,0.564613,0.518507,O=c1[nH]c(CSc2ccccc2)nc2sccc12
decoy_258,0.478298,0.379554,0.821582,0.661716,0.496583,0.420001,C[C@@H]1CCCC[C@@H]1CNc1nc[nH+]c2c1CCC2
decoy_2580,0.562248,0.498184,0.891769,0.730648,0.591494,0.49288,O=c1[nH]c(CSc2ccccn2)nc2ccccc12
decoy_2581,0.490821,0.467266,0.865359,0.801626,0.596963,0.532339,O=c1[nH]cc(S(=O)(=O)NC2CCCCC2)s1
decoy_2582,0.450544,0.449638,0.796231,0.751561,0.536422,0.50315,O=c1[nH]cc(S(=O)(=O)NCC2CCCCCC2)s1
decoy_2583,0.606965,0.433361,0.938871,0.675126,0.672382,0.471088,O=c1[nH]c(Nc2ccccc2)nc2ccccc12
decoy_2584,0.493228,0.425384,0.882042,0.701077,0.59446,0.469597,O=c1[nH]c(Nc2ccccc2)ncc1CCSCc1ccccc1
decoy_2585,0.512403,0.388771,0.862335,0.630587,0.597703,0.432572,O=c1nc(Nc2ccccc2)[nH]nc1-c1ccccc1
decoy_2586,0.480823,0.532833,0.70154,0.680253,0.512373,0.528045,O=C1N/C(=N/c2ccccc2)S/C1=C\c1ccccc1
decoy_2587,0.4728,0.43084,0.777065,0.656763,0.512326,0.442289,O=C1N/C(=N\c2ccccc2)S/C1=C\c1c[nH]c2ccccc12
decoy_2588,0.450276,0.505707,0.690181,0.675954,0.499353,0.489405,O=C1N/C(=N/c2ccccc2)S/C1=C\C=C\c1ccco1
decoy_2589,0.431625,0.356718,0.811674,0.62788,0.540493,0.426187,O=c1[nH]c(Nc2ccccn2)ncc1Cc1ccc2c(c1)CCCC2
decoy_259,0.622572,0.441049,0.828997,0.615337,0.602234,0.446327,Fc1ccc2sc(N[C@H]3CCCc4sccc43)nc2c1
decoy_2590,0.559387,0.449577,0.838227,0.652223,0.555854,0.462917,O=C1N/C(=N\c2nccs2)S/C1=C/c1ccccc1
decoy_2591,0.535026,0.491233,0.869585,0.769042,0.571413,0.520666,O=c1[nH]cnc2cc(NCc3ccco3)ccc12
decoy_2592,0.523225,0.46991,0.822223,0.727685,0.567812,0.51495,O=c1[nH]cnc2cc(NC[C@H]3CCCO3)ccc12
decoy_2593,0.508357,0.516298,0.769767,0.742217,0.554021,0.515931,O=c1[nH]cnc2cc(OC3CCCC3)ccc12
decoy_2594,0.489059,0.494132,0.842619,0.809273,0.566275,0.56125,O=c1[nH]cnc2c1ncn2Cc1ccccc1
decoy_2595,0.460649,0.479495,0.845192,0.800765,0.573813,0.511929,O=c1[nH]cnc2sc3c(c12)CCC3
decoy_2596,0.463448,0.481583,0.80332,0.771181,0.574845,0.507598,O=c1[nH]cnc2sc3c(c12)CCCC3
decoy_2597,0.477939,0.500467,0.782695,0.758494,0.561071,0.530272,O=c1[nH]cnc2sc3c(c12)CCCCC3
decoy_2598,0.524767,0.530972,0.837256,0.791872,0.582973,0.536134,O=c1[nH]cnc2scc(-c3ccccc3)c12
decoy_2599,0.50563,0.521833,0.883622,0.839783,0.587645,0.542426,O=c1[nH]cnc2scc(-c3cccs3)c12
decoy_26,0.40966,0.338398,0.864623,0.840138,0.542166,0.423299,ClC1(Cl)C[C@H]2CC[C@@H]1C2
decoy_260,0.51145,0.457646,0.783712,0.660155,0.534108,0.449069,C[C@H](Nc1nc(Cl)nc(Cl)n1)c1cccc(Br)c1
decoy_2600,0.433767,0.430335,0.800246,0.806451,0.521823,0.502051,O=C1N=C([O-])NC(=O)/C1=C\c1ccccc1
decoy_2601,0.501311,0.447206,0.816983,0.65981,0.539548,0.476322,O=C1NC(=O)N(c2ccccc2)C(=O)/C1=C\Nc1ccccc1
decoy_2602,0.46887,0.455559,0.841928,0.758603,0.53143,0.48536,O=c1[nH]c(=O)n(-c2ccccc2)cc1CN/C=C/C1=CCCCC1
decoy_2603,0.482803,0.598307,0.775529,0.802267,0.53069,0.662693,O=c1[nH]c(SCCOc2ccccc2)nc2sccc12
decoy_2604,0.526582,0.556477,0.800343,0.750008,0.544231,0.5345,O=c1[nH]nc(-c2ccccc2)n1-c1ccccc1
decoy_2605,0.622168,0.455797,0.855129,0.654134,0.647292,0.473178,O=c1[nH]ncc2cccc(NCc3cccs3)c12
decoy_2606,0.427254,0.444177,0.834318,0.814689,0.538364,0.496042,O=c1[nH]nc(Sc2ccccc2)[nH]1
decoy_2607,0.577472,0.439936,0.852271,0.645364,0.565475,0.460389,O=c1[nH]nc(SCc2ccccc2)n1C1CC1
decoy_2608,0.431642,0.489873,0.820733,0.824358,0.528191,0.527579,O=c1[nH]nc(SCc2ccccc2)[nH]1
decoy_2609,0.403293,0.481107,0.795406,0.82847,0.490809,0.506085,O=c1[nH]nc(SCc2cccs2)[nH]1
decoy_261,0.627266,0.495467,0.846848,0.730058,0.620552,0.508281,Fc1cc(F)cc(N[C@@H]2CCCSC2)c1
decoy_2610,0.460604,0.474811,0.781203,0.759107,0.498786,0.519461,O=c1[nH]nc(SCCCOc2ccccc2)[nH]1
decoy_2611,0.454323,0.51452,0.79372,0.811764,0.49394,0.526973,O=c1[nH]nc(SCCOc2ccccc2)[nH]1
decoy_2612,0.514389,0.439799,0.824574,0.744203,0.547297,0.447134,O=c1oc2ccccc2c2ccccc12
decoy_2613,0.584147,0.436304,0.806354,0.64015,0.560908,0.450731,O=c1oc2ccccc2cc1Cc1ccccc1
decoy_2614,0.407248,0.464518,0.856735,0.859496,0.536467,0.532374,O=c1oc2ccccc2cc1[C@@H](CC[NH+]1CCOCC1)c1ccccc1
decoy_2615,0.572816,0.477645,0.790282,0.651375,0.540142,0.462202,O=c1oc2ccccc2n1CCOc1ccccc1
decoy_2616,0.581916,0.487342,0.760288,0.707225,0.588837,0.482259,O=C1OC(c2ccccc2)=N/C1=C\c1ccccc1
decoy_2617,0.411273,0.369494,0.85244,0.748249,0.525043,0.462552,O=C1O[C@@H](CCC2=CCCCC2)CN1C1CC[NH2+]CC1
decoy_2618,0.542933,0.47371,0.785616,0.657241,0.587446,0.473106,O=C1c2ccccc2C(=O)c2cc(/C=N/c3ccccc3)ccc21
decoy_2619,0.578048,0.485445,0.803302,0.659539,0.595117,0.489128,O=C1c2ccccc2C(=O)c2cc(N3CCOCC3)ccc21
decoy_262,0.409378,0.357518,0.822532,0.665405,0.492715,0.435708,Cc1cc(C)c(CCl)c(N2CCC(C)(C)CC2)[nH+]1
decoy_2620,0.589629,0.478339,0.894615,0.711922,0.588581,0.507304,O=c1c2c(ccn1CCc1ccccc1)OC=C[C@H]2c1ccccc1
decoy_2621,0.425789,0.417433,0.879259,0.784949,0.551558,0.491988,O=c1c2c(ccn1CCC[NH+]1CCOCC1)OC=C[C@H]2c1ccccc1
decoy_2622,0.430827,0.418731,0.8138,0.774597,0.539729,0.479048,O=C1[C@H]2[C@H](C[NH2+][C@H]2c2ccccc2)C(=O)N1c1cccc2ccccc12
decoy_2623,0.493651,0.433572,0.831609,0.713674,0.596415,0.476676,O=C1[C@H]2[C@H](C[NH2+][C@H]2c2ccccc2)C(=O)N1c1ccccc1
decoy_2624,0.585242,0.440289,0.832868,0.616544,0.580507,0.461436,O=C1[C@H]2[C@H](CN[C@@H]2c2cccs2)C(=O)N1c1ccccc1
decoy_2625,0.568541,0.484751,0.837286,0.666171,0.607992,0.487688,O=C1[C@H]2[C@H](ON[C@H]2c2ccccc2)C(=O)N1c1ccccc1
decoy_2626,0.546146,0.463011,0.796692,0.670093,0.581342,0.488333,O=c1c(-c2nccs2)coc2cc3c(cc12)COCO3
decoy_2627,0.415013,0.405344,0.902412,0.807793,0.537368,0.494629,O=c1cc2c(ccc1NCCC[NH+]1CCOCC1)-c1ccccc1CCC2
decoy_2628,0.50643,0.487279,0.738897,0.692472,0.499799,0.493653,O=C1Cc2cc(Cc3ccccc3)ccc2N1
decoy_2629,0.546294,0.4793,0.803213,0.688135,0.552028,0.484275,O=C1Cc2cc(CNc3ccccc3)ccc2N1
decoy_262_2,0.579431,0.505513,0.825768,0.727332,0.604576,0.512533,Cc1cc(C)c(CCl)c(N2CCC(C)(C)CC2)n1
decoy_263,0.470362,0.376943,0.727075,0.577691,0.489004,0.423499,CC[C@H]1CC[C@H](C#N)[C@H](N(C)c2ccc(C#N)cc2)C1
decoy_2630,0.522893,0.471818,0.792558,0.689761,0.541532,0.484269,O=C1Cc2ccc(NC3CCCCCC3)cc2N1
decoy_2631,0.563562,0.500335,0.843818,0.721451,0.557888,0.499584,O=C1Cc2ccc(NCc3ccsc3)cc2N1
decoy_2632,0.555385,0.506309,0.796925,0.706319,0.555453,0.501242,O=C1Cc2cc(NC3CCCCC3)ccc2N1
decoy_2633,0.464701,0.428651,0.863986,0.712317,0.56023,0.476709,O=C1Cc2cc(S(=O)(=O)NC3CCCCC3)ccc2N1
decoy_2634,0.555669,0.525909,0.799445,0.738925,0.552123,0.490885,O=c1cc(-c2ccccc2)c2ccccc2o1
decoy_2635,0.475287,0.591922,0.7086,0.825341,0.521238,0.587898,O=C1C[C@@H](c2ccccc2)c2ccccc2O1
decoy_2636,0.446404,0.489873,0.774862,0.775406,0.527978,0.512701,O=C1C[C@H](c2ccccc2)c2cn[nH]c2N1
decoy_2637,0.49418,0.497998,0.879252,0.826817,0.554475,0.53469,O=C1C[C@@H](c2ccccc2)[C@@H]2C(=O)[NH+]=CN=C2N1
decoy_2638,0.399216,0.499064,0.695031,0.726643,0.496153,0.595879,O=C1C[C@H](c2ccccc2)c2scnc2CN1
decoy_2639,0.519347,0.47125,0.886011,0.746392,0.579752,0.497028,O=c1c(Cc2ccccc2)cnc(Nc2ccccc2)n1Cc1ccccc1
decoy_264,0.600513,0.475903,0.834757,0.704717,0.663091,0.493813,O[C@H](CCC1CCCC1)Cc1ccccc1F
decoy_2640,0.540635,0.474804,0.794083,0.67147,0.548362,0.490661,O=c1cc(-c2ccccc2)nc(-c2ccccn2)[nH]1
decoy_2641,0.561084,0.439497,0.852555,0.643999,0.590811,0.466191,O=c1cc(-c2ccccc2)nc(Nc2ccccc2)[nH]1
decoy_2642,0.454701,0.488593,0.844192,0.837004,0.541914,0.531214,O=c1cc(-c2ccccc2)oc2c(C3=CC[NH2+]CC3)cccc12
decoy_2643,0.455193,0.510844,0.889818,0.847019,0.584751,0.542233,O=c1cc(-c2ccccc2)oc2c(C[NH+]3CCNCC3)cccc12
decoy_2644,0.516963,0.42547,0.837832,0.643671,0.586238,0.462956,O=C1C[C@@H](c2ccco2)Cc2[nH]nc(Nc3ccccc3)c21
decoy_2645,0.441532,0.49644,0.827257,0.820958,0.531023,0.532805,O=C1C[C@@H](c2ncn[nH]2)c2ccccc2N1
decoy_2646,0.492962,0.597058,0.800877,0.842761,0.531862,0.643445,O=c1ccc2ccc3c(c2o1)CCCO3
decoy_2647,0.59556,0.516846,0.810484,0.67795,0.605171,0.493927,O=C1C[C@@H](c2ccc3c(c2)OCCO3)Oc2ccccc21
decoy_2648,0.565087,0.5175,0.83707,0.742482,0.561086,0.523455,O=C1CCc2ccc(Oc3cccnc3)cc2N1
decoy_2649,0.494686,0.594091,0.752372,0.773524,0.509713,0.698368,O=c1ccc2ccc(OCc3ccccc3)cc2o1
decoy_265,0.52657,0.572484,0.768359,0.744993,0.529821,0.565798,O=[N+]([O-])c1ccc(C[C@H](Cl)c2ccc3c(c2)CCO3)cc1
decoy_2650,0.451771,0.528559,0.693773,0.702321,0.484826,0.655471,O=c1ccc2ccc(OC/C=C/c3ccccc3)cc2o1
decoy_2651,0.556809,0.516393,0.830723,0.734746,0.558139,0.503256,O=C1CCc2cc(NC[C@H]3CCCO3)ccc2N1
decoy_2652,0.557446,0.486394,0.810532,0.68545,0.55855,0.487689,O=C1CCc2cc(OCc3cccnc3)ccc2N1
decoy_2653,0.415568,0.460835,0.853633,0.853492,0.594391,0.557879,O=c1ccc2cc(S(=O)(=O)NC[C@H]3CCC[NH2+]3)ccc2o1
decoy_2654,0.393735,0.345236,0.903036,0.767722,0.570149,0.456167,O=C1CCc2cc(S(=O)(=O)NCCC[NH+]3CCCC3)ccc2N1
decoy_2655,0.387416,0.431804,0.918673,0.901158,0.601504,0.541384,O=C1CCc2cc(S(=O)(=O)NCCC[NH+]3CCCCC3)ccc2N1
decoy_2656,0.401924,0.453387,0.905357,0.924007,0.598153,0.576645,O=C1CCc2cc(S(=O)(=O)NCC[NH+]3CCCCC3)ccc2N1
decoy_2657,0.612664,0.558431,0.875048,0.787616,0.60573,0.543979,O=c1ccc2c([nH]1)CCC[C@@H]2Nc1ccccc1
decoy_2658,0.426848,0.363365,0.827732,0.652649,0.557751,0.432666,O=C(Nc1nnc([C@H]2CC(=O)N(c3ccccc3)C2)s1)c1ccccc1
decoy_2659,0.533999,0.475115,0.787162,0.679319,0.538804,0.473286,O=C1CCCc2cc(Cc3cccnc3)ccc2N1
decoy_266,0.461108,0.444118,0.902372,0.764841,0.540612,0.494021,CC[C@H]1CC[C@@H](C(=O)[O-])[C@H]([N@@H+]2CCCC[C@@H]2C)C1
decoy_2660,0.47092,0.541677,0.828392,0.805249,0.587563,0.580686,O=C1CCCc2nc(Nc3ccccc3)nc(Nc3ccccc3)c21
decoy_2661,0.415634,0.450801,0.813237,0.818943,0.524031,0.541669,O=C1CCCc2[nH]c3cc(S(=O)(=O)Nc4ccccc4)ccc3c21
decoy_2662,0.559941,0.484177,0.863306,0.711164,0.56504,0.48587,O=C1C=C/C(=C/c2cnn(-c3ccccc3)c2)C(=O)N1
decoy_2663,0.575308,0.456728,0.853659,0.673704,0.572385,0.462362,O=C1C=C(c2coc3ccccc3c2=O)C=CC1
decoy_2664,0.462663,0.490393,0.912274,0.86248,0.532374,0.540133,O=C(Nc1ccccc1)N(CCCNC1=CCCC(O)=C1)C1CCCCC1
decoy_2665,0.526275,0.43867,0.839824,0.670085,0.557254,0.455003,O=C1C=CC(=CNNc2cccc3cccnc23)C=C1
decoy_2666,0.380304,0.40298,0.832374,0.770404,0.51639,0.482913,O=C1CC[C@@H](C(=O)Nc2ccccc2)[C@@H](c2ccccc2)[C@H]1C(=O)Nc1ccccc1
decoy_2667,0.520264,0.519496,0.843931,0.762805,0.555243,0.511205,O=C1CC[C@@H](C(=O)N(Cc2ccccc2)c2ccccc2)N1
decoy_2668,0.433245,0.489742,0.782076,0.75374,0.50689,0.4944,O=C1CC[C@@H](C(=O)N(Cc2ccccc2)C2CCCCC2)N1
decoy_2669,0.449785,0.544694,0.772666,0.78629,0.492643,0.543235,O=C1CC[C@@H](C(=O)N(Cc2ccccc2)Cc2ccco2)N1
decoy_267,0.450787,0.403858,0.895894,0.732176,0.534498,0.46714,C[C@@H]1CCCC[C@H]1[N@H+](C)[C@@H]1CCCC[C@@H]1C(=O)[O-]
decoy_2670,0.605931,0.518407,0.860357,0.704028,0.575474,0.507761,O=c1cc(CNc2ccccc2)c2ccccc2o1
decoy_2671,0.521424,0.445234,0.885967,0.755554,0.589413,0.486634,O=c1cc(C[NH2+]Cc2cccc3c2OCCCO3)nc[nH]1
decoy_2672,0.550471,0.42846,0.894079,0.715581,0.69637,0.501791,O=c1cc(C[NH2+]Cc2ccccc2)c2ccccc2o1
decoy_2673,0.404769,0.424518,0.851744,0.778442,0.498852,0.480708,O=C(C1=CC(=O)N(CCCn2cc[nH+]c2)[C@@H]1c1ccccc1)c1ccccc1
decoy_2674,0.419158,0.440435,0.884384,0.875243,0.55379,0.517639,O=C(C1=CC(=O)N(CCCn2cc[nH+]c2)[C@@H]1c1ccccc1)c1cncs1
decoy_2675,0.518051,0.440873,0.750266,0.616614,0.549051,0.464768,O=C1C=CC(=O)c2nc(-c3cc(-c4ccccc4)ccn3)ccc21
decoy_2676,0.523031,0.461118,0.831503,0.669893,0.548174,0.464144,O=C1C[C@@H](C(=O)Nc2ccccc2)c2ccccc2N1
decoy_2677,0.457739,0.428852,0.920974,0.776928,0.593841,0.492543,O=C(NC1CCCC1)c1ccccc1NC(=O)[C@H]1CC(=O)N(c2ccccc2)C1
decoy_2678,0.441708,0.401389,0.908469,0.75106,0.572483,0.460539,O=C(NC1CCCCC1)c1ccccc1NC(=O)[C@H]1CC(=O)N(c2ccccc2)C1
decoy_2679,0.446635,0.397308,0.855142,0.69773,0.578743,0.472856,O=C1C[C@@H](C(=O)Nc2ccccc2)S/C(=N/N=C/c2ccccc2)N1
decoy_268,0.582274,0.447434,0.756987,0.645378,0.579148,0.461689,CCC[C@@H](C)C[C@H](O)c1ccc(F)c(Cl)c1
decoy_2680,0.334433,0.286516,0.833651,0.718641,0.495893,0.411919,O=C(Nc1cccc(C[NH+]2CCCC2)c1)[C@H]1CC(=O)N(c2ccc3c(c2)CCC3)C1
decoy_2681,0.437119,0.415772,0.860212,0.749199,0.558144,0.468121,O=C(NC1CC1)c1cccc(NC(=O)[C@H]2CC(=O)N(c3ccccc3)C2)c1
decoy_2682,0.392104,0.398864,0.86092,0.778857,0.523341,0.481777,O=C(N[C@H]1Nc2ccccc2S1)[C@@H]1CC(=O)N(CCC2=c3ccccc3=NC2)C1
decoy_2683,0.482527,0.42071,0.865375,0.722233,0.609597,0.485071,O=c1cc(CS/C=[NH+]/C2CCCC2)c2ccccc2o1
decoy_2684,0.403751,0.464267,0.750278,0.736317,0.501724,0.523151,O=c1c(/C=N/c2ccccn2)cn(-c2ccccc2)c2ccccc12
decoy_2685,0.515345,0.41943,0.809415,0.651294,0.540843,0.441771,O=c1cc(NCc2ccc3c(c2)OCC3)cn[nH]1
decoy_2686,0.454521,0.394617,0.87509,0.738106,0.588474,0.483943,O=c1ccnc(-c2ccc(C[NH+]3CCCCC3)cc2)[nH]1
decoy_2687,0.505934,0.558733,0.794962,0.784349,0.567507,0.548556,O=c1ccnc(Sc2cccc(OCC3CC3)n2)[nH]1
decoy_2688,0.440051,0.543854,0.75207,0.783437,0.519065,0.588505,O=c1ccoc2c1OC=C[C@H]2c1ccccc1
decoy_2689,0.475376,0.477998,0.85318,0.77192,0.568108,0.508601,O=c1ccoc([C@@H](Nc2cccc[nH+]2)c2ccccc2)c1
decoy_269,0.51592,0.497698,0.751599,0.714305,0.534199,0.510564,CNc1sc2c(c1C#N)CCCCC2
decoy_2690,0.525436,0.408239,0.852858,0.656165,0.566247,0.439411,O=c1ccoc(CSc2n[nH]c(-c3ccccc3)n2)c1
decoy_2691,0.39301,0.337796,0.901745,0.767322,0.579782,0.460357,O=C1C[NH2+]C2(CCN(C(=S)Nc3ccccc3)CC2)N1Cc1ccccc1
decoy_2692,0.481889,0.437482,0.829461,0.718396,0.587787,0.496406,O=C1C[N@@H+](CCc2nc3ccccc3c(=O)[nH]2)CCN1
decoy_2693,0.491551,0.434703,0.853748,0.712976,0.575548,0.474463,O=C1CN(CC(=O)Nc2cc3c(s2)CCCC3)CCN1
decoy_2694,0.479052,0.457795,0.880086,0.742038,0.55967,0.487071,O=C1CN(CC(=O)NC(c2ccccc2)c2ccccc2)CCN1
decoy_2695,0.528128,0.538253,0.793651,0.73204,0.574498,0.61645,O=C1COc2ccc(Cc3ccccc3)cc2N1
decoy_2696,0.504423,0.536891,0.825428,0.787468,0.557941,0.550767,O=C1COc2ccc(C(=O)CSc3ncccn3)cc2N1
decoy_2697,0.553945,0.526762,0.837961,0.751194,0.574047,0.514735,O=C1COc2ccc(NCC3CC3)cc2N1
decoy_2698,0.54889,0.498014,0.845541,0.733019,0.60794,0.507846,O=C1COc2ccc(NC[C@H]3CCCCO3)cc2N1
decoy_2699,0.563339,0.538094,0.836948,0.758169,0.58763,0.530696,O=C1COc2ccc(NC[C@H]3CCCO3)cc2N1
decoy_27,0.418208,0.378601,0.828555,0.813561,0.557586,0.459442,CC[C@@H]1CCCC[C@@H]1C
decoy_270,0.474497,0.466316,0.858773,0.879088,0.563751,0.606742,N#Cc1cc(N=C=O)ccc1F
decoy_2700,0.44018,0.486895,0.788391,0.72761,0.533119,0.515893,O=C1COc2ccc(S(=O)(=O)Nc3ccccc3)cc2N1
decoy_2701,0.539133,0.454227,0.815763,0.654747,0.575537,0.458327,O=C1COc2cc(NCCc3ccco3)ccc2N1
decoy_2702,0.395293,0.46536,0.751023,0.776454,0.515442,0.551648,O=C1COc2cc(S(=O)(=O)Nc3ccccc3)ccc2N1
decoy_2703,0.500477,0.4246,0.825838,0.673566,0.527578,0.435028,O=C(NCc1ccccc1)C1=C2SCC(=O)N2C=C[C@H]1c1ccccc1
decoy_2704,0.479812,0.540947,0.808904,0.833209,0.559293,0.605175,O=C1CS[C@H](c2ccccc2)c2cn[nH]c2N1
decoy_2705,0.586651,0.535221,0.838231,0.707687,0.596244,0.537735,O=C1N=c2ccccc2=C2OC=C[C@@H](c3ccccc3)[C@H]12
decoy_2706,0.501915,0.461065,0.829016,0.704473,0.549268,0.464724,O=C1N=c2ccccc2=C(c2ccccc2)[C@@H]1Sc1nccc(=O)[nH]1
decoy_2707,0.409723,0.379114,0.692369,0.610555,0.488532,0.415003,O=C1C([N-]c2ccccc2)=C[C@@H](c2ccccc2)N1c1ccccc1
decoy_2708,0.506094,0.452255,0.770815,0.64089,0.517609,0.454127,O=C1c2ccccc2N[C@H](c2ccccc2)N1c1ccccc1
decoy_2709,0.601098,0.474375,0.822477,0.642139,0.589573,0.479356,O=c1c2c3c(sc2ncn1-c1ccccc1)CCCC3
decoy_271,0.419898,0.417299,0.824787,0.737034,0.562165,0.492793,O=C=N[C@H]1CC[N@@H+]2CCCC[C@@H]12
decoy_2710,0.501734,0.58254,0.795091,0.790296,0.552188,0.642408,O=c1c2ccccc2nc(SCc2ccccc2)n1-c1ccccc1
decoy_2711,0.446222,0.375285,0.879614,0.697016,0.586079,0.470978,O=C1N[C@]2(CC[N@@H+](Cc3ccccc3)CC2)Nc2ccccc21
decoy_2712,0.436626,0.346986,0.858726,0.678675,0.571649,0.455504,O=c1[nH]c2c(cnn2-c2ccccc2)cc1C[NH2+]Cc1cccs1
decoy_2713,0.348345,0.370851,0.765381,0.728568,0.481921,0.481823,O=C1/C(=C/NCCC2=c3ccccc3=NC2)C=NN1[C@@H]1Nc2ccccc2S1
decoy_2714,0.408771,0.524722,0.779581,0.830707,0.522857,0.609878,O=C1N(Cc2ccccc2)c2ccccc2[C@]12C=COC1=NN=C(c3ccccc3)[C@H]12
decoy_2715,0.385956,0.450527,0.759144,0.752189,0.504482,0.53213,O=C1/C(=N\NC(=S)Nc2ccccc2)c2ccccc2N1Cc1ccccc1
decoy_2716,0.48813,0.519526,0.80027,0.726032,0.524685,0.508215,O=C1NC2=C(C(=O)CCC2)[C@H](c2ccccc2)N1
decoy_2717,0.424703,0.49994,0.686983,0.712441,0.521069,0.517718,O=C1N[C@H](c2ccccc2)C2=C(c3ccccc3)N=N[C@H]12
decoy_2718,0.518039,0.414839,0.829245,0.655415,0.534724,0.426837,O=C1c2oc3ccccc3c(=O)c2[C@@H](c2ccccc2)N1Cc1ccccc1
decoy_2719,0.447165,0.38639,0.847865,0.688377,0.557836,0.457515,O=C1NC(C[NH+]2CCCC2)=C[C@@H](c2ccccc2)N1
decoy_272,0.459748,0.485448,0.843409,0.815282,0.607131,0.645569,C[C@H](C#N)CN1CCC[N@@H+]2CCC[C@@H]2C1
decoy_2720,0.45413,0.383867,0.885488,0.71628,0.615914,0.47027,O=C1NC(C[NH+]2CCCCC2)=C[C@@H](c2ccccc2)N1
decoy_2721,0.444164,0.384427,0.897041,0.747685,0.612798,0.484525,O=C1NC(C[NH+]2CCCCCC2)=C[C@@H](c2ccccc2)N1
decoy_2722,0.509204,0.436063,0.824795,0.669818,0.552628,0.475819,O=C1NC(CN2CCSCC2)=C[C@@H](c2ccccc2)N1
decoy_2723,0.494685,0.386267,0.834945,0.628961,0.532521,0.434483,O=C1NC(COC(=O)c2ccccc2)=C[C@@H](c2ccccc2)N1
decoy_2724,0.442728,0.343973,0.827237,0.614376,0.520822,0.401594,O=C1NC(COC(=O)/C=C/c2ccccc2)=C[C@@H](c2ccccc2)N1
decoy_2725,0.504137,0.427789,0.814967,0.645319,0.53348,0.446481,O=C1NC(CSc2ccccc2)=C[C@@H](c2ccccc2)N1
decoy_2726,0.489626,0.584773,0.8134,0.82745,0.530956,0.596083,O=C1N[C@H](c2ccccc2)C=C(CSc2ncccn2)N1C1CC1
decoy_2727,0.508843,0.455554,0.810748,0.700077,0.530244,0.476299,O=C1NC(CSc2nncs2)=C[C@@H](c2ccccc2)N1
decoy_2728,0.471964,0.424678,0.869529,0.712079,0.550927,0.47182,O=C1NC(CS(=O)(=O)c2ccccc2)=C[C@@H](c2ccccc2)N1
decoy_2729,0.462768,0.423808,0.841116,0.694502,0.550506,0.464308,O=C1NC(CS(=O)(=O)c2cccs2)=C[C@@H](c2ccccc2)N1
decoy_273,0.427826,0.405706,0.870225,0.833132,0.542266,0.5369,CCC[C@H]1CC[C@H](C#N)[C@H](N2CCC[N@@H+]3CCC[C@@H]3C2)C1
decoy_2730,0.460665,0.575418,0.757965,0.785538,0.501407,0.66677,O=C1C=C(/C=N/c2ccccc2)[C@@H](c2ccccc2)N1
decoy_2731,0.576146,0.523945,0.835742,0.706559,0.564862,0.508589,O=C1C=C(C(=O)c2ccccc2)[C@@H](c2ccccc2)N1
decoy_2732,0.565251,0.526981,0.845621,0.725871,0.553685,0.503916,O=C1C=C(C(=O)c2cccs2)[C@@H](c2ccccc2)N1
decoy_2733,0.525492,0.536039,0.836893,0.764267,0.541906,0.557387,O=C1C=C(C(=O)[C@@H]2C=CN=C2)[C@@H](c2ccccc2)N1
decoy_2734,0.535983,0.516229,0.856063,0.741716,0.561435,0.51356,O=C1C=C(C(=O)c2cncs2)[C@@H](c2ccccc2)N1
decoy_2735,0.496171,0.387239,0.83077,0.625793,0.536715,0.427112,O=C1NC(COC(=O)c2ccccc2)=C[C@@H](c2ccco2)N1
decoy_2736,0.569275,0.46784,0.867478,0.681425,0.587802,0.476922,O=C1N[C@@H](c2ccc3c(c2)OCC3)Nc2ccccc21
decoy_2737,0.388075,0.353259,0.904619,0.805098,0.576049,0.513405,O=C1N[C@@H]([C@H]2CC[N@H+](Cc3ccccc3)CC2)C(=O)N1CCc1cncs1
decoy_2738,0.527513,0.461809,0.866444,0.765066,0.561344,0.501124,O=c1nc2ncn(CCCOc3ccccc3)c2c[nH]1
decoy_2739,0.544674,0.458649,0.821989,0.663912,0.556575,0.467228,O=c1c2c3c(sc2ncn1CCc1ccccc1)CCCC3
decoy_274,0.463269,0.570693,0.759593,0.79004,0.564729,0.587682,CC(C)[C@@H](c1ccc([N+](=O)[O-])c2cnccc12)[C@@H](C)Cl
decoy_2740,0.542532,0.45002,0.858022,0.682642,0.559493,0.474337,O=C1c2ccccc2NCN1CCC1=c2ccccc2=NC1
decoy_2741,0.521822,0.409932,0.854332,0.653245,0.553266,0.443826,O=C1N[C@@H](/C=C/C2=c3ccccc3=NC2)Nc2ccccc21
decoy_2742,0.445145,0.493879,0.725932,0.750711,0.486553,0.502578,O=C1NC=C[C@@H](c2ccc(-c3cccs3)s2)N1
decoy_2743,0.553142,0.481655,0.892716,0.736584,0.62094,0.495495,O=C1NCC=C(CN2CCC[C@H]2C2=NC=CC2)N1
decoy_2744,0.506164,0.562919,0.815204,0.840978,0.538498,0.556815,O=C1NCC=C(CN(CC2CCCCC2)C2CC2)N1
decoy_2745,0.5353,0.492567,0.843426,0.691778,0.545413,0.503272,O=C1NC=C(C(=O)c2ccccc2)[C@H](c2ccccc2)N1
decoy_2746,0.453227,0.525187,0.759413,0.782434,0.517451,0.532115,O=C1NC[C@@H](C(=O)c2ccccc2)[C@@H](c2ccccc2)N1
decoy_2747,0.556886,0.533202,0.850849,0.723352,0.564589,0.507053,O=C1NC[C@H](C(=O)c2cccs2)[C@H](c2ccccc2)N1
decoy_2748,0.506305,0.547789,0.785783,0.803954,0.530602,0.553802,O=C1NC=C(C(=O)OC2CCCC2)[C@H](c2ccccc2)N1
decoy_2749,0.532051,0.451543,0.856886,0.68549,0.535778,0.479491,O=C1NC=C(C(=O)OCc2ccccc2)[C@H](c2ccccc2)N1
decoy_275,0.422537,0.412282,0.831115,0.705883,0.503299,0.471058,CC[C@@H]1CC[C@@H](C(=O)[O-])[C@H]([N@@H+]2CCCC2(C)C)C1
decoy_2750,0.478672,0.532164,0.854766,0.841061,0.571855,0.609106,O=C1NC=C(C(=O)OC[C@H]2CCCO2)[C@H](c2ccccc2)N1
decoy_2751,0.470986,0.389896,0.888411,0.701127,0.593136,0.454508,O=c1nc(CNCc2ccccc2)[nH]c2scc(-c3ccccc3)c12
decoy_2752,0.507596,0.561684,0.868367,0.836699,0.58493,0.567737,O=C1/C(=N\O[C@@H]2CCCCO2)c2ccccc2N1CCOc1ccccc1
decoy_2753,0.409601,0.394668,0.838361,0.73362,0.493666,0.434009,O=C1/C(=N\NC(=S)Nc2ccccc2)c2ccccc2N1CN1CCCCC1
decoy_2754,0.494726,0.533407,0.835552,0.793294,0.592551,0.601976,O=C1N=CN=C2S[C@H]3CCCCC3=C12
decoy_2755,0.44659,0.521603,0.76547,0.799584,0.513039,0.567028,O=c1nc(NC(c2ccccc2)c2ccccc2)cn[nH]1
decoy_2756,0.476015,0.48059,0.75438,0.740237,0.507289,0.510857,O=c1[nH]c2ccc(Cc3ccccc3)cc2[nH]1
decoy_2757,0.470118,0.471711,0.73468,0.706313,0.491837,0.503331,O=c1[nH]c2ccc(Cc3ccccc3)cc2o1
decoy_2758,0.489168,0.51317,0.822026,0.810189,0.518387,0.551123,O=c1[nH]c2ccc(Cc3ccco3)cc2[nH]1
decoy_2759,0.474422,0.503513,0.776367,0.760583,0.489669,0.540455,O=c1[nH]c2ccc(Cc3cccs3)cc2o1
decoy_276,0.536129,0.443566,0.761201,0.658009,0.586518,0.489465,CC(C)c1ccc(C2(O)CCOCC2)cc1
decoy_2760,0.514895,0.501604,0.805697,0.772276,0.534772,0.526627,O=c1[nH]c2ccc(C[C@H]3CCOC3)cc2[nH]1
decoy_2761,0.481902,0.452433,0.718379,0.688806,0.509959,0.483157,O=c1[nH]c2ccc(CCCC3CCCCC3)cc2[nH]1
decoy_2762,0.475513,0.436335,0.864635,0.751784,0.562692,0.488301,O=c1[nH]c2ccc(S(=O)(=O)NCC3CCCCC3)cc2o1
decoy_2763,0.475233,0.38384,0.857974,0.652254,0.584931,0.445974,O=c1[nH]c2nc(Cc3ccccc3)[nH]c2c(=O)n1Cc1ccccc1
decoy_2764,0.508729,0.494205,0.909155,0.816501,0.58005,0.524426,O=c1[nH]c(-c2ccc3ncoc3c2)cs1
decoy_2765,0.522104,0.399351,0.806669,0.590172,0.580439,0.426876,O=c1[nH]c(Cc2ccccc2)nc2sc3c(c12)CCC3
decoy_2766,0.50928,0.516337,0.814021,0.746334,0.540116,0.503952,O=c1[nH]ccc2c1[C@H](c1ccccc1)C=CO2
decoy_2767,0.485751,0.507621,0.844155,0.783955,0.534026,0.512486,O=c1[nH]ccc2c1[C@H](c1ccco1)C=CO2
decoy_2768,0.488564,0.383564,0.839946,0.629793,0.561803,0.449603,O=c1[nH]c(CCCc2ccccc2)nc2sc3c(c12)CCCO3
decoy_2769,0.430364,0.359428,0.844789,0.680717,0.564998,0.441334,O=c1[nH]c(C[N@H+]2CC[C@H](c3cc[nH]n3)CC2)nc2ccccc12
decoy_277,0.565229,0.447614,0.825068,0.779434,0.62202,0.526776,CC(C)(C)c1ccc(C(F)(F)C(F)(F)F)cc1
decoy_2770,0.387054,0.329634,0.886791,0.72763,0.570553,0.458964,O=c1[nH]c(CN2CC[NH+](CC3CCCCC3)CC2)nc2ccccc12
decoy_2771,0.440278,0.358398,0.745185,0.616829,0.533258,0.430662,O=c1[nH]c(C[NH2+]C2CC2)nc2scc(-c3ccccc3)c12
decoy_2772,0.505314,0.380699,0.894461,0.688087,0.635783,0.460592,O=c1[nH]c(C[NH2+][C@H]2CCCc3ccccc32)nc2sccc12
decoy_2773,0.375048,0.312018,0.762701,0.61337,0.52803,0.42527,O=c1[nH]c(C[NH2+]C2CCCCC2)nc2scc(-c3ccccc3)c12
decoy_2774,0.426044,0.388626,0.864903,0.732235,0.65122,0.453672,O=c1[nH]c(C[NH2+]C(c2ccccc2)c2ccccc2)nc2ccccc12
decoy_2775,0.38114,0.324363,0.731029,0.603049,0.493294,0.406111,O=c1[nH]c(C[NH2+]Cc2ccccc2)nc2sc3c(c12)CCCC3
decoy_2776,0.404327,0.342237,0.727249,0.617104,0.509993,0.419597,O=c1[nH]c(C[NH2+]Cc2ccco2)nc2sc3c(c12)CCCC3
decoy_2777,0.409941,0.328003,0.742006,0.592752,0.513541,0.409556,O=c1[nH]c(C[NH2+]Cc2ccco2)nc2scc(-c3ccccc3)c12
decoy_2778,0.405252,0.374962,0.882318,0.81409,0.526963,0.491617,O=c1[nH]c(CNCc2cccc(C[NH+]3CCCC3)c2)nc2sccc12
decoy_2779,0.401833,0.340116,0.844709,0.706695,0.611853,0.45356,O=c1[nH]c(C[NH2+]CCCc2ccccc2)nc2sc3c(c12)CCC3
decoy_278,0.492897,0.415344,0.86503,0.697591,0.552059,0.451579,Cc1ccc(C2=C[C@H](C(=O)N(C)C3CCCCC3)N=N2)cc1C
decoy_2780,0.403689,0.364945,0.831396,0.726151,0.520149,0.447387,O=c1[nH]c(C[NH2+]CCCc2ccccc2)nc2scc(-c3ccccc3)c12
decoy_2781,0.365976,0.335162,0.826022,0.702988,0.581462,0.458093,O=c1[nH]c(C[NH2+]CCCOc2ccccc2)nc2sc3c(c12)CCCC3
decoy_2782,0.359655,0.329594,0.814263,0.71252,0.561123,0.433216,O=c1[nH]c(C[NH2+]CCCOc2ccccc2)nc2scc(-c3ccccc3)c12
decoy_2783,0.321868,0.293656,0.77104,0.650116,0.515952,0.405459,O=c1[nH]c(C[NH2+]CCCOCc2ccccc2)nc2sc3c(c12)CCC3
decoy_2784,0.356475,0.308625,0.827054,0.71091,0.549496,0.429325,O=c1[nH]c(C[NH2+]CCCOCc2ccco2)nc2scc(-c3ccccc3)c12
decoy_2785,0.368748,0.323312,0.776137,0.649141,0.502495,0.419257,O=c1[nH]c(C[NH2+]CCN2CCOCC2)nc2sc3c(c12)CCCC3
decoy_2786,0.482277,0.43677,0.850013,0.707496,0.566687,0.467911,O=c1[nH]c(CSc2n[nH]c(-c3ccccc3)n2)nc2ccccc12
decoy_2787,0.397358,0.342087,0.868262,0.73231,0.610128,0.448545,O=c1[nH]cnc2sc3c(c12)CC[C@H]([NH2+]CCC1=CCCCC1)C3
decoy_2788,0.459956,0.485583,0.880724,0.850126,0.581346,0.532682,O=c1[nH]c(=O)c2c3c(sc2[nH]1)CCC3
decoy_2789,0.478795,0.480554,0.790204,0.798597,0.519571,0.562769,O=c1[nH]c([O-])nc2ncnc(SCc3ccccc3)c12
decoy_279,0.555677,0.470282,0.923584,0.764983,0.608068,0.473104,[O-]c1ccc[nH+]c1-c1ccc(OC(F)(F)F)cc1
decoy_2790,0.525123,0.497525,0.818216,0.717681,0.566618,0.521581,O=C1NC(=O)/C(=C\c2cccc3ccccc23)N1
decoy_2791,0.52812,0.437321,0.843648,0.68253,0.600814,0.493023,O=c1[nH]c(SCc2ncncn2)nc2sc3c(c12)CCCC3
decoy_2792,0.45812,0.525709,0.745971,0.762205,0.508839,0.530827,O=c1oc2ccccc2c2c1CCCC2
decoy_2793,0.526652,0.452048,0.836055,0.739123,0.537665,0.444178,O=c1oc2ccccc2c2c1CC=CO2
decoy_2794,0.536063,0.521714,0.793146,0.75585,0.543437,0.498041,O=c1occc2c1[C@H](c1ccccc1)C=CO2
decoy_2795,0.557696,0.451446,0.830147,0.646668,0.579033,0.46542,O=C1O[C@H](Nc2cc3c(s2)CCCC3)c2ccccc21
decoy_2796,0.486841,0.446924,0.857309,0.738603,0.522111,0.463562,O=C1[C@H]2N=NC(c3ccccc3)=C2[C@@H](c2ccccc2)N1CCc1ccccc1
decoy_2797,0.370931,0.435958,0.816808,0.828521,0.536669,0.512509,O=C1[C@@H]2[C@H](C(=O)N1c1ccccc1)[C@H](c1ccccc1)[NH2+][C@@H]2Cc1ccccc1
decoy_2798,0.37947,0.422728,0.892643,0.876585,0.552045,0.567065,O=C1[C@@H]2[C@H](C(=O)N1C1CCCCC1)[C@H](c1ccccc1)[NH2+][C@@H]2Cc1ccccc1
decoy_2799,0.485602,0.387748,0.82072,0.626659,0.5653,0.440143,O=C1[C@H]2[C@H](ON[C@H]2c2ccc(-c3ccccc3)o2)C(=O)N1c1ccccc1
decoy_28,0.511845,0.466739,0.730606,0.648086,0.544779,0.46283,CCOc1ccc2c(c1)-c1c(ssc1=S)C(C)(C)N2
decoy_280,0.511866,0.487546,0.919385,0.813575,0.563651,0.484919,O=c1cc[nH]c(-c2c(F)cccc2F)c1
decoy_2800,0.431628,0.494184,0.784018,0.784674,0.512969,0.522111,O=C1[C@H]2[C@H](c3ccccc3)c3sc(=O)[nH]c3S[C@@H]2C(=O)N1c1ccccc1
decoy_2801,0.416879,0.368911,0.89628,0.778766,0.548638,0.462171,O=C1CC2(CCN(Cc3ccccc3)CC2)[NH+]=C(Nc2ccccc2)N1
decoy_2802,0.529693,0.43649,0.878435,0.692223,0.5445,0.467131,O=C1C[C@@H](c2ccccc2)C2=C(C[C@@H](c3ccccc3)CC2=O)N1
decoy_2803,0.453747,0.481166,0.866156,0.800676,0.543435,0.526416,Oc1c(C(c2ccccc2)c2cnn(-c3ccccc3)c2O)cnn1-c1ccccc1
decoy_2804,0.552052,0.512434,0.814215,0.697086,0.550945,0.500211,O=C1C[C@H](c2ccccc2)c2cnn(-c3ccccc3)c2N1
decoy_2805,0.505342,0.409982,0.892593,0.683618,0.563397,0.457037,O=C1C[C@@H](c2ccccc2)[C@@H]2C(=O)N=C(SCc3ccccc3)N=C2N1
decoy_2806,0.513155,0.46963,0.761649,0.652452,0.518845,0.471969,O=C1C[C@H](c2ccccc2)c2scc(-c3ccccc3)c2N1
decoy_2807,0.51281,0.406565,0.769037,0.590425,0.526968,0.431058,O=C1C[C@H](c2ccccc2)c2snc(-c3ccccc3)c2N1
decoy_2808,0.42823,0.510961,0.733085,0.77595,0.482865,0.517908,O=C1C[C@H](c2ccccc2OCc2ccccc2)c2cn[nH]c2N1
decoy_2809,0.585597,0.468706,0.835004,0.645548,0.599897,0.488858,O=C1C[C@H](c2ccco2)c2cnn(-c3ccccc3)c2N1
decoy_281,0.615028,0.48066,0.825282,0.688832,0.614896,0.501115,CC1(C)CN(C[C@@H]2CCCCO2)CCO1
decoy_2810,0.459603,0.509649,0.771463,0.764375,0.523837,0.553827,O=C1C[C@H](c2cccc(OCc3ccccc3)c2)c2scnc2N1
decoy_2811,0.401864,0.499313,0.716739,0.755443,0.499256,0.542086,O=C1C[C@H](c2ccc(OC3CCCC3)cc2)c2scnc2N1
decoy_2812,0.523543,0.615782,0.796229,0.799403,0.546226,0.603567,O=C1C[C@@H](c2nc3c(s2)CCCC3)c2ccccc2N1
decoy_2813,0.491956,0.470595,0.718341,0.67454,0.518149,0.476755,O=C1C=C2CC[C@@H]3[C@@H]4CCC[C@@H]4CC[C@H]3[C@@H]2CC1
decoy_2814,0.446384,0.385306,0.869194,0.698167,0.538654,0.44337,O=C1CCc2cc(S(=O)(=O)N[C@H](c3ccccc3)c3cccs3)ccc2N1
decoy_2815,0.550971,0.537752,0.897624,0.792509,0.555933,0.522055,O=C1CCc2c(Nc3sc4c(c3Oc3ccccc3)CCC4=O)csc21
decoy_2816,0.433807,0.53755,0.802219,0.841134,0.531728,0.528921,O=C1CC[C@@H](C(=O)N(Cc2ccco2)Cc2cccc3ccccc23)N1
decoy_2817,0.405465,0.496819,0.761955,0.80607,0.484347,0.527182,O=C1CC[C@@H](C(=O)N(Cc2ccc3c(c2)OCO3)c2ccccc2)N1
decoy_2818,0.41346,0.419737,0.873958,0.791743,0.554249,0.492413,O=c1cc(C[NH2+]C2CCCC2)nc(-c2csc3c2CCCC3)[nH]1
decoy_2819,0.512345,0.396665,0.792122,0.599374,0.542998,0.432716,O=c1cc(CSc2nc3ccccc3[nH]2)c2ccccc2o1
decoy_282,0.450299,0.366211,0.763446,0.717302,0.515201,0.421453,C[C@@H]1CCCC(F)(F)C1
decoy_2820,0.391947,0.337553,0.778178,0.642748,0.486197,0.40694,O=C1CN(Cc2ccc(-c3nc(C4CCC4)cc(=O)[nH]3)cc2)CCCN1
decoy_2821,0.374469,0.315057,0.776022,0.601637,0.493687,0.389481,O=C(/C=C/c1ccc2c(c1)OCC2)NCc1ccc2c(c1)NC(=O)CO2
decoy_2822,0.486622,0.532724,0.78322,0.741109,0.550736,0.538003,O=C1CS/C(=N/N=C/C2=c3ccccc3=N[C@@H]2c2ccccc2)N1
decoy_2823,0.465087,0.418042,0.854863,0.735376,0.52668,0.467812,O=C1c2[nH]nc(-c3ccccc3)c2[C@@H](c2ccccc2)N1[C@H]1CCS(=O)(=O)C1
decoy_2824,0.478318,0.469163,0.781556,0.670032,0.516821,0.484674,O=C1C=C(C(=O)c2ccccc2)[C@@]2(N1)C(=O)Nc1ccccc12
decoy_2825,0.388165,0.363305,0.86904,0.758308,0.545403,0.444455,O=c1[nH]c2c(cc1C[NH2+]C1CCCCC1)c(-c1ccccc1)nn2-c1ccccc1
decoy_2826,0.371378,0.333865,0.822856,0.681786,0.505528,0.401164,O=c1[nH]c2c(cc1C[NH2+]Cc1ccccc1)c(-c1ccccc1)nn2-c1ccccc1
decoy_2827,0.430106,0.363462,0.916455,0.739139,0.575307,0.454141,O=C1NC(C[N@H+]2CCC[C@@H]2c2ccccc2)=C[C@@H](c2ccccc2)N1
decoy_2828,0.456057,0.519107,0.788321,0.778614,0.528519,0.556645,O=C1NC(Cn2cnc3ccccc32)=C[C@@H](c2ccccc2)N1
decoy_2829,0.427616,0.354909,0.828855,0.638578,0.489578,0.412811,O=C1NC(CN2CC=C(c3ccccc3)CC2)=C[C@@H](c2ccccc2)N1
decoy_283,0.492858,0.450517,0.809614,0.676535,0.564618,0.479573,O[C@@H]1CN(c2ncc(Cl)cn2)CC[C@H]1c1ccc2ccccc2c1
decoy_2830,0.403938,0.466887,0.808136,0.81004,0.519423,0.605406,O=C1NC(CN2CCN(c3ccccc3)CC2)=C[C@@H](c2ccccc2)N1
decoy_2831,0.382261,0.332215,0.895222,0.747374,0.515327,0.438028,O=C1NC(CN2CC[NH+](Cc3ccccc3)CC2)=C[C@@H](c2ccccc2)N1
decoy_2832,0.375664,0.421021,0.814714,0.81068,0.490519,0.50101,O=C1NC(CN2CCN(C(=O)c3ccccc3)CC2)=C[C@@H](c2ccccc2)N1
decoy_2833,0.450204,0.3924,0.876876,0.708285,0.49835,0.437937,O=C1NC(COC(=O)c2ccccc2N2CCCC2)=C[C@@H](c2ccccc2)N1
decoy_2834,0.448898,0.362258,0.839476,0.645793,0.518519,0.430288,O=C1NC(CSc2nncn2-c2ccccc2)=C[C@@H](c2ccccc2)N1
decoy_2835,0.482195,0.431981,0.818191,0.687322,0.526517,0.450663,O=C1NC(CSc2nc3ccccc3o2)=C[C@@H](c2ccccc2)N1
decoy_2836,0.534243,0.520176,0.833253,0.734078,0.551479,0.521903,O=C1C=C(C(=O)c2cnc3ccccn23)[C@@H](c2ccccc2)N1
decoy_2837,0.527897,0.489083,0.846677,0.723524,0.544329,0.499783,O=C1C=C(C(=O)c2ccc3c(c2)CCO3)[C@@H](c2ccccc2)N1
decoy_2838,0.390711,0.474798,0.765808,0.788934,0.483878,0.511129,O=C1C=C(C(=O)c2cccc(OCc3ccccc3)c2)[C@@H](c2ccccc2)N1
decoy_2839,0.543346,0.469524,0.839049,0.681623,0.548281,0.475066,O=C1C=C(C(=O)c2cn3ccccc3n2)[C@@H](c2ccccc2)N1
decoy_284,0.429936,0.398255,0.799495,0.763716,0.465701,0.460419,c1cc2c(cc1C1CCCCC1)[C@H]1CCC[C@@H]3[NH2+]CCN2[C@@H]31
decoy_2840,0.444612,0.393482,0.787329,0.649024,0.506816,0.433089,O=C1C=C(C(=O)c2cnc(Sc3ccccc3)s2)[C@@H](c2ccccc2)N1
decoy_2841,0.322628,0.316862,0.841466,0.758673,0.576296,0.455874,O=c1c2c3c(sc2ncn1Cc1ccccc1)C[C@@H]([NH2+]CC1CCCCC1)CC3
decoy_2842,0.504381,0.513729,0.861352,0.783371,0.542383,0.517675,O=C1c2sccc2N[C@H](SCC2N=c3ccccc3=N2)N1Cc1ccccc1
decoy_2843,0.465447,0.411578,0.804958,0.682306,0.505477,0.445341,O=C1c2[nH]nc(-c3ccccc3)c2[C@@H](c2ccccc2)N1Cc1cccnc1
decoy_2844,0.477722,0.416255,0.788695,0.660561,0.506356,0.438562,O=C1c2[nH]nc(-c3ccccc3)c2[C@@H](c2ccccc2)N1Cc1ccco1
decoy_2845,0.47817,0.388791,0.878883,0.675386,0.562184,0.444123,O=C1NC(CN2CCN(c3ccccc3)CC2)=C[C@@H](c2cccs2)N1
decoy_2846,0.43533,0.407051,0.803141,0.708316,0.489595,0.449861,O=C1N[C@H](c2ccc(OCc3ccccc3)cc2)c2c(-c3ccccc3)n[nH]c21
decoy_2847,0.384476,0.459001,0.749397,0.781738,0.479313,0.526821,O=C1C=C(C(=O)c2cccs2)[C@@H](c2ccc(OCc3ccccc3)cc2)N1
decoy_2848,0.345624,0.29336,0.88997,0.770257,0.527508,0.436834,O=C1NC(=O)[C@H]([C@H]2CC[N@H+](Cc3ccc(C[NH+]4CCCCC4)s3)CC2)N1
decoy_2848_2,0.386528,0.384408,0.867871,0.845898,0.526053,0.497363,O=C1NC(=O)[C@H](C2CCN(Cc3ccc(C[NH+]4CCCCC4)s3)CC2)N1
decoy_2849,0.442589,0.489792,0.780548,0.719183,0.498318,0.474411,O=C1NC=C[C@@H](c2cn(-c3ccccc3)nc2-c2ccccc2)N1
decoy_285,0.557,0.55315,0.762315,0.803945,0.583908,0.630031,C[C@@H]1CC=CC[C@H]1COc1cc(C#N)c2ccccc2n1
decoy_2850,0.466887,0.452295,0.852226,0.741123,0.517499,0.470076,O=C1NCC=C(CSc2nnc(-c3ccccc3)n2-c2ccccc2)N1
decoy_2851,0.517175,0.43101,0.890746,0.705301,0.547058,0.463458,O=C1NC[C@@H](C(=O)c2ccccc2)[C@@H](c2ccc(-c3ccccc3)o2)N1
decoy_2852,0.420957,0.507828,0.808906,0.866368,0.496211,0.565056,O=C1NCCN(Cc2c[nH]nc2-c2cc3ccccc3o2)[C@H]1Cc1ccccc1
decoy_2853,0.447334,0.40519,0.905654,0.763585,0.602492,0.484189,O=C1NC(=O)[C@H]2[C@@H]1[C@@H](CC1CCCCC1)[NH2+][C@H]2c1ccccc1
decoy_2854,0.440583,0.444992,0.895153,0.797224,0.605039,0.495417,O=C1NC(=O)[C@H]2[C@@H]1[C@H](COCc1ccccc1)[NH2+][C@H]2c1ccccc1
decoy_2855,0.420609,0.389662,0.949753,0.812387,0.556527,0.474178,O=C1NC(=O)[C@](CCc2ccccc2)([C@H]2CC[N@H+](Cc3ccccc3)CC2)N1
decoy_2856,0.390105,0.365236,0.936718,0.826022,0.558216,0.487307,O=C1NC(=O)[C@](CCCc2ccccc2)([C@H]2CC[N@H+](Cc3ccccc3)CC2)N1
decoy_2857,0.496232,0.520477,0.737214,0.688179,0.510634,0.493857,O=c1[nH]c2ccccc2c2c1[C@H](c1ccccc1)C=CO2
decoy_2858,0.365536,0.38991,0.81666,0.772039,0.506647,0.455747,O=c1[nH]c2c(cc1C[NH2+]C1CCCC1)c(-c1ccccc1)nn2-c1ccccc1
decoy_2859,0.429787,0.456434,0.842846,0.787248,0.531702,0.483091,O=c1[nH]c2c(cc1CNc1ccccc1)c(-c1ccccc1)nn2-c1ccccc1
decoy_286,0.637016,0.472201,0.789166,0.687907,0.63097,0.475759,Cc1sc2nc(CC(C)(C)C)nc(Cl)c2c1C
decoy_2860,0.385151,0.323498,0.848177,0.68918,0.544304,0.427456,O=c1[nH]c(-c2ccc(C[NH+]3CCCCC3)cc2)nc2c1CNCC2
decoy_2861,0.428025,0.407831,0.902554,0.78718,0.561981,0.481116,O=c1[nH]cc([C@H](c2ccccc2)[NH+]2CCN(c3ccccc3)CC2)c(=O)[nH]1
decoy_2862,0.39497,0.359146,0.795874,0.687868,0.513073,0.439497,O=c1[nH]c(C[NH2+]Cc2ccc3c(c2)OCC3)nc2scc(-c3cccs3)c12
decoy_2863,0.460941,0.520007,0.854486,0.834755,0.548266,0.547314,O=C(O[C@@H]1[C@@H]2CCC=C(CC(=O)[C@H]3CC[C@H]4OC[C@H]4[C@@H]13)C2)c1ccccc1
decoy_2864,0.432499,0.406096,0.75428,0.64194,0.515952,0.456029,[O-]C1=C2C=NN(C3N=c4ccccc4=N3)[C@H]2C[C@@H](c2ccccc2)C1
decoy_2865,0.397656,0.381382,0.899852,0.766549,0.543944,0.455243,O=C1NC(=O)[C@H]2[C@@H]1[C@H](c1ccccc1)[NH2+][C@H]2c1ccccc1OCc1ccccc1
decoy_2866,0.381321,0.338104,0.926123,0.765027,0.577235,0.463897,O=c1[nH]c2ccc(N3CC[NH+](CCC(c4ccccc4)c4ccccc4)CC3)cc2[nH]1
decoy_2867,0.564904,0.455609,0.897351,0.698279,0.589075,0.486927,O=C(C1CC1)N(Cc1conc1-c1ccccc1)CC1CC1
decoy_2868,0.573977,0.446401,0.80223,0.613249,0.551208,0.471086,O=C(C1CCCC1)N1CCCCC1
decoy_2869,0.457111,0.440977,0.820907,0.781539,0.590592,0.61162,O=C(C1CCCC1)N1CC[NH2+]CC1
decoy_287,0.504712,0.439933,0.898866,0.745557,0.556888,0.459257,Cn1c(-c2cc(Cl)cc(Cl)c2)[nH+]c2cc(C(=O)[O-])ccc21
decoy_2870,0.60595,0.462234,0.847459,0.753099,0.576212,0.458771,O=C(c1ccccc1)c1ccccc1
decoy_2871,0.507668,0.531902,0.843378,0.813432,0.577343,0.606234,O=C(c1ccccc1)c1cncnc1
decoy_2872,0.542053,0.426108,0.769457,0.597492,0.550326,0.443001,O=C(c1ccccc1)c1ccc(Nc2ccccc2)s1
decoy_2873,0.38384,0.47194,0.81797,0.855182,0.510979,0.542784,O=C(c1ccccc1)c1cc(S(=O)(=O)c2ccccc2)c(Nc2ccccc2)s1
decoy_2874,0.572677,0.442009,0.798539,0.612745,0.569932,0.461243,O=C(C1CCCCC1)N1CCCCC1
decoy_2875,0.469309,0.456708,0.922503,0.870247,0.568782,0.631757,O=C(C1CCCCC1)N1CCC2(CC[NH2+]CC2)C1
decoy_2876,0.442866,0.417378,0.806418,0.726445,0.53978,0.476384,O=C([C@H]1CC[NH2+]C1)N1CCCC1
decoy_2877,0.454934,0.40204,0.813047,0.671996,0.524814,0.463875,O=C([C@H]1CC[NH2+]C1)N1CCCCC1
decoy_2878,0.455624,0.441551,0.826955,0.803616,0.582842,0.629364,O=C([C@H]1CCNC1)N1CC[NH2+]CC1
decoy_2879,0.464298,0.437093,0.817618,0.766782,0.584817,0.609867,O=C(C1CC[NH2+]CC1)N1CCCC1
decoy_288,0.583155,0.514126,0.794313,0.67754,0.563746,0.515772,CCc1ccc([C@@H](O)c2cccc3cnccc23)o1
decoy_2880,0.414661,0.511153,0.765995,0.792672,0.528706,0.62768,O=C(c1cccs1)[C@@H]1CNC(=S)N[C@@H]1c1ccccc1
decoy_2881,0.522136,0.414479,0.835303,0.647429,0.530923,0.431786,O=C(C1=C(c2ccccc2)OC=C[C@H]1c1ccccc1)c1ccccc1
decoy_2882,0.621392,0.467999,0.899296,0.688177,0.625741,0.484606,O=C(CC1CC1)Nc1ccccc1
decoy_2883,0.601627,0.405982,0.868785,0.616761,0.605975,0.455633,O=C(CC1CC1)NCc1cccs1
decoy_2884,0.592774,0.43945,0.820956,0.62713,0.641474,0.462065,O=C(C[C@H]1C[C@@H]2CC[C@H]1C2)Nc1ccccc1
decoy_2885,0.561558,0.478588,0.881828,0.714745,0.701637,0.515731,O=C(C[C@H]1C[C@@H]2CC[C@H]1C2)OCc1csc(-c2ccccc2)n1
decoy_2886,0.646299,0.458695,0.867439,0.669158,0.611958,0.473676,O=C(C[C@@H]1C=CCC1)Nc1ccccc1
decoy_2887,0.463536,0.424383,0.831757,0.772579,0.570755,0.522606,O=C(CC1CCCC1)NC1CC[NH2+]CC1
decoy_2888,0.352594,0.311415,0.875634,0.719902,0.537694,0.451339,O=C(CC1CCCC1)N[C@H]1CC[N@H+](CCCOc2ccccc2)CC1
decoy_2889,0.446149,0.390007,0.858372,0.691933,0.518463,0.434771,O=C(CC1CCCC1)NC1CCN(C(=O)c2ccccc2)CC1
decoy_289,0.572225,0.49492,0.80767,0.790224,0.598333,0.533504,CCC[C@@H](C)[C@@H](O)C[C@@H]1CCCc2ccccc21
decoy_2890,0.410061,0.386997,0.890573,0.762746,0.564518,0.472846,O=C(CC1CCCC1)NC1CCN(C(=O)NCc2ccccc2)CC1
decoy_2891,0.388303,0.36072,0.910233,0.767933,0.562209,0.46202,O=C(CC1CCCC1)NC1CCN(C(=O)NCC2CCCCC2)CC1
decoy_2892,0.381785,0.365709,0.858869,0.753733,0.513472,0.49507,O=C(CC1CCCC1)NC1CCN(C(=O)NCc2cccnc2)CC1
decoy_2893,0.404492,0.371372,0.890735,0.751687,0.522717,0.448212,O=C(CC1CCCC1)NC1CCN(C(=O)NCCc2ccccc2)CC1
decoy_2894,0.309989,0.292569,0.868283,0.769525,0.540085,0.471492,O=C(CC1CCCC1)NC1CCN(C(=O)N[C@H]2CC[N@H+]3CCCC[C@H]23)CC1
decoy_2895,0.545289,0.421822,0.865197,0.64532,0.604408,0.452522,O=C(CC1CCCC1)NCC1CCCCC1
decoy_2896,0.436386,0.353618,0.691598,0.555379,0.490088,0.421582,O=C(CC1CCCC1)NCc1nnn[n-]1
decoy_2897,0.439788,0.357844,0.806629,0.614655,0.568996,0.423374,O=C(CC1CCCC1)NNC(=O)c1cc2c(s1)CCCC2
decoy_2898,0.404243,0.375241,0.873248,0.758905,0.528847,0.450129,O=C(C[C@H]1CCC[C@@H]2[C@@H]1CC[C@H]1O[C@H](COc3ccccc3)OC[C@@H]21)N1CCCC1
decoy_2899,0.462098,0.411526,0.900916,0.801169,0.556192,0.519542,O=C(Cc1ccccc1)N1CCC2(CC[NH2+]CC2)C1
decoy_29,0.522124,0.424894,0.720292,0.639309,0.542783,0.454786,CC[C@@H](O)/C=C/[C@H]1C(C)=CCCC1(C)C
decoy_290,0.597895,0.528104,0.840575,0.733259,0.633564,0.540347,FC(F)(F)[C@H]1CCC[C@H](Nc2ccc3c(c2)CCO3)C1
decoy_2900,0.344871,0.374638,0.863498,0.82334,0.480572,0.470897,O=C(NC1CCCCC1)[C@H]1CN(C(=O)Cc2ccccc2)CC12CC[NH2+]CC2
decoy_2901,0.336855,0.37059,0.856771,0.833094,0.478363,0.460106,O=C(NC1CCCCCC1)[C@H]1CN(C(=O)Cc2ccccc2)CC12CC[NH2+]CC2
decoy_2902,0.360781,0.385647,0.895024,0.817125,0.501501,0.484304,O=C(NCc1ccccc1)[C@H]1CN(C(=O)Cc2ccccc2)CC12CC[NH2+]CC2
decoy_2903,0.344997,0.380537,0.87483,0.842227,0.4768,0.48093,O=C(NCCc1ccccc1)[C@H]1CN(C(=O)Cc2ccccc2)CC12CC[NH2+]CC2
decoy_2904,0.533903,0.398933,0.808129,0.585425,0.549193,0.431189,O=C(Cc1ccccc1)NC1CCCCC1
decoy_2905,0.516859,0.426861,0.799579,0.625633,0.548813,0.46196,O=C(Cc1ccccc1)Nc1cc2c(s1)CCCC2
decoy_2906,0.396397,0.382667,0.686965,0.706028,0.467593,0.484435,O=C(Cc1ccccc1)Nc1cc2c(s1)C[NH2+]CC2
decoy_2907,0.336091,0.365349,0.815105,0.789731,0.470756,0.45279,O=C(CC1CCCCC1)NC1CCN(CC(=O)NC2CCCCC2)CC1
decoy_2908,0.369989,0.335165,0.873621,0.720082,0.498533,0.446921,O=C(CN1CCC(NC(=O)CC2CCCCC2)CC1)NCC1CCC1
decoy_2909,0.41032,0.378477,0.882353,0.745239,0.52882,0.465067,O=C(CC1CCCCC1)NC1CCN(C(=O)Nc2cccnc2)CC1
decoy_291,0.483813,0.575313,0.729376,0.761429,0.526454,0.600309,CCCn1nccc1-c1ccc2c(c1)CCCN2
decoy_2910,0.358408,0.448953,0.851443,0.900683,0.567725,0.61277,O=C(Cc1ccccc1)Nc1c(NCC2CCCCC2)c2ccccc2oc1=O
decoy_2911,0.636625,0.429151,0.866228,0.600156,0.649009,0.456944,O=C(Cc1ccccc1)NCc1ccccc1
decoy_2912,0.640454,0.463345,0.890637,0.644008,0.604399,0.470119,O=C(Cc1ccccc1)NCCc1ccccc1
decoy_2913,0.494387,0.42126,0.907496,0.725068,0.600697,0.498591,O=C(CC1CCCCC1)NCCCc1ccn(-c2ccccc2)n1
decoy_2914,0.527275,0.412948,0.90243,0.676216,0.622433,0.462575,O=C(Cc1ccccc1)NCS(=O)(=O)c1ccccc1
decoy_2915,0.489328,0.419779,0.827307,0.662263,0.593457,0.462423,O=C(CC1CCCCC1)NNC(=O)c1ccccc1
decoy_2916,0.418623,0.360296,0.853067,0.675354,0.568874,0.446993,O=C(CC1CCCCC1)NNC(=O)[C@@H]1Cc2ccccc2C(=O)O1
decoy_2917,0.504091,0.43334,0.919385,0.760202,0.59393,0.489098,O=C(CC1CCCCC1)NNS(=O)(=O)c1ccccc1
decoy_2918,0.428336,0.49199,0.730537,0.720411,0.492658,0.534485,O=C(Cc1ccccc1)Oc1ccc2c(c1)OC=C[C@H]2c1ccccc1
decoy_2919,0.414765,0.456946,0.778211,0.74108,0.531209,0.552563,O=C(Cc1ccccc1)OCC(=O)c1ccn(Cc2ccco2)c1
decoy_292,0.569662,0.527817,0.826469,0.794185,0.630444,0.579387,O=C(c1ccncn1)C1CCCC1
decoy_2920,0.529278,0.401431,0.833614,0.61836,0.55558,0.440762,O=C(CC1CCCCCC1)NC1CCCC1
decoy_2921,0.523309,0.420018,0.872272,0.673498,0.57655,0.463373,O=C(CC1CCCCCC1)NCCC1CCCC1
decoy_2922,0.480192,0.393535,0.856843,0.671787,0.548836,0.450299,O=C(C[C@H]1CCCCO1)NCC[C@@H](c1ccccc1)C1CC1
decoy_2923,0.474533,0.388811,0.773538,0.623247,0.56093,0.444921,O=C(C[C@H]1CCC[NH2+]1)Nc1ccccc1
decoy_2924,0.602911,0.436166,0.862121,0.70727,0.646108,0.449586,O=C(Cc1ccco1)c1ccccc1
decoy_2925,0.538286,0.393336,0.799775,0.576727,0.56723,0.437325,O=C(Cc1ccco1)NC1CCCCC1
decoy_2926,0.511859,0.435524,0.864692,0.690913,0.576405,0.481902,O=C(Cc1ccsc1)Nc1cn(Cc2ccccc2)c(=O)[nH]c1=O
decoy_2927,0.420864,0.367503,0.780562,0.620851,0.512054,0.429424,O=C(Cc1cnc2ccccn12)Nc1cc2c(s1)CCCC2
decoy_2928,0.563401,0.547921,0.812212,0.741885,0.581363,0.525109,O=C(Cc1coc2ccccc12)Nc1cccs1
decoy_2929,0.493156,0.435117,0.834248,0.70754,0.568419,0.473544,O=C(Cc1coc2ccccc12)NC1CC[NH2+]CC1
decoy_293,0.468557,0.419362,0.786432,0.702438,0.486392,0.462116,CC1(C)CCCN([C@@H]2CCCC[NH2+]C2)C1
decoy_2930,0.614228,0.47266,0.879709,0.659425,0.640626,0.491095,O=C(Cc1coc2ccccc12)NCc1ccccc1
decoy_2931,0.427022,0.455991,0.873778,0.812619,0.567336,0.534669,O=C(Cc1coc2ccccc12)NNC(=O)C[C@]12C[C@H]3C[C@@H](C[C@H](C3)C1)C2
decoy_2932,0.51813,0.400353,0.812657,0.603603,0.588334,0.457383,O=C(Cc1coc2ccccc12)OCc1ncc2ccsc2n1
decoy_2933,0.620235,0.47511,0.904134,0.685099,0.602744,0.470622,O=C(C[C@@H]1C(=O)Nc2ccccc21)c1ccccc1
decoy_2934,0.543113,0.435893,0.821931,0.630111,0.57786,0.447008,O=C(Cc1cscn1)NCCC1=CCCCC1
decoy_2935,0.578814,0.49566,0.889648,0.727809,0.649942,0.49756,O=C(Cc1cscn1)N/N=C/c1ccccc1
decoy_2936,0.417248,0.391953,0.801305,0.680469,0.589556,0.476875,O=C(Cc1cscn1)N/N=C/c1ccc(OCc2ccccc2)cc1
decoy_2937,0.470164,0.409965,0.843261,0.68744,0.527675,0.442378,O=C(Cc1n[nH]c(=O)c2ccccc12)N[C@H](c1ccccc1)c1cccs1
decoy_2938,0.536982,0.417907,0.947589,0.70912,0.63762,0.46128,O=C(C[C@@H]1SC=NC1=O)Nc1cccs1
decoy_2939,0.553255,0.482841,0.911599,0.747432,0.566354,0.49281,O=C(C[C@@H]1c2ncsc2C[C@H]2CCCC[C@H]21)N1CCCCC1
decoy_294,0.510431,0.540461,0.75064,0.735902,0.552125,0.636031,CC(C)c1ccc([C@H]2C[C@@H](O)CCO2)cc1
decoy_2940,0.55646,0.468646,0.859499,0.707969,0.594265,0.48984,O=C(C[C@@H]1c2ncsc2C[C@H]2CCCC[C@H]21)N1CCOCC1
decoy_2941,0.409037,0.437105,0.933027,0.855536,0.564993,0.50539,O=C(CC1=c2ccccc2=NC1)NC1(C(=O)NC2CCCCC2)CCCCC1
decoy_2942,0.440079,0.3868,0.827823,0.690079,0.52982,0.45104,O=C(CC1=c2ccccc2=NC1)NC[C@H]1NNc2cccc[n+]21
decoy_2943,0.390991,0.354761,0.840042,0.696593,0.564719,0.444766,O=C(CC1=c2ccccc2=NC1)N/N=C/C1=CNN(Cc2ccccc2)C1
decoy_2944,0.373375,0.399952,0.841772,0.793813,0.513718,0.475907,O=C(CC1=c2ccccc2=N[C@H]1Sc1ccccc1)NCCN1CC[NH2+]CC1
decoy_2945,0.485243,0.554381,0.862694,0.841086,0.564699,0.645472,O=C(Cc1c(-c2ccccc2)nc2ccccn12)Nc1ccccc1
decoy_2946,0.473709,0.39511,0.836473,0.641976,0.566172,0.445361,O=C(C[C@H]1Cc2ccccc2OC1=O)NC1N=c2ccccc2=N1
decoy_2947,0.486438,0.454756,0.897357,0.761927,0.567391,0.490274,O=C(C[C@H]1Cc2ccccc2OC1=O)NCCC1=c2ccccc2=NC1
decoy_2948,0.536353,0.415206,0.847697,0.658469,0.546529,0.455729,O=C(C[C@H]1CC[C@H]2CCCC[C@@H]2C1)N1CCCCC1
decoy_2949,0.56892,0.448074,0.844479,0.671222,0.56324,0.470297,O=C(C[C@H]1CCC[C@H]2CCCC[C@H]21)N1CCCC1
decoy_295,0.488984,0.436448,0.699804,0.628133,0.536848,0.483061,C[C@H]1CC[C@]2(CC1)C[C@@H](O)CCO2
decoy_2950,0.497471,0.503635,0.79365,0.735184,0.556676,0.519912,O=C(Cc1ccc(-c2ccccc2)cc1)O[C@@H]1CCCCO1
decoy_2951,0.442865,0.514146,0.830187,0.824148,0.540724,0.56612,O=C(Cc1cccc(NCc2ccccc2)c1)NCc1ccccc1
decoy_2952,0.424113,0.342838,0.850862,0.641682,0.532773,0.420456,O=C(COC(=O)Cc1coc2cc3c(cc12)CCC3)Cc1nc2ccccc2[nH]1
decoy_2953,0.38898,0.358225,0.876551,0.738195,0.532857,0.495932,O=C(C[C@@H]1CS[C@H]2NC3=C(CCCC3)C(=O)N12)NCCC1=c2ccccc2=NC1
decoy_2954,0.462697,0.494978,0.792509,0.781484,0.528373,0.530154,O=C(Cc1csc(-c2nc[nH]n2)n1)NCCc1ccccc1
decoy_2955,0.512631,0.468778,0.849662,0.711817,0.581363,0.480845,O=C(Cc1csc(COc2ccccc2)n1)OCc1ccccc1
decoy_2956,0.428335,0.396093,0.917675,0.852495,0.583572,0.512165,O=C(C[C@H]1C(=O)NCC[N@@H+]1C1CCCC1)NCCc1ccccc1
decoy_2957,0.432504,0.408454,0.896683,0.838829,0.573461,0.517122,O=C(C[C@H]1C(=O)NCC[N@@H+]1C1CCCC1)NCCc1nccs1
decoy_2958,0.465458,0.419586,0.923344,0.764328,0.579924,0.473993,O=C(C[C@H]1C(=O)NCCN1Cc1ccccc1)NC1(c2ccccc2)CC1
decoy_2959,0.488907,0.412412,0.928993,0.731079,0.566784,0.469587,O=C(C[C@H]1C(=O)NCCN1Cc1ccccc1)NCc1ccccc1
decoy_296,0.501154,0.420336,0.704479,0.628157,0.561631,0.452611,C[C@]1(C2CCCC2)C[C@H](O)CCO1
decoy_2960,0.381246,0.35057,0.875357,0.770735,0.513535,0.461299,O=C(C[C@H]1C(=O)NCC[N@@H+]1C/C=C/c1ccccc1)NCCc1ccccc1
decoy_2961,0.399474,0.397559,0.904328,0.875495,0.541951,0.542911,O=C(C[C@@H]1Sc2ccccc2NC1=O)NC[C@@H](c1ccccc1)[NH+]1CCCC1
decoy_2962,0.394319,0.360232,0.905498,0.801253,0.538769,0.474126,O=C(C[C@@H]1Sc2ccccc2NC1=O)NC[C@H](c1cccs1)[NH+]1CCCCC1
decoy_2963,0.556201,0.456952,0.850507,0.654769,0.564189,0.462649,O=C(C[C@@H]1Sc2ccccc2NC1=O)OCc1ccsc1
decoy_2964,0.339564,0.382161,0.783691,0.754654,0.501904,0.505781,O=C(C[C@@H]1S/C(=N/N=C/c2ccccc2)NC1=O)Nc1cc2c(s1)CCCC2
decoy_2965,0.459646,0.384353,0.898994,0.720776,0.54035,0.465086,O=C(C[C@@H]1CC[C@H]2Cc3scnc3C[C@H]2C1)N1CC[NH2+]CC1
decoy_2966,0.517339,0.445042,0.829232,0.694644,0.555291,0.471616,O=C(C[C@@H]1CC[C@H]2Cc3scnc3C[C@H]2C1)N1CCOCC1
decoy_2967,0.461472,0.455125,0.791184,0.711313,0.530403,0.498856,O=C(C[C@@H]1CC[C@H]2Cc3scnc3C[C@H]2C1)NC1CC1
decoy_2968,0.344885,0.352619,0.859054,0.803892,0.505611,0.459446,O=C(CC1CCN(C(=O)[C@@H]2C=c3ccccc3=N2)CC1)NCC[NH+]1CCCCC1
decoy_2969,0.432831,0.379388,0.831598,0.669441,0.566544,0.452772,O=C(Cc1nc2sc3c(c2c(=O)[nH]1)CCCC3)Nc1ccccc1
decoy_297,0.55694,0.440035,0.794589,0.643301,0.584734,0.496271,O[C@H]1CCOC2(Cc3ccccc3C2)C1
decoy_2970,0.430158,0.386908,0.922444,0.761843,0.544655,0.462245,O=C(C[C@H]1C(=O)N[C@@H]2CCCC[C@H]2N1C(=O)c1ccccc1)Nc1ccccc1
decoy_2971,0.580354,0.434405,0.841914,0.623307,0.570776,0.453375,O=C(CC(C1CC1)C1CC1)NCc1ccsc1
decoy_2972,0.441596,0.428509,0.884451,0.847035,0.539578,0.530309,O=C(CCC1CCCC1)N1CCC2(CC[NH2+]CC2)C1
decoy_2973,0.581359,0.450451,0.855246,0.645994,0.602582,0.484881,O=C(CCC1CCCC1)NCc1ccccc1
decoy_2974,0.570212,0.463715,0.829686,0.649108,0.599394,0.481949,O=C(CCC1CCCC1)NCc1cccs1
decoy_2975,0.5986,0.487337,0.896328,0.705447,0.629413,0.491799,O=C(CCC1CCCC1)Oc1ccnn1-c1ccccc1
decoy_2976,0.604297,0.473515,0.784026,0.694856,0.567679,0.451473,O=C(CCc1ccccc1)c1ccccc1
decoy_2977,0.587425,0.399225,0.831316,0.595129,0.568513,0.436959,O=C(CC=Nc1ccccc1)CCc1ccccc1
decoy_2978,0.588498,0.462995,0.832299,0.634394,0.628458,0.483,O=C(CCc1ccccc1)Nc1ccccc1
decoy_2979,0.553643,0.453574,0.845542,0.661012,0.558663,0.482012,O=C(CCc1ccccc1)NC1CCCCC1
decoy_298,0.519105,0.398727,0.794198,0.728563,0.557154,0.452692,CC(C)(C)[C@@H]1C[C@@H](Cl)CCO1
decoy_2980,0.457477,0.374139,0.816376,0.620145,0.522116,0.429457,O=C(CCc1ccccc1)N[C@H]1CCS(=O)(=O)C1
decoy_2981,0.576921,0.446638,0.8273,0.627868,0.624242,0.474711,O=C(CCc1ccccc1)Nc1coc2ccccc12
decoy_2982,0.45914,0.434615,0.876819,0.75502,0.563954,0.479937,O=C(CCc1ccccc1)NC1CCN(C(=O)C2CC2)CC1
decoy_2983,0.431763,0.404204,0.877116,0.740545,0.559767,0.469171,O=C(CCc1ccccc1)NC1CCN(C(=O)Nc2ccccc2)CC1
decoy_2984,0.625089,0.456331,0.884193,0.643433,0.631965,0.477676,O=C(CCc1ccccc1)NCc1ccccc1
decoy_2985,0.562733,0.444374,0.858894,0.658306,0.60641,0.462915,O=C(CCC1CCCCC1)NCc1ccccc1
decoy_2986,0.540072,0.450128,0.867881,0.685042,0.567294,0.457916,O=C(CCc1ccccc1)N[C@H](c1ccccc1)c1cccs1
decoy_2987,0.498124,0.492179,0.885411,0.846568,0.548468,0.54613,O=C(/C=C/c1ccccc1)N(Cc1ccccc1)c1c[nH]c(=O)[nH]c1=O
decoy_2988,0.434398,0.495465,0.83106,0.864241,0.499562,0.55553,O=C(CCc1ccccc1)N(Cc1ccccc1)c1c[nH]c(=O)[nH]c1=O
decoy_2989,0.595208,0.462536,0.880632,0.668723,0.628541,0.497978,O=C(CCc1ccccc1)NC[C@H]1CCCO1
decoy_299,0.548377,0.515268,0.785128,0.823129,0.580869,0.499196,CCc1ccc(CC)c([C@H](Br)C2CC2)c1
decoy_2990,0.53371,0.412714,0.803474,0.606204,0.56257,0.443915,O=C(CCC1CCCCC1)NCc1ccco1
decoy_2991,0.568622,0.514451,0.864581,0.805593,0.586099,0.51152,O=C(CCC1CCCCC1)N(Cc1ccsc1)Cc1ccco1
decoy_2992,0.388523,0.344678,0.850849,0.726563,0.550763,0.431155,O=C(CCc1ccccc1)NCCc1cn2c([nH+]1)CCCC2
decoy_2993,0.571795,0.458295,0.893861,0.694323,0.593595,0.478603,O=C(CCc1ccccc1)NCCCc1ccccc1
decoy_2994,0.412012,0.407981,0.879692,0.76589,0.58692,0.471051,O=C(CCc1ccccc1)NCC(=O)Nc1cccc(N2CCCC2)c1
decoy_2995,0.491064,0.402945,0.811161,0.61695,0.552851,0.448948,O=C(CCc1ccccc1)NC(=S)Nc1ccccc1
decoy_2996,0.645142,0.439227,0.824265,0.648458,0.624886,0.443834,O=C(CCc1ccccc1)Oc1ccccc1
decoy_2997,0.606134,0.549432,0.928163,0.793579,0.609777,0.529981,O=C(CCc1ccccc1)Oc1ccccc1NC(=O)C1CC1
decoy_2998,0.543729,0.500142,0.815818,0.725637,0.57069,0.574212,O=C(CCc1ccccc1)OCc1ncc[nH]1
decoy_2999,0.567909,0.452179,0.849773,0.659352,0.621287,0.466793,O=C(CCc1ccccc1)OCc1ccc2ccccc2n1
decoy_3,0.445403,0.488889,0.71359,0.679804,0.551252,0.496939,CCOc1ccc2c(=O)c(-c3nc4ccccc4s3)coc2c1
decoy_30,0.467208,0.395147,0.826998,0.670117,0.506434,0.434875,Cc1ccc([C@H]2C[C@H](c3ccc(C(C)C)cc3)Nc3ncnn32)cc1
decoy_300,0.551367,0.483407,0.895867,0.757958,0.593797,0.486657,CNc1ccc2ccc(F)c(F)c2n1
decoy_3000,0.450518,0.353912,0.863426,0.645974,0.528733,0.412907,O=C1NC(COC(=O)CCc2ccccc2)=C[C@@H](c2ccccc2)N1
decoy_3001,0.615278,0.432124,0.865095,0.644208,0.604278,0.460679,O=C(CCc1ccccc1)OCCOc1ccccc1
decoy_3002,0.474191,0.393724,0.892056,0.69884,0.584234,0.460934,O=C(CCc1ccccc1)OCC(=O)N1c2ccccc2OC[C@H]1c1ccccc1
decoy_3003,0.482313,0.392037,0.893579,0.696009,0.569804,0.443527,O=C(CCc1ccccc1)OCC(=O)N1c2ccccc2SC[C@H]1c1ccccc1
decoy_3004,0.447455,0.361666,0.803765,0.617849,0.59913,0.428088,O=C(CC[C@H]1CCCC[NH2+]1)Nc1ccccc1
decoy_3005,0.604474,0.478407,0.898576,0.697273,0.624749,0.487657,O=C(CCC1=CCC=N1)NCc1cccs1
decoy_3006,0.411968,0.353255,0.803307,0.658334,0.506627,0.451231,O=C(CCC1=CCC=N1)NCC[C@]12C[C@H]3C[C@@H](C[C@H](C3)C1)C2
decoy_3007,0.471377,0.403509,0.876327,0.68822,0.516985,0.434803,O=C(CCc1ccc(=O)[nH]c1)N[C@H](c1ccccc1)c1cccs1
decoy_3008,0.590012,0.462554,0.750373,0.700486,0.576804,0.478328,O=C(/C=C/c1ccccc1)CCc1cccs1
decoy_3009,0.515552,0.42993,0.832254,0.663635,0.513997,0.454889,O=C(CCc1cccs1)N1C[C@@H]2C[C@H]3C[C@@H](C2)C[C@H]1C3
decoy_301,0.594408,0.39416,0.830348,0.705888,0.615701,0.492602,C#CC(C)(C)N[C@H](C)c1ccc(CC(C)C)cc1
decoy_3010,0.597901,0.437608,0.860935,0.632312,0.604502,0.466676,O=C(CCc1cccs1)Nc1ccccc1
decoy_3011,0.579592,0.434575,0.823184,0.6055,0.57884,0.457837,O=C(CCc1cccs1)NCc1ccccc1
decoy_3012,0.383657,0.398243,0.867989,0.842935,0.555309,0.499208,O=C(CCc1cccs1)NC[C@H]1CCC[N@@H+]1CC1CCCCC1
decoy_3013,0.558204,0.460127,0.824247,0.646489,0.553728,0.463662,O=C(CCc1cccs1)NCCc1ccccc1
decoy_3014,0.549229,0.478115,0.857751,0.694908,0.606359,0.505573,O=C(CCc1cccs1)NCCNc1ccccc1
decoy_3015,0.552775,0.476098,0.902409,0.724695,0.588738,0.48001,O=C(CCc1cccs1)NN=C(c1ccccc1)c1ccccc1
decoy_3016,0.515242,0.407121,0.824783,0.613854,0.634007,0.448709,O=C(CCc1cccs1)NNC(=O)c1ccccc1
decoy_3017,0.435883,0.344288,0.823021,0.606515,0.579638,0.419296,O=C(CCc1cccs1)NNC(=O)CC1CCCCC1
decoy_3018,0.507177,0.526901,0.804923,0.741879,0.571824,0.519578,O=C(CCc1cccs1)OCc1csc(Nc2ccccc2)n1
decoy_3019,0.394236,0.379166,0.801832,0.71337,0.499412,0.449914,O=C(C[C@@H](c1ccsc1)c1c[nH]c2ccccc12)NCC[NH+]1CCCC1
decoy_302,0.521195,0.4481,0.825966,0.678107,0.588534,0.48977,CC(C)c1ncc(Cl)c(C(=O)O[C@@H]2CCCC[C@H]2C)n1
decoy_3020,0.521602,0.575246,0.81198,0.776288,0.595976,0.58274,O=C(CCc1cncnc1)Oc1ccccc1
decoy_3021,0.522782,0.423523,0.8481,0.666117,0.569868,0.471981,O=C(CCc1cnc[nH]c1=O)OCCCc1ccccc1
decoy_3022,0.486205,0.385229,0.810117,0.598841,0.593389,0.434478,O=C(CCc1cn[nH]c1)N/N=C/c1ccccc1
decoy_3023,0.444701,0.390937,0.830341,0.745255,0.555471,0.482294,O=C(CCc1scnc1-c1cccs1)NCC[NH+]1CCCC1
decoy_3024,0.435022,0.43373,0.864292,0.787009,0.521707,0.471322,O=C(CCC1=c2ccccc2=NC1)NC[C@@H](C1=c2ccccc2=NC1)c1cccs1
decoy_3025,0.437905,0.514402,0.757179,0.757318,0.528281,0.546287,O=C(CCc1ccc(-c2ccccc2)o1)NCc1ccccc1
decoy_3026,0.367684,0.437782,0.814679,0.82126,0.517993,0.497167,O=C(CC[C@H]1CCCN(C(=O)Nc2ccccc2)C1)NCc1ccccc1
decoy_3027,0.337064,0.330325,0.883228,0.801502,0.524791,0.474405,O=C(CC[C@H]1CCCN(C(=O)Nc2ccccc2)C1)NCC[NH+]1CCCCC1
decoy_3028,0.304322,0.318995,0.827319,0.808908,0.462691,0.49122,O=C(CCc1ccc(S(=O)(=O)NC2CCCCC2)cc1)NCCC1=CCCCC1
decoy_3029,0.542583,0.482577,0.893084,0.743949,0.592835,0.503761,O=C(CCc1cnc2ccnn2c1)NC1CCCCC1
decoy_303,0.499981,0.432167,0.796203,0.653587,0.547273,0.463643,CC(C)c1ncc(Cl)c(C(=O)O[C@@H]2CCC[C@H](C)C2)n1
decoy_3030,0.534384,0.462894,0.877991,0.727377,0.570712,0.496947,O=C(CCc1cnc2[nH]ncc2c1)NCc1ccccc1
decoy_3031,0.44893,0.365743,0.859529,0.655811,0.56322,0.437469,O=C(CCc1nc(-c2ccccc2)no1)NCCSCc1ccccc1
decoy_3032,0.448304,0.375692,0.858314,0.665185,0.567841,0.444261,O=C(CCc1ncc(-c2ccccc2)o1)NCCNc1ccccc1
decoy_3033,0.368109,0.407377,0.797221,0.749948,0.526281,0.474911,O=C(CCc1ncc(-c2ccccc2)o1)OCC(=O)c1ccc2c(c1)CCCC2
decoy_3034,0.550792,0.435112,0.876448,0.669676,0.582515,0.474724,O=C(CCCc1ccccc1)N1CCCc2[nH]ncc21
decoy_3035,0.587669,0.461967,0.916172,0.704688,0.610446,0.488745,O=C(CCCc1ccccc1)NC1CCCCCC1
decoy_3036,0.458906,0.452568,0.815717,0.763061,0.532489,0.511873,O=C(CCCC1CCCCC1)NCc1nnc2ccccn12
decoy_3037,0.560967,0.431344,0.864808,0.645962,0.603678,0.479516,O=C(CCCc1ccccc1)N/N=C/c1ccccc1
decoy_3038,0.419839,0.38978,0.856538,0.71369,0.539735,0.446766,O=C(CCCc1ccccc1)N/N=C/c1ccccc1OCc1ccccc1
decoy_3039,0.457709,0.343819,0.840756,0.603463,0.584755,0.412896,O=C(CCCc1ccccc1)N/N=C/c1ccc(-c2ccccc2)o1
decoy_304,0.45469,0.423558,0.688208,0.593713,0.484253,0.430881,CC(=O)N[C@@H]1C[C@H]2C[C@@H]1[C@H]1CCC[C@H]21
decoy_3040,0.427168,0.37287,0.858096,0.679298,0.577009,0.438355,O=C(CCCC1CCCCC1)NNC(=O)COc1ccccc1
decoy_3041,0.578485,0.531504,0.832393,0.716644,0.604744,0.546611,O=C(CCCc1ncno1)N1CCCCC1
decoy_3042,0.494336,0.435384,0.889925,0.73036,0.563338,0.485391,O=C(CCCC1=c2ccccc2=NC1)N[C@@H]1CC2=C(CCC2)S1
decoy_3043,0.530315,0.483568,0.920678,0.787717,0.599846,0.521422,O=C(CCCCc1ccccc1)O[C@H]1Cc2ccccc2O[C@@H]1c1ccccc1
decoy_3044,0.589974,0.563006,0.804963,0.779342,0.592695,0.537616,O=C(CCCCc1ccccc1)OC[C@H]1CO1
decoy_3045,0.492712,0.383093,0.873532,0.683392,0.626036,0.506116,O=C(CCCCCc1ccccc1)C[C@H]1CC[C@H]([C@H]2CCCCO2)O1
decoy_3046,0.535637,0.505402,0.868869,0.758013,0.567969,0.498297,O=C(CCC/C=C/C[C@H]1CCCC1=O)Oc1ccccc1
decoy_3047,0.482402,0.515369,0.795385,0.74313,0.556147,0.543987,O=C(CCCCOc1ccccc1)O[C@@H]1CCCCO1
decoy_3048,0.510691,0.461764,0.889444,0.738851,0.615647,0.50733,O=C(CCCOc1ccccc1)Nc1ccnn1CC1CC1
decoy_3049,0.48583,0.420166,0.807325,0.656595,0.548493,0.461955,O=C(CCCOc1ccccc1)Nc1cc2c(s1)CCCC2
decoy_305,0.439386,0.436605,0.83618,0.733127,0.561133,0.484604,C#CCC[NH2+][C@@H](c1ccccc1)C1CCCCC1
decoy_3050,0.466374,0.510237,0.795235,0.746179,0.577235,0.574113,O=C(CCCOc1ccccc1)N/N=C/c1ccccc1
decoy_3051,0.417149,0.360532,0.822014,0.647673,0.58584,0.442367,O=C(CCCOc1ccccc1)NNC(=O)CCc1cccs1
decoy_3052,0.535874,0.403828,0.831166,0.613236,0.587897,0.438451,O=C(CCC(=O)c1cccs1)OCc1coc(-c2cccs2)n1
decoy_3053,0.490327,0.524144,0.880099,0.845254,0.559535,0.548965,O=C(CCCS(=O)(=O)c1ccccc1)Nc1cc2c(s1)CCCC2
decoy_3054,0.506848,0.414647,0.837452,0.711143,0.617095,0.490878,O=C(CC[NH+]1CCCCC1)c1ccccc1
decoy_3055,0.388254,0.367626,0.784658,0.772066,0.52626,0.537366,O=C1C[N@@H+](CCC(=O)Nc2cc3c(s2)CCCC3)CCN1
decoy_3056,0.358618,0.318156,0.873894,0.755459,0.556069,0.470382,O=C(CCN1CC[NH+](C2CCCCC2)CC1)NC1=c2ccccc2=NC1
decoy_3057,0.38888,0.350287,0.877266,0.750343,0.534496,0.452502,O=C(CCN1C(=O)[C@H]2CCCC[C@H]2C1=O)NC1CC[NH2+]CC1
decoy_3058,0.596675,0.419758,0.833858,0.631304,0.604837,0.443419,O=C(CC=Nc1ccccc1)[C@H]1C[C@H]1c1ccccc1
decoy_3059,0.428072,0.38358,0.806474,0.703592,0.556788,0.484132,O=C(CC[NH2+]C1CCCCC1)Nc1ccccc1
decoy_306,0.518685,0.442639,0.766925,0.612693,0.520229,0.465103,CC(C)(C)C(=O)N1CCO[C@H]2CCC[C@H]21
decoy_3060,0.456901,0.452221,0.893819,0.790266,0.577832,0.526568,O=C(CCNc1nc(-c2ccccc2)nc2ccccc12)NCc1ccccc1
decoy_3061,0.444544,0.447388,0.85809,0.758683,0.534936,0.483345,O=C(CCNc1nc(Cc2ccccc2)ns1)NC1CCCCC1
decoy_3062,0.397975,0.328639,0.855315,0.689954,0.606712,0.436585,O=C(CC[NH2+]Cc1ccc(-n2ccnc2)cc1)Nc1ccccc1
decoy_3063,0.405178,0.363185,0.878313,0.754868,0.587193,0.48026,O=C(CC[NH2+]C[C@H]1CNc2ccnn2C1)N1CCc2sccc2C1
decoy_3064,0.430348,0.399894,0.813842,0.707499,0.517002,0.458801,O=C(CC[NH2+]CCC1=CCCCC1)Nc1ccccc1
decoy_3065,0.399434,0.331096,0.878742,0.674446,0.565047,0.418025,O=C(CCNC(=O)[C@H]1C[C@H]1c1ccccc1)Nc1cccc(N2CCCC2)c1
decoy_3066,0.48597,0.447413,0.904119,0.7552,0.551258,0.486041,O=C(CCNC(=O)C1CCCC1)NCCc1ccccc1
decoy_3067,0.439179,0.439624,0.939904,0.886891,0.596704,0.54718,O=C(CCNC(=O)C1CCCC1)NCC[NH+]1CCCCCC1
decoy_3068,0.484417,0.41999,0.913701,0.72833,0.553239,0.458215,O=C(CCNC(=O)C1CCCCC1)NC1CCCCC1
decoy_3069,0.403721,0.380837,0.87648,0.771612,0.537189,0.478955,O=C(CCNC(=O)C1CCCCC1)N[C@H]1CCS(=O)(=O)C1
decoy_307,0.527365,0.475318,0.734205,0.695365,0.558512,0.508626,O=C(N1CCO[C@H]2CCCC[C@H]21)C(F)(F)F
decoy_3070,0.461352,0.410155,0.905817,0.737386,0.561082,0.45525,O=C(CCNC(=O)C1CCCCC1)NCCc1ccccc1
decoy_3071,0.401864,0.385166,0.873058,0.757734,0.541296,0.481565,O=C(CCNC(=O)C1CCCCC1)NCCC1CCCCC1
decoy_3072,0.499039,0.373065,0.867309,0.626678,0.581213,0.428608,O=C(CCNC(=O)C1CCCCC1)Oc1ccccc1
decoy_3073,0.359391,0.350345,0.842424,0.795494,0.560344,0.529764,O=C(CCNC(=O)N1CC[C@H]([NH+]2CCCC2)C1)Nc1ccccc1
decoy_3074,0.487532,0.398757,0.844969,0.645557,0.600839,0.455625,O=C(NNCCC(=O)[C@@H]1CC=CCC1)c1ccccc1
decoy_3075,0.423482,0.378329,0.86654,0.724396,0.546496,0.469369,O=C(CCNS(=O)(=O)c1ccccc1)NCCc1ccccc1
decoy_3076,0.375673,0.377937,0.847675,0.848426,0.541643,0.516193,O=C(CCNS(=O)(=O)c1ccccc1)NCC[NH+]1CCCCC1
decoy_3077,0.495853,0.427995,0.880968,0.723338,0.56198,0.462626,O=C(CCNS(=O)(=O)c1cccs1)NCc1ccccc1
decoy_3078,0.332548,0.311111,0.876033,0.811726,0.53813,0.466046,O=C(CCNS(=O)(=O)c1ccc2c(c1)CCCC2)NCC[NH+]1CCCCC1
decoy_3079,0.59702,0.472754,0.83061,0.645063,0.594755,0.500283,O=C(CCOc1ccccc1)N1CCOCC1
decoy_308,0.5578,0.446985,0.80538,0.635025,0.572084,0.47059,CC(C)[C@H]1C[C@](C#N)(N2CCCC2)CCO1
decoy_3080,0.57396,0.454193,0.83607,0.637931,0.58844,0.476365,O=C(CCOc1ccccc1)NC1CC1
decoy_3081,0.450607,0.382187,0.888607,0.703699,0.573486,0.449621,O=C(CC(=O)Nc1ccccc1)NCCC1=C2CCCC[C@@H]2N=N1
decoy_3082,0.396373,0.340771,0.85879,0.75281,0.603482,0.482738,O=C(CC(=O)Nc1ccccc1)NCC[NH+]1CCCCC1
decoy_3083,0.372436,0.341174,0.894321,0.749813,0.573865,0.459477,O=C(CCSc1ccccc1)N1CC[NH+](C(c2ccccc2)c2ccccc2)CC1
decoy_3084,0.45442,0.405435,0.899514,0.736445,0.538609,0.454821,O=C(CCSc1ccccc1)N(Cc1ccccc1)c1c[nH]c(=O)[nH]c1=O
decoy_3085,0.417322,0.43006,0.80129,0.730883,0.533915,0.502191,O=C(CCSc1ccccc1)OCc1ncnc(Nc2ccccc2)n1
decoy_3086,0.482245,0.411234,0.815968,0.648538,0.556724,0.443325,O=C(CCSc1nc2ccccc2s1)NCCc1ccccc1
decoy_3087,0.402327,0.37929,0.847662,0.722063,0.5377,0.468195,O=C(CCSCc1nc2sc3c(c2c(=O)[nH]1)CCCC3)Nc1ccccc1
decoy_3088,0.401366,0.336215,0.81888,0.64587,0.539374,0.415058,O=C(CCS(=O)(=O)c1ccccc1)Nc1nc2ccccc2s1
decoy_3089,0.475264,0.454243,0.878177,0.751875,0.566006,0.489877,O=C(CCS(=O)(=O)Nc1ccccc1)Nc1ccccc1
decoy_309,0.613799,0.515043,0.816649,0.742019,0.628842,0.505995,C[C@@H]1COc2ccc([C@@H](Cl)[C@H]3C[C@H]3C)cc2OC1
decoy_3090,0.435447,0.375477,0.80504,0.664743,0.579143,0.452189,O=C(C[N@H+]1C[C@H]2CCC[C@@H]1C2)Nc1c[nH]c2ccccc12
decoy_3091,0.557443,0.426727,0.907967,0.685879,0.570365,0.444735,O=C(CN1CCc2ccccc21)NC[C@H]1CCCc2ccccc21
decoy_3092,0.390754,0.364856,0.878164,0.740882,0.584135,0.460086,O=C(CN1CCc2ccccc21)NC(=O)N[C@]12C[C@H]3C[C@@H](C[C@H](C3)C1)C2
decoy_3093,0.552095,0.455391,0.83712,0.671119,0.573957,0.483956,O=C(Cn1ccc2ccsc21)NCCC1=CCCCC1
decoy_3094,0.518948,0.490454,0.760688,0.691974,0.52919,0.484358,O=C(CN1CCC[C@H]1c1ccccc1)Nc1cccs1
decoy_3095,0.480424,0.425842,0.810843,0.692838,0.567452,0.488678,O=C(C[N@@H+]1CCC[C@H]1c1ccsc1)Nc1cccs1
decoy_3096,0.430547,0.37854,0.879466,0.743996,0.568065,0.451663,O=C(C[N@@H+]1CCC[C@H]1C(=O)NC1CC1)NC1CCCCC1
decoy_3097,0.376438,0.343613,0.79179,0.652386,0.546011,0.440901,O=C(C[N@@H+]1CCC[C@H]1C(=O)Nc1ccccc1)Nc1ccccn1
decoy_3098,0.47499,0.394493,0.807203,0.711852,0.574448,0.472266,O=C(C[NH+]1CCCC1)Nc1ccccc1
decoy_3099,0.470862,0.396228,0.828812,0.714528,0.592225,0.468989,O=C(C[NH+]1CCCC1)NCc1ccccc1
decoy_31,0.380628,0.352336,0.817046,0.822802,0.583328,0.47321,C[C@H]1CC[C@@H]2C[C@H]1C2(C)C
decoy_310,0.460579,0.39068,0.897274,0.73663,0.587675,0.461636,Cc1ccsc1C[NH2+]CC[C@@H]1CCC[C@@H](C)C1
decoy_3100,0.515105,0.410629,0.785802,0.5938,0.576073,0.447006,O=C(CN1CCCc2ccccc21)Nc1cccs1
decoy_3101,0.567713,0.421806,0.867468,0.64393,0.567147,0.448936,O=C(CN1CCCc2ccccc21)NCc1ccccc1
decoy_3102,0.401544,0.428947,0.807932,0.767166,0.516376,0.471484,O=C(C[NH+]1CCCCC1)N1N=C(c2ccccc2)C[C@H]1c1ccccc1
decoy_3103,0.389887,0.432576,0.769386,0.751527,0.485508,0.467613,O=C(C[NH+]1CCCCC1)N1N=C(c2ccccc2)C[C@H]1c1ccco1
decoy_3104,0.354349,0.415157,0.767632,0.835998,0.48869,0.520228,O=C(C[NH+]1CCCCC1)N1N=C(c2ccc3ccccc3c2)C[C@H]1c1ccccc1
decoy_3105,0.480688,0.42908,0.80857,0.730271,0.585682,0.492193,O=C(C[NH+]1CCCCC1)Nc1ccccc1
decoy_3106,0.464051,0.411375,0.841804,0.73178,0.562648,0.469122,O=C(C[NH+]1CCCCC1)NC1CCCCC1
decoy_3106_2,0.458221,0.404605,0.844933,0.726295,0.56204,0.464228,O=C(C[NH+]1CCCCC1)NC1CCCCC1
decoy_3107,0.453959,0.405197,0.873059,0.793981,0.619059,0.501459,O=C(C[NH+]1CCCCC1)N[C@H]1CCS(=O)(=O)C1
decoy_3108,0.439543,0.368431,0.747639,0.620163,0.548592,0.45363,O=C(C[NH+]1CCCCC1)Nc1c[nH]c2ccccc12
decoy_3109,0.452337,0.379977,0.796594,0.650885,0.545137,0.461608,O=C(C[NH+]1CCCCC1)/N=C1\CNc2ccccc21
decoy_311,0.593337,0.467494,0.835842,0.778489,0.561998,0.491758,Cl[C@@H]1CCCCC[C@H]1Cc1ccc2c(c1)CCC2
decoy_3110,0.433586,0.383721,0.823983,0.711523,0.618563,0.47186,[O-]C(C[NH+]1CCCCC1)=Nc1nc2ccccc2s1
decoy_3111,0.385492,0.365138,0.815454,0.745162,0.525167,0.459141,O=C(C[NH+]1CCCCC1)Nc1sc2c(c1C(=O)c1ccccc1)CCCC2
decoy_3112,0.462204,0.420521,0.865219,0.764499,0.548795,0.476726,O=C(C[NH+]1CCCCC1)NC[C@H]1C[C@@H]2CC[C@H]1C2
decoy_3113,0.454729,0.409968,0.787996,0.654549,0.553831,0.448181,O=C(C[NH+]1CCCCC1)NCc1ccccc1
decoy_3114,0.453571,0.412927,0.875802,0.755117,0.51495,0.463871,O=C(C[NH+]1CCCCC1)NCC1CCCCC1
decoy_3115,0.448432,0.415736,0.82716,0.705225,0.56644,0.474533,O=C(C[NH+]1CCCCC1)N[C@H](c1ccccc1)c1cccs1
decoy_3116,0.374717,0.429048,0.888766,0.91143,0.588031,0.552718,O=C(C[NH+]1CCCCC1)N(Cc1ccccc1)[C@]12C[C@H]3C[C@@H](C[C@H](C3)C1)C2
decoy_3117,0.454286,0.40222,0.809632,0.724688,0.577509,0.478627,O=C(C[NH+]1CCCCC1)NCc1cccs1
decoy_3118,0.354363,0.321378,0.819131,0.745799,0.525812,0.442486,O=C(C[NH+]1CCCCC1)NC(=O)N[C@]12C[C@H]3C[C@@H](C[C@H](C3)C1)C2
decoy_3119,0.418913,0.381278,0.817769,0.76032,0.597661,0.499219,O=C(C[NH+]1CCCCC1)NC(=O)NCc1cccs1
decoy_312,0.567639,0.486504,0.771842,0.737379,0.583571,0.509232,CC[C@@H]1CCC[C@@](O)(C2CCCC2)C1
decoy_3120,0.563748,0.490297,0.880661,0.725712,0.600219,0.492183,O=C(Cn1cccn1)Nc1ccccc1
decoy_3121,0.52806,0.46511,0.869865,0.698697,0.601359,0.483565,O=C(CN1CCCN1)NCC1N=c2ccccc2=N1
decoy_3122,0.543748,0.470588,0.763964,0.664519,0.586215,0.473057,O=C(Cn1cccn1)OC1CCCCC1
decoy_3123,0.519177,0.413056,0.850309,0.658741,0.576049,0.461177,O=C(Cn1cccnc1=O)Nc1cccs1
decoy_3124,0.466083,0.430392,0.867335,0.788709,0.591284,0.487364,O=C(C[N@@H+]1CCCNCC1)NC1CCCCC1
decoy_3125,0.470773,0.386935,0.80336,0.675572,0.529874,0.438302,O=C(Cn1cc[nH+]c1)Nc1ccccc1
decoy_3126,0.452172,0.394547,0.759519,0.631268,0.547757,0.437011,O=C(CN1CC[NH2+]CC1)Nc1ccccc1
decoy_3127,0.455705,0.400837,0.824367,0.755983,0.557424,0.499693,O=C(CN1CC[NH2+]CC1)NC1CCCCC1
decoy_3128,0.440359,0.400359,0.812566,0.756842,0.567026,0.60259,O=C(CN1CC[NH2+]CC1)Nc1cccs1
decoy_3129,0.384382,0.359239,0.726842,0.705021,0.478473,0.461699,O=C(CN1CC[NH2+]CC1)Nc1cc2c(s1)CCCC2
decoy_313,0.461789,0.435892,0.681379,0.7135,0.506985,0.45844,CC[C@@H]1CCC[C@@]2(CO2)C1
decoy_3130,0.458627,0.433712,0.752782,0.675961,0.520297,0.486044,O=C(CN1CC[NH2+]CC1)NCc1ccccc1
decoy_3131,0.437228,0.425791,0.808349,0.737841,0.540075,0.463505,O=C(CN1CC[NH2+]CC1)N[C@H](c1ccccc1)c1cccs1
decoy_3132,0.592998,0.430546,0.898601,0.650283,0.604006,0.460647,O=C(CN1CCOc2ccccc21)NCc1ccccc1
decoy_3133,0.539932,0.447964,0.829838,0.645593,0.582499,0.464692,O=C(CN1CCOCC1)Nc1ccccc1
decoy_3134,0.48237,0.445694,0.871434,0.744414,0.571658,0.504907,O=C(CN1CCOCC1)NC(=O)NC1CCCCC1
decoy_3135,0.558032,0.494179,0.849321,0.698438,0.598007,0.510179,O=C(CN1CCSCC1)Nc1c[nH]c2ccccc12
decoy_3136,0.569076,0.481318,0.927077,0.754294,0.636002,0.509251,O=C(Cn1cnc2cncnc21)c1cccs1
decoy_3137,0.496115,0.531281,0.796243,0.763812,0.58615,0.587143,O=C(Cn1cncn1)NC1CCCCC1
decoy_3138,0.545359,0.445998,0.87682,0.696736,0.611359,0.498721,O=C(Cn1cncn1)NCc1ccccc1
decoy_3139,0.524004,0.411829,0.912437,0.694308,0.575541,0.453272,O=C(Cn1cnnc1-c1cccs1)NCCCc1ccccc1
decoy_314,0.539666,0.430353,0.793821,0.656188,0.556144,0.47978,C[C@@H]1CCC[C@@H]([C@]2(O)CCOC(C)(C)C2)C1
decoy_3140,0.472822,0.486595,0.896095,0.824619,0.585482,0.548482,O=C(Cn1cnnc1)Nc1cccs1
decoy_3141,0.526206,0.406965,0.79676,0.608848,0.582418,0.439353,O=C(Cn1cnnc1)Nc1cc(-c2ccccc2)cs1
decoy_3142,0.427387,0.434834,0.806929,0.732619,0.554401,0.551387,O=C(Cn1cnnc1)Nc1cc(-c2ccccc2)c(-c2ccccc2)o1
decoy_3143,0.462116,0.528333,0.804717,0.815472,0.552036,0.539233,O=C(Cn1cnnc1)N[C@H](c1cccs1)C1CCCC1
decoy_3144,0.523281,0.460528,0.867425,0.71081,0.565622,0.485604,O=C(Cn1cnnc1SCc1ccccc1)Nc1ccccc1
decoy_3145,0.45703,0.390646,0.85736,0.688386,0.545717,0.433315,O=C(Cn1cnnc1SCc1ccccc1)Nc1cc2c(s1)CCCC2
decoy_3146,0.453961,0.48392,0.831623,0.806463,0.528842,0.528361,O=C(Cn1cnnc1SCc1ccccc1)Nc1cc(-c2ccccc2)cs1
decoy_3147,0.483699,0.421929,0.870224,0.69765,0.545284,0.459918,O=C(Cn1cnnc1SCCc1ccccc1)Nc1ccccc1
decoy_3148,0.46251,0.511403,0.793046,0.779802,0.514707,0.534018,O=C(Cn1cnnc1SCCc1ccccc1)Nc1cccs1
decoy_3149,0.515307,0.463757,0.873793,0.705703,0.599168,0.492075,O=C(CN1C(=O)CNC1=O)Nc1ccccc1
decoy_315,0.550316,0.446643,0.791038,0.706191,0.58095,0.49288,C[C@@H]1CCC[C@H]([C@@H](O)[C@@H]2CCC[C@H](C)C2)C1
decoy_3150,0.483256,0.424633,0.82672,0.702564,0.578126,0.475334,O=C(CN1C(=O)CNC1=O)NCc1ccccc1
decoy_3151,0.485347,0.391338,0.91041,0.707235,0.591992,0.460041,O=C(CN1C(=O)CNc2ccccc21)NCCC1=c2ccccc2=NC1
decoy_3152,0.483315,0.459559,0.81081,0.685994,0.527789,0.494138,O=C(CN1C(=O)NC=C[C@H]1c1ccccc1)Nc1cccs1
decoy_3153,0.474251,0.410521,0.795716,0.648652,0.55647,0.474753,O=C(CN1CCc2ccccc2[C@@H]1c1ccccc1)Nc1cccs1
decoy_3154,0.543836,0.424481,0.899719,0.672514,0.584257,0.454912,O=C(CN1CCc2ccccc2C1)NC1=c2ccccc2=NC1
decoy_3155,0.487145,0.387503,0.863221,0.663253,0.559749,0.440567,O=C(CN1CCc2sccc2[C@H]1c1ccccc1)NC(=O)Nc1ccccc1
decoy_3156,0.445239,0.378236,0.878891,0.698644,0.543038,0.433954,O=C(CN1CCc2sccc2[C@H]1c1ccccc1)NC(=O)NC1CCCCC1
decoy_3157,0.503678,0.448947,0.776381,0.684754,0.51914,0.464227,O=C(CN1CCc2sccc2[C@H]1c1cccs1)Nc1ccccc1
decoy_3158,0.532687,0.396787,0.87264,0.629144,0.588922,0.449003,O=C(CN1CCc2sccc2[C@H]1c1cccs1)Nc1cccs1
decoy_3159,0.547322,0.462766,0.919548,0.73028,0.62765,0.483543,O=C(CN1CCc2sccc2[C@H]1c1cccs1)NCc1ccccc1
decoy_316,0.502394,0.426022,0.743838,0.707555,0.510763,0.456563,CC[C@@H]1CCC[C@@H]([C@@H]2CCCC[C@@H]2Br)C1
decoy_3160,0.546845,0.454359,0.829528,0.658757,0.553463,0.461967,O=C(CN1CCc2sccc2C1)Nc1cc2c(s1)CCC2
decoy_3161,0.367551,0.36053,0.797196,0.718457,0.507479,0.437198,O=C(C[N@H+]1CCC[C@H]2CCCC[C@@H]21)Nc1cc2c(s1)CCC2
decoy_3162,0.392591,0.34257,0.857533,0.696916,0.542603,0.43766,O=C(C[N@H+]1CC[C@H](c2ccccc2)CC1)NC1CCCCC1
decoy_3163,0.439557,0.527075,0.803396,0.811326,0.525988,0.575254,O=C(CN1CC=C(c2ccccc2)CC1)NC1=c2ccccc2=NC1
decoy_3164,0.434558,0.342565,0.808735,0.61694,0.489203,0.400756,O=C(CN1CC=C(c2ccccc2)CC1)N[C@H](c1ccccc1)c1cccs1
decoy_3165,0.354627,0.324193,0.804958,0.713248,0.521032,0.456342,O=C(C[N@H+]1CC[C@H](C(=O)Nc2ccccc2)CC1)Nc1ccccc1
decoy_3166,0.356335,0.323426,0.859015,0.74823,0.562194,0.476073,O=C(C[N@H+]1CC[C@@H](C(=O)Nc2ccccc2)CC1)NC1CCCCC1
decoy_3167,0.35297,0.334687,0.889814,0.802493,0.570477,0.469855,O=C(C[N@H+]1CC[C@H](C(=O)NC2CCCCC2)CC1)NC1CCCCC1
decoy_3168,0.319473,0.327427,0.850978,0.82182,0.499108,0.45502,O=C(C[N@H+]1CC[C@H](C(=O)NC2CCCCC2)CC1)NC1CCN(C2CC2)CC1
decoy_3169,0.356028,0.30934,0.867117,0.705248,0.593527,0.452489,O=C(C[N@H+]1CC[C@@H](C(=O)Nc2ccccn2)CC1)NC1CCCCC1
decoy_317,0.488273,0.542995,0.752445,0.775076,0.560148,0.601139,C[C@H]1CCC[C@@H](n2cncn2)C1
decoy_3170,0.304909,0.258123,0.797479,0.635265,0.515844,0.388418,O=C(C[N@H+]1CC[C@H](C(=O)NCc2ccccc2)CC1)NCc1ccc2c(c1)CCCC2
decoy_3171,0.388006,0.35909,0.889078,0.750627,0.507557,0.451965,O=C(CN1CCC(NC(=O)CC2CCCCC2)CC1)NCCc1ccsc1
decoy_3172,0.446023,0.378058,0.913839,0.730049,0.548028,0.447578,O=C(CN1CCC(NS(=O)(=O)c2cccs2)CC1)Nc1ccccc1
decoy_3173,0.55858,0.425148,0.829538,0.628949,0.620643,0.470643,O=C(CN1CCN(c2ccccc2)CC1)c1ccc[nH]1
decoy_3174,0.434896,0.355003,0.833855,0.652125,0.557065,0.430163,O=C(C[NH+]1CCN(c2ccccc2)CC1)Nc1ccccc1
decoy_3175,0.424995,0.343247,0.8082,0.621962,0.597063,0.430402,O=C(C[NH+]1CCN(c2ccccc2)CC1)Nc1cccs1
decoy_3176,0.495688,0.389209,0.893012,0.670603,0.596734,0.464929,O=C(CN1CCN(c2ccccc2)CC1)/N=C1\CNc2ccccc21
decoy_3177,0.348749,0.300496,0.779269,0.648038,0.493768,0.402966,O=C(C[NH+]1CCN(c2ccccc2)CC1)Nc1cc2c(s1)CCCC2
decoy_3178,0.412568,0.333726,0.825236,0.634396,0.562076,0.43985,O=C(C[NH+]1CCN(c2ccccc2)CC1)NCc1ccccc1
decoy_3179,0.428788,0.378076,0.85668,0.707064,0.547103,0.464623,O=C(C[NH+]1CCN(c2ccccc2)CC1)NCCc1ccccc1
decoy_318,0.548482,0.457794,0.746396,0.69753,0.579918,0.494997,CC[C@H]1CCCC[C@@]1(O)C1CCCC1
decoy_3180,0.315139,0.295439,0.863868,0.772004,0.546953,0.462039,O=C(C[NH+]1CCN(c2ccccc2)CC1)NC(=O)N[C@]12C[C@H]3C[C@@H](C[C@H](C3)C1)C2
decoy_3181,0.326891,0.329018,0.759433,0.679326,0.53898,0.432996,O=C(CN1CC[NH+](Cc2ccccc2)CC1)Nc1cc2c(s1)CCC2
decoy_3182,0.332482,0.302107,0.860868,0.71499,0.572197,0.454094,O=C(CN1CC[NH+](CC2CCCCC2)CC1)NC(=O)Nc1ccccc1
decoy_3183,0.419562,0.379105,0.796095,0.695198,0.552064,0.459954,O=C(CN1CC[NH+](Cc2ccco2)CC1)Nc1cccs1
decoy_3184,0.314134,0.284457,0.721035,0.59892,0.448705,0.388878,O=C(C[NH+]1CCN(CCOc2ccccc2)CC1)Nc1cc2c(s1)CCC2
decoy_3185,0.317163,0.269059,0.769484,0.605464,0.538711,0.39211,O=C(C[NH+]1CCN(CCOc2ccccc2)CC1)Nc1cc2c(s1)CCCC2
decoy_3186,0.35764,0.332149,0.877299,0.774401,0.53112,0.455128,O=C(CN1CC[NH+](CC(=O)N2CCCCC2)CC1)Nc1cc2c(s1)CCC2
decoy_3187,0.352849,0.323884,0.865501,0.788736,0.598811,0.477868,O=C(CN1CC[NH+](CC(=O)N[C@H]2C[C@@H]3CC[C@H]2C3)CC1)Nc1ccccc1
decoy_3188,0.346482,0.33725,0.848825,0.780855,0.571021,0.47664,O=C(CN1CC[NH+](CC(=O)NC2CCCCC2)CC1)Nc1ccccc1
decoy_3189,0.351587,0.309806,0.840035,0.693127,0.541204,0.429411,O=C(C[NH+]1CCN(CC(=O)Nc2ccccc2)CC1)NCc1ccccc1
decoy_319,0.46006,0.483344,0.682564,0.772606,0.489766,0.506252,CC[C@H]1CCCC/C1=C\C#N
decoy_3190,0.435485,0.355301,0.849129,0.666922,0.530966,0.432849,O=C(CN1CCN(S(=O)(=O)c2cccs2)CC1)Nc1cccs1
decoy_3191,0.493011,0.534997,0.822463,0.774467,0.578445,0.592253,O=C(CN1CCO[C@H](c2ccccc2)C1)Nc1ccccc1
decoy_3192,0.412285,0.422124,0.740778,0.674801,0.473947,0.4478,O=C(CN1C(=O)[C@@H](c2ccccc2)c2ccccc21)Nc1ccccc1
decoy_3193,0.486531,0.540061,0.900453,0.843894,0.552685,0.535719,O=C(CN1C(=O)/C(=C\c2ccccc2)Oc2ccccc21)N1CCCCC1
decoy_3194,0.524121,0.460813,0.870846,0.718426,0.560382,0.484979,O=C(Cn1c(=O)ccn(C2CC2)c1=O)Nc1ccccc1
decoy_3195,0.462844,0.439896,0.905603,0.776303,0.568801,0.492366,O=C(CN1C(=O)NC2(CCCCC2)C1=O)NC1CCCCC1
decoy_3196,0.506516,0.445601,0.894912,0.715007,0.610486,0.481416,O=C(CN1C(=O)N[C@@H](C2CC2)C1=O)NCc1ccccc1
decoy_3197,0.549149,0.426684,0.911302,0.683192,0.633523,0.463605,O=C(CN1C(=O)N[C@H](c2ccccc2)C1=O)Nc1ccccc1
decoy_3198,0.536687,0.406019,0.869397,0.635644,0.60221,0.439505,O=C(CN1C(=O)N[C@H](c2ccccc2)C1=O)Nc1cccs1
decoy_3199,0.531619,0.488662,0.912192,0.767947,0.596649,0.499276,O=C(CN1C(=O)N[C@H](c2ccccc2)C1=O)NCc1ccccc1
decoy_32,0.310424,0.285432,0.79715,0.79315,0.538066,0.43996,C1C[C@H]2CC[C@@H](C1)CC2
decoy_320,0.541606,0.468208,0.758522,0.732974,0.571601,0.499259,C=CCCC[C@@H]1C[C@H](CC)CC[C@@H]1O
decoy_3200,0.421773,0.38138,0.844309,0.690505,0.532812,0.458514,O=C(CN1C(=O)N[C@H](c2ccccc2)C1=O)N[C@H](c1ccccc1)c1cccs1
decoy_3201,0.460831,0.451677,0.857783,0.757414,0.551076,0.489636,O=C(CN1C(=O)N[C@H](c2ccccc2)C1=O)NCCc1ccccc1
decoy_3202,0.53296,0.476441,0.907373,0.747134,0.616041,0.504979,O=C(CN1C(=O)N/C(=C\c2ccccc2)C1=O)Nc1ccccc1
decoy_3203,0.416237,0.489143,0.754932,0.744939,0.550011,0.538662,O=C(Cn1nc(-c2ccccc2)ccc1=O)Nc1ccccc1
decoy_3204,0.491157,0.413224,0.868227,0.680695,0.572873,0.461583,O=C(Cn1nc(-c2ccccc2)ccc1=O)NCCc1ccccc1
decoy_3205,0.500417,0.403518,0.845683,0.645299,0.563836,0.441849,O=C(Cn1ncn(Nc2ccccc2)c1=S)c1ccccc1
decoy_3206,0.414662,0.378908,0.873718,0.801127,0.57153,0.505472,O=C(Cn1cc(N[C@H]2CC[N@@H+](C3CC3)C2)cn1)NC1CC1
decoy_3207,0.355952,0.332911,0.884505,0.746631,0.55273,0.453017,O=C(CN1CC[NH+](C(c2ccccc2)c2ccccc2)CC1)NC(=O)NC1CC1
decoy_3208,0.30419,0.278102,0.857719,0.698204,0.553442,0.416578,O=C(CN1CC[NH+](CC(=O)N[C@]23C[C@H]4C[C@@H](C[C@H](C4)C2)C3)CC1)Nc1ccccc1
decoy_3209,0.475919,0.391252,0.819268,0.66131,0.557362,0.448744,O=C(C[NH2+]C1CC1)Nc1ccccc1
decoy_321,0.558217,0.408829,0.813482,0.712622,0.567618,0.453729,C=CCCC[C@@H]1CCCCC[C@@H]1Br
decoy_3210,0.405087,0.404218,0.810951,0.723679,0.54507,0.459639,O=C(C[NH2+]C1CC1)Nc1nc(-c2ccccc2)cn1-c1ccccc1
decoy_3211,0.566342,0.466966,0.83736,0.653638,0.592152,0.481804,O=C(CN[C@H]1CCc2ccccc21)Nc1cccs1
decoy_3212,0.451356,0.370486,0.78139,0.607775,0.571275,0.427678,O=C(C[NH2+]C1CCCC1)Nc1ccccc1
decoy_3213,0.563548,0.446645,0.862469,0.659528,0.628261,0.470499,O=C(CN[C@H]1CCCc2ccccc21)Nc1cccs1
decoy_3214,0.442699,0.362852,0.829826,0.632922,0.553352,0.417307,O=C(CN[C@H]1CCCc2ccccc21)Nc1ccc(-c2ccccc2)s1
decoy_3215,0.598368,0.520988,0.898256,0.750565,0.621245,0.530514,O=C(CNc1ccccc1)c1ccc[nH]1
decoy_3216,0.447171,0.418627,0.92113,0.780633,0.561949,0.489009,O=C(CN(C(=O)C1CCCC1)C1CCCCC1)NCc1ccc[nH]1
decoy_3217,0.496725,0.414415,0.865724,0.687865,0.575076,0.471602,O=C(CNc1ccccc1N1CCCCC1)NCc1ccccc1
decoy_3218,0.56942,0.508969,0.833669,0.701753,0.582463,0.484837,O=C(CNc1ccccc1-n1cccn1)NC1CC1
decoy_3219,0.573483,0.507256,0.875326,0.720102,0.627731,0.504319,O=C(CNc1ccccc1-n1cccn1)NCC1CC1
decoy_322,0.498058,0.492007,0.704464,0.683928,0.546854,0.548014,CC1(C)CCC2(CC1)C[C@@H](O)CCO2
decoy_3220,0.551639,0.432389,0.85636,0.64948,0.581812,0.468202,O=C(CNc1ccccc1)N1CCNC1=O
decoy_3221,0.460604,0.565188,0.816097,0.841207,0.5667,0.567112,O=C(CNc1ccccc1N1CCOCC1)Nc1ccccc1
decoy_3222,0.509565,0.498456,0.866998,0.783818,0.551807,0.526498,O=C(CNc1ccccc1)N1CCC(Cn2ccnn2)CC1
decoy_3223,0.563949,0.455571,0.839502,0.64027,0.616863,0.473804,O=C(CNc1ccccc1)NC1CCCC1
decoy_3224,0.449995,0.402961,0.862509,0.764284,0.573792,0.46186,O=C(C[NH2+]C1CCCCC1)NC1CCCC1
decoy_3225,0.566295,0.442625,0.851254,0.643765,0.618848,0.469722,O=C(CNc1ccccc1)Nc1ccccc1
decoy_3226,0.549284,0.458754,0.849949,0.664987,0.6085,0.479734,O=C(CNc1ccccc1)NC1CCCCC1
decoy_3227,0.44069,0.346693,0.800696,0.602495,0.590399,0.414869,O=C(C[NH2+]C1CCCCC1)Nc1ccccc1
decoy_3228,0.458862,0.374572,0.859104,0.651864,0.545373,0.435375,O=C(CNC1CCCCC1)NC1CCCCC1
decoy_3229,0.567621,0.425558,0.868889,0.640115,0.60714,0.464406,O=C(CNc1ccccc1)Nc1cccs1
decoy_323,0.565175,0.456477,0.81798,0.720148,0.563057,0.466888,N#C[C@H]1CCCN1Cc1ccco1
decoy_3230,0.488909,0.463666,0.857289,0.709364,0.576963,0.485995,O=C(CNc1ccccc1)N[C@H]1CCS(=O)(=O)C1
decoy_3231,0.546849,0.48291,0.829375,0.694237,0.566979,0.490489,O=C(CNc1ccccc1)Nc1cc2c(s1)CCCC2
decoy_3232,0.374009,0.34111,0.793476,0.718334,0.52922,0.431324,O=C(C[NH2+]C1CCCCC1)Nc1cc2c(s1)CCCC2
decoy_3233,0.466564,0.379264,0.820331,0.624509,0.58251,0.439756,O=C(CNc1ccccc1)Nc1cc2c(s1)CCCCC2
decoy_3234,0.524448,0.425754,0.818064,0.641513,0.557582,0.445439,O=C(CNc1ccccc1)Nc1cc(-c2ccccc2)cs1
decoy_3235,0.477094,0.424794,0.858376,0.767986,0.588859,0.480921,O=C(C[NH2+]C1CCCCC1)NCC1CC1
decoy_3236,0.553735,0.435853,0.835169,0.631807,0.587482,0.457026,O=C(CNc1ccccc1)NCc1ccccc1
decoy_3237,0.519418,0.406589,0.872983,0.657564,0.579554,0.449999,O=C(CNc1ccccc1)NCC1(c2ccccc2)CCC1
decoy_3238,0.504815,0.435463,0.882425,0.717973,0.580244,0.46483,O=C(CNc1ccccc1)NCc1ccc2c(c1)CCCC2
decoy_3239,0.477399,0.455008,0.86472,0.749614,0.565661,0.492411,O=C(CNc1ccccc1)NCc1ccnc(OCC2CC2)c1
decoy_324,0.460996,0.39332,0.786377,0.756642,0.50511,0.443176,Cl[C@H]1CCCC[C@@H]1C1CC1
decoy_3240,0.508545,0.432488,0.884751,0.710008,0.629933,0.474955,O=C(CNc1ccccc1)NCCc1cccc2c1OCOC2
decoy_3241,0.574068,0.493896,0.85969,0.703038,0.573611,0.487045,O=C(CNc1ccccc1)NCCc1ccccc1
decoy_3242,0.536186,0.453027,0.84253,0.68294,0.557895,0.461422,O=C(CNc1ccccc1)NCCC1=CCCCC1
decoy_3243,0.506441,0.431266,0.849884,0.679184,0.557546,0.44983,O=C(CNc1ccccc1)N/N=C/c1cccc2ccccc12
decoy_3244,0.536339,0.437176,0.825363,0.629718,0.589871,0.462091,O=C(CNc1ccccc1)N/N=C/c1ccccc1
decoy_3245,0.434652,0.362043,0.796138,0.610838,0.573708,0.42994,O=C(CNc1ccccc1)N/N=C/c1ccc(-c2ccccc2)o1
decoy_3246,0.462332,0.553593,0.842795,0.844466,0.575552,0.553791,O=C(CNc1ccccc1OC[C@H]1CCCO1)Nc1ccccc1
decoy_3247,0.420519,0.497999,0.879086,0.865672,0.526312,0.530394,O=C(CN(c1ccccc1)S(=O)(=O)c1ccccc1)N1CCCCC1
decoy_3248,0.55922,0.451999,0.892965,0.691501,0.626064,0.478509,O=C(CNc1ccccn1)NC1CC1
decoy_3249,0.556125,0.434894,0.821332,0.623556,0.580336,0.478049,O=C(CNc1ccncn1)N1CCCCC1
decoy_325,0.47389,0.412236,0.765964,0.750242,0.522243,0.439019,Br[C@@H]1CCCCC[C@H]1C1CC1
decoy_3250,0.517316,0.452635,0.864558,0.703708,0.604077,0.496161,O=C(CNc1ncnc2sccc12)NC1CCCCC1
decoy_3251,0.422404,0.446123,0.885064,0.861116,0.558574,0.516284,O=C(CNc1ncnc2sccc12)NCc1ccccc1C[NH+]1CCCCC1
decoy_3252,0.496106,0.41699,0.882685,0.707784,0.555837,0.444658,O=C(CNC1=NS(=O)(=O)c2ccccc21)N1CCCCC1
decoy_3253,0.426051,0.424433,0.860825,0.795525,0.530415,0.483949,O=C(CNC1=NS(=O)(=O)c2ccccc21)NCCc1ccccc1
decoy_3254,0.466385,0.412371,0.834143,0.662391,0.561738,0.46659,O=C(CNC1(c2ncon2)CCCCC1)Nc1ccccc1
decoy_3255,0.498001,0.424161,0.836422,0.665612,0.6247,0.476408,O=C(CNc1ccc2c(c1)OCC2)Nc1ccccc1
decoy_3256,0.472201,0.389221,0.854608,0.662873,0.586457,0.45104,O=C(CNc1cccc2c1CCCC2)Nc1cc(-c2ccccc2)cs1
decoy_3257,0.421904,0.332499,0.770193,0.568474,0.563762,0.402639,O=C(CNc1cccc(C#Cc2ccccc2)c1)Nc1ccccc1
decoy_3258,0.387368,0.411367,0.852189,0.825441,0.511572,0.517004,O=C(CNc1cccc(S(=O)(=O)N2CCCCC2)c1)Nc1ccccc1
decoy_3259,0.454008,0.361344,0.805052,0.609232,0.554023,0.436011,O=C(CNc1ccc(N2CCCCC2)cc1)Nc1ccccc1
decoy_326,0.534592,0.455341,0.744761,0.704105,0.569671,0.487772,CC[C@@H]1CCCC[C@H]1[C@]1(O)CC[C@H](C)C1
decoy_3260,0.449094,0.36768,0.801249,0.619199,0.555933,0.432557,O=C(CNc1ccc(N2CCOCC2)cc1)Nc1ccccc1
decoy_3261,0.426779,0.458499,0.794092,0.742793,0.508414,0.49643,O=C(CNc1ccc(-n2cncn2)cc1)NC1CCCCCC1
decoy_3262,0.422644,0.458382,0.793872,0.763832,0.517114,0.497782,O=C(CNc1ccc(OC[C@H]2CCCO2)cc1)Nc1ccccc1
decoy_3263,0.46663,0.413925,0.787414,0.660244,0.584429,0.477881,O=C(C[NH2+]CC1CC1)Nc1ccccc1
decoy_3264,0.424558,0.464526,0.794689,0.765809,0.504603,0.485491,O=C(C[NH2+]CC1CC1)N(Cc1ccccc1)Cc1cccs1
decoy_3265,0.424472,0.341051,0.845363,0.634072,0.529678,0.428807,O=C(CNCC1CCC1)NC1CCCCCCC1
decoy_3266,0.602156,0.500301,0.870402,0.699442,0.612839,0.491572,O=C(CN[C@H](c1ccccc1)c1cccs1)c1ccc[nH]1
decoy_3267,0.49273,0.409671,0.90822,0.704233,0.568042,0.441725,O=C(CN[C@H](c1ccccc1)c1cccs1)NC1CCCCC1
decoy_3268,0.473356,0.390869,0.89166,0.68573,0.57956,0.433839,O=C(CN[C@H](c1ccccc1)c1cccs1)Nc1ccc2c(c1)OCCO2
decoy_3269,0.45141,0.352913,0.879104,0.659119,0.555825,0.432036,O=C(CNCc1ccccc1N1CCCCC1)Nc1cc2c(s1)CCC2
decoy_327,0.544933,0.485822,0.751661,0.671105,0.568053,0.513849,C[C@@H]1CC[C@@](O)(C2CCOCC2)C1
decoy_3270,0.594099,0.502294,0.862294,0.68994,0.609355,0.48884,O=C(CNCc1ccccc1)NC1CC1
decoy_3271,0.573644,0.417157,0.857105,0.611641,0.63526,0.45522,O=C(CNCc1ccccc1)Nc1ccccc1
decoy_3272,0.572098,0.484021,0.850691,0.67337,0.615161,0.487213,O=C(CNCc1ccccc1)Nc1cccs1
decoy_3273,0.569207,0.475062,0.880121,0.711656,0.638787,0.484853,O=C(CNCc1ccccc1)Nc1ccno1
decoy_3274,0.527396,0.448784,0.815936,0.660542,0.549691,0.466212,O=C(CNCc1ccccc1)Nc1cc2c(s1)CCC2
decoy_3275,0.372269,0.349065,0.707432,0.612268,0.482473,0.44427,O=C(C[NH2+]Cc1ccccc1)Nc1nc(-c2ccccc2)cs1
decoy_3276,0.610658,0.473038,0.928152,0.699742,0.645086,0.496602,O=C(CNCc1ccccc1)NCc1ccccc1
decoy_3277,0.412884,0.36903,0.870318,0.749184,0.523281,0.45907,O=C(CNCc1ccccc1)NC[C@@H](c1ccccc1)[NH+]1CCCC1
decoy_3278,0.501339,0.503952,0.937142,0.847117,0.574047,0.529522,O=C(CN(Cc1ccco1)C(=O)c1ccccc1)NC1CCCCC1
decoy_3279,0.475294,0.498051,0.944213,0.876399,0.564434,0.564913,O=C(CN(Cc1ccco1)C(=O)C1CCCCC1)NC1CCCCC1
decoy_328,0.553826,0.43135,0.745042,0.657453,0.564905,0.470594,CC[C@H]1CC[C@@](O)(C2CCCCC2)C1
decoy_3280,0.446974,0.378566,0.812711,0.668547,0.576202,0.45211,O=C(C[NH2+]Cc1ccco1)NC1CCCCC1
decoy_3281,0.458879,0.40426,0.806524,0.657591,0.568663,0.426288,O=C(C[NH2+]Cc1cccs1)NC1CC1
decoy_3282,0.444779,0.40218,0.80491,0.672432,0.571358,0.45996,O=C(C[NH2+]Cc1cccs1)NCc1ccccc1
decoy_3283,0.53007,0.411194,0.894662,0.673193,0.602826,0.453838,O=C(CNCc1cc(=O)oc2ccccc12)Nc1ccccc1
decoy_3284,0.480685,0.448328,0.788672,0.70562,0.576047,0.485571,O=C(C[NH2+]Cc1ccsc1)Nc1ccccc1
decoy_3285,0.441295,0.425647,0.868785,0.820483,0.56129,0.519177,O=C(C[NH2+]Cc1cn[nH]c1)N1CCN(c2ccccc2)CC1
decoy_3286,0.560842,0.431845,0.878793,0.651315,0.614792,0.470079,O=C(CNCc1cscn1)Nc1ccccc1
decoy_3287,0.405491,0.352649,0.917427,0.767093,0.581859,0.443794,O=C(C[NH2+]CC1(c2ccccc2)CCOCC1)NCCc1ccccc1
decoy_3288,0.457922,0.547403,0.831955,0.845635,0.579458,0.567925,O=C(CN[C@H](c1ccc2c(c1)CCC2)c1cccs1)Nc1ccon1
decoy_3289,0.434625,0.435828,0.758889,0.698951,0.543297,0.521113,O=C(CNCc1ccc(C2CCCCC2)cc1)c1ccc[nH]1
decoy_329,0.440539,0.499698,0.623286,0.730539,0.484108,0.576061,CC[C@H]1CCC[C@@H]([C@@H]2CC[C@H](O)C2)C1
decoy_3290,0.394096,0.358973,0.719588,0.608912,0.505426,0.441422,O=C(C[NH2+]Cc1ccc(-c2ccccc2)o1)Nc1cccs1
decoy_3291,0.446692,0.362895,0.913937,0.754825,0.582833,0.468319,O=C(C[NH2+]CC1(N2CCSCC2)CCCC1)Nc1ccccc1
decoy_3292,0.418369,0.337578,0.824219,0.669873,0.571985,0.421244,O=C(C[NH2+]CCC1=CCCCC1)Nc1ccccc1
decoy_3292_2,0.420342,0.392715,0.810726,0.740891,0.552983,0.465784,O=C(C[NH2+]CCC1=CCCCC1)Nc1ccccc1
decoy_3293,0.486918,0.426127,0.868428,0.725527,0.566835,0.47765,O=C(CNC[C@@H](C1=c2ccccc2=NC1)c1ccccc1)c1ccc[nH]1
decoy_3294,0.523349,0.466569,0.870919,0.715267,0.594992,0.507574,O=C(CNCCC1=c2ccccc2=NC1)Nc1ccon1
decoy_3295,0.359831,0.419205,0.760747,0.756145,0.479865,0.499645,O=C(CN(CC(=O)Nc1ccccc1)c1ccc2c(c1)CCC2)Nc1ccccc1
decoy_3296,0.542612,0.459697,0.894254,0.708536,0.623615,0.474941,O=C(CNC(=O)C1CC1)Nc1ccnn1-c1ccccc1
decoy_3297,0.562282,0.497554,0.877315,0.701127,0.615121,0.505399,O=C(CNC(=O)C1CCC1)Nc1ccccc1
decoy_3298,0.528355,0.490955,0.862244,0.746187,0.647302,0.529712,O=C(CNC(=O)C1CCCC1)Nc1nccs1
decoy_3299,0.433316,0.372565,0.840869,0.666041,0.553064,0.436738,O=C(CNC(=O)C1CCCC1)Nc1ncc(Cc2ccccc2)s1
decoy_33,0.496623,0.421616,0.832157,0.832437,0.544323,0.517028,CC(C)(Cl)CCCCl
decoy_330,0.544434,0.423506,0.75914,0.700969,0.593007,0.472227,CC[C@@H]1CCC[C@@H](CC[C@H](O)C2CC2)C1
decoy_3300,0.458219,0.369861,0.806133,0.72393,0.548116,0.49252,O=C(NCC(=O)N1CC[NH2+]CC1)c1ccccc1
decoy_3301,0.509744,0.414297,0.854298,0.654804,0.601437,0.456489,O=C(NCC(=O)N1C(=O)c2ccccc2C1=O)c1ccccc1
decoy_3302,0.524476,0.448085,0.849472,0.673149,0.635556,0.479486,O=C(CNC(=O)c1ccccc1)Nc1ccccc1
decoy_3303,0.490892,0.417354,0.854334,0.667577,0.579877,0.453173,O=C(CNC(=O)c1ccccc1)NC1CCCCC1
decoy_3304,0.509471,0.447003,0.880397,0.709378,0.622288,0.486028,O=C(CNC(=O)C1CCCCC1)Nc1ccccc1
decoy_3305,0.48245,0.40424,0.861508,0.673005,0.609737,0.442837,O=C(CNC(=O)c1ccccc1)Nc1ccnn1-c1ccccc1
decoy_3306,0.396061,0.374607,0.790088,0.682291,0.533391,0.470065,O=C(CNC(=O)c1ccccc1)Nc1nnc(-c2ccccc2)s1
decoy_3307,0.523261,0.427734,0.854895,0.655509,0.603119,0.462966,O=C(CNC(=O)c1ccccc1)NCc1ccccc1
decoy_3308,0.504699,0.449128,0.835629,0.697525,0.544846,0.459016,O=C(CNC(=O)c1ccccc1)N[C@H](c1ccccc1)c1ccsc1
decoy_3309,0.518629,0.409967,0.840929,0.635494,0.584883,0.446865,O=C(CNC(=O)c1ccccc1)NCc1ccncc1
decoy_331,0.459823,0.418474,0.737525,0.788118,0.494204,0.50228,Cl[C@H]1CC[C@@H](C2CCCC2)C1
decoy_3310,0.553419,0.4342,0.843669,0.634336,0.590032,0.458931,O=C(CNC(=O)c1ccccc1)NCc1ccsc1
decoy_3311,0.502117,0.454044,0.854673,0.710787,0.562748,0.482861,O=C(CNC(=O)c1ccccc1)NCCc1ccccc1
decoy_3312,0.464672,0.37468,0.877553,0.669235,0.552053,0.440645,O=C(CNC(=O)c1ccccc1)N[C@@H](Cc1ccccc1)c1ccccc1
decoy_3313,0.4591,0.429876,0.873775,0.752199,0.563228,0.486676,O=C(CNC(=O)c1ccccc1)NCCC1=c2ccccc2=NC1
decoy_3314,0.42997,0.413862,0.862108,0.757025,0.54856,0.485486,O=C(CNC(=O)c1ccccc1)NCCC[NH+]1CCCC1
decoy_3315,0.447597,0.418016,0.921926,0.795702,0.614338,0.51318,O=C(CNC(=O)c1ccccc1)NCCC[NH+]1CCCCC1
decoy_3316,0.484422,0.433929,0.854829,0.703447,0.555165,0.479436,O=C(CNC(=O)c1ccccc1)NCCCOc1ccccc1
decoy_3317,0.408907,0.378244,0.919237,0.838135,0.583407,0.515883,O=C(CNC(=O)c1ccccc1)NC[C@@H](c1ccccc1)[NH+]1CCCC1
decoy_3318,0.416281,0.371864,0.868764,0.715403,0.553411,0.465648,O=C(CNC(=O)c1ccccc1)NC[C@@H](c1ccco1)[NH+]1CCCC1
decoy_3319,0.480891,0.461142,0.85662,0.730776,0.574483,0.490892,O=C(CNC(=O)c1ccccc1)NCCOc1ccccc1
decoy_332,0.4626,0.395236,0.752913,0.722897,0.510938,0.45456,CC(C)[C@@H]1CCC[C@@H](Cl)C1
decoy_3320,0.498514,0.486551,0.909119,0.79547,0.550286,0.515854,O=C(CNC(=O)c1ccccc1)NCCSCc1ccccc1
decoy_3321,0.435267,0.395835,0.856386,0.733778,0.573184,0.480557,O=C(CNC(=O)c1ccccc1)NCS(=O)(=O)c1ccccc1
decoy_3322,0.477812,0.440504,0.844747,0.704157,0.564855,0.470921,O=C(CNC(=O)c1ccccc1)N/N=C/c1ccccc1
decoy_3323,0.462877,0.444948,0.862976,0.751386,0.553904,0.479478,O=C(CNC(=O)c1ccccc1)N/N=C/C1=c2ccccc2=NC1
decoy_3324,0.512413,0.501901,0.871707,0.764062,0.545634,0.517328,O=C(CNC(=O)c1ccccc1)OCc1cc(=O)oc2ccccc12
decoy_3325,0.592757,0.450627,0.837678,0.62512,0.588143,0.457254,O=C(CNC(=O)c1ccccc1)OCc1ccsc1
decoy_3326,0.33789,0.374301,0.773093,0.724992,0.527801,0.449284,O=C(CNC(=O)c1ccccc1)OCc1ncc2c3c(sc2n1)CCCCC3
decoy_3327,0.540522,0.474902,0.866899,0.707833,0.595055,0.482057,O=C(CNC(=O)c1ccccc1)OCCOc1ccccc1
decoy_3328,0.518766,0.452309,0.824722,0.674197,0.574541,0.477646,O=C(CNC(=O)c1ccccc1)OCC(=O)c1ccccc1
decoy_3329,0.504215,0.477377,0.809285,0.695073,0.548101,0.503329,O=C(CNC(=O)c1ccccc1)OCC(=O)c1cccs1
decoy_333,0.547955,0.450952,0.763641,0.750928,0.591864,0.533486,Clc1ccc(C[C@H]2CCCC[C@H](Cl)C2)s1
decoy_3330,0.493545,0.429998,0.829644,0.663672,0.591537,0.472517,O=C(CNC(=O)c1ccco1)NC1CCCCC1
decoy_3331,0.524837,0.468778,0.864276,0.721648,0.566297,0.490966,O=C(CNC(=O)c1ccco1)NCCc1ccccc1
decoy_3332,0.439479,0.395903,0.902471,0.767402,0.586754,0.468098,O=C(CNC(=O)c1ccco1)NC[C@@H](c1ccccc1)[NH+]1CCCC1
decoy_3333,0.522314,0.508036,0.818141,0.727507,0.561793,0.505908,O=C(CNC(=O)c1cccs1)NCCc1ccccc1
decoy_3334,0.521348,0.465222,0.884869,0.739189,0.600569,0.48453,O=C(CNC(=O)c1ccoc1)NCCOc1ccccc1
decoy_3335,0.50148,0.460098,0.869772,0.711649,0.591761,0.491515,O=C(CNC(=O)C1CCOCC1)Nc1ccccc1
decoy_3336,0.369319,0.410108,0.863564,0.822737,0.535749,0.497219,O=C(CNC(=O)[C@]12C[C@H]3C[C@@H](C[C@H](C3)C1)C2)NC(c1ccccc1)c1ccccc1
decoy_3337,0.406856,0.391719,0.898751,0.780072,0.569963,0.484659,O=C(CNC(=O)[C@]12C[C@H]3C[C@@H](C[C@H](C3)C1)C2)NCCCn1cccn1
decoy_3338,0.335677,0.291558,0.837045,0.658404,0.514941,0.413185,O=C(CNC(=O)[C@]12C[C@H]3C[C@@H](C[C@H](C3)C1)C2)NCCCOCC1CC1
decoy_3339,0.522811,0.464784,0.887512,0.723703,0.598581,0.489604,O=C(CNC(=O)[C@@H]1C=c2ccccc2=N1)NCc1ccco1
decoy_334,0.507117,0.364672,0.782673,0.677545,0.539978,0.437902,Cl[C@H]1CCCC[C@H](C2CC2)C1
decoy_3340,0.45159,0.418584,0.899114,0.755634,0.544982,0.474222,O=C(CN(C(=O)c1ccc(-c2ccccc2)[nH]1)c1ccccc1)NC1CCCC1
decoy_3341,0.385968,0.429203,0.886363,0.829916,0.521285,0.493224,O=C(CN(C(=O)c1ccc(-c2ccccc2)[nH]1)c1ccccc1)NC1CCCCC1
decoy_3342,0.456523,0.421513,0.911885,0.760385,0.573145,0.470011,O=C(CNC(=O)Cc1ccccc1)NCCCOc1ccccc1
decoy_3343,0.441031,0.384876,0.875502,0.697072,0.559951,0.442711,O=C(CNC(=O)Cc1ccccc1)NCCOc1ccccc1
decoy_3344,0.517222,0.436159,0.85977,0.684733,0.572717,0.459491,O=C(Cc1cscn1)NCC(=O)NC1CCCC1
decoy_3345,0.470025,0.426628,0.797847,0.67327,0.562751,0.467699,O=C(/C=C/c1cccs1)NCC(=O)Nc1ccon1
decoy_3346,0.402836,0.361977,0.81673,0.739328,0.578361,0.480673,O=C(C[NH+]1CCCCC1)NCC(=O)Nc1ccccc1
decoy_3347,0.516482,0.419889,0.892602,0.683315,0.581375,0.46349,O=C(CNC(=O)COc1ccccc1)NCc1ccccc1
decoy_3348,0.400007,0.446969,0.784926,0.750266,0.574927,0.532271,O=C(COc1ccccc1)NCC(=O)N/N=C/c1ccccc1
decoy_3349,0.483957,0.401553,0.85836,0.667206,0.577249,0.446989,O=C(COC(=O)c1ccccc1)NCC(=O)Nc1ccccc1
decoy_335,0.501499,0.413104,0.87716,0.848947,0.565693,0.509323,C#CC[C@@H]1CCC[C@H](Br)C1
decoy_3350,0.474255,0.403589,0.835567,0.660035,0.586414,0.4557,O=C(NCC(=O)N1CCCCC1)C(=O)Nc1ccccc1
decoy_3351,0.484574,0.409969,0.837454,0.649893,0.585604,0.457057,O=C(CSc1nncs1)NCC(=O)Nc1ccccc1
decoy_3352,0.473647,0.460977,0.904406,0.791973,0.569825,0.510758,O=C(CNC(=O)N1CCC2=c3ccccc3=N[C@H]2C1)Nc1ccccc1
decoy_3353,0.425165,0.432246,0.83796,0.737788,0.581016,0.498926,O=C(NCC(=O)OCC1CCCCC1)NCc1ccco1
decoy_3354,0.458668,0.384139,0.831926,0.642997,0.592609,0.462524,O=C(CNC(=O)OCc1ccccc1)NCc1ccccc1
decoy_3355,0.436552,0.396315,0.839896,0.694984,0.508694,0.460632,O=C(CNC(=O)OCc1ccccc1)NCCSc1ccccc1
decoy_3356,0.454808,0.432684,0.89587,0.763196,0.52843,0.470051,O=C(CNC(=O)OCc1ccccc1)NCCSCc1ccccc1
decoy_3357,0.437453,0.379888,0.935224,0.757816,0.528502,0.448128,O=C(CNC(=S)N(Cc1ccccc1)Cc1ccccc1)NC[C@H]1CCCO1
decoy_3358,0.469398,0.381956,0.88965,0.674265,0.563399,0.450074,O=C(CNS(=O)(=O)c1ccccc1)NCCc1ccccc1
decoy_3359,0.485172,0.366002,0.88371,0.644162,0.586471,0.44967,O=C(CNS(=O)(=O)c1ccccc1)NCCc1ccsc1
decoy_336,0.509679,0.446996,0.718338,0.764905,0.524437,0.49298,Br[C@H]1CCCC[C@H](CC2CCCC2)C1
decoy_3360,0.419899,0.387507,0.937001,0.834608,0.609186,0.498682,O=C(CNS(=O)(=O)c1ccccc1)NCC[N@H+]1CCc2ccccc2C1
decoy_3361,0.470758,0.377332,0.868241,0.670798,0.563638,0.445351,O=C(CNS(=O)(=O)c1ccccc1)OCc1ccccc1
decoy_3362,0.38563,0.424305,0.909141,0.883671,0.563113,0.534699,O=C(CNS(=O)(=O)c1cccs1)NC[C@H]1CCC[N@@H+]1CC1CCCCC1
decoy_3363,0.395953,0.380785,0.842912,0.752331,0.533123,0.449182,O=C(CNS(=O)(=O)c1ccc(OC2CCCC2)cc1)NC1CC1
decoy_3364,0.519373,0.419649,0.811912,0.619257,0.560801,0.453023,O=C(COC1CCCC1)NNC(=O)c1cccs1
decoy_3365,0.512814,0.46974,0.853563,0.717663,0.560759,0.486735,O=C(COc1cccc2ccc(=O)[nH]c12)Nc1ccccc1
decoy_3366,0.472259,0.46618,0.910818,0.80102,0.58528,0.527265,O=C(COc1cccc2oc(=O)ccc12)NC1CC[NH2+]CC1
decoy_3367,0.500202,0.42238,0.8529,0.683255,0.546293,0.439963,O=C(COc1ccccc1-c1ccccc1)NNC(=O)c1ccccc1
decoy_3368,0.599564,0.45136,0.868178,0.68118,0.583029,0.476309,O=C(COc1ccccc1)c1cccs1
decoy_3369,0.570407,0.496756,0.902636,0.747982,0.601807,0.488387,O=C(COc1ccccc1)c1cc[nH]c1
decoy_337,0.470274,0.339939,0.828228,0.71732,0.537693,0.421866,C[C@H]1CCCC[C@@H](Br)C1
decoy_3370,0.616754,0.490921,0.856169,0.728923,0.628023,0.496626,O=C(COc1ccccc1)C1=NCC=C1
decoy_3371,0.452014,0.498417,0.80525,0.771429,0.567754,0.546785,O=C(COc1ccccc1Cc1ccccc1)OCc1csnn1
decoy_3372,0.477083,0.557345,0.804342,0.803475,0.534204,0.54965,O=C(COc1ccccc1C(=O)OCc1ccsc1)Nc1ccccc1
decoy_3373,0.561326,0.453818,0.760667,0.615305,0.536385,0.451644,O=C(COc1ccccc1)N1CCCCC1
decoy_3374,0.64598,0.478538,0.884359,0.746579,0.629628,0.492366,O=C(COc1ccccc1)n1cccn1
decoy_3375,0.44103,0.41928,0.874043,0.820928,0.531561,0.525234,O=C(COc1ccccc1)N1CCC2(CC[NH2+]CC2)C1
decoy_3376,0.499843,0.416484,0.855567,0.670956,0.555447,0.453896,O=C(COc1ccccc1)N1CCC2=c3ccccc3=N[C@H]2C1
decoy_3377,0.374368,0.373856,0.923846,0.836039,0.535405,0.487402,O=C(NC1CCCCC1)[C@H]1CN(C(=O)COc2ccccc2)CC12CC[NH2+]CC2
decoy_3378,0.341756,0.366571,0.896204,0.857402,0.516573,0.49646,O=C(NCc1ccccc1)[C@H]1CN(C(=O)COc2ccccc2)CC12CC[NH2+]CC2
decoy_3379,0.57677,0.485277,0.837746,0.687232,0.558486,0.482007,O=C(COc1ccccc1)NC1CC1
decoy_338,0.482596,0.432527,0.697541,0.761002,0.511967,0.483033,CC[C@@H](C)C[C@@H]1CCCC[C@H](Br)C1
decoy_3380,0.522831,0.480801,0.780817,0.681123,0.547895,0.490558,O=C(COc1ccccc1)Nc1cccc2c1C(=O)NC2=O
decoy_3381,0.611604,0.466544,0.850981,0.668339,0.604229,0.462282,O=C(COc1ccccc1)Nc1ccccc1
decoy_3382,0.542856,0.475735,0.788107,0.649904,0.54443,0.477122,O=C(COc1ccccc1)NC1CCCCC1
decoy_3383,0.456575,0.506821,0.894038,0.859988,0.583419,0.570775,O=C(COc1ccccc1)Nc1ccccc1C(=O)NC1CCCCC1
decoy_3384,0.616223,0.480152,0.86971,0.702458,0.609079,0.469178,O=C(COc1ccccc1)Nc1cccs1
decoy_3385,0.523862,0.429674,0.850256,0.66966,0.562374,0.464057,O=C(COc1ccccc1)Nc1cc[nH]n1
decoy_3386,0.514915,0.486249,0.853241,0.764025,0.569909,0.509544,O=C(COc1ccccc1)Nc1cnc[nH]c1=O
decoy_3387,0.562005,0.454912,0.842152,0.67032,0.578924,0.468431,O=C(COc1ccccc1)Nc1nccs1
decoy_3388,0.501687,0.392464,0.868495,0.65308,0.575915,0.437154,O=C(COc1ccccc1)Nc1nncs1
decoy_3389,0.518667,0.384342,0.806764,0.582099,0.592026,0.418057,O=C(COc1ccccc1)Nc1cc2c(s1)CCCC2
decoy_339,0.527397,0.405291,0.758337,0.689856,0.520013,0.451637,C=CCCC[C@@H]1CCCC[C@@H](Br)C1
decoy_3390,0.383486,0.31257,0.71253,0.560567,0.498742,0.384298,O=C(COc1ccccc1)Nc1cc2c(s1)C[NH2+]CC2
decoy_3391,0.536322,0.389373,0.803549,0.576414,0.574051,0.431383,O=C(COc1ccccc1)Nc1ccc2c(c1)CCC2
decoy_3392,0.547493,0.412995,0.807137,0.61261,0.577262,0.436711,O=C(COc1ccccc1)Nc1cc(-c2ccccc2)cs1
decoy_3393,0.532642,0.401377,0.804098,0.591932,0.585292,0.43142,O=C(COc1ccccc1)Nc1ccc(-c2ccco2)cc1
decoy_3394,0.564205,0.431764,0.826924,0.619618,0.626362,0.466842,O=C(COc1ccccc1)Nc1cccc(-c2ccco2)c1
decoy_3395,0.46192,0.40001,0.822987,0.660898,0.550256,0.453421,O=C(COc1ccccc1)Nc1cccc(NC(=O)c2cccs2)c1
decoy_3396,0.318797,0.268747,0.717663,0.611227,0.433801,0.368727,O=C(COc1ccccc1)Nc1ccc2nc(N3CC[NH2+]CC3)ccc2c1
decoy_3397,0.565319,0.420487,0.8137,0.5945,0.579905,0.444118,O=C(COc1ccccc1)NCc1ccccc1
decoy_3398,0.509014,0.435328,0.799288,0.644834,0.539356,0.445772,O=C(COc1ccccc1)N[C@H](c1ccccc1)c1cccs1
decoy_3399,0.570682,0.487309,0.827022,0.671374,0.581219,0.489789,O=C(COc1ccccc1)NCc1ccco1
decoy_34,0.459516,0.389974,0.923739,0.898392,0.579044,0.446263,C=CCC[C@@H](C)Br
decoy_340,0.446542,0.436847,0.850308,0.770471,0.620572,0.52507,C[C@H]1CCC[C@@H]1[NH2+][C@@H]1CCCC[C@@H]1C#N
decoy_3400,0.567015,0.404828,0.819843,0.588483,0.584599,0.439185,O=C(COc1ccccc1)NCc1cccs1
decoy_3401,0.546356,0.5345,0.859437,0.778152,0.608169,0.568962,O=C(COc1ccccc1)NCc1nncs1
decoy_3402,0.44273,0.399959,0.830501,0.69365,0.523932,0.449294,O=C(COc1ccccc1)NC[C@]12C[C@H]3C[C@@H](C[C@H](C3)C1)C2
decoy_3403,0.537491,0.433208,0.844068,0.657669,0.58302,0.46241,O=C(COc1ccccc1)NCC1(c2ccccc2)CCC1
decoy_3404,0.526023,0.396087,0.867561,0.639254,0.563587,0.429058,O=C(COc1ccccc1)NCc1ccc2c(c1)CCCC2
decoy_3405,0.481715,0.456768,0.824409,0.684067,0.539151,0.475775,O=C(COc1ccccc1)NCc1nc2ccccc2[nH]1
decoy_3406,0.587356,0.426775,0.878386,0.629006,0.617563,0.454588,O=C(COc1ccccc1)NCCc1ccccc1
decoy_3407,0.540345,0.469229,0.87092,0.708557,0.580013,0.493879,O=C(COc1ccccc1)NCCC1=c2ccccc2=NC1
decoy_3408,0.543212,0.443871,0.834832,0.654966,0.564105,0.45627,O=C(COc1ccccc1)NCCCc1ccccc1
decoy_3409,0.534978,0.444305,0.853091,0.674529,0.563966,0.468883,O=C(COc1ccccc1)NCCCOc1ccccc1
decoy_341,0.500096,0.380644,0.787751,0.735615,0.509494,0.412302,C[C@@H]1CCC[C@H]1N=C=S
decoy_3410,0.5396,0.478688,0.858799,0.700405,0.566169,0.505794,O=C(COc1ccccc1)NCCNc1ccccc1
decoy_3411,0.492768,0.357422,0.804776,0.584725,0.592654,0.432886,[O-]/C(COc1ccccc1)=N\C(=S)Nc1ccccc1
decoy_3412,0.427043,0.360999,0.735376,0.58545,0.509641,0.407352,[O-]/C(COc1ccccc1)=N\C(=S)Nc1cccs1
decoy_3413,0.362438,0.298232,0.764278,0.648144,0.498222,0.401963,[O-]/C(COc1ccccc1)=N\C(=S)Nc1cc2c(s1)CCCC2
decoy_3414,0.539137,0.444269,0.821217,0.646326,0.578105,0.467116,O=C(COc1ccccc1)NNc1ccccn1
decoy_3415,0.5787,0.527697,0.834931,0.707007,0.581589,0.523056,O=C(COc1ccccc1)NNCc1ccccc1
decoy_3416,0.531253,0.402698,0.834565,0.605524,0.594904,0.442435,O=C(COc1ccccc1)N/N=C/c1ccccc1
decoy_3417,0.434486,0.341114,0.829838,0.612024,0.571478,0.414328,O=C(COc1ccccc1)N/N=C/c1cc2ccccc2[nH]c1=O
decoy_3418,0.553282,0.511797,0.833547,0.697072,0.561322,0.510079,O=C(COc1ccccc1)NNC(=O)C1CC1
decoy_3419,0.492306,0.402081,0.836431,0.631333,0.572544,0.458462,O=C(COc1ccccc1)NNC(=O)c1ccccc1
decoy_342,0.478837,0.465262,0.807467,0.740482,0.580392,0.539288,C[C@H]1CCN([C@@H]2CCC[C@@H]2C)CC[NH2+]1
decoy_3420,0.510093,0.402303,0.805566,0.599929,0.579501,0.444894,O=C(COc1ccccc1)NNC(=O)c1ccccn1
decoy_3421,0.425155,0.349493,0.845467,0.646589,0.538532,0.431865,O=C(COc1ccccc1)NNC(=O)[C@]12C[C@H]3C[C@@H](C[C@H](C3)C1)C2
decoy_3422,0.500845,0.470554,0.85146,0.707469,0.592595,0.493332,O=C(COc1ccccc1)NNC(=O)Cc1ccccc1
decoy_3423,0.465245,0.369637,0.872744,0.655089,0.589438,0.440034,O=C(COc1ccccc1)NNC(=O)CN1CCCc2ccccc21
decoy_3424,0.50889,0.414862,0.861342,0.664714,0.567452,0.46219,O=C(COc1ccccc1)NNC(=O)CSCc1ccccc1
decoy_3425,0.382846,0.337667,0.818756,0.690907,0.553296,0.428203,O=C(COc1ccccc1)NNC(=S)/[NH+]=c1/ccc2cccoc-2c1
decoy_3426,0.610577,0.49919,0.829343,0.707146,0.653116,0.491613,O=C(COc1ccccc1)Oc1ccccc1
decoy_3427,0.483264,0.373365,0.78053,0.577889,0.538754,0.42137,O=C(COc1ccccc1)Oc1ccc2ccc(=O)oc2c1
decoy_3428,0.305502,0.338017,0.639183,0.622196,0.431329,0.419331,O=C(/C=C/c1ccc(OC(=O)COc2ccccc2)cc1)NCc1ccco1
decoy_3429,0.442306,0.495443,0.744824,0.727113,0.510256,0.530345,O=C(COc1ccccc1)Oc1ccc2c(c1)OC=C[C@H]2c1ccccc1
decoy_343,0.514554,0.425377,0.790898,0.685549,0.530276,0.473211,COC(=O)C#C[C@@H]1CCCOC1
decoy_3430,0.433751,0.501907,0.711434,0.73435,0.495213,0.534577,O=C(COc1ccccc1)Oc1ccc2c(c1)OC=C[C@H]2c1ccco1
decoy_3431,0.443445,0.346666,0.847311,0.632647,0.537754,0.412404,O=C1NC(COC(=O)COc2ccccc2)=C[C@@H](c2ccccc2)N1
decoy_3432,0.542753,0.452372,0.802129,0.66247,0.573568,0.479806,O=C(COc1ccccc1)OCCC1=CC[C@H]2C[C@@H]1C2
decoy_3433,0.590889,0.48246,0.848417,0.658771,0.625936,0.496665,O=C(COc1ccccc1)OCC(=O)c1ccccc1
decoy_3434,0.487449,0.525756,0.827762,0.774906,0.569376,0.557498,O=C(COc1ccccc1)OCC(=O)OC1CCCCC1
decoy_3435,0.505014,0.422355,0.824099,0.652157,0.569135,0.460468,O=C(COc1ccccc1)OCCSC(=O)Nc1ccccc1
decoy_3436,0.572318,0.426977,0.827196,0.60659,0.62493,0.45568,O=C(COc1ccccc1)O/N=C/c1ccccc1
decoy_3437,0.557895,0.413521,0.840723,0.610498,0.616188,0.446921,O=C(COc1ccccc1)O/N=C/Cc1ccccc1
decoy_3438,0.550228,0.478792,0.834635,0.678092,0.599532,0.532264,O=C(COC1CCOCC1)Nc1ccccc1
decoy_3439,0.493191,0.459588,0.838779,0.722389,0.567974,0.476424,O=C(COc1ccc2nc3n(c(=O)c2c1)CCC3)Nc1ccccc1
decoy_344,0.630294,0.51424,0.817898,0.766397,0.652035,0.518606,C[C@@H]1CCC[C@@H]1Nc1cccc(F)n1
decoy_3440,0.52145,0.420683,0.834267,0.632751,0.560892,0.457561,O=C(COC[C@H]1CCCCO1)Nc1ccccc1
decoy_3441,0.590374,0.415862,0.832815,0.604295,0.592473,0.454414,O=C(COCc1cccs1)Nc1ccccc1
decoy_3442,0.498704,0.417539,0.855008,0.6736,0.610524,0.46564,O=C(COC(=O)C1CCC1)Nc1cc2c(s1)CCCC2
decoy_3443,0.636491,0.428323,0.882666,0.621117,0.660989,0.445624,O=C(COC(=O)c1ccccc1)c1ccccc1
decoy_3444,0.58705,0.431286,0.859802,0.633366,0.615065,0.462104,O=C(OCC(=O)[C@@H]1C=CC=N1)c1ccccc1
decoy_3445,0.532181,0.462648,0.879046,0.7201,0.569977,0.465591,O=C(COC(=O)c1ccccc1)C1=c2ccccc2=N[C@@H]1c1ccccc1
decoy_3446,0.526293,0.390055,0.825935,0.602684,0.60997,0.460155,O=C(COC(=O)c1ccccc1)c1ccc2c(c1)CCN2
decoy_3447,0.462802,0.466431,0.787046,0.704049,0.564149,0.514248,O=C(COC(=O)c1ccccc1)c1ccn(-c2ccccc2)c1
decoy_3448,0.59404,0.468414,0.880264,0.666315,0.609155,0.480406,O=C(OCC(=O)N1CCc2ccccc21)c1ccccc1
decoy_3449,0.603245,0.426031,0.868016,0.613372,0.64556,0.461776,O=C(OCC(=O)N1CCCC1)c1ccccc1
decoy_345,0.474056,0.495141,0.748033,0.698373,0.509334,0.537016,CCc1nnc(Cl)n1[C@@H](C)c1ccc(Cl)s1
decoy_3450,0.526527,0.405179,0.856231,0.632349,0.582562,0.453725,O=C(OCC(=O)N1CCCCCCC1)c1ccccc1
decoy_3451,0.580236,0.415517,0.884076,0.629664,0.635744,0.456906,O=C(OCC(=O)N1CCc2sccc2C1)c1ccccc1
decoy_3452,0.537821,0.429539,0.843664,0.634224,0.597776,0.466468,O=C(COC(=O)c1ccccc1)NC1CCCC1
decoy_3453,0.589486,0.556054,0.844683,0.723659,0.626221,0.541383,O=C(COC(=O)c1ccccc1)Nc1ccccc1
decoy_3454,0.524516,0.501353,0.801648,0.704318,0.556029,0.500807,O=C(COC(=O)c1ccccc1)NC1CCCCC1
decoy_3455,0.552575,0.446086,0.910087,0.701096,0.662212,0.482545,O=C(COC(=O)c1ccccc1)Nc1ccccc1-c1ccccc1
decoy_3456,0.421167,0.484334,0.865494,0.850843,0.565433,0.559947,O=C(COC(=O)c1ccccc1)Nc1ccccc1C(=O)NC1CCCC1
decoy_3457,0.518509,0.450347,0.891579,0.732314,0.576938,0.47512,O=C(COC(=O)c1ccccc1)Nc1ccccc1N1CCOCC1
decoy_3458,0.559432,0.564958,0.849427,0.761144,0.629634,0.551834,O=C(COC(=O)c1ccccc1)Nc1ccccn1
decoy_3459,0.57831,0.536737,0.868862,0.736986,0.629003,0.532721,O=C(COC(=O)c1ccccc1)Nc1cccs1
decoy_346,0.58942,0.504591,0.808407,0.674745,0.563179,0.49604,O=C([C@H]1CCCCO1)N1CCC[C@H](Cl)C1
decoy_3460,0.499205,0.416319,0.817196,0.63602,0.562239,0.440137,O=C(COC(=O)c1ccccc1)Nc1cc2c(s1)CCC2
decoy_3461,0.5107,0.484174,0.852235,0.728685,0.590875,0.494721,O=C(COC(=O)c1ccccc1)Nc1ccc2c(c1)OCCO2
decoy_3462,0.573735,0.450561,0.862422,0.66109,0.605818,0.467725,O=C(COC(=O)c1ccccc1)NCc1ccccc1
decoy_3463,0.532858,0.456356,0.828259,0.666867,0.595654,0.491923,O=C(COC(=O)c1ccccc1)NCc1ccco1
decoy_3464,0.456117,0.591435,0.765794,0.823502,0.518225,0.67635,O=C(COC(=O)c1ccccc1)NCCc1ccccc1
decoy_3465,0.482992,0.396975,0.870946,0.670456,0.589883,0.45252,O=C(COC(=O)c1ccccc1)NCCC1=CCCCC1
decoy_3466,0.532932,0.443274,0.871263,0.681043,0.610473,0.475104,O=C(COC(=O)c1ccccc1)NCCOc1ccccc1
decoy_3467,0.404684,0.335476,0.816082,0.61821,0.553692,0.40849,O=C(COC(=O)[C@@H]1CC=CCC1)NC(=O)NC1CCCC1
decoy_3468,0.37169,0.352196,0.849743,0.729097,0.584632,0.45165,O=C(COC(=O)c1ccccc1)NC(=O)N[C@]12C[C@H]3C[C@@H](C[C@H](C3)C1)C2
decoy_3469,0.530083,0.416459,0.817341,0.617619,0.595927,0.458488,O=C(COC(=O)c1ccccc1)OC1CCCCC1
decoy_347,0.525778,0.451618,0.771467,0.754194,0.546137,0.476855,Br[C@@H](c1ccccc1)C1CCCCCC1
decoy_3470,0.424545,0.491589,0.815023,0.798967,0.572027,0.542954,O=C(COC(=O)c1ccccc1OCc1ccccc1)C1=NC=CC1
decoy_3471,0.369537,0.485026,0.771891,0.832147,0.484814,0.606719,O=C(COC(=O)c1ccccc1OCc1ccccc1)NC1CCCC1
decoy_3472,0.418328,0.490551,0.803719,0.794525,0.547132,0.557416,O=C(COC(=O)c1ccccc1OCc1ccccc1)Nc1cccs1
decoy_3473,0.432878,0.368469,0.785726,0.719633,0.530976,0.498971,O=C(OCC(=O)N1CC[NH2+]CC1)c1ccccn1
decoy_3474,0.525049,0.526501,0.84023,0.757748,0.616167,0.536904,O=C(COC(=O)c1ccccn1)NC1CCCCC1
decoy_3475,0.524525,0.462205,0.866727,0.711621,0.619741,0.504178,O=C(COC(=O)c1ccccn1)NCCc1ccccc1
decoy_3476,0.583764,0.402306,0.88962,0.623709,0.620225,0.449405,O=C(COC(=O)c1ccc[nH]1)c1ccccc1
decoy_3477,0.497305,0.410907,0.83473,0.649919,0.588756,0.451376,O=C(COC(=O)c1ccc[nH]1)Nc1cc2c(s1)CCCC2
decoy_3478,0.435863,0.502008,0.787996,0.774827,0.519504,0.518521,O=C(COC(=O)c1cccs1)c1ccn(C[C@H]2CCCO2)c1
decoy_3479,0.569717,0.535976,0.860354,0.731725,0.604015,0.511069,O=C(COC(=O)c1cccs1)Nc1ccccc1
decoy_348,0.557823,0.440301,0.778445,0.72714,0.574994,0.466984,CCc1ccc([C@@H](Br)[C@@H](C)CC)cc1
decoy_3480,0.501059,0.402884,0.790723,0.598687,0.601653,0.435424,O=C(COC(=O)c1cccs1)Nc1cc2c(s1)CCC2
decoy_3481,0.591935,0.490511,0.849582,0.682256,0.600575,0.491631,O=C(COC(=O)c1ccsc1)Nc1ccccc1
decoy_3482,0.476008,0.37993,0.788576,0.601065,0.582717,0.439229,O=C(COC(=O)c1cnccn1)c1ccn(-c2ccccc2)c1
decoy_3483,0.418003,0.358471,0.832666,0.658038,0.552221,0.420551,O=C(COC(=O)c1cncn1-c1ccccc1)Nc1cc2c(s1)CCCC2
decoy_3484,0.457726,0.430962,0.889721,0.76517,0.577423,0.49637,O=C(COC(=O)c1c[nH]c2ccccc12)NCCC1=CCCCC1
decoy_3485,0.495497,0.364548,0.801617,0.573287,0.579559,0.443528,O=C(COC(=O)c1cnsc1)NC1CCCCC1
decoy_3486,0.595668,0.414741,0.896792,0.638971,0.618752,0.449346,O=C(COC(=O)c1cscn1)c1ccccc1
decoy_3487,0.544382,0.499207,0.832053,0.707662,0.594307,0.520247,O=C(COC(=O)c1cscn1)NC1CCCCC1
decoy_3488,0.4044,0.426845,0.817665,0.759333,0.562011,0.488099,O=C(COC(=O)[C@]12C[C@H]3C[C@@H](C[C@H](C3)C1)C2)Nc1ccccn1
decoy_3489,0.514849,0.468189,0.920236,0.763497,0.600676,0.487988,O=C(COC(=O)c1c2c(nc3ccccc13)CCC2)NCC1CC1
decoy_349,0.540075,0.419435,0.804433,0.725109,0.566003,0.467363,CC(C)c1ccc([C@@H](Br)C(C)(C)C)cc1
decoy_3490,0.502565,0.443727,0.810578,0.656593,0.564482,0.476768,O=C(COC(=O)c1cc2cccnc2s1)Nc1ccccc1
decoy_3491,0.508495,0.464484,0.765238,0.655118,0.53718,0.466543,O=C(COC(=O)c1ccc2ncsc2c1)Nc1ccccc1
decoy_3492,0.469522,0.434663,0.893258,0.757451,0.554401,0.48895,O=C(COC(=O)c1ccc2[nH]ccc2c1)N[C@]12C[C@H]3C[C@@H](C[C@H](C3)C1)C2
decoy_3493,0.502431,0.4506,0.855597,0.712856,0.57522,0.481684,O=C(COC(=O)c1ccc2c(c1)NC(=O)CS2)Nc1ccccc1
decoy_3494,0.431201,0.482087,0.785725,0.777714,0.52746,0.513956,O=C(COC(=O)c1ccc(NC2CC2)cc1)Nc1ccccc1
decoy_3495,0.51876,0.46026,0.76407,0.636199,0.538793,0.473679,O=C(COC(=O)c1cnc2ccccc2c1)Nc1cccs1
decoy_3496,0.411479,0.422232,0.81608,0.727929,0.551964,0.477794,O=C(COC(=O)c1cn(-c2ccccc2)nc1-c1cccs1)Nc1ccccc1
decoy_3497,0.464356,0.354625,0.783163,0.568498,0.557837,0.408314,O=C(COC(=O)c1cnc(-c2ccsc2)s1)Nc1ccccc1
decoy_3498,0.504528,0.429816,0.84476,0.668897,0.603344,0.478608,O=C(COC(=O)c1csc2c1CCCC2)Nc1ccccc1
decoy_3499,0.380841,0.398866,0.715104,0.658757,0.498446,0.47806,O=C(COC(=O)c1cc2cnn(-c3ccccc3)c2s1)Nc1cccs1
decoy_35,0.50629,0.382692,0.844143,0.78582,0.53922,0.44404,S=C=N[C@H]1C[C@H]2C=C[C@@H]1C2
decoy_350,0.495649,0.429287,0.764977,0.726329,0.534635,0.465583,CC[C@@H]1CC[C@H](Cl)[C@H](CC)C1
decoy_3500,0.547397,0.454252,0.890644,0.698234,0.617455,0.491815,O=C(COC(=O)C[C@H]1C[C@@H]2CC[C@H]1C2)Nc1ccccc1
decoy_3501,0.519426,0.459155,0.856476,0.689497,0.617855,0.477033,O=C(COC(=O)CC1CCCCC1)Nc1cccs1
decoy_3502,0.485689,0.414728,0.854613,0.669307,0.60131,0.476856,O=C(COC(=O)Cc1ccccc1)Nc1cc2c(s1)CCC2
decoy_3503,0.515842,0.50169,0.919362,0.801062,0.592816,0.523885,O=C(COC(=O)Cc1ccccc1)NC(=O)NC1CCCCC1
decoy_3504,0.515257,0.475547,0.83056,0.706856,0.544583,0.481526,O=C(COC(=O)/C=C/c1ccccc1)NC1CCCC1
decoy_3505,0.523519,0.47591,0.818177,0.684791,0.559618,0.496717,O=C(COC(=O)/C=C/c1ccccc1)Nc1ccccc1
decoy_3506,0.45822,0.416458,0.786728,0.653552,0.545425,0.454353,O=C(COC(=O)/C=C/c1ccccc1)Nc1cc2c(s1)CCC2
decoy_3507,0.39453,0.446665,0.794755,0.774373,0.518088,0.499663,O=C(COC(=O)/C=C/c1ccccc1)NC(=O)NC1CCCCC1
decoy_3508,0.328234,0.362112,0.73673,0.714271,0.495262,0.471824,O=C(COC(=O)/C=C/c1cnn(Cc2ccccc2)c1)Nc1cc2c(s1)CCC2
decoy_3509,0.520256,0.426052,0.894001,0.692851,0.612324,0.479805,O=C(COC(=O)CCC(=O)c1ccccc1)Nc1ccccc1
decoy_351,0.533624,0.436154,0.76382,0.719789,0.531293,0.464327,CCC[C@@H]1CC[C@@H](Cl)[C@H](Cc2ccsc2)C1
decoy_3510,0.50255,0.473938,0.849901,0.733611,0.563259,0.495283,O=C(COC(=O)CNC(=O)c1ccccc1)Nc1ccccc1
decoy_3511,0.547353,0.461302,0.864635,0.681386,0.622542,0.491384,O=C(COC(=O)COc1ccccc1)Nc1ccccc1
decoy_3512,0.504953,0.452744,0.841625,0.704085,0.540631,0.480897,O=C(COC(=O)COc1ccccc1)NC1CCCCC1
decoy_3513,0.461527,0.451841,0.756778,0.675184,0.50866,0.463127,O=C(COC(=O)COc1ccccc1)Nc1cc2c(s1)CCC2
decoy_3514,0.398655,0.465258,0.730116,0.746772,0.477814,0.496746,O=C(COC(=O)COc1ccccc1)N[C@H](c1ccccc1)c1cccs1
decoy_3515,0.333372,0.402398,0.751946,0.757597,0.502069,0.512679,O=C(COC(=O)COc1cccc2c1OCC2)Nc1cc2c(s1)CCC2
decoy_3516,0.551003,0.4296,0.875139,0.656312,0.607514,0.458495,O=C(COC(=O)CSc1ccccc1)Nc1ccccc1
decoy_3517,0.325651,0.379018,0.737605,0.73558,0.463348,0.474967,O=C(CO/N=C1\C=C[C@H]2C(=C1)CC[C@@H]1[C@@H]3CCC[C@@H]3CC[C@H]12)N1CCCC1
decoy_3518,0.340505,0.299582,0.806306,0.642939,0.462407,0.368364,O=C(CO/N=C1\C=C[C@H]2C(=C1)CC[C@@H]1[C@@H]3CCC[C@@H]3CC[C@H]12)NCCc1ccccc1
decoy_3519,0.365789,0.370266,0.915829,0.875546,0.509915,0.500554,O=C(CO/N=C1/C=C2CC[C@@H]3[C@@H]4CCC[C@@H]4CC[C@H]3[C@@H]2CC1)NCCc1c[nH+]c[nH]1
decoy_352,0.545458,0.436612,0.821392,0.763328,0.557035,0.478581,CC[C@@H]1CC[C@@H](Br)[C@H](CCC(C)(C)C)C1
decoy_3520,0.427142,0.348774,0.876769,0.664739,0.551541,0.421605,O=C(CO/N=C/C1CCCC1)NC[C@]12C[C@H]3C[C@@H](C[C@H](C3)C1)C2
decoy_3521,0.563813,0.448993,0.822118,0.623698,0.621525,0.463395,O=C(CO/N=C/c1ccccc1)Nc1ccccc1
decoy_3522,0.338031,0.400728,0.764043,0.758154,0.509638,0.482959,O=C(CO/N=C/c1ccccc1)Nc1ccccc1C(=O)NCCc1ccccc1
decoy_3523,0.515232,0.453333,0.90564,0.737465,0.559085,0.485313,O=C(CO/N=C/C1CCCCC1)NCCc1ccccc1
decoy_3524,0.435304,0.38113,0.837192,0.681912,0.577339,0.445575,O=C(CO/N=C/C1=CC2(CCCC2)NC1=O)Nc1ccccc1
decoy_3525,0.465184,0.531977,0.775252,0.750606,0.569463,0.558309,O=C(CO/N=C/Cc1ccccc1)NCC1CC1
decoy_3526,0.668683,0.483841,0.842649,0.737135,0.613406,0.489143,O=C(CSc1ccccc1)c1ccccc1
decoy_3527,0.611014,0.441799,0.788963,0.647178,0.599358,0.45773,O=C(CSC1CCCCC1)c1ccccc1
decoy_3528,0.554622,0.496105,0.880416,0.742298,0.59303,0.503129,O=C(CSc1ccccc1)c1cn(C2CC2)c(=O)[nH]c1=O
decoy_3529,0.527414,0.435577,0.862612,0.670937,0.550406,0.456892,O=C(CSc1ccccc1)N1CCC(n2ccnn2)CC1
decoy_353,0.487769,0.405277,0.724333,0.66841,0.508404,0.447773,CCC[C@H]1C[C@@H](C(C)C)CC[C@@H]1Br
decoy_3530,0.492925,0.519822,0.885079,0.845985,0.556487,0.542165,O=C(CSc1ccccc1)N(c1c[nH]c(=O)[nH]c1=O)C1CCCC1
decoy_3531,0.467084,0.4089,0.769606,0.67606,0.512777,0.456691,O=C(CSc1ccccc1)Nc1cc2c(s1)C[NH2+]CC2
decoy_3532,0.483899,0.381972,0.804788,0.604711,0.537599,0.419411,O=C(CSc1ccccc1)Nc1ncc(Cc2ccccc2)s1
decoy_3533,0.653262,0.466662,0.890031,0.639971,0.624703,0.474675,O=C(CSc1ccccc1)NCc1ccccc1
decoy_3534,0.433301,0.487228,0.832546,0.828766,0.512179,0.509184,O=C(CSc1ccccc1)N(Cc1ccccc1)c1c[nH]c(=O)[nH]c1=O
decoy_3535,0.610992,0.49832,0.877982,0.691756,0.610823,0.484058,O=C(CSc1ccccc1)NCCc1ccccc1
decoy_3536,0.544233,0.394351,0.841971,0.60208,0.568838,0.418021,O=C(CSc1ccccc1)NCCOc1ccccc1
decoy_3537,0.522348,0.478593,0.841075,0.693862,0.567951,0.484965,O=C(CSc1ccccc1)NN1C(=O)CNC1=O
decoy_3538,0.576373,0.462392,0.853595,0.650779,0.593527,0.463382,O=C(CSc1ccccc1)N/N=C/c1ccccc1
decoy_3539,0.548589,0.434435,0.879063,0.664612,0.599221,0.449433,O=C(CSc1ccccc1)NNC(=O)c1ccccc1
decoy_354,0.517596,0.392781,0.773747,0.610133,0.524207,0.424697,CC[C@H]1CCC[C@H](Oc2nc3c(cc2C#N)CCC3)C1
decoy_3540,0.467059,0.407822,0.870083,0.705869,0.54424,0.443974,O=C(CSc1ccccc1)NNC(=O)[C@]12C[C@H]3C[C@@H](C[C@H](C3)C1)C2
decoy_3541,0.60656,0.469459,0.873236,0.67015,0.651905,0.475497,O=C(CSc1ccccc1)OCc1ncncn1
decoy_3542,0.562372,0.505587,0.89601,0.744366,0.598099,0.489852,O=C(CSc1ccccn1)NC1CC1
decoy_3543,0.590717,0.553346,0.841383,0.730382,0.574153,0.525051,O=C(CSc1ccccn1)Nc1ccccc1
decoy_3544,0.494229,0.502553,0.83126,0.76314,0.5602,0.56,O=C(CSc1ccccn1)Nc1ccc(N2CCOCC2)cc1
decoy_3545,0.594382,0.472637,0.89155,0.684291,0.612163,0.472038,O=C(CSc1ccccn1)NCc1ccco1
decoy_3546,0.560536,0.445382,0.844173,0.644035,0.60816,0.448753,O=C(CSc1ccccn1)N/N=C/c1ccccc1
decoy_3547,0.472234,0.456555,0.822733,0.728291,0.537139,0.497995,O=C(CSc1c[nH]c2ccccc12)Nc1cc2c(s1)CCCCC2
decoy_3548,0.474358,0.435997,0.853717,0.708903,0.539521,0.471316,O=C(CSc1ncc2ccccn12)NC(=O)NC1CCCCC1
decoy_3549,0.478954,0.376827,0.846593,0.636883,0.564108,0.4357,O=C(CSC1=NCc2c(sc3c2CCOC3)N1)N1CCCCC1
decoy_355,0.571887,0.463782,0.786503,0.754194,0.588471,0.490897,CCCc1ccc2c(c1)[C@@H](Br)CCCC2
decoy_3550,0.608263,0.532093,0.88237,0.728649,0.633285,0.520415,O=C(CSc1ncccn1)C1=c2ccccc2=NC1
decoy_3551,0.550861,0.427351,0.826047,0.623635,0.578615,0.458885,O=C(CSc1ncccn1)N1CCc2ccccc2C1
decoy_3552,0.488357,0.396429,0.88333,0.689298,0.567586,0.448006,O=C(CSc1ncccn1)N1CCN(C(=O)c2ccccc2)CC1
decoy_3553,0.563667,0.582783,0.840705,0.781389,0.572298,0.579718,O=C(CSc1ncccn1)Nc1ccccc1
decoy_3554,0.56546,0.53977,0.822312,0.736569,0.583117,0.507445,O=C(CSc1ncccn1)NC1CCCCC1
decoy_3555,0.564331,0.530447,0.929945,0.807002,0.649511,0.522252,O=C(CSc1ncccn1)N[C@@H]1C=CC=N1
decoy_3556,0.458696,0.337975,0.769174,0.543079,0.559854,0.401667,O=C(CSc1ncccn1)Nc1cc2c(s1)CCCC2
decoy_3557,0.593784,0.573268,0.860717,0.775286,0.588518,0.564147,O=C(CSc1ncccn1)NCCc1ccccc1
decoy_3558,0.535757,0.540438,0.874283,0.819225,0.600786,0.586345,O=C(CSc1ncccn1)NCCC1CCCCC1
decoy_3559,0.563094,0.511321,0.892481,0.782322,0.635944,0.534077,O=C(CSc1ncccn1)N/N=C/c1ccccc1
decoy_356,0.489615,0.436196,0.75047,0.731766,0.580649,0.523358,CC[C@@H]1CCC[C@@H](Oc2ccc(C#CCCCl)cc2C)C1
decoy_3560,0.5148,0.550076,0.81001,0.755588,0.650533,0.575404,O=C(CSc1ncccn1)OC1CCCCC1
decoy_3561,0.468746,0.459463,0.821567,0.768063,0.532346,0.515361,O=C(CSc1nccc(=O)[nH]1)Nc1cc2c(s1)CCCCC2
decoy_3562,0.531162,0.409072,0.879831,0.6554,0.563136,0.434877,O=C(CSc1nccn1-c1ccccc1)N1CCc2ccccc21
decoy_3563,0.565662,0.520103,0.896412,0.761337,0.615157,0.522834,O=C(CSc1ncco1)NC(=O)Nc1ccccc1
decoy_3564,0.577844,0.455794,0.86691,0.668698,0.578616,0.471943,O=C(CSc1nccs1)Nc1ccccc1
decoy_3565,0.546893,0.41411,0.855468,0.635449,0.601923,0.448196,O=C(CSc1nccs1)NCCOc1ccccc1
decoy_3566,0.586032,0.510012,0.916841,0.765145,0.661097,0.542079,O=C(CSc1ncncn1)NCc1cccs1
decoy_3567,0.450771,0.542958,0.848933,0.865664,0.561975,0.632543,O=C(CSc1nc[nH]n1)c1ccccc1
decoy_3568,0.458131,0.480371,0.911041,0.866442,0.573191,0.534963,O=C(CSc1nc[nH]n1)c1cc[nH]c1
decoy_3569,0.518449,0.434956,0.791413,0.636345,0.556498,0.471773,O=C(CSc1nc[nH]n1)C1=CN(c2ccccc2)CC1
decoy_357,0.46637,0.425227,0.744905,0.625106,0.497452,0.45025,CC(C)(C)c1ccccc1-n1c(=S)[nH]c2c(F)cccc21
decoy_3570,0.555875,0.424023,0.817679,0.620761,0.563789,0.451215,O=C(CSc1nc[nH]n1)N1CCCc2ccccc21
decoy_3571,0.486801,0.509957,0.747336,0.719154,0.526283,0.574304,O=C(CSc1nc[nH]n1)NC1CCCCC1
decoy_3572,0.600324,0.48998,0.92171,0.755722,0.666636,0.518054,O=C(CSc1nc[nH]n1)NCc1ccccc1
decoy_3573,0.551907,0.52088,0.82749,0.744622,0.579314,0.512286,O=C(CSc1nc[nH]n1)NCCc1ccccc1
decoy_3574,0.448741,0.371346,0.785872,0.605417,0.548706,0.421314,O=C(CSc1nc[nH]n1)Nc1nc2c(s1)CCCC2
decoy_3575,0.575407,0.50305,0.90131,0.773377,0.628284,0.514177,O=C(CSc1nc[nH]n1)N/N=C/c1ccccc1
decoy_3576,0.475991,0.408423,0.859787,0.674751,0.601463,0.461429,O=C(CS[C@@H]1NC=NS1)Nc1nc2ccccc2s1
decoy_3577,0.521874,0.426715,0.887092,0.692257,0.537472,0.458954,O=C(CSc1nc(=O)ccn1-c1ccccc1)Nc1ccccc1
decoy_3578,0.44587,0.412841,0.823828,0.759159,0.526112,0.504136,O=C(CSC1=[NH+]C(=O)CC=N1)NC1CCCCC1
decoy_3579,0.412751,0.392251,0.792297,0.717731,0.490756,0.440806,O=C(CSC1=[NH+]C(=O)CC=N1)NCc1ccc2c(c1)CCCC2
decoy_358,0.451807,0.416126,0.732316,0.615474,0.488912,0.44588,CC(C)(C)c1ccccc1-n1c(=S)[nH]c2ccccc21
decoy_3580,0.539776,0.49591,0.896168,0.774026,0.592621,0.508316,O=C(CSc1nccc(=O)[nH]1)Nc1ccccc1
decoy_3581,0.417521,0.354064,0.764396,0.595026,0.527788,0.421912,O=C(CSc1nnc2c(n1)[nH]c1ccccc12)Nc1ccccc1
decoy_3582,0.410294,0.367712,0.795269,0.639803,0.533836,0.433985,O=C(CSc1nnc2c(n1)[nH]c1ccccc12)Nc1cc2c(s1)CCC2
decoy_3583,0.52065,0.419129,0.864006,0.666774,0.588328,0.470382,O=C(CSc1nncn1-c1ccccc1)Nc1cccs1
decoy_3584,0.389769,0.341406,0.867101,0.746389,0.512828,0.430212,O=C(CSC1=[NH+]NCN1c1ccccc1)NCCC1=c2ccccc2=NC1
decoy_3585,0.521265,0.432221,0.930066,0.73198,0.573182,0.460674,O=C(CSc1nncn1-c1ccccc1)NCCOc1ccccc1
decoy_3586,0.422923,0.390567,0.870524,0.73366,0.551734,0.473376,O=C(CSc1nncn1Cc1ccco1)N[C@]12C[C@H]3C[C@@H](C[C@H](C3)C1)C2
decoy_3587,0.530572,0.456715,0.893644,0.714501,0.57394,0.487539,O=C(CSc1nncn1CCc1cccs1)Nc1ccccc1
decoy_3588,0.480276,0.484803,0.766563,0.721314,0.56573,0.527562,O=C(CSc1nc[nH]n1)[C@H]1[C@@H]2C[C@H]3C[C@@H](C2)C[C@@H]1C3
decoy_3589,0.5024,0.552752,0.872225,0.800462,0.581944,0.542276,O=C(CSc1nc[nH]n1)c1c(-c2ccccc2)[nH]c2ccccc12
decoy_359,0.50542,0.546459,0.731628,0.723594,0.520777,0.556541,Cc1cc(Cl)c(C(C)C)cc1Oc1cnc(C#N)cn1
decoy_3590,0.517798,0.544248,0.855273,0.815089,0.561023,0.543801,O=C(CSc1nc[nH]n1)Nc1ccccc1
decoy_3591,0.410412,0.472026,0.716977,0.744674,0.473672,0.508973,O=C(CSc1nc[nH]n1)Nc1ccccc1SCc1ccccc1
decoy_3592,0.50485,0.532805,0.931419,0.89106,0.593022,0.595291,O=C(CSc1nc[nH]n1)Nc1cccs1
decoy_3593,0.46169,0.513626,0.810815,0.806441,0.526663,0.522451,O=C(CSc1nnco1)NCCC(c1ccccc1)c1ccccc1
decoy_3594,0.520669,0.626173,0.868722,0.886687,0.572467,0.706541,O=C(CSc1nncs1)c1ccccc1
decoy_3595,0.491245,0.502893,0.90664,0.836086,0.579344,0.533017,O=C(CSc1nncs1)c1cc[nH]c1
decoy_3596,0.505189,0.494611,0.923575,0.827227,0.600047,0.525829,O=C(CSc1nncs1)N1CCNC1=O
decoy_3597,0.443894,0.490816,0.764677,0.737849,0.516966,0.559507,O=C(CSc1nncs1)N1CCN(c2ccccn2)CC1
decoy_3598,0.501236,0.489234,0.851627,0.754713,0.55117,0.565127,O=C(CSc1nncs1)Nc1ccccc1
decoy_3599,0.529332,0.536099,0.794061,0.740142,0.566695,0.535552,O=C(CSc1nncs1)NC1CCCCC1
decoy_36,0.492213,0.417629,0.897203,0.773129,0.543585,0.445246,N#Cc1ccc2c(c1)C(=O)OC2
decoy_360,0.469247,0.453075,0.864751,0.728528,0.562512,0.491824,CN(c1ccc(F)cc1S(=O)(=O)C(F)(F)F)[C@@H]1CC[NH2+]C1
decoy_3600,0.448858,0.389832,0.736673,0.661218,0.516277,0.45279,O=C(CSc1nncs1)Nc1cc2c(s1)C[NH2+]CC2
decoy_3601,0.481235,0.428489,0.781357,0.637891,0.526049,0.454127,O=C(CSc1nncs1)NCc1ccccc1
decoy_3602,0.479678,0.539796,0.794877,0.780546,0.50766,0.537925,O=C(CSc1nncs1)NC(c1ccccc1)c1ccccc1
decoy_3603,0.516087,0.461611,0.830222,0.681297,0.566634,0.476579,O=C(CSc1nncs1)N[C@H](c1ccccc1)c1cccs1
decoy_3604,0.526828,0.406473,0.794005,0.591593,0.580549,0.44547,O=C(CSc1nncs1)NCCc1ccccc1
decoy_3605,0.413952,0.340158,0.850991,0.658991,0.573744,0.448507,O=C(CSc1nncs1)NC(=O)N[C@]12C[C@H]3C[C@@H](C[C@H](C3)C1)C2
decoy_3606,0.405604,0.389822,0.791217,0.688911,0.533428,0.455881,O=C(CSc1nncs1)N/N=C/c1ccc(OCc2ccccc2)cc1
decoy_3607,0.501393,0.460352,0.886082,0.761324,0.549371,0.490628,O=C(CSc1n[nH]c(=O)n1C1CC1)NC1CCCCCC1
decoy_3608,0.534107,0.462187,0.822632,0.661426,0.561507,0.486264,O=C(CSc1nnnn1-c1ccccc1)Nc1ccccc1
decoy_3609,0.531136,0.421117,0.862058,0.655395,0.579785,0.46696,O=C(CSc1nnnn1-c1ccccc1)NCc1ccccc1
decoy_361,0.506738,0.355318,0.913892,0.755946,0.582014,0.429452,Oc1cc(F)c(OF)c(F)c1F
decoy_3610,0.49008,0.458471,0.843895,0.722364,0.563851,0.481105,O=C(CSc1nnnn1-c1ccccc1)NCCc1ccccc1
decoy_3611,0.436979,0.450716,0.827554,0.816625,0.524523,0.51163,O=C(CSc1nnn[n-]1)Nc1cccs1
decoy_3612,0.576763,0.47168,0.867453,0.692808,0.57893,0.4784,O=C(CSC1=C[C@@H](c2ccccc2)C=CN1)Nc1ccccc1
decoy_3613,0.569926,0.499586,0.858247,0.72538,0.605456,0.539752,O=C(CSC1=C[C@@H](c2ccccc2)C=CN1)Nc1ccon1
decoy_3614,0.561411,0.499097,0.857255,0.731661,0.601805,0.558888,O=C(CSC1=C[C@@H](c2ccccc2)C=CN1)Nc1nccs1
decoy_3615,0.544855,0.438911,0.907041,0.702399,0.568658,0.459805,O=C1C[C@H](c2ccccc2)C=C(SCC(=O)Nc2ccccc2)N1
decoy_3616,0.457257,0.564716,0.78856,0.83392,0.497699,0.563154,O=C(CSc1ccc2ccccc2n1)c1ccc2[nH]c(=O)[nH]c2c1
decoy_3617,0.505456,0.403407,0.763196,0.583614,0.540197,0.433513,O=C(CSc1ccc2ccccc2n1)Nc1ccccc1
decoy_3618,0.430543,0.374849,0.847612,0.681713,0.538559,0.452104,O=C(COC(=O)CSc1ccc2ccccc2n1)Cc1nc2ccccc2[nH]1
decoy_3619,0.557773,0.486332,0.789546,0.69156,0.578248,0.469202,O=C(CSc1cc(-c2cccs2)ccn1)Nc1ccccc1
decoy_362,0.528074,0.470372,0.686921,0.726111,0.576255,0.510212,C1=C[C@H]2C[C@@H]1C[C@@H]2/C=C/c1ccc2c(c1)OCO2
decoy_3620,0.482803,0.43186,0.878555,0.721825,0.585467,0.479072,O=C(CSc1ccc(N2CCCCC2)nn1)Nc1ccccc1
decoy_3621,0.434801,0.421543,0.807256,0.689289,0.590011,0.470554,O=C(CSc1nc2c(c(=O)[nH]1)CCC2)Nc1ccccc1
decoy_3622,0.361599,0.385046,0.755167,0.698102,0.457395,0.479119,O=C(CSc1nc2c(c(=O)[nH]1)CCC2)Nc1cc2c(s1)CCCC2
decoy_3623,0.484644,0.521137,0.909823,0.847999,0.562761,0.518769,O=C(CSc1nc2ccccc2c(=O)n1-c1ccccc1)N1CCCCC1
decoy_3624,0.436206,0.382685,0.899349,0.727158,0.559785,0.461039,O=C(CSc1nc2c(c(=O)[nH]1)CCCC2)N[C@@H]1CC2=C(CCCC2)S1
decoy_3625,0.465492,0.544798,0.811827,0.864664,0.545656,0.575822,O=C(CSC1N=c2ccccc2=N1)NC1=[NH+]NCS1
decoy_3626,0.48147,0.447221,0.844886,0.724393,0.53994,0.485858,O=C(CSC1N=c2ccccc2=N1)N[C@H]1N=C(c2ccccc2)CS1
decoy_3627,0.403245,0.375439,0.804697,0.681271,0.505242,0.481568,O=C(CSC1N=c2ccccc2=N1)NC(=O)NC1CCCCC1
decoy_3628,0.535888,0.400148,0.894355,0.654427,0.611653,0.4382,O=C(CSc1nc2ccccc2[nH]1)c1cc[nH]c1
decoy_3629,0.52487,0.463197,0.869453,0.706231,0.604834,0.492959,O=C(CSc1nc2ccccc2[nH]1)N1CCCCC1
decoy_363,0.450393,0.392859,0.786161,0.7548,0.53795,0.454169,CC1=C[C@@]23CC=C[C@@]2(CCCC3)C1
decoy_3630,0.497084,0.483708,0.802083,0.6836,0.549074,0.486545,O=C(CSc1nc2ccccc2[nH]1)Nc1ccccc1
decoy_3631,0.444034,0.410109,0.84603,0.725322,0.58136,0.485677,O=C(CSc1nc2ccccc2[nH]1)N[C@H]1N=N[C@@H](c2ccccc2)S1
decoy_3632,0.478729,0.426592,0.882038,0.734619,0.556333,0.528793,O=C(CSc1nc2ccccc2[nH]1)NCc1ccc2c(c1)CCCC2
decoy_3633,0.472894,0.447429,0.880907,0.75584,0.574486,0.501865,O=C(CSc1nc2ccccc2o1)NNC(=O)CC1CCCCC1
decoy_3634,0.500805,0.493324,0.827505,0.718269,0.557405,0.495019,O=C(CSc1nc2sccc2c(=O)[nH]1)NC1CCCC1
decoy_3635,0.508996,0.441783,0.839166,0.665034,0.562635,0.457055,O=C(CSc1nc2sccc2c(=O)[nH]1)Nc1ccccc1
decoy_3636,0.518354,0.509114,0.827871,0.7479,0.576726,0.503207,O=C(CSc1nc2sccc2c(=O)[nH]1)NC1CCCCC1
decoy_3637,0.526913,0.512317,0.825791,0.727688,0.569397,0.485378,O=C(CSc1nc2sccc2c(=O)[nH]1)NCc1cccs1
decoy_3638,0.458037,0.412678,0.851526,0.715395,0.519887,0.443265,O=C(CSC1=NC2=C(C(=O)CCC2)[C@H](c2ccccc2)C1)Nc1ccccc1
decoy_3639,0.48508,0.513861,0.755007,0.69393,0.523549,0.499907,O=C(CSc1ncc2ccccc2n1)Nc1ccccc1
decoy_364,0.487595,0.402721,0.885963,0.84657,0.611175,0.498372,C=CC1=C[C@@H]2C=C[C@@H]3C=C[C@H]1[C@@H]32
decoy_3640,0.47518,0.475806,0.868381,0.77445,0.52115,0.497196,O=C(CSc1nc(-c2ccccc2)[nH]c1-c1ccccc1)NCc1ccco1
decoy_3641,0.533804,0.45861,0.870321,0.697873,0.560061,0.47719,O=C(CSc1n[nH]c(-c2ccccc2)n1)NC1CCCC1
decoy_3642,0.498399,0.531852,0.812552,0.750202,0.551247,0.503647,O=C(CSc1n[nH]c(-c2ccccc2)n1)Nc1ccccc1
decoy_3643,0.466795,0.446298,0.8377,0.720853,0.563219,0.486738,O=C(CSc1n[nH]c(-c2ccccc2)n1)NCc1ccccc1
decoy_3644,0.443678,0.500061,0.827217,0.813417,0.536353,0.522198,O=C(CSc1n[nH]c(-c2ccccc2)n1)NCCC1=CCCCC1
decoy_3645,0.464849,0.424051,0.853994,0.702485,0.532314,0.457523,O=C(CSc1ncc(S(=O)(=O)c2cccs2)cn1)Nc1ccccc1
decoy_3646,0.489203,0.42975,0.769242,0.638227,0.54903,0.471458,O=C(CSc1ncnc2sc(-c3ccccc3)cc12)c1ccccc1
decoy_3647,0.429448,0.450413,0.910074,0.832144,0.589155,0.52371,O=C(CSc1[nH]c(-c2ccccc2)nc1-c1ccccc1)NC[C@H]1CCCO1
decoy_3648,0.518574,0.416129,0.833155,0.637726,0.575562,0.45045,O=C(CSc1nnc2ccc3ccccc3n12)Nc1ccco1
decoy_3649,0.407299,0.367231,0.807815,0.667843,0.514548,0.438528,O=C(CSc1nnc2[nH]c3ccccc3n12)Nc1cc2c(s1)CCCC2
decoy_365,0.428976,0.351377,0.8711,0.832681,0.526119,0.414149,ClC[C@@H]1C[C@H]2C=C[C@@H]1C2
decoy_3650,0.488329,0.430837,0.886293,0.71581,0.582937,0.488934,O=C(CSc1nnc(C2CC2)n1C1CC1)N1CCCCC1
decoy_3651,0.536521,0.436307,0.841737,0.642857,0.569619,0.458759,O=C(CSc1n[nH]c(C2CC2)n1)Nc1ccccc1
decoy_3652,0.353309,0.334445,0.774963,0.628306,0.469303,0.423339,O=C(CSc1nnc(-c2ccccc2)c([O-])n1)Nc1cc2c(s1)CCC2
decoy_3653,0.513647,0.446291,0.871075,0.702566,0.600245,0.48224,O=C(CSc1n[nH]c(-c2ccccc2)n1)N1CCCc2ccccc21
decoy_3654,0.444418,0.370788,0.873421,0.682765,0.553514,0.438604,O=C(CSc1n[nH]c(C2CCCCC2)n1)N1CCCCC1
decoy_3655,0.491906,0.462908,0.893099,0.751709,0.562727,0.503219,O=C(CSc1n[nH]c(-c2ccccc2)n1)NC1CCCCC1
decoy_3656,0.510681,0.477578,0.889424,0.752039,0.582076,0.494718,O=C(CSc1n[nH]c(C2CCCCC2)n1)Nc1ccccc1
decoy_3657,0.486576,0.419567,0.831099,0.669376,0.585114,0.460066,O=C(CSc1n[nH]c(-c2ccccc2)n1)Nc1cccs1
decoy_3658,0.448879,0.440234,0.783403,0.682136,0.520457,0.484295,O=C(CSc1n[nH]c(-c2ccccc2)n1)Nc1cc2c(s1)CCC2
decoy_3659,0.449063,0.430198,0.839185,0.725708,0.511089,0.463757,O=C(CSc1n[nH]c(-c2ccccc2)n1)N[C@H](c1ccccc1)c1cccs1
decoy_3659_2,0.432272,0.388497,0.852988,0.699991,0.551186,0.447772,O=C(CSc1n[nH]c(-c2ccccc2)n1)N[C@H](c1ccccc1)c1cccs1
decoy_366,0.414102,0.349689,0.871989,0.848121,0.521497,0.425977,BrC[C@@H]1C[C@H]2C=C[C@@H]1C2
decoy_3660,0.372427,0.424511,0.793327,0.775976,0.504224,0.54533,O=C(CSc1n[nH]c(-c2ccccc2)n1)N(Cc1ccco1)C1=CCCCC1
decoy_3661,0.438043,0.463679,0.785978,0.735692,0.493147,0.466018,O=C(CSc1n[nH]c(-c2ccccc2)n1)NCCc1ccccc1
decoy_3662,0.459842,0.513668,0.812502,0.774584,0.55497,0.584121,O=C(CSc1nnc(-c2ccccc2)o1)N1CCCCC1
decoy_3663,0.482077,0.457004,0.842406,0.729044,0.563647,0.516783,O=C(CSc1n[nH]c(-c2ccco2)n1)NCc1ccccc1
decoy_3664,0.526628,0.466949,0.897673,0.740647,0.568044,0.476787,O=C(CSc1nnc(-c2cccs2)n1C[C@H]1CCCO1)c1cccs1
decoy_3665,0.441853,0.47928,0.816496,0.779255,0.526038,0.512584,O=C(CSc1nnc(-c2cccs2)n1C[C@H]1CCCO1)Nc1ccccc1
decoy_3666,0.517986,0.411993,0.828409,0.625837,0.570359,0.443933,O=C(CSc1n[nH]c(-c2cccs2)n1)Nc1ccccc1
decoy_3667,0.485905,0.467609,0.799296,0.694208,0.517653,0.464417,O=C(CSc1n[nH]c(-c2cccs2)n1)NC1CCCCC1
decoy_3668,0.403604,0.497321,0.733016,0.763005,0.477887,0.521915,O=C(CSc1nnc(-c2ccncc2)n1-c1ccccc1)Nc1cccs1
decoy_3669,0.499737,0.476305,0.87756,0.781771,0.592036,0.513759,O=C(CSc1n[nH]c(-c2ccoc2)n1)N[C@H]1CCCc2ccccc21
decoy_367,0.529352,0.477501,0.835572,0.766288,0.570077,0.478666,N#Cc1ccc(OC2COC2)cc1
decoy_3670,0.472094,0.428804,0.830765,0.676031,0.536871,0.465653,O=C(CSc1n[nH]c(-c2ccoc2)n1)NC1CCCCC1
decoy_3671,0.452339,0.490218,0.811863,0.75782,0.532649,0.501947,O=C(CSc1n[nH]c(-c2ccoc2)n1)NCCc1ccccc1
decoy_3672,0.402573,0.475782,0.817371,0.816701,0.533459,0.501534,O=C(CSc1nnc(Cc2cccs2)n1-c1ccccc1)Nc1ccccc1
decoy_3673,0.455622,0.381755,0.871819,0.681417,0.581146,0.448353,O=C(CSc1n[nH]c(CNC(=O)c2ccccc2)n1)c1ccccc1
decoy_3674,0.472616,0.3599,0.838417,0.60843,0.597989,0.419508,O=C(CSc1n[nH]c(COc2ccccc2)n1)c1ccccc1
decoy_3675,0.510019,0.40404,0.882178,0.672221,0.599665,0.466812,O=C(CSc1n[nH]c(COc2ccccc2)n1)c1ccc[nH]1
decoy_3676,0.447689,0.41662,0.887929,0.74058,0.56466,0.476284,O=C(CSc1n[nH]c(COc2ccccc2)n1)N1CCCc2ccccc21
decoy_3677,0.461888,0.388195,0.841307,0.649971,0.556621,0.442174,O=C(CSc1n[nH]c(COc2ccccc2)n1)Nc1ccccc1
decoy_3678,0.50327,0.436594,0.827708,0.667105,0.583877,0.474937,O=C(CSc1n[nH]c(COc2ccccc2)n1)Nc1cccs1
decoy_3679,0.366359,0.318827,0.788539,0.616487,0.501553,0.38933,O=C(CSc1n[nH]c(COc2ccccc2)n1)Nc1cc2c(s1)CCCC2
decoy_368,0.490534,0.413184,0.83384,0.670208,0.571021,0.449949,CC(C)c1ccc2c(c1)CCCN2C(=O)c1cccc2cn[nH]c12
decoy_3680,0.427623,0.440667,0.850772,0.776282,0.579526,0.512882,O=C(CSc1n[nH]c(COc2ccccc2)n1)NCc1ccccc1
decoy_3681,0.469342,0.412709,0.87477,0.705349,0.59564,0.459951,O=C(CSc1n[nH]c(COc2ccccc2)n1)NCc1cccs1
decoy_3682,0.47805,0.429195,0.842863,0.695664,0.552816,0.462349,O=C(CSc1nnc(N2CCCC2)s1)NCc1ccccc1
decoy_3683,0.419489,0.457489,0.862019,0.821925,0.54611,0.505134,O=C(CSc1nnc(N2CCCCC2)n1-c1ccccc1)Nc1ccccc1
decoy_3684,0.406873,0.468075,0.782338,0.7755,0.498036,0.500367,O=C(CSc1nnc(N2CCCCC2)n1-c1ccccc1)Nc1cccs1
decoy_3685,0.482987,0.40291,0.868336,0.677171,0.588776,0.451422,O=C(CSc1nnc(Nc2ccccc2)s1)NC1CCCC1
decoy_3686,0.331422,0.348142,0.67659,0.621703,0.455717,0.409428,O=C(CSc1nnc(Nc2ccccc2)s1)Nc1ccccc1
decoy_3687,0.479584,0.41064,0.885279,0.701438,0.568147,0.460847,O=C(CSc1nnc(Nc2ccccc2)s1)NC1CCCCC1
decoy_3688,0.433285,0.399647,0.82581,0.695663,0.513071,0.471563,O=C(CSc1nnc(NC2CCCCC2)s1)Nc1ccccc1
decoy_3689,0.407277,0.354426,0.853215,0.684257,0.573215,0.437901,O=C(CSc1nnc(NC2CCCCC2)s1)NC1CCCCC1
decoy_369,0.464164,0.37836,0.821685,0.640904,0.498295,0.431432,O=C(NC[C@H]1CC=CCC1)N1CCN(c2ccccc2Cl)CC1
decoy_3690,0.458616,0.395448,0.849993,0.689714,0.534286,0.459747,O=C(CSc1nnc(Nc2ccccc2)s1)NC1CCCCCCC1
decoy_3691,0.339528,0.341163,0.764127,0.676174,0.506362,0.445222,O=C(CSc1nnc(Nc2ccccc2)s1)N[C@]12C[C@H]3C[C@@H](C[C@H](C3)C1)C2
decoy_3692,0.379164,0.418993,0.775977,0.746878,0.491285,0.483018,O=C(CSc1nnc(Nc2ccccc2)s1)NCc1cccc2ccccc12
decoy_3693,0.459643,0.477912,0.816037,0.736477,0.516049,0.486697,O=C(CSc1nnc(Nc2ccccc2)s1)NCc1ccccc1
decoy_3694,0.434024,0.392363,0.865643,0.707769,0.546483,0.471956,O=C(CSc1nnc(NC2CCCCC2)s1)NCc1ccccc1
decoy_3695,0.458429,0.419873,0.815128,0.676232,0.529693,0.463013,O=C(CSc1nnc(Nc2ccccc2)s1)NCc1cccs1
decoy_3696,0.416656,0.401384,0.803075,0.695143,0.520827,0.472722,O=C(CSc1nnc(Nc2ccccc2)s1)NCCc1ccccc1
decoy_3697,0.398682,0.435549,0.782149,0.754854,0.487837,0.52011,O=C(CSc1nnc(Nc2ccccc2)s1)NCCCc1ccccc1
decoy_3698,0.434407,0.394724,0.820704,0.684457,0.527923,0.455641,O=C(CSc1nnc(NCc2ccccc2)s1)Nc1ccccc1
decoy_3699,0.383226,0.329838,0.788802,0.615767,0.526934,0.409699,O=C(CSc1nnc(NCCc2ccccc2)s1)Nc1ccccc1
decoy_37,0.604303,0.504628,0.831059,0.739286,0.62998,0.486468,Cn1nc(C2CC2)c2c(C(F)(F)F)cc(C(C)(C)C)nc21
decoy_370,0.432436,0.422524,0.831589,0.75165,0.606797,0.504654,C[N@H+]1CCCC[C@@H]1c1ccc(=S)[nH]c1
decoy_3700,0.49846,0.454392,0.866432,0.755703,0.543788,0.480455,O=C(CSc1nnc(NCCc2cccs2)s1)NCc1ccccc1
decoy_3701,0.374448,0.370301,0.778826,0.686338,0.517514,0.478015,O=C(CSc1nnc(NC(=O)c2ccccc2)s1)Nc1cc2c(s1)CCC2
decoy_3702,0.425478,0.484795,0.802905,0.804022,0.501068,0.506449,O=C(CSc1n[nH]c(/C=C/c2cccs2)n1)NCCSc1ccccc1
decoy_3703,0.44566,0.40712,0.886205,0.745235,0.543121,0.464473,O=C(CSC1=C[C@@H](c2ccccc2)C2=C(CCCC2=O)N1)Nc1ccccc1
decoy_3704,0.36117,0.378211,0.768952,0.718479,0.496899,0.455261,O=C(CSC1=C[C@@H](c2ccco2)C=C(c2ccccc2)[N-]1)Nc1ccccc1
decoy_3705,0.469817,0.362632,0.854136,0.639686,0.530434,0.416483,O=C(CSc1nc(-c2cccs2)c(-c2cccs2)[nH]1)NC1CCCCC1
decoy_3706,0.542022,0.526424,0.884575,0.80489,0.556422,0.523971,O=C(CSc1ncc2c3c(sc2n1)CCCC3)NCc1ccccc1
decoy_3707,0.489648,0.385849,0.860775,0.643563,0.586844,0.432588,O=C(CS[C@@H]1N=N[C@H]([C@H]2C=C(c3ccccc3)N=N2)N1)c1ccccc1
decoy_3708,0.410955,0.381753,0.774869,0.65117,0.496677,0.431551,O=C(CSc1nc2sc3c(c2c(=O)[nH]1)CCCC3)Nc1ccccc1
decoy_3709,0.429794,0.402666,0.861083,0.756084,0.572619,0.486942,O=C(CS[C@H]1N[NH+]=C(C2=c3ccccc3=NC2)N1C1CC1)c1ccccc1
decoy_371,0.547611,0.453812,0.904375,0.723102,0.570425,0.487945,C[C@H](CC1CCCC1)C(=O)N1CCO[C@H]2CCCC[C@@H]21
decoy_3710,0.402662,0.414362,0.883096,0.797694,0.590465,0.498949,O=C(CS[C@H]1N[NH+]=C(C2=c3ccccc3=NC2)N1C1CC1)Nc1ccccc1
decoy_3711,0.375549,0.360911,0.851438,0.786402,0.506411,0.457279,O=C(CS[C@H]1N[NH+]=C(C2=c3ccccc3=NC2)N1C1CC1)NC1CCCCC1
decoy_3712,0.402101,0.364113,0.868933,0.767293,0.548745,0.452486,O=C(CS[C@H]1N[NH+]=C(C2=c3ccccc3=NC2)N1C1CC1)NCc1cccs1
decoy_3713,0.432291,0.416302,0.90902,0.783294,0.550854,0.476284,O=C(CS[C@H]1NN=C(C2=c3ccccc3=NC2)N1c1ccccc1)NC1CCCC1
decoy_3714,0.538864,0.493863,0.872067,0.755285,0.578576,0.482965,O=C(CS[C@H]1NN=C(C2=c3ccccc3=NC2)O1)Nc1ccccc1
decoy_3715,0.441637,0.423922,0.890906,0.771147,0.543657,0.46814,O=C(CS[C@H]1NN=C(C2=c3ccccc3=NC2)O1)NCCC1=CCCCC1
decoy_3716,0.599668,0.444463,0.843093,0.645409,0.5865,0.449227,O=C(CSCc1ccccc1)NC1CCCC1
decoy_3717,0.652274,0.494221,0.861731,0.674271,0.649754,0.506485,O=C(CSCc1ccccc1)Nc1ccccc1
decoy_3718,0.574968,0.418018,0.860668,0.62792,0.599988,0.440171,O=C(CSCc1ccccc1)NC1CCCCC1
decoy_3719,0.643924,0.451599,0.832424,0.629143,0.612386,0.466182,O=C(CSCc1ccccc1)Oc1ccccc1
decoy_372,0.568052,0.428396,0.832905,0.612293,0.596492,0.447972,CC(C)c1nc(C(=O)N2CCCC2)cs1
decoy_3720,0.560168,0.417167,0.812691,0.59465,0.550276,0.415973,O=C(CSCc1cccs1)NCc1cccs1
decoy_3721,0.524356,0.539692,0.882988,0.809213,0.595022,0.549356,O=C(CSCc1ncncn1)c1ccc[nH]1
decoy_3722,0.54813,0.528987,0.890184,0.790381,0.610442,0.541507,O=C(CSCc1ncncn1)NC1CC1
decoy_3723,0.539268,0.440308,0.858339,0.680129,0.606249,0.504301,O=C(CSCc1ncncn1)Nc1ccccc1
decoy_3724,0.520888,0.408429,0.797106,0.612851,0.571599,0.447271,O=C(CSCc1ncon1)OCCCc1ccccc1
decoy_3725,0.483137,0.398991,0.875817,0.680989,0.572851,0.444641,O=C(CSCc1nc2sccc2c(=O)[nH]1)NCc1ccccc1
decoy_3726,0.467499,0.399189,0.876409,0.692721,0.590848,0.462778,O=C(CSCC(=O)Nc1ccccc1)NCCOc1ccccc1
decoy_3727,0.503521,0.433051,0.927377,0.744533,0.563452,0.477608,O=C(CS(=O)(=O)Cc1ccccc1)NC1CCCCC1
decoy_3728,0.409777,0.474273,0.851618,0.896893,0.547281,0.716907,O=C(N1C[C@H]2CC[C@@H](C1)N2)C1(Oc2ccccc2)CC[NH2+]CC1
decoy_3729,0.54165,0.549908,0.814401,0.750036,0.554788,0.543102,O=C(c1ccccc1)N1CCC2(CC1)NCCS2
decoy_373,0.45379,0.407708,0.855129,0.70369,0.582725,0.464206,Fc1cccc([C@H]2COCC[NH2+]2)c1F
decoy_3730,0.517592,0.440584,0.79433,0.70448,0.522376,0.437343,O=C(c1cccs1)N1CCCC1
decoy_3731,0.62059,0.510047,0.862057,0.682981,0.577682,0.471553,O=C(c1onc2ccccc12)N1CCC[C@H]1c1cccs1
decoy_3732,0.534672,0.490146,0.854622,0.765399,0.570323,0.502029,O=C(c1ccns1)N1CCCC1
decoy_3733,0.381409,0.341336,0.849437,0.71566,0.550318,0.457261,O=C(c1n[nH]c2c1C[C@@H]([NH2+]CC1CCCCC1)CC2)N1CCCC1
decoy_3734,0.538405,0.40834,0.781629,0.594951,0.516379,0.432997,O=C(c1ccccc1)N1CCCCC1
decoy_3735,0.57127,0.48363,0.858756,0.693726,0.565323,0.48579,O=C(c1ccccc1Nc1ccccc1)N1CCCCC1
decoy_3736,0.581213,0.482195,0.830827,0.70219,0.578537,0.48289,O=C(c1ccccn1)N1CCCCC1
decoy_3737,0.501796,0.450299,0.824156,0.688482,0.543679,0.46776,O=C(c1ccc[nH]1)N1CCCCC1
decoy_3738,0.498073,0.436103,0.814143,0.664579,0.544415,0.45959,O=C(c1cc[nH]c(=O)c1)N1CCCCC1
decoy_3739,0.514047,0.500888,0.848596,0.767035,0.583521,0.498112,O=C(c1cc[nH]n1)N1CCCCC1
decoy_374,0.588624,0.496514,0.840543,0.699405,0.60645,0.5139,C[C@@H]1COC[C@@H](C)N1C(=O)CC(C)(C)C
decoy_3740,0.554022,0.46046,0.842999,0.689033,0.566942,0.471184,O=C(c1ccoc1)N1CCCCC1
decoy_3741,0.525569,0.504923,0.818853,0.732425,0.561377,0.506262,O=C(c1cncs1)N1CCCCC1
decoy_3742,0.578436,0.449254,0.855574,0.637497,0.596529,0.475629,O=C(c1cc(C2CC2)n[nH]1)N1CCCCC1
decoy_3743,0.542517,0.504412,0.8161,0.724566,0.565734,0.500414,O=C(c1ccc2[nH]ncc2c1)N1CCCCC1
decoy_3744,0.445196,0.472935,0.859317,0.863224,0.537331,0.560923,O=C(c1cccc(S(=O)(=O)Nc2ccccc2)c1)N1CCCCC1
decoy_3745,0.42417,0.375628,0.825077,0.687987,0.5264,0.446481,O=C(c1ccc(NC(=S)Nc2cccs2)cc1)N1CCCCC1
decoy_3746,0.505534,0.467006,0.815051,0.683327,0.562117,0.47742,O=C(c1csc(Nc2ccccc2)n1)N1CCCCC1
decoy_3747,0.373939,0.348481,0.907221,0.782773,0.556327,0.473581,O=C(c1n[nH]c2c1C[C@@H]([NH2+]CC1CCCCC1)CC2)N1CCCCC1
decoy_3748,0.330776,0.297561,0.890898,0.733751,0.533586,0.419849,O=C(c1n[nH]c2c1C[C@@H]([NH2+]CC1(N3CCCCC3)CCCC1)CC2)N1CCCCC1
decoy_3749,0.496699,0.450948,0.797899,0.705261,0.561235,0.487575,O=C(c1cccn1C1CC1)N1CC[NH2+]CC1
decoy_375,0.618082,0.472535,0.838534,0.667703,0.658702,0.492302,C1CO[C@H](CN2CCO[C@H]3CCCC[C@H]32)C1
decoy_3750,0.58955,0.461327,0.856259,0.677763,0.560266,0.476397,O=C(c1ccccc1)N1CCOCC1
decoy_3751,0.584097,0.478952,0.876729,0.714588,0.570835,0.49838,O=C(c1ccccn1)N1CCOCC1
decoy_3752,0.432789,0.51371,0.792733,0.812824,0.53481,0.550594,O=C(c1cc[nH]n1)N1CCOCC1
decoy_3753,0.596229,0.499871,0.797211,0.659978,0.555097,0.479444,O=C(c1ccccc1)N1CCS[C@H]1c1ccccc1
decoy_3754,0.573918,0.438712,0.811179,0.602678,0.551314,0.428225,O=C(c1ccccc1)N1N=CC[C@H]1c1ccccc1
decoy_3755,0.518337,0.396938,0.736378,0.569672,0.544611,0.433709,O=C(c1cc[nH]n1)N1CC[C@H]2CCCC[C@H]2C1
decoy_3756,0.46719,0.402418,0.877894,0.708138,0.570553,0.47763,O=C(c1ccccc1)N1CCC2(CC[NH2+]CC2)C1
decoy_3757,0.45559,0.394837,0.843069,0.754535,0.572784,0.543346,O=C(c1ccc[nH]1)N1CCC2(CC[NH2+]CC2)C1
decoy_3758,0.454323,0.408391,0.834627,0.703207,0.561853,0.489893,O=C(c1ccn[nH]1)N1CCC2(CC[NH2+]CC2)C1
decoy_3759,0.444319,0.377209,0.769505,0.657458,0.550288,0.43993,O=C(c1ccc2ccccc2n1)N1CCC2(CC[NH2+]CC2)C1
decoy_376,0.564678,0.434491,0.890168,0.66351,0.594927,0.447743,Cc1ccc(C)c(OS(=O)(=O)c2ccc(F)c(C#N)c2)c1C
decoy_3760,0.431273,0.40269,0.804463,0.707701,0.529837,0.480283,O=C(c1ccc(-c2ccccc2)o1)N1CCC2(CC[NH2+]CC2)C1
decoy_3761,0.422706,0.496164,0.869712,0.878745,0.543551,0.517626,O=C(c1cccc2nc(C3CCC3)[nH]c12)N1CCC(Cc2cccs2)CC1
decoy_3762,0.49207,0.436954,0.847886,0.706969,0.55943,0.492011,O=C(c1ccncn1)N1CCC[C@H](Cn2cc[nH+]c2)C1
decoy_3763,0.554304,0.56368,0.874584,0.820717,0.588504,0.540324,O=C(c1cc[nH]c1)N1CCC[C@H](Nc2ccccc2)C1
decoy_3764,0.531641,0.552328,0.850443,0.805832,0.590484,0.543826,O=C(c1cc[nH]n1)N1CCC[C@H](Nc2ccccc2)C1
decoy_3765,0.479467,0.48317,0.909757,0.872346,0.622678,0.602195,O=C(c1ccccc1)N1CCC([NH+]2CCCC2)CC1
decoy_3766,0.408887,0.371217,0.858305,0.712928,0.553735,0.45639,O=C(c1coc(-c2ccccc2)n1)N1CCC([NH+]2CCCCC2)CC1
decoy_3767,0.512996,0.458363,0.856363,0.721638,0.560248,0.482385,O=C(c1ccccc1)N1CCC(Nc2ccncn2)CC1
decoy_3768,0.533347,0.484998,0.89307,0.766729,0.578564,0.518278,O=C(c1ccncn1)N1CCC2=c3ccccc3=N[C@H]2[C@H]1c1ccccc1
decoy_3769,0.341324,0.384703,0.882998,0.892102,0.52607,0.514328,O=C(C1=C[C@H]2N=CC=C2C=C1)N1CCC[C@H](CN2C[C@@H](C3CCCC3)N[NH2+]2)C1
decoy_377,0.515394,0.442836,0.792391,0.674352,0.559375,0.473017,CC1(C)[C@@H]2CC[C@@]1(C)[C@H](OC(=O)[C@@H]1CCCCO1)C2
decoy_3770,0.390121,0.35723,0.820296,0.759807,0.539038,0.507811,O=C(Nc1ccccc1)C(=O)N[C@H]1[C@@H]2CCC[C@H]1C[N@@H+](C1CC1)C2
decoy_3771,0.333293,0.30476,0.826344,0.706952,0.553248,0.441724,O=C(Nc1cccc(N2CCCC2=O)c1)N[C@H]1[C@@H]2CCC[C@H]1C[N@@H+](C1CC1)C2
decoy_3772,0.578154,0.463809,0.89339,0.725534,0.585456,0.479349,O=C(NC1CC1)c1ccccc1
decoy_3773,0.64582,0.459315,0.852905,0.62728,0.624771,0.459761,O=C(N[C@H]1C[C@@H]1c1ccccc1)c1ccccc1
decoy_3774,0.525385,0.403307,0.834853,0.616254,0.628865,0.447215,O=C(Nc1ccccc1)C(=O)N[C@H]1C[C@@H]1c1ccccc1
decoy_3775,0.581931,0.414519,0.894534,0.633592,0.604111,0.441592,O=C(N[C@H]1C[C@@H]1c1ccccc1)N1CCCCC1
decoy_3776,0.508869,0.388382,0.821035,0.607225,0.606673,0.44283,O=C(Nc1ccccc1)N[C@H]1C[C@@H]1c1ccccc1
decoy_3777,0.53895,0.610056,0.884436,0.868837,0.56637,0.636854,O=C(NC1CC1)[C@H]1[C@@H]2C=C[C@@]3(CN(c4ccccc4)C(=O)[C@@H]13)O2
decoy_3778,0.449795,0.433699,0.884512,0.836478,0.555705,0.576834,O=C(NC1CC1)[C@H]1CCCN(C2CC[NH2+]CC2)C1
decoy_3779,0.465395,0.518281,0.789005,0.770503,0.540815,0.534103,O=C(NC1CC1)c1ccc(NCCc2ccccc2)cc1
decoy_378,0.462881,0.344957,0.799759,0.71142,0.564688,0.390949,C[C@@H](CCl)CC(C)(C)C
decoy_3780,0.373372,0.367002,0.904202,0.824164,0.563319,0.503314,O=C(NC1CC1)[C@H]1CCCN(C(=O)NCCC[NH+]2CCCCC2)C1
decoy_3781,0.378464,0.340977,0.911846,0.827259,0.601359,0.53186,O=C(NC1CC1)[C@H]1CCCN(C(=O)NCC[NH+]2CCCCCC2)C1
decoy_3782,0.459671,0.416207,0.887416,0.743351,0.567593,0.486057,O=C(NC1CC1)C1CCN(C(=O)NCc2ccccc2)CC1
decoy_3783,0.514058,0.494552,0.917801,0.811988,0.557057,0.53031,O=C(NC1CC1)C1CCN(C(=O)NCCc2cccs2)CC1
decoy_3784,0.565348,0.485408,0.845481,0.69151,0.622246,0.50529,O=C(NC1CC1)c1cnn(-c2ccccc2)n1
decoy_3785,0.391488,0.401516,0.776134,0.732163,0.502837,0.456581,O=C(NC1CC1)c1ccc(NCc2cc(=O)n3ccccc3n2)cc1
decoy_3786,0.430121,0.524066,0.756734,0.771408,0.529839,0.585895,O=C(O[C@@H](C(=O)NC1CC1)c1ccccc1)c1ccccc1
decoy_3787,0.361407,0.419461,0.80822,0.810615,0.51473,0.538168,O=C(NC1CC1)[C@H](Sc1nc(COc2ccccc2)n[nH]1)c1ccccc1
decoy_3788,0.54941,0.424663,0.903517,0.675819,0.621191,0.460553,O=C(Nc1ccccc1)NC1CC1
decoy_3789,0.407726,0.379818,0.831523,0.734188,0.544479,0.457694,O=C(Nc1ccc(S(=O)(=O)N2CCCCC2)cc1)NC1CC1
decoy_379,0.479994,0.5162,0.790734,0.732384,0.576526,0.566623,CC[C@@H]1CCCN(c2nc(Cl)c(C(=O)OC)s2)CC1
decoy_3790,0.432534,0.367246,0.797378,0.622787,0.538838,0.434899,O=C(Nc1nnc(SCc2ccccc2)s1)NC1CC1
decoy_3791,0.57039,0.496647,0.91187,0.744704,0.616657,0.484971,O=C(NC1CC1)N(Cc1ccccc1)C[C@H]1CCCO1
decoy_3792,0.411114,0.361547,0.874364,0.755348,0.575054,0.495379,O=C(Nc1ccccc1)N[C@H]1C[C@H]2CCC[C@@H](C1)[N@@H+]2Cc1ccco1
decoy_3793,0.582304,0.481927,0.839121,0.67786,0.584206,0.48934,O=C(NC1CCCC1)c1ccccc1
decoy_3794,0.481067,0.434062,0.836141,0.76425,0.603346,0.532061,O=C(NC1CCCC1)C1CC[NH2+]CC1
decoy_3795,0.438747,0.418276,0.923558,0.793904,0.554473,0.494341,O=C(NC1CCCC1)[C@H]1CCCN(C(=O)NC2CCCCC2)C1
decoy_3796,0.549175,0.482215,0.777256,0.646035,0.558027,0.495864,O=C(NC1CCCC1)c1csc(-c2ccco2)n1
decoy_3797,0.409036,0.482559,0.866089,0.866,0.521179,0.58988,O=C(NC1CCCC1)[C@@H](c1ccccc1)N(Cc1ccccc1)C(=O)c1ccco1
decoy_3798,0.483181,0.451156,0.900884,0.764402,0.54223,0.482206,O=C(NC1CCCC1)[C@@H](c1ccco1)N(C(=O)c1ccns1)c1ccccc1
decoy_3799,0.467848,0.455339,0.867968,0.762061,0.527319,0.48373,O=C(NC1CCCC1)[C@@H](c1cccs1)N(C(=O)c1ccns1)c1ccccc1
decoy_38,0.604738,0.452801,0.817923,0.619388,0.606899,0.473266,O=c1/c(=C\c2cccc([N+](=O)[O-])c2)c2cccc3cccc1c32
decoy_380,0.511764,0.458836,0.858191,0.714081,0.54029,0.471804,C[C@H](NC(=O)N1CCO[C@@H](c2ccccc2)C1)c1ccc(Cl)s1
decoy_3800,0.517844,0.461972,0.829947,0.70417,0.537103,0.477819,O=C(NC1CCCC1)[C@H](Sc1nncs1)c1ccccc1
decoy_3801,0.545046,0.440056,0.860242,0.657331,0.631891,0.480689,O=C(Nc1ccccc1)NC1CCCC1
decoy_3802,0.418929,0.480086,0.885581,0.843658,0.576399,0.519917,O=C(NC1CCCC1)N(CCc1nc2ccccc2[nH]1)c1ccccc1
decoy_3803,0.505538,0.43053,0.84326,0.685146,0.557879,0.468572,O=C(N[C@@H]1CCCc2ccccc21)[C@@H]1CCC[NH2+]1
decoy_3804,0.500009,0.383659,0.83293,0.613894,0.557628,0.443727,O=C(N[C@H]1CCCc2ccccc21)c1cn(-c2ccccc2)nn1
decoy_3805,0.545478,0.481501,0.958495,0.792293,0.592321,0.517969,O=C(N[C@H]1CCCc2[nH]ncc21)N(C[C@H]1CCOC1)C1CC1
decoy_3806,0.493477,0.40545,0.890096,0.694942,0.55011,0.447283,O=C(N[C@H]1CCCc2occc21)N1CC[C@@H](Nc2ccccc2)C1
decoy_3807,0.582529,0.445513,0.881514,0.720076,0.578824,0.463694,O=C(Nc1ccccc1)C1CC1
decoy_3808,0.646351,0.485902,0.847614,0.658128,0.628775,0.504898,O=C(Nc1ccccc1)[C@H]1C[C@H]1c1ccccc1
decoy_3809,0.610767,0.465902,0.835587,0.650434,0.627195,0.480359,O=C(Nc1ccccc1)[C@H]1C[C@@H]2CC[C@H]1C2
decoy_381,0.463852,0.417886,0.911871,0.805129,0.612804,0.508033,CC[C@@H]1CCC[N@@H+]([C@@H]2CCCCC[C@@H]2C#N)CC1
decoy_3810,0.61259,0.463097,0.889396,0.686524,0.638787,0.47316,O=C(Nc1ccccc1)C1CCC1
decoy_3811,0.622503,0.45715,0.871385,0.664074,0.62089,0.459403,O=C(Nc1ccccc1)C1CCCC1
decoy_3812,0.57561,0.506342,0.906602,0.767544,0.645788,0.527149,O=C(Nc1ccccc1)c1cccc2[nH]cnc12
decoy_3813,0.635224,0.458672,0.885911,0.720218,0.610565,0.457551,O=C(Nc1ccccc1)c1ccccc1
decoy_3814,0.606568,0.4613,0.840769,0.64222,0.613665,0.473104,O=C(Nc1ccccc1)C1CCCCC1
decoy_3815,0.635109,0.459804,0.874622,0.653167,0.631522,0.473522,O=C(Nc1ccccc1)[C@@H]1CC=CCC1
decoy_3816,0.584725,0.464503,0.825887,0.637052,0.581174,0.472427,O=C(NC1CCCCC1)c1ccccc1
decoy_3817,0.390309,0.455284,0.804414,0.804865,0.554116,0.560203,O=C(Nc1ccccc1)c1ccccc1NS(=O)(=O)c1ccccc1
decoy_3818,0.628371,0.4675,0.900731,0.733659,0.618655,0.480222,O=C(Nc1ccccc1)c1ccccn1
decoy_3819,0.45425,0.401871,0.798575,0.671423,0.53145,0.458634,O=C(Nc1ccccc1)[C@@H]1CCC[NH2+]1
decoy_382,0.527525,0.429706,0.752684,0.711332,0.55284,0.475527,CCC[C@H]1CCCN(c2ccc(CCl)cc2F)CC1
decoy_3820,0.481195,0.39907,0.833184,0.737995,0.600114,0.492287,O=C(Nc1ccccc1)[C@H]1CCC[NH2+]C1
decoy_3821,0.594987,0.502644,0.846918,0.682951,0.620407,0.50281,O=C(Nc1ccccc1)c1cccnc1Nc1ccccc1
decoy_3822,0.567093,0.433424,0.903225,0.6878,0.605147,0.459169,O=C(Nc1ccccc1)c1ccc[nH]1
decoy_3823,0.603267,0.424652,0.907879,0.698143,0.637523,0.451168,O=C(Nc1ccccc1)c1ccco1
decoy_3824,0.521235,0.418308,0.903336,0.691473,0.57465,0.440443,O=C(Nc1ccccc1)c1ccc(=O)[nH]c1
decoy_3825,0.506536,0.464306,0.830796,0.710511,0.552206,0.491704,O=C(NC1CCCCC1)c1ccc(=O)[nH]n1
decoy_3826,0.627701,0.457063,0.931178,0.722686,0.639145,0.466795,O=C(Nc1ccccc1)c1cccs1
decoy_3827,0.581388,0.477675,0.832556,0.668817,0.604874,0.486799,O=C(NC1CCCCC1)c1cccs1
decoy_3828,0.468239,0.404824,0.79675,0.683992,0.561732,0.462057,O=C(Nc1ccccc1)[C@H]1CC[NH2+]C1
decoy_3829,0.465338,0.399431,0.824208,0.671199,0.556372,0.453752,O=C(NC1CCCCC1)[C@H]1CC[NH2+]C1
decoy_383,0.621846,0.456797,0.786907,0.65188,0.556275,0.44821,N#C[C@@H]1CCCCC[C@H]1Sc1ccc(Cl)cn1
decoy_3830,0.598919,0.50506,0.923577,0.751921,0.613452,0.517238,O=C(Nc1ccccc1)c1ccncc1
decoy_3831,0.495548,0.408493,0.827639,0.746914,0.616405,0.533781,O=C(Nc1ccccc1)C1CC[NH2+]CC1
decoy_3832,0.568578,0.498951,0.840721,0.697591,0.593854,0.496318,O=C(NC1CCCCC1)c1ccncc1
decoy_3833,0.475914,0.431213,0.835331,0.783546,0.585817,0.611101,O=C(NC1CCCCC1)C1CC[NH2+]CC1
decoy_3834,0.594127,0.508848,0.90527,0.773571,0.616824,0.529821,O=C(Nc1ccccc1)c1ccncn1
decoy_3835,0.523434,0.422338,0.89359,0.699172,0.599756,0.453866,O=C(Nc1ccccc1)c1cc[nH]n1
decoy_3836,0.583629,0.48143,0.887071,0.703998,0.604504,0.47887,O=C(Nc1ccccc1)c1cc(=O)[nH]c2ccccc12
decoy_3837,0.617471,0.445743,0.916922,0.712944,0.637372,0.465856,O=C(Nc1ccccc1)c1ccsc1
decoy_3838,0.535811,0.471406,0.819159,0.678976,0.549481,0.473843,O=C(Nc1ccccc1)C1=CNC=C[C@H]1c1ccccc1
decoy_3839,0.630843,0.496472,0.850119,0.683781,0.628748,0.515129,O=C(NC1CCCCC1)c1coc2ccccc12
decoy_384,0.524058,0.430641,0.862913,0.670372,0.572356,0.465894,C[C@H]1CCC[C@H](NC(=O)N(C)[C@@H](C)C2CC2)C1
decoy_3840,0.630588,0.553042,0.887485,0.724224,0.620666,0.544273,O=C(Nc1ccccc1)c1conc1-c1ccccc1
decoy_3841,0.473461,0.448567,0.802955,0.714758,0.534007,0.465031,O=C(Nc1ccccc1)c1ncncc1N(Cc1ccccc1)Cc1ccco1
decoy_3842,0.651336,0.495016,0.850247,0.694406,0.603857,0.471755,O=C(Nc1ccccc1)c1sccc1C1CC1
decoy_3843,0.585615,0.46606,0.822058,0.645165,0.562658,0.452329,O=C(Nc1ccccc1)C1(c2ccccc2)CCC1
decoy_3844,0.502881,0.439876,0.874654,0.714156,0.578548,0.466962,O=C(Nc1ccccc1)c1c(NCc2ccccc2)sc2c1CCCC2
decoy_3845,0.522437,0.464159,0.8324,0.706808,0.552502,0.457835,O=C(Nc1ccccc1)c1c(/N=C/c2ccccc2)sc2c1CCCC2
decoy_3846,0.561429,0.436233,0.83609,0.633892,0.578693,0.459464,O=C(Nc1ccccc1)[C@@H]1C=c2ccccc2=N1
decoy_3847,0.434677,0.359102,0.794496,0.610777,0.5403,0.410793,O=C(Nc1ccccc1)[C@@H]1C[C@H]2CCCC[C@H]2[NH2+]1
decoy_3848,0.42835,0.509679,0.804627,0.808097,0.52551,0.570069,O=C1N[C@H](c2ccccc2)[C@H](C(=O)Nc2ccccc2)c2ccccc21
decoy_3849,0.545228,0.42598,0.841561,0.63453,0.591182,0.451196,O=C(Nc1ccccc1)c1cc2ccccc2[nH]c1=O
decoy_385,0.52695,0.440672,0.820278,0.754422,0.597388,0.511635,C[C@@H]1CCc2ccccc2N1C[C@@H]1CC(C)(C)CC[C@@H]1O
decoy_3850,0.573682,0.430719,0.809511,0.606097,0.600851,0.442798,O=C(Nc1ccccc1)c1cc2c(s1)CCCC2
decoy_3851,0.485921,0.448569,0.886141,0.737937,0.581021,0.47736,O=C(Nc1ccccc1)[C@@H]1C[C@H]2CCCN2[C@@]12C(=O)Nc1ccccc12
decoy_3852,0.561451,0.427681,0.851184,0.640069,0.578789,0.454805,O=C(Nc1ccccc1)c1cc2cccnc2s1
decoy_3853,0.530838,0.465192,0.829801,0.669133,0.575056,0.49842,O=C(NC1CCCCC1)c1cc2cccnc2s1
decoy_3854,0.438111,0.477485,0.84489,0.793699,0.568254,0.50606,O=C(Nc1ccccc1)c1cc2ccncc2o/c1=[NH+]\c1ccccc1
decoy_3855,0.541233,0.424688,0.898798,0.680143,0.577471,0.453222,O=C(Nc1ccccc1)c1cc2cn[nH]c2s1
decoy_3856,0.499654,0.404221,0.850144,0.656516,0.546205,0.448801,O=C(Nc1ccccc1)c1cc2c(=O)[nH]cnc2s1
decoy_3857,0.544345,0.451671,0.843575,0.663391,0.593585,0.480701,O=C(Nc1ccccc1)c1cc2n(n1)CCCN2
decoy_3858,0.50521,0.435719,0.771951,0.624851,0.553641,0.458758,O=C(NC1CCCCC1)c1cc2scnc2s1
decoy_3859,0.552582,0.46567,0.844198,0.668573,0.58278,0.477123,O=C(Nc1ccccc1)c1cc(C2CC2)n[nH]1
decoy_386,0.558339,0.479827,0.771167,0.708949,0.546089,0.481556,CC(C)(C)c1ccc([C@H]2OCCC[C@@H]2C#N)cc1
decoy_3860,0.480611,0.377904,0.809621,0.596353,0.580744,0.431393,O=C(Nc1ccccc1)c1ccc(-c2ccccc2)[nH]c1=O
decoy_3861,0.527376,0.429114,0.770648,0.605623,0.570935,0.439173,O=C(Nc1ccccc1)c1ccc(-c2ccccc2)s1
decoy_3862,0.434427,0.437533,0.880751,0.811178,0.526222,0.490217,O=C(Nc1ccccc1)c1cccc(S(=O)(=O)NC2CCCCC2)c1
decoy_3863,0.54342,0.430193,0.80518,0.616639,0.613489,0.454288,O=C(Nc1ccccc1)c1ccc(-n2cccn2)cc1
decoy_3864,0.531936,0.444145,0.839583,0.653771,0.623378,0.478931,O=C(Nc1ccccc1)c1ccc(NC2CC2)nc1
decoy_3865,0.49269,0.499908,0.870865,0.773219,0.551974,0.513356,O=C(Nc1ccccc1)[C@H]1CCCN(C(=O)c2ccccc2)C1
decoy_3866,0.423103,0.385805,0.91438,0.760562,0.536586,0.452722,O=C(NC1CCCCC1)[C@H]1CCCN(C(=O)NC2CCCCC2)C1
decoy_3867,0.337833,0.319097,0.913324,0.812555,0.581881,0.480921,O=C(NC1CCCCC1)[C@H]1CCCN(C(=O)NCCC[NH+]2CCCCC2)C1
decoy_3868,0.4048,0.435063,0.871179,0.841415,0.533209,0.532696,O=C(Nc1ccccc1)[C@H]1CCCN(S(=O)(=O)Cc2ccccc2)C1
decoy_3869,0.547597,0.445065,0.795452,0.621922,0.553085,0.465956,O=C(Nc1ccccc1)c1ccn(-c2ccccc2)c1
decoy_387,0.46451,0.38549,0.772713,0.638315,0.515122,0.446349,CC(C)c1ccc([C@@H]2OCCC[C@@H]2C(=O)[O-])cc1
decoy_3870,0.564365,0.463409,0.840709,0.655008,0.5878,0.490232,O=C(Nc1ccccc1)[C@@H]1CCN(c2ccccc2)C1=O
decoy_3871,0.401001,0.344928,0.825342,0.678438,0.532476,0.436884,O=C(Nc1ccccc1)[C@H]1CC[N@@H+](CCSc2ccccc2)CC1
decoy_3872,0.381103,0.421778,0.85934,0.827274,0.534518,0.535666,O=C(NC1CCCCC1)C1CCN(C(=O)NC2CCCCC2)CC1
decoy_3873,0.325637,0.305067,0.891568,0.797813,0.576944,0.484369,O=C(NC1CCCCC1)C1CCN(C(=O)NCC[NH+]2CCCCC2)CC1
decoy_3874,0.448333,0.376852,0.888215,0.704884,0.546269,0.442337,O=C(Nc1ccccc1)C1CCN(S(=O)(=O)c2ccccc2)CC1
decoy_3875,0.481941,0.494238,0.786124,0.744131,0.535432,0.533811,O=C(Nc1ccccc1)C1=CNc2ncnn2[C@H]1c1ccccc1
decoy_3876,0.550536,0.475066,0.908551,0.746734,0.610586,0.494175,O=C(Nc1ccccc1)c1cnc2[nH]ncc2c1
decoy_3877,0.511212,0.462059,0.858249,0.72292,0.526278,0.479856,[O-]/C(Nc1ccccc1)=C1/C=Nc2scc[n+]2[C@H]1c1ccccc1
decoy_3878,0.51067,0.39993,0.776497,0.583221,0.573419,0.428745,O=C(Nc1ccccc1)c1cnc(-c2ccccc2)s1
decoy_3879,0.336902,0.300398,0.852014,0.743351,0.53525,0.44498,O=C(NCCC[NH+]1CCCCC1)C1=C[C@H](C(=O)NC2CCCCC2)C=N1
decoy_388,0.497143,0.594764,0.75445,0.77108,0.535326,0.689664,CC[C@H]1CC[C@@H](Nc2ccc([N+](=O)[O-])cc2Br)C1
decoy_3880,0.483534,0.395329,0.77938,0.596979,0.572463,0.42998,O=C(Nc1ccccc1)c1cnc(Nc2ccccc2)s1
decoy_3881,0.408295,0.38162,0.793941,0.713265,0.506157,0.451857,O=C(Nc1ccccc1)c1cnn(-c2ccccc2)c1C1CC[NH2+]CC1
decoy_3882,0.444496,0.452372,0.916964,0.860444,0.595398,0.540196,O=C(NC1CCCCC1)c1coc2cccc(C[NH+]3CCCCC3)c12
decoy_3883,0.472058,0.454362,0.924395,0.824192,0.600059,0.496732,O=C(Nc1ccccc1)c1coc2cccc(C[NH+]3CCNCC3)c12
decoy_3884,0.428127,0.418644,0.850458,0.831699,0.52835,0.559937,O=C(NC1CCCCC1)c1coc(CN2CC[NH2+]CC2)n1
decoy_3885,0.634318,0.499141,0.832206,0.656057,0.590249,0.480116,O=C(Nc1ccccc1)c1csc2c1CCCC2
decoy_3886,0.530277,0.454635,0.83888,0.667257,0.593563,0.487446,O=C(Nc1ccccc1)c1csc(COc2ccccc2)n1
decoy_3887,0.457172,0.493882,0.799269,0.743471,0.539213,0.516787,O=C(NC1CCCCC1)c1csc(COc2ccccc2)n1
decoy_3888,0.514781,0.517477,0.790395,0.700114,0.53838,0.505207,O=C(Nc1ccccc1)c1csc(Nc2ccccc2)n1
decoy_3889,0.488243,0.440764,0.82077,0.677719,0.559589,0.486883,O=C(NC1CCCCC1)c1csc(Nc2ccccc2)n1
decoy_389,0.494076,0.423674,0.894325,0.725451,0.604485,0.432137,COc1c(C)c[nH+]c(C[C@H]2CCC[C@@H](O)C2)c1C
decoy_3890,0.496915,0.533139,0.857008,0.792409,0.588561,0.540625,O=C(Nc1ccccc1[C@@H]1N=c2ccccc2=NC1=O)c1ccccc1
decoy_3891,0.534805,0.496708,0.895244,0.750667,0.599457,0.509033,O=C(Nc1ccccc1)c1ncn2c1C(=O)N(C1CC1)CC2
decoy_3892,0.516691,0.39068,0.807136,0.584307,0.608103,0.441303,O=C(Nc1ccccc1)C1=NN=C(c2ccccc2)C1
decoy_3893,0.514898,0.501926,0.877577,0.754947,0.564912,0.533405,O=C(Nc1ccccc1)[C@H]1Sc2nncn2N[C@@H]1c1ccccc1
decoy_3894,0.367703,0.326421,0.786246,0.686698,0.50015,0.417521,O=C(NC1CCCCC1)c1cc2cc3c(nc2s1)CC[NH2+]C3
decoy_3895,0.451145,0.469807,0.80107,0.728109,0.539282,0.550547,O=C(Nc1ccccc1)c1cc2n(n1)CC[C@@H](c1ccccc1)N2
decoy_3896,0.468574,0.396087,0.837339,0.655909,0.60033,0.454921,O=C(Nc1ccccc1)c1cc2n(n1)CC[C@@H](c1ccccc1)N2
decoy_3897,0.443425,0.351869,0.85413,0.637923,0.587626,0.419894,O=C(NC1CCCCC1)c1cc2n(n1)CC[C@@H](c1ccccc1)N2
decoy_3898,0.507948,0.403387,0.839934,0.630817,0.5891,0.452217,O=C(Nc1ccccc1)c1cc2n(n1)CC[C@@H](c1ccco1)N2
decoy_3899,0.458444,0.368564,0.883141,0.695025,0.554645,0.42923,O=C(Nc1ccccc1)c1cccc(S(=O)(=O)N2CCc3ccccc32)c1
decoy_39,0.435737,0.481218,0.861101,0.837113,0.56774,0.530138,FCCc1ccc(C2([NH+]3CCCCC3)CCCCC2)s1
decoy_390,0.585433,0.455673,0.81052,0.719593,0.577061,0.472972,CC(C)[C@H](O)CCCc1ccc2c(c1)CCC2
decoy_3900,0.399259,0.330888,0.804058,0.630993,0.496064,0.404501,O=C(NC1CCCCC1)c1ccc(NCc2cc(=O)n3ccsc3n2)cc1
decoy_3901,0.446625,0.431528,0.850832,0.748063,0.529618,0.487332,O=C(Nc1ccccc1)c1cc(C(=O)c2ccc3c(c2)CCCC3)n2ccccc12
decoy_3902,0.393805,0.371268,0.871515,0.785378,0.551336,0.510307,O=C(NC1CCCCC1)C1CCN(c2[nH]c3ccccc3[nH+]2)CC1
decoy_3903,0.453577,0.497189,0.788003,0.752185,0.521968,0.512412,O=C(Nc1ccccc1)C1=C/C(=N\Nc2ccccc2)c2ccccc2C1=O
decoy_3904,0.495472,0.384997,0.811739,0.616146,0.570339,0.42074,O=C(Nc1ccccc1)C1=NN(c2ccccc2)[C@H](c2ccccc2)C1
decoy_3905,0.582544,0.422476,0.819925,0.632253,0.59611,0.4432,O=C(/C=C/c1ccccc1)Nc1ccccc1
decoy_3906,0.537161,0.444234,0.871754,0.68842,0.600241,0.455201,O=C(Nc1ccccc1)C(=Cc1ccccc1)C(=O)Nc1ccccc1
decoy_3907,0.523715,0.433719,0.823209,0.639675,0.557709,0.467425,O=C(/C=C/c1c[nH]c2ccccc12)Nc1ccccc1
decoy_3908,0.44021,0.439103,0.880547,0.767765,0.572017,0.481601,O=C(N[C@@H](CC1=c2ccccc2=NC1)C(=O)Nc1ccccc1)c1ccccc1
decoy_3909,0.406835,0.373998,0.799709,0.708339,0.500555,0.468029,O=C(Nc1ccccc1CN1CCc2ccccc21)C1CC[NH2+]CC1
decoy_391,0.511646,0.549145,0.755832,0.77012,0.562481,0.63043,C[C@@H](O)c1csc(N(C)[C@H]2CCCC[C@@H]2C)n1
decoy_3910,0.425129,0.400586,0.957987,0.837329,0.57855,0.498537,O=C(Nc1ccccc1C[NH+]1CCSCC1)N[C@]12C[C@H]3C[C@@H](C[C@H](C3)C1)C2
decoy_3911,0.488994,0.554936,0.898425,0.86588,0.55621,0.561264,O=C(NC1CCCCC1)[C@H](Nc1ccccc1)c1ccccc1
decoy_3912,0.427021,0.385017,0.869334,0.730533,0.497097,0.438573,O=C(NC1CCCCC1)[C@@H](c1ccccc1)N(Cc1ccco1)C(=O)c1ccccc1
decoy_3913,0.45687,0.437989,0.855064,0.738191,0.522779,0.474908,O=C(N[C@@H](C(=O)NC1CCCCC1)c1ccccc1)c1ccccc1
decoy_3914,0.429388,0.487719,0.922222,0.901948,0.532466,0.608339,O=C(NC1CCCCC1)[C@@H](c1ccccc1)N(C(=O)c1ccccc1)c1ccccc1
decoy_3915,0.5066,0.438881,0.871669,0.703655,0.566008,0.457847,O=C(NC1CCCCC1)/C(=C\c1ccco1)NC(=O)c1ccccc1
decoy_3916,0.437102,0.47496,0.914632,0.868524,0.56024,0.544711,O=C(NC1CCCCC1)[C@@H](c1ccccc1)N(C(=O)c1ccns1)c1ccccc1
decoy_3917,0.466045,0.424322,0.892876,0.752182,0.535753,0.466861,O=C(NC1CCCCC1)[C@@H](c1ccco1)N(C(=O)c1ccns1)c1ccccc1
decoy_3918,0.440041,0.522734,0.792789,0.783221,0.517495,0.519487,O=C(O[C@@H](C(=O)Nc1ccccc1)c1ccccc1)c1ccccc1
decoy_3919,0.50572,0.37971,0.830875,0.622642,0.579022,0.427969,O=C(Nc1ccccc1)C(=O)N1CCC[C@H]1C1CCCCC1
decoy_392,0.571164,0.480078,0.730535,0.680682,0.593159,0.491861,O[C@]1(c2ccco2)CCC[C@H](C2CC2)C1
decoy_3920,0.449273,0.401657,0.723305,0.723418,0.538008,0.588564,O=C(Nc1ccccc1)C(=O)N1CC[NH2+]CC1
decoy_3921,0.562825,0.448584,0.847392,0.644651,0.650268,0.481857,O=C(Nc1ccccc1)C(=O)NC1CCCCC1
decoy_3922,0.511329,0.43631,0.871411,0.699597,0.589756,0.482665,O=C(Nc1ccccc1N1CCCC1)C(=O)NC1CCCCC1
decoy_3923,0.466627,0.595495,0.82719,0.848965,0.575185,0.584077,O=C(Nc1ccccc1C(=O)Nc1ccccn1)c1ccccc1
decoy_3924,0.418366,0.453636,0.868541,0.809748,0.543754,0.50688,O=C(NCCC1=c2ccccc2=NC1)c1ccccc1NC(=O)N1CCCC1
decoy_3925,0.536696,0.473902,0.855831,0.711385,0.592133,0.508577,O=C(Nc1ccccc1)N1CCC2(CC1)NCCS2
decoy_3926,0.540651,0.440235,0.833325,0.650355,0.550985,0.456599,O=C(Nc1ccccc1)N1CCC[C@H]1C1CCCC1
decoy_3927,0.559467,0.459353,0.829197,0.654473,0.587051,0.459718,O=C(Nc1ccccc1)N1CCC[C@H]1c1ccccc1
decoy_3928,0.49594,0.387522,0.812919,0.612616,0.601604,0.428896,O=C(Nc1ccccc1)N1CCC[C@H]1C1CCCCC1
decoy_3929,0.523891,0.450849,0.798548,0.64157,0.569595,0.464168,O=C(Nc1ccccc1N1CCCC1)c1ccc[nH]1
decoy_393,0.456872,0.390554,0.80202,0.773169,0.50179,0.451851,C=C(C)C[C@@H]1CCC[C@H]1Br
decoy_3930,0.528585,0.435039,0.801469,0.673775,0.526048,0.446672,O=C(Nc1ccccc1N1CCCC1)C1=Cc2ccccc2OC1
decoy_3931,0.461191,0.416308,0.90201,0.750854,0.535295,0.470499,O=C(Nc1ccccc1N1CCCC1)C1CCN(C(=O)c2ccccc2)CC1
decoy_3932,0.617519,0.444887,0.864873,0.631436,0.619217,0.467677,O=C(Nc1ccccc1)N1CCCCC1
decoy_3933,0.58009,0.464741,0.873349,0.665844,0.566254,0.48025,O=C(NC1CCCCC1)N1CCCCC1
decoy_3934,0.59618,0.432179,0.820802,0.59914,0.589565,0.4518,O=C(Nc1ccccc1)N1CCCCCC1
decoy_3935,0.455282,0.408009,0.78716,0.742751,0.55931,0.594552,O=C(Nc1ccccc1)N1CCC[NH2+]CC1
decoy_3936,0.467968,0.418409,0.817903,0.767339,0.592441,0.531434,O=C(Nc1ccccc1)N1CC[NH2+]CC1
decoy_3937,0.602209,0.452561,0.857848,0.635873,0.58439,0.461846,O=C(Nc1ccccc1)N1CCc2sccc2C1
decoy_3938,0.528039,0.443776,0.852195,0.67167,0.588976,0.466269,O=C(Nc1ccccc1)N1CCC(c2ccccc2)CC1
decoy_3939,0.501287,0.598006,0.810538,0.814904,0.567626,0.599594,O=C(Nc1ccccc1)N1CCC[C@H](c2ccccc2)C1
decoy_394,0.499857,0.394622,0.849124,0.781243,0.532369,0.441759,C#CCC[C@H]1CCC[C@H]1Cl
decoy_3940,0.523595,0.458146,0.868279,0.706082,0.605163,0.484853,O=C(Nc1ccccc1)N1CCC(Cc2ccccc2)CC1
decoy_3941,0.410816,0.382773,0.865412,0.775429,0.599017,0.508485,O=C(Nc1ccccc1)N1CCC([NH+]2CCCCC2)CC1
decoy_3942,0.534968,0.412878,0.855874,0.642236,0.604218,0.461942,O=C(Nc1ccccc1)N1CCN(c2ccncn2)CC1
decoy_3943,0.38797,0.33739,0.834856,0.679086,0.601421,0.455729,O=C(Nc1ccccc1)N1CC[NH+](CC2CCCCC2)CC1
decoy_3944,0.523828,0.452845,0.862221,0.703093,0.553415,0.468593,O=C(Nc1ccccc1)N1CCN(C(=O)c2ccoc2)CC1
decoy_3945,0.528864,0.451046,0.820758,0.648985,0.644403,0.495298,O=C(Nc1ccccc1)NC1CCCCC1
decoy_3946,0.498696,0.389572,0.844414,0.623702,0.557593,0.431864,O=C(NC1CCCCC1)NC1CCCCC1
decoy_3947,0.530235,0.572148,0.866828,0.815899,0.656904,0.589759,O=C(Nc1ccccc1NC1CCCCC1)c1ccon1
decoy_3948,0.558174,0.461717,0.855348,0.679829,0.580951,0.457807,O=C(Nc1ccccc1)Nc1ccccc1[C@@H]1C=c2ccccc2=N1
decoy_3949,0.492137,0.445264,0.867126,0.724795,0.550349,0.454424,O=C(Nc1ccccc1[C@@H]1C=c2ccccc2=N1)NC1CCCCC1
decoy_395,0.588618,0.453352,0.794314,0.70952,0.610353,0.482113,CCC[C@@H](C)C[C@@H](O)CC(C)(C)C
decoy_3950,0.493628,0.43556,0.818777,0.683867,0.632903,0.497815,O=C(Nc1cccnc1)NC1CCCCC1
decoy_3951,0.511725,0.43861,0.890381,0.705716,0.566769,0.478642,O=C(NC1CCCCC1)N[C@@H]1CSC(=S)N1c1ccccc1
decoy_3952,0.478095,0.369183,0.824313,0.605802,0.601915,0.442503,O=C(Nc1nncs1)NC1CCCCC1
decoy_3953,0.505884,0.439317,0.869884,0.693584,0.630899,0.474326,O=C(Nc1ccccc1)N[C@]12C[C@H]3C[C@@H](C[C@H](C3)C1)C2
decoy_3954,0.526474,0.415559,0.817266,0.614746,0.604468,0.448985,O=C(Nc1ccccc1)Nc1cc2c(s1)CCC2
decoy_3955,0.457814,0.508115,0.855549,0.812554,0.570666,0.570106,O=C(Nc1ccccc1)Nc1c(-c2ccccc2)nc2ccccn12
decoy_3956,0.505815,0.40995,0.843478,0.63945,0.623258,0.471673,O=C(Nc1ccc2c(c1)CCC2)NC1CCCCC1
decoy_3957,0.440526,0.376633,0.797347,0.629007,0.572467,0.448114,O=C(Nc1ccccc1)Nc1ccn(Cc2ccccc2)n1
decoy_3958,0.335187,0.297056,0.876588,0.716462,0.566983,0.430802,O=C(NC1CCCCC1)N[C@H]1CC[N@H+](CCCOc2ccccc2)CC1
decoy_3959,0.340587,0.312697,0.829457,0.691312,0.499358,0.407327,O=C(NC1CCCCC1)NC1CCN(CC(=O)N2CCCCC2)CC1
decoy_396,0.572368,0.436756,0.788177,0.699173,0.673689,0.48958,CCCC[C@@H](O)[C@@H]1CCCC[C@@H]1CC
decoy_3960,0.470928,0.401782,0.807647,0.637633,0.558005,0.462125,O=C(Nc1ccccc1)Nc1cnn(Cc2ccccc2)c1
decoy_3961,0.475834,0.384233,0.802092,0.601159,0.640679,0.435926,O=C(Nc1ccccc1)Nc1nc2c(s1)CCCC2
decoy_3962,0.440516,0.36279,0.828233,0.64583,0.613029,0.430513,O=C(Nc1ccccc1)Nc1nnc(C2CC2)s1
decoy_3963,0.472134,0.408473,0.826657,0.652973,0.623483,0.479249,O=C(Nc1nnc(C2CC2)s1)NC1CCCCC1
decoy_3964,0.429297,0.400843,0.826923,0.699972,0.622424,0.473717,O=C(Nc1ccccc1)Nc1nnc(CSc2ccccc2)s1
decoy_3965,0.407326,0.375749,0.790676,0.648346,0.561822,0.433703,O=C(Nc1ccccc1)Nc1nnc(CSCc2ccccc2)s1
decoy_3966,0.379972,0.321683,0.792411,0.61804,0.537565,0.420929,O=C(Nc1nnc(SCc2ccccc2)s1)NC1CCCCC1
decoy_3967,0.324236,0.278759,0.68133,0.616936,0.466181,0.405474,O=C(Nc1ccccc1)Nc1nnc(SCC[NH+]2CCCC2)s1
decoy_3968,0.2839,0.271437,0.71708,0.630635,0.463914,0.391809,O=C(Nc1nnc(SCC[NH+]2CCCCC2)s1)NC1CCCCC1
decoy_3969,0.451345,0.428646,0.830518,0.718554,0.544377,0.474012,O=C(Nc1ccccc1)Nc1ccc2c(c1)N(C(=O)C1CC1)CC2
decoy_397,0.488657,0.459533,0.844426,0.738595,0.602536,0.512415,C/C=C/C(=O)N1C[C@@H]2CCCC[N@H+]2C[C@@H]1C
decoy_3970,0.390681,0.442633,0.799806,0.776957,0.525369,0.505897,O=C(Nc1ccccc1)Nc1ccc2c(c1)N(C(=O)C1CCCC1)CC2
decoy_3971,0.399872,0.349975,0.809621,0.643842,0.568232,0.41948,O=C(Nc1ccccc1)Nc1ccc2nc(N3CCCCC3)ccc2c1
decoy_3972,0.410882,0.368092,0.847397,0.705736,0.521179,0.44962,O=C(Nc1ccc2c(c1)CCCN2C(=O)C1CC1)NC1CCCCC1
decoy_3973,0.424909,0.382379,0.811189,0.667404,0.598532,0.456778,O=C(Nc1ccccc1)Nc1ccc([C@@H]2C=c3ccccc3=N2)cc1
decoy_3974,0.421763,0.464448,0.792032,0.768831,0.540764,0.509101,O=C(Nc1ccccc1)Nc1cccc([C@@H]2C=c3ccccc3=N2)c1
decoy_3975,0.344284,0.301666,0.829281,0.677542,0.528863,0.43477,O=C(Nc1ccccc1)Nc1ccc([N@H+]2CC[C@H](Cc3ccccc3)CC2)cc1
decoy_3976,0.556833,0.514305,0.835603,0.706021,0.58317,0.508144,O=C(Nc1ccccc1)N(Cc1ccccc1)C1CC1
decoy_3977,0.388192,0.437746,0.777572,0.802389,0.485466,0.512472,O=C(Nc1ccccc1)N(Cc1ccccc1)C1CC[NH2+]CC1
decoy_3978,0.508513,0.479794,0.870386,0.746601,0.585468,0.519717,O=C(Nc1ccccc1)N(Cc1ccccc1)C[C@H]1CCCO1
decoy_3979,0.522131,0.451673,0.915206,0.751675,0.559775,0.474383,O=C(NC1CCCCC1)N(Cc1ccccc1)C[C@H]1CCCO1
decoy_398,0.460993,0.406098,0.872988,0.863508,0.572727,0.497566,C=C1CCC[C@H](C2CC2)C1
decoy_3980,0.426823,0.409252,0.845493,0.723766,0.534429,0.469734,O=C(Nc1ccccc1)N(Cc1cc2ccccc2[nH]c1=O)C[C@H]1CCCO1
decoy_3981,0.660262,0.493857,0.875047,0.656634,0.632361,0.48291,O=C(Nc1ccccc1)N(Cc1ccsc1)C1CC1
decoy_3982,0.424065,0.333841,0.74507,0.570809,0.53632,0.405427,O=S(=O)(/N=C(\[O-])Nc1ccccc1)c1ccccc1
decoy_3983,0.360107,0.367422,0.795901,0.733791,0.48569,0.513134,O=C(Nc1ccccc1)O[C@H]1CC[C@@H]2[C@@H](CC(=O)N3CCCC3)CCC[C@@H]2C1
decoy_3984,0.317948,0.347379,0.735601,0.710177,0.454017,0.479801,O=C(Nc1ccccc1)O[C@H]1CC[C@@H]2[C@@H](CC(=O)N3CCCCC3)CCC[C@@H]2C1
decoy_3985,0.443542,0.379374,0.820588,0.646724,0.557699,0.443302,O=C(Nc1ccccc1)OCCNC(=O)c1cc2ccccc2s1
decoy_3986,0.59117,0.490821,0.843791,0.660774,0.609851,0.477688,O=C(NC1CCCCCC1)c1ccccc1
decoy_3987,0.442899,0.403349,0.814321,0.683791,0.521142,0.469146,O=C(NC1CCCCCC1)[C@H]1NC(C2=C[C@H]3N=CC=C3C=C2)=NO1
decoy_3988,0.366592,0.314277,0.889863,0.69555,0.516381,0.416509,O=C(NC1CCCCCCC1)NC1CCN(C(=O)C2CCCCC2)CC1
decoy_3989,0.480337,0.411278,0.86257,0.774398,0.636584,0.557917,O=C(Nc1ccccn1)C1CC[NH2+]CC1
decoy_399,0.454279,0.517801,0.686469,0.723194,0.502281,0.516839,O=C1C[C@]2(CCC[C@H](C3CC3)C2)N1
decoy_3990,0.59489,0.450278,0.90949,0.691188,0.618901,0.468144,O=C(Nc1cccnc1)c1ccccc1
decoy_3991,0.446257,0.414129,0.769538,0.66655,0.549708,0.48266,O=C(N[C@H]1CCC[NH2+]C1)c1csc(-c2ccccc2)n1
decoy_3992,0.488465,0.4406,0.862544,0.720298,0.595946,0.481709,O=C(Nc1cccnc1)N1CCC(Nc2ccccc2)CC1
decoy_3993,0.560133,0.412774,0.823335,0.608125,0.591628,0.437869,O=C(Nc1cccs1)[C@H]1C[C@@H]2CC[C@H]1C2
decoy_3994,0.61619,0.44707,0.928634,0.71492,0.621268,0.453884,O=C(Nc1cccs1)c1ccccc1
decoy_3995,0.569822,0.439312,0.914454,0.749277,0.616254,0.473011,O=C(Nc1cccs1)c1ccco1
decoy_3996,0.561833,0.432307,0.811434,0.607413,0.581493,0.443249,O=C(Nc1cccs1)c1ccc2c(c1)CCCC2
decoy_3997,0.45106,0.422693,0.880033,0.753498,0.542681,0.469285,O=C(Nc1cccs1)c1cccc(S(=O)(=O)NC2CCCCC2)c1
decoy_3998,0.556932,0.415484,0.854085,0.622468,0.65274,0.452381,O=C(Nc1cccs1)C(=O)N1CCO[C@H](c2ccccc2)C1
decoy_3999,0.469302,0.387961,0.794586,0.610385,0.589997,0.442911,O=C(Nc1cccs1)C(=S)N/N=C/c1ccccc1
decoy_4,0.549236,0.473209,0.826065,0.677303,0.533271,0.469625,O=C(C[C@H]1OC(=O)c2ccccc21)c1ccc(Cl)s1
decoy_40,0.552564,0.456027,0.792814,0.727339,0.559669,0.497381,C1COC([C@@H]2CC[C@H]3O[C@H]3C2)O1
decoy_400,0.492213,0.402665,0.757781,0.704812,0.510466,0.461096,CC[C@@H]1CCC[C@@H](C(C)(C)C[C@@H](C)Br)C1
decoy_4000,0.574951,0.452532,0.86721,0.664498,0.610287,0.46713,O=C(Nc1cccs1)N1CCCCC1
decoy_4001,0.466311,0.404921,0.849088,0.779915,0.604973,0.549651,O=C(Nc1cccs1)N1CC[NH2+]CC1
decoy_4002,0.390748,0.386681,0.845429,0.795636,0.54658,0.529069,O=C(Nc1cccs1)N1CCC(CNS(=O)(=O)c2ccccc2)CC1
decoy_4003,0.439653,0.42018,0.794863,0.762401,0.56864,0.509079,O=C(Nc1cccs1)N[C@H]1CC[N@H+]2CCCC[C@H]12
decoy_4004,0.410066,0.393938,0.8155,0.741285,0.509223,0.455445,O=C(N[C@H]1CC[NH2+]C1)c1cncs1
decoy_4005,0.46285,0.42448,0.820886,0.770077,0.595119,0.562176,O=C(NC1CC[NH2+]CC1)C1CCC1
decoy_4006,0.475057,0.40383,0.858013,0.71132,0.564967,0.4779,O=C(NC1CC[NH2+]CC1)C1CCCCC1
decoy_4007,0.400997,0.379391,0.778133,0.736336,0.53463,0.506896,O=C(NC1CC[NH2+]CC1)c1ccco1
decoy_4008,0.463487,0.426095,0.800193,0.766624,0.575503,0.534128,O=C(NC1CC[NH2+]CC1)[C@@H]1CCCO1
decoy_4009,0.47029,0.400349,0.827555,0.751837,0.581536,0.525605,O=C(NC1CC[NH2+]CC1)c1cccs1
decoy_401,0.500903,0.439467,0.752676,0.654336,0.533118,0.490079,C[C@@H]1CC([C@]2(O)CCO[C@H](C)C2)C[C@@H](C)C1
decoy_4010,0.431544,0.385034,0.783704,0.667856,0.537057,0.454709,O=C(NC1CC[NH2+]CC1)c1ccncn1
decoy_4011,0.448298,0.403737,0.851138,0.784604,0.574744,0.619446,O=C(NC1CC[NH2+]CC1)c1cncs1
decoy_4012,0.470201,0.387446,0.90635,0.732567,0.573839,0.452138,O=C(NC1CC[NH2+]CC1)[C@]12C[C@H]3C[C@@H](C[C@H](C3)C1)C2
decoy_4013,0.420067,0.433578,0.917658,0.852454,0.533826,0.510537,O=C(NC1CC[NH2+]CC1)N1CCC[C@@H]1CC1CCCCC1
decoy_4014,0.472037,0.429986,0.831643,0.741698,0.564312,0.510785,O=C(NC1CC[NH2+]CC1)N1CCCCC1
decoy_4015,0.450256,0.466148,0.908303,0.865331,0.557592,0.518084,O=C(NC1CC[NH2+]CC1)N(Cc1ccccc1)C[C@H]1CCCO1
decoy_4016,0.532993,0.465826,0.877283,0.725506,0.624811,0.517297,O=C(Nc1ccn[nH]1)C1CCCC1
decoy_4017,0.540829,0.414197,0.92027,0.694102,0.632446,0.457463,O=C(Nc1ccn[nH]1)c1ccccc1
decoy_4018,0.522714,0.448042,0.962584,0.782937,0.632198,0.488778,O=C(Nc1ccn[nH]1)c1ccco1
decoy_4019,0.541597,0.458515,0.957754,0.777477,0.628259,0.48669,O=C(Nc1ccn[nH]1)c1cccs1
decoy_402,0.527491,0.42296,0.762755,0.703372,0.512685,0.457746,C[C@@H]1C[C@H](C)C[C@H](CC[C@H](Br)C2CC2)C1
decoy_4020,0.631138,0.541899,0.885163,0.728668,0.635708,0.530401,O=C(N[C@H]1CCSc2ccccc21)c1cnon1
decoy_4021,0.487319,0.431708,0.818076,0.659893,0.561356,0.476334,O=C(/C=C/c1ccccc1)N[C@H]1CCS(=O)(=O)C1
decoy_4022,0.52154,0.417001,0.886324,0.68766,0.571357,0.461139,O=C(Nc1cnc[nH]c1=O)c1ccccc1
decoy_4023,0.605038,0.479069,0.896328,0.690892,0.621378,0.501315,O=C(Nc1c[nH]c2ccccc12)c1ccccc1
decoy_4024,0.569771,0.493883,0.946747,0.778194,0.641801,0.517263,O=C(Nc1c[nH]c2ncccc12)c1ccoc1
decoy_4025,0.515815,0.477623,0.953504,0.822023,0.590174,0.52729,O=C(Nc1cn[nH]c1)c1cccnc1
decoy_4026,0.547994,0.582176,0.864285,0.793833,0.588861,0.573082,O=C(Nc1cn[nH]c1)c1ccsc1-n1cccc1
decoy_4027,0.464247,0.408188,0.775768,0.655853,0.540944,0.444975,O=C(Nc1cn[nH]c1)c1cc2sc3ccccc3c2s1
decoy_4028,0.509277,0.456469,0.860392,0.733364,0.582251,0.490843,O=C(Nc1cn[nH]c1)N1CCC(Oc2ccccc2)CC1
decoy_4029,0.610527,0.450226,0.940932,0.71924,0.639776,0.47308,O=C(Nc1nccs1)c1ccccc1
decoy_403,0.49791,0.420371,0.778113,0.744319,0.546026,0.463461,C[C@@H]1C[C@H](C)C[C@H](C(C)(C)C[C@@H](C)Br)C1
decoy_4030,0.443054,0.392847,0.801526,0.703356,0.574181,0.486988,O=C(Nc1nccs1)[C@@H]1C[C@H]2CCCC[C@H]2[NH2+]1
decoy_4031,0.420773,0.458473,0.809134,0.754433,0.536247,0.487924,O=C(Nc1nccs1)c1cc2ccccc2o/c1=[NH+]\c1ccccc1
decoy_4032,0.452493,0.388103,0.74685,0.60244,0.527314,0.456941,O=C(/C([O-])=N/c1nccs1)N1CCCCC1
decoy_4033,0.515464,0.410052,0.947994,0.727196,0.628372,0.456194,O=C(Nc1nncs1)c1ccccc1
decoy_4034,0.493513,0.430799,0.968352,0.79896,0.645312,0.480616,O=C(Nc1nncs1)c1ccc[nH]c1=O
decoy_4035,0.406303,0.303577,0.744585,0.544949,0.518946,0.364072,[O-]/C(=N\c1nncs1)c1cc2cc3ccccc3nc2s1
decoy_4036,0.495582,0.515818,0.843998,0.779111,0.567746,0.579947,O=C(/C=C/c1ccccc1)Nc1nncs1
decoy_4037,0.489753,0.398585,0.88829,0.678226,0.603684,0.456328,O=C(Nc1nncs1)N1CCCCC1
decoy_4038,0.389032,0.472799,0.833003,0.852023,0.511995,0.538232,O=C(Nc1sccc1[C@H](Nc1cccc[nH+]1)c1ccccc1)c1ccco1
decoy_4039,0.399893,0.460516,0.818392,0.812761,0.553799,0.528627,O=C(Nc1sccc1[C@H](Nc1cccc[nH+]1)c1cccs1)c1ccco1
decoy_404,0.523805,0.380749,0.76411,0.692429,0.56187,0.431954,C[C@H]1CC(N=C=S)C[C@H](C)C1
decoy_4040,0.527147,0.425474,0.889495,0.678337,0.591278,0.464083,O=C(N[C@]12C[C@H]3C[C@@H](C[C@H](C3)C1)C2)N1CCCCC1
decoy_4041,0.490929,0.53099,0.891137,0.851265,0.551487,0.573972,O=C(NC1(c2ccccc2)CCC1)N(Cc1ccccc1)C[C@H]1CCCO1
decoy_4042,0.529967,0.433447,0.863836,0.671408,0.614247,0.469098,O=C(NC1=c2ccccc2=NC1)Nc1ccccc1
decoy_4043,0.576211,0.429273,0.851426,0.621876,0.626238,0.454427,O=C(Nc1cc2c(s1)CCC2)C1CCCCC1
decoy_4044,0.508855,0.372344,0.764397,0.544398,0.557664,0.42013,O=C(/C=C/c1ccccc1)Nc1cc2c(s1)CCC2
decoy_4045,0.438152,0.389546,0.751763,0.715369,0.541502,0.502443,O=C(Nc1cc2c(s1)CCC2)N1CC[NH2+]CC1
decoy_4046,0.360616,0.300644,0.811732,0.64486,0.565109,0.420697,O=C(Nc1cc2c(s1)CCC2)N1CC[NH+](Cc2ccccc2)CC1
decoy_4047,0.591831,0.442287,0.820018,0.624237,0.634409,0.46811,O=C(Nc1cc2c(s1)CCCC2)c1ccccc1
decoy_4048,0.52887,0.425675,0.810219,0.631305,0.613314,0.449777,O=C(Nc1cc2c(s1)CCCC2)c1ccc[nH]1
decoy_4049,0.551183,0.454219,0.801779,0.636468,0.603644,0.487015,O=C(Nc1cc2c(s1)CCCC2)[C@@H]1CCCO1
decoy_405,0.460628,0.42554,0.878108,0.783225,0.585195,0.491692,C[C@@H]1CC[C@@](C#N)([NH2+]C2CCCC2)C[C@@H]1C
decoy_4050,0.489226,0.378092,0.779802,0.589136,0.543637,0.429978,O=C(Nc1cc2c(s1)CCCC2)c1cc[nH]n1
decoy_4051,0.489612,0.403611,0.859762,0.665668,0.568324,0.444741,O=C(Nc1cc2c(s1)CCCC2)[C@]12C[C@H]3C[C@@H](C[C@H](C3)C1)C2
decoy_4052,0.469438,0.395827,0.833363,0.650849,0.571431,0.447921,O=C(N[C@H]1C[C@H]2CCCC[C@@H]2S1)[C@H]1C=C(c2ccccc2)N=N1
decoy_4053,0.451675,0.414017,0.837958,0.694286,0.579982,0.47673,O=C(N[C@H]1C[C@H]2CCCC[C@@H]2S1)C1=NN=C(c2ccccc2)C1
decoy_4054,0.402017,0.331076,0.780788,0.653348,0.533364,0.444955,O=C1Nc2ccccc2O/C1=C(/[O-])Nc1cc2c(s1)CCCC2
decoy_4055,0.496793,0.371111,0.779986,0.563272,0.568946,0.412996,O=C(/C=C/c1ccccc1)Nc1cc2c(s1)CCCC2
decoy_4056,0.464502,0.456453,0.850299,0.74288,0.555067,0.49206,O=C(/C=C/C1=c2ccccc2=NC1)N[C@@H]1CC2=C(CCCC2)S1
decoy_4057,0.561395,0.454092,0.80459,0.637559,0.641499,0.485095,O=C(Nc1cc2c(s1)CCCCC2)c1ccccc1
decoy_4058,0.505821,0.391843,0.786786,0.598554,0.544304,0.449963,O=C(Nc1cc2c(s1)CCCCCC2)[C@@H]1CCCO1
decoy_4059,0.436602,0.356824,0.724703,0.592288,0.528557,0.415327,O=C(Nc1cc2c(s1)C[NH2+]CC2)c1ccccc1
decoy_406,0.524391,0.470856,0.770753,0.699379,0.575335,0.510072,C[C@@H]1C[C@](O)([C@@H]2CC[C@@H](C)[C@@H](C)C2)CCO1
decoy_4060,0.366912,0.322983,0.847296,0.743562,0.507798,0.432876,O=C(Nc1cc2c(s1)C[NH2+]CC2)[C@@H]1CCCN1S(=O)(=O)c1ccccc1
decoy_4061,0.373486,0.316151,0.70856,0.593716,0.495064,0.393974,O=C(Nc1cc2c(s1)C[NH2+]CC2)c1ccc2c(c1)CCCC2
decoy_4062,0.399655,0.371684,0.883833,0.803902,0.530439,0.467193,O=C(Nc1cc2c(s1)C[NH2+]CC2)[C@H]1CCCN(S(=O)(=O)c2cccs2)C1
decoy_4063,0.294661,0.254779,0.745335,0.62986,0.434984,0.373842,O=C(Nc1cc2c(s1)C[NH2+]CC2)c1ccc(S(=O)(=O)N2CCCCC2)cc1
decoy_4064,0.40348,0.386727,0.835749,0.710055,0.531798,0.469524,O=C(Nc1cc2c(s1)C[NH2+]CC2)C(c1ccccc1)c1ccccc1
decoy_4065,0.570259,0.423525,0.815571,0.621927,0.585652,0.426134,O=C(Nc1cc(-c2ccccc2)cs1)c1csc2ccccc12
decoy_4066,0.480363,0.455863,0.755173,0.735523,0.54666,0.497129,O=C(/N=c1/ccc2cccoc-2c1)[C@@H]1CCC[NH2+]1
decoy_4067,0.613107,0.4491,0.898723,0.668605,0.671017,0.45798,O=C(Nc1ccc2ncsc2c1)c1ccccc1
decoy_4068,0.512911,0.379526,0.825149,0.589479,0.573221,0.438731,O=C(Nc1ccc2nc[nH]c2c1)C1CCCCC1
decoy_4069,0.566086,0.451475,0.888934,0.686897,0.596035,0.479581,O=C(Nc1ccc2ocnc2c1)c1ccccc1
decoy_407,0.51261,0.412561,0.742404,0.667618,0.544832,0.464541,CCC[C@H](O)CC[C@H]1CC[C@H](C)[C@H](C)C1
decoy_4070,0.502956,0.42459,0.809176,0.643463,0.56592,0.473703,O=C(Nc1ccc2c(c1)NCO2)C(=O)C1=c2ccccc2=NC1
decoy_4071,0.501276,0.448144,0.798491,0.668751,0.58538,0.479521,O=C(Nc1ccc2c(c1)NCS2)[C@@H]1C=c2ccccc2=N1
decoy_4072,0.612545,0.487472,0.814288,0.666545,0.586261,0.492403,O=C(Nc1cccc2c1CCCC2)c1ccccc1
decoy_4073,0.554062,0.429156,0.784094,0.621324,0.594747,0.455238,O=C(Nc1ccc(-c2ccccc2)s1)C(=O)c1ccccc1
decoy_4074,0.609873,0.498499,0.822347,0.678967,0.604224,0.490611,O=C(Nc1cccc(-c2ccco2)c1)c1ccccc1
decoy_4075,0.385661,0.362456,0.798871,0.7189,0.515557,0.435765,O=C(Nc1cccc(C[NH+]2CCCC2)c1)c1ccccc1OCc1ccccc1
decoy_4076,0.496865,0.565116,0.775813,0.754554,0.549031,0.540541,O=C(Nc1cccc(/N=C/c2ccccc2)c1)c1ccoc1
decoy_4077,0.529428,0.552443,0.837641,0.77615,0.575938,0.521779,O=C(Nc1cccc(OC2CCCC2)c1)c1cn[nH]c1
decoy_4078,0.426641,0.383091,0.837341,0.694053,0.543205,0.442294,O=C(Nc1cccc(S(=O)(=O)/N=C2\CCCN2)c1)c1ccccc1
decoy_4079,0.52635,0.400433,0.824932,0.605243,0.595785,0.425663,O=C(Nc1ccc(N2CCCC2)cc1)c1ccccc1
decoy_408,0.58203,0.427622,0.790838,0.695105,0.609129,0.468111,CC[C@H]1CC[C@H]([C@@H](O)CC(C)C)CC1
decoy_4080,0.459021,0.349342,0.805483,0.585357,0.549607,0.403302,O=C(/C=C/c1ccccc1)Nc1ccc(N2CCCCC2)nc1
decoy_4081,0.52397,0.419596,0.793709,0.618563,0.590853,0.445471,O=C(Nc1ccc(-n2cccn2)cc1)c1cccs1
decoy_4082,0.398996,0.355054,0.741691,0.70451,0.486606,0.465443,O=C(Nc1ccc(N2CC[NH2+]CC2)cc1)c1ccccc1
decoy_4083,0.456266,0.414868,0.785472,0.668017,0.550234,0.459868,O=C(Nc1ccc(NC(=O)c2cccs2)cc1)c1ccccc1
decoy_4084,0.441047,0.404676,0.774938,0.656357,0.536014,0.481239,O=C(Nc1ccc(NC(=O)[C@@H]2CCCO2)cc1)c1cccs1
decoy_4085,0.44653,0.410914,0.82799,0.707266,0.538901,0.486651,O=C(Nc1ccc(NC(=O)N2CCCCC2)cc1)C1CC1
decoy_4086,0.508879,0.435871,0.82754,0.666944,0.560261,0.462381,O=C(Nc1ccc(Sc2ccccc2)cc1)N1CCOCC1
decoy_4087,0.466666,0.429475,0.820233,0.754107,0.603309,0.516718,O=C(N[C@H]1CC[N@@H+](C2CC2)C1)c1cccs1
decoy_4088,0.416006,0.370488,0.858138,0.753197,0.548677,0.474529,O=C(Nc1ccccc1)N[C@H]1CC[N@H+](C2CC2)CC1
decoy_4089,0.472627,0.370532,0.833303,0.625063,0.582334,0.434387,O=C(Nc1ccccc1)NC1CCN(c2ccccc2)CC1
decoy_409,0.579565,0.412154,0.798657,0.6909,0.646212,0.470628,CCC[C@H](C)[C@H](O)[C@H]1CC[C@H](CC)CC1
decoy_4090,0.500178,0.431304,0.849233,0.672608,0.615469,0.490019,O=C(Nc1ccn(-c2ccccc2)n1)C(=O)N1CCCCC1
decoy_4091,0.519366,0.418395,0.830926,0.647339,0.560675,0.454443,O=C(NC1CCN(c2ccccn2)CC1)c1ccccc1
decoy_4092,0.466878,0.377723,0.824995,0.637125,0.579119,0.437097,O=C(Nc1ccccc1)NC1CCN(c2ccccn2)CC1
decoy_4093,0.368628,0.344883,0.890745,0.807187,0.603996,0.491251,O=C(NC1CCN(c2ccccn2)CC1)N[C@H]1CC[N@H+]2CCCC[C@H]12
decoy_4094,0.455035,0.374101,0.847679,0.659025,0.627097,0.450553,O=C(Nc1ccccc1)NC1CCN(c2ncccn2)CC1
decoy_4095,0.377063,0.33762,0.852456,0.749711,0.593338,0.464698,O=C(Nc1nccs1)C(=O)N[C@H]1CC[N@H+](CC2CCCC2)CC1
decoy_4096,0.377995,0.340563,0.83124,0.707356,0.575374,0.481182,O=C(Nc1ccccc1)N[C@H]1CC[N@H+](CC2CCCC2)CC1
decoy_4097,0.353477,0.30232,0.834217,0.656962,0.571662,0.428384,O=C(Nc1ccccc1)C(=O)N[C@H]1CC[N@H+](CC2CCCCC2)CC1
decoy_4098,0.373896,0.317809,0.872673,0.711038,0.488859,0.421771,O=C(NC1CCN(CC2CCCCC2)CC1)N1CC[NH2+]CC1
decoy_4099,0.399968,0.336525,0.868239,0.685838,0.641006,0.430366,O=C(N[C@H]1CC[N@H+](CCCOc2ccccc2)CC1)c1ccsc1
decoy_41,0.471668,0.455894,0.686855,0.686927,0.521817,0.486905,CC1=CCC[C@]2(C)[C@H](OC=O)[C@@H](C)CC[C@]12C
decoy_410,0.566543,0.441152,0.763174,0.678092,0.578459,0.484351,CCC[C@H](C)[C@@H](O)[C@H]1CC[C@H](C)CC1
decoy_4100,0.471595,0.425132,0.890019,0.747478,0.598044,0.48742,O=C(NC1CCN(C(=O)Nc2ccccc2)CC1)C1CCC1
decoy_4101,0.383637,0.363819,0.881923,0.755633,0.550304,0.446464,O=C(NC1CCN(C(=O)NC2CCCCCC2)CC1)C1CCCCC1
decoy_4102,0.421315,0.407608,0.877797,0.761101,0.559222,0.479164,O=C(NC1CCN(C(=O)NCCc2ccccc2)CC1)C1CCC1
decoy_4103,0.332062,0.3103,0.828987,0.765647,0.505644,0.469598,O=C(NC1CCN(C(=O)NCCCC[NH+]2CCCCC2)CC1)C1CCC1
decoy_4104,0.454609,0.38137,0.887705,0.688271,0.575005,0.444029,O=C(Nc1ccccc1-c1ccccc1)N[C@H]1CC(=O)N(c2ccccc2)C1
decoy_4105,0.494545,0.466336,0.786918,0.675084,0.542101,0.483777,O=C(Nc1cn(Cc2ccccc2)c(=O)[nH]c1=O)c1cccs1
decoy_4106,0.464141,0.467432,0.882745,0.806304,0.596905,0.504314,O=C(Nc1coc2ccccc2/c1=[NH+]\C1CCCC1)c1ccccc1
decoy_4107,0.422297,0.380843,0.752058,0.721311,0.514582,0.493227,O=C(Nc1nc2c(s1)C[NH2+]CC2)c1ccccc1
decoy_4108,0.565983,0.416371,0.852932,0.625321,0.589702,0.44357,O=C(Nc1nc2ccccc2s1)c1ccccc1
decoy_4109,0.406417,0.417602,0.770901,0.775367,0.548502,0.529945,O=C(Nc1nc(C[NH+]2CCCCC2)cs1)c1ccccc1
decoy_411,0.575354,0.458259,0.795966,0.735202,0.585993,0.496827,CC[C@H]1CC[C@@](O)([C@H]2CC[C@H](C)CC2)C1
decoy_4110,0.485506,0.387425,0.807832,0.60306,0.600715,0.444542,O=C(Nc1nnc(-c2ccccc2)s1)[C@@H]1CCCO1
decoy_4111,0.481711,0.385685,0.818781,0.619361,0.583746,0.435266,O=C(Nc1nnc([C@@H]2CCCO2)s1)[C@H]1CNCS1
decoy_4112,0.512843,0.39456,0.83246,0.612724,0.646496,0.443891,O=C(Nc1ccccc1)NC1Oc2ccccc2O1
decoy_4113,0.462203,0.522403,0.815247,0.789062,0.534986,0.52667,O=C(Nc1sc2c(c1C(=O)NC1CCCC1)CCC2)c1ccco1
decoy_4114,0.393469,0.436441,0.864579,0.831275,0.492171,0.496933,O=C(Nc1sc2c(c1C(=O)N[C@H]1CCS(=O)(=O)C1)CCCC2)c1ccccc1
decoy_4115,0.407828,0.453769,0.865475,0.822149,0.5518,0.50149,O=C(/C=C/c1ccccc1)Nc1sc2c(c1C(=O)NC[C@H]1CCCO1)CCCC2
decoy_4116,0.363558,0.296385,0.79847,0.597953,0.513301,0.37884,O=C(Nc1ccc([C@H]2C=c3ccccc3=N2)cc1)N[C@@H]1C=C2CCCC[C@H]2S1
decoy_4117,0.361473,0.340166,0.863953,0.729552,0.540702,0.446433,O=C(N[C@H]1C[C@]2(CC[N@H+](Cc3ccccc3)CC2)c2ccccc21)c1ccco1
decoy_4118,0.515216,0.415009,0.82006,0.638659,0.55678,0.452006,O=C(Nc1ccc2c(c1)Cc1ccccc1-2)C(=O)N1CCCCC1
decoy_4119,0.426355,0.365843,0.803844,0.649044,0.536268,0.445888,O=C(Nc1ccc2nc(Nc3ccccc3)ccc2c1)[C@@H]1C=c2ccccc2=N1
decoy_412,0.528168,0.373328,0.734479,0.632691,0.583841,0.418978,CC[C@H]1CC[C@H](CC[C@@H](O)C2CC2)CC1
decoy_4120,0.506028,0.432602,0.905557,0.745931,0.574457,0.471698,O=C(Nc1cccc(NCc2cc(=O)oc3ccccc23)c1)C1CC1
decoy_4121,0.412981,0.361054,0.901667,0.726512,0.524388,0.434975,O=C(NCc1ccc(NC(=O)C2CC2)cc1)c1ccccc1N1CCCCC1
decoy_4122,0.302764,0.321049,0.707951,0.662534,0.443241,0.429474,O=C(Nc1ncc(Cc2ccccc2)s1)c1ccc(NC(=O)C2CC2)cc1
decoy_4123,0.385532,0.397862,0.893193,0.819603,0.532541,0.468712,O=C(Nc1ccccc1)c1cc(NC(=O)C2CCCCC2)ccc1N1CCOCC1
decoy_4124,0.369288,0.34091,0.849572,0.703547,0.559238,0.428471,O=C(Nc1ccc(N2CCc3ccccc3C2)cc1)N[C@]12C[C@H]3C[C@@H](C[C@H](C3)C1)C2
decoy_4125,0.32313,0.349499,0.7532,0.795853,0.487127,0.525878,O=C(Nc1ccc(N2CCC[C@H](C[NH+]3CCCC3)C2)nc1)c1ccccc1
decoy_4126,0.349143,0.312984,0.891777,0.727688,0.568718,0.469759,O=C(Nc1ccc(N2CCC(CC[NH+]3CCCCC3)CC2)nc1)c1cccs1
decoy_4127,0.379025,0.337248,0.811841,0.698858,0.5042,0.427072,O=C(Nc1ccc(N2CCN(c3cccc[nH+]3)CC2)cc1)C1CCC1
decoy_4128,0.342158,0.273501,0.77812,0.582169,0.559886,0.38944,O=C(Nc1ccccc1)N[C@H]1CC[N@H+](Cc2ncc(-c3cccs3)o2)C1
decoy_4129,0.459668,0.361325,0.776764,0.572999,0.542597,0.402415,O=C(Nc1nc2c(s1)C[C@@H]1CCCC[C@@H]1C2)c1ccco1
decoy_413,0.447845,0.405586,0.70994,0.71663,0.506148,0.443613,C[C@H]1CC[C@H](S)[C@H](C)C1
decoy_4130,0.328419,0.298624,0.863264,0.70059,0.544408,0.435322,O=C(Nc1cccc(N2CCC([NH2+]CCC3=CC[C@H]4C[C@@H]3C4)CC2)c1)C1CC1
decoy_4131,0.570245,0.471966,0.878263,0.712468,0.574584,0.456849,O=C(NCC1CC1)c1cccs1
decoy_4132,0.497206,0.475915,0.855496,0.771976,0.5973,0.513468,O=C(NCC1CC1)[C@H]1CC[NH2+][C@H]1c1ccccc1
decoy_4133,0.523989,0.586511,0.872094,0.84598,0.609434,0.646432,O=C(NCC1CC1)c1ccnnc1
decoy_4134,0.48915,0.490178,0.862317,0.782524,0.552077,0.503618,O=C(N[C@H](c1ccc2c(c1)OCCO2)C1CC1)N1CCCCC1
decoy_4135,0.481254,0.439651,0.885389,0.745067,0.575977,0.484872,O=C(NCC1CC1)C1CCN(C(=O)NC2CC2)CC1
decoy_4136,0.472235,0.448473,0.901566,0.77704,0.58321,0.490007,O=C(NCC1CC1)C1CCN(C(=O)NCc2ccco2)CC1
decoy_4137,0.548009,0.470235,0.838646,0.662729,0.628772,0.49662,O=C(NCc1ccccc1)NCC1CC1
decoy_4138,0.385981,0.381002,0.875803,0.843523,0.560977,0.546232,O=C(NC[C@H]1CC2CCN1CC2)C(=O)NC[C@H]1C[C@H]2CC[N@@H+]1CC2
decoy_4139,0.422055,0.393501,0.858202,0.815629,0.559145,0.502303,O=C(NC[C@H]1C[C@H]2CC[N@@H+]1CC2)NC1CCCCC1
decoy_414,0.508159,0.423488,0.715442,0.611897,0.51238,0.434452,CC(C)N[C@@]1(C#N)CCC[C@H](C)[C@H]1C
decoy_4140,0.537511,0.483012,0.778265,0.666077,0.603479,0.495805,O=C(NC[C@H]1CC[C@H]2C[C@@H]1C2)c1cocn1
decoy_4141,0.516908,0.428072,0.83598,0.664662,0.588679,0.46631,O=C(Nc1ccccc1)C(=O)N[C@H](c1cccs1)C1CCCC1
decoy_4142,0.484926,0.4314,0.792454,0.642377,0.553933,0.482668,O=C(Nc1ccno1)N[C@H](c1cccs1)C1CCCC1
decoy_4143,0.432078,0.383768,0.829403,0.672301,0.544613,0.451308,O=C(Nc1ccc2c(c1)OCCO2)N[C@H](c1cccs1)C1CCCC1
decoy_4144,0.375428,0.327053,0.834873,0.653138,0.524144,0.418506,O=C(Nc1ccc(N2CCOCC2)nc1)N[C@H](c1cccs1)C1CCCC1
decoy_4145,0.515541,0.419909,0.871701,0.676181,0.583641,0.478633,O=C(NCC1CCCC1)C(=O)Nc1cccc2c1CCCC2
decoy_4146,0.471626,0.363255,0.83312,0.618037,0.593433,0.431899,O=C(NCC1CCCC1)C(=O)Nc1ccc2c(c1)Cc1ccccc1-2
decoy_4147,0.570029,0.458656,0.861338,0.655407,0.59088,0.459229,O=C(NCC1CCCC1)N1CCCC1
decoy_4148,0.573845,0.442557,0.859066,0.639164,0.578285,0.464604,O=C(NCC1CCCC1)N1CCCCC1
decoy_4149,0.598036,0.481538,0.898858,0.698895,0.583262,0.487884,O=C(NCC1CCCC1)N1CCc2ccccc2C1
decoy_415,0.467789,0.446014,0.893362,0.789294,0.647565,0.505745,C[C@H]1CC[C@H](C)[C@@](C#N)([NH2+]C2CCCC2)C1
decoy_4150,0.538864,0.443438,0.84674,0.655905,0.655622,0.475748,O=C(NCC1CCCC1)Nc1ccccc1
decoy_4151,0.500758,0.405803,0.83214,0.629571,0.607433,0.463892,O=C(NCC1CCCC1)NC1CCCCC1
decoy_4152,0.508259,0.488808,0.843524,0.747565,0.582174,0.535931,O=C(NCc1cccnc1)NCC1CCCC1
decoy_4153,0.472555,0.408975,0.90498,0.758999,0.569894,0.485763,O=C(NCC1CCCC1)NC[C@H]1CCS(=O)(=O)C1
decoy_4154,0.474453,0.403555,0.909732,0.716894,0.564757,0.472846,O=C(NCC1CCCC1)NCC1(c2ccccc2)CCOCC1
decoy_4155,0.473199,0.515615,0.777222,0.758252,0.54778,0.530654,O=C(NC[C@H]1CCC[C@H]2c3ccccc3CC[C@@H]12)c1cocn1
decoy_4156,0.58235,0.415748,0.889649,0.634754,0.632256,0.472084,O=C(NC[C@H]1CCCc2ccccc21)Nc1ccccc1
decoy_4157,0.4715,0.425037,0.933572,0.778934,0.601561,0.477644,O=C(NC[C@H]1CCCc2ccccc21)Nc1ccccc1Cn1cccn1
decoy_4158,0.50319,0.439915,0.934838,0.758916,0.620383,0.491398,O=C(NC[C@H]1CCCc2ccccc21)Nc1ccccc1N1CCCC1
decoy_4159,0.541238,0.438516,0.913324,0.70688,0.618428,0.498823,O=C(NCc1ccccc1)NC[C@H]1CCCc2ccccc21
decoy_416,0.515614,0.423646,0.70904,0.651606,0.536559,0.448267,C[C@@H]1[C@@H](C)CCC[C@]1(O)c1ccco1
decoy_4160,0.527504,0.42552,0.9015,0.694004,0.601077,0.486626,O=C(NCc1ccncc1)NC[C@H]1CCCc2ccccc21
decoy_4161,0.428479,0.4047,0.865176,0.755897,0.577599,0.506225,O=C(NCc1nc(C2CC2)no1)NC[C@H]1CCCc2ccccc21
decoy_4162,0.562765,0.432552,0.841449,0.648946,0.576922,0.475558,O=C(NCc1ccccc1)C1CC1
decoy_4163,0.560773,0.464391,0.812386,0.648402,0.554815,0.462021,O=C(NC[C@@H]1C=CCCC1)C1CC1
decoy_4164,0.534949,0.438493,0.767637,0.602775,0.514579,0.456208,O=C(NCC1CCCCC1)C1CC1
decoy_4165,0.58663,0.448385,0.809596,0.641,0.56816,0.44683,O=C(c1ccccc1)N(Cc1ccccc1)C1CC1
decoy_4166,0.536017,0.40011,0.876735,0.64162,0.575262,0.460888,O=C(NCc1ccccc1)[C@@H]1C[C@H]2CCC[C@@H](C1)C2=O
decoy_4167,0.59169,0.497148,0.843582,0.694626,0.597525,0.482985,O=C(NCc1ccccc1)c1ccccc1
decoy_4168,0.590909,0.44231,0.841766,0.618988,0.582529,0.465293,O=C(NCc1ccccc1)C1CCCCC1
decoy_4169,0.540566,0.522549,0.769075,0.710862,0.52277,0.485295,O=C(c1ccccc1)N(Cc1ccccc1)c1ccccc1
decoy_417,0.465739,0.510221,0.762733,0.741456,0.527331,0.570922,O=C1C[C@@]2(CCC[C@H](C(F)(F)F)C2)N1
decoy_4170,0.475516,0.501174,0.766836,0.736674,0.501833,0.47601,O=C(c1ccccc1)N(Cc1ccccc1)C1CCCCC1
decoy_4171,0.503098,0.477816,0.820511,0.713716,0.516217,0.477097,O=C(N[C@H](c1ccccc1)C1CCCCC1)c1ccccc1
decoy_4172,0.478882,0.5429,0.753221,0.757824,0.501765,0.563284,O=C(c1cccnc1)N(Cc1ccccc1)c1ccccc1
decoy_4173,0.512097,0.523493,0.728583,0.685538,0.541812,0.474197,O=C(c1ccns1)N(Cc1ccccc1)c1ccccc1
decoy_4174,0.567186,0.460024,0.863384,0.675181,0.631856,0.519119,O=C(NCc1ccccc1)c1cccnc1
decoy_4175,0.538502,0.446298,0.867797,0.682966,0.622059,0.478169,O=C(NCc1ccccc1)c1ccc[nH]1
decoy_4176,0.574797,0.488517,0.852553,0.715894,0.597862,0.481331,O=C(NCc1ccccc1)c1ccco1
decoy_4177,0.436081,0.392376,0.849271,0.705377,0.512607,0.435323,O=C(N[C@H](c1ccccc1)c1ccco1)N1CC[C@@H](Nc2ccccc2)C1
decoy_4178,0.508291,0.504579,0.866524,0.779642,0.566906,0.507683,O=C(NCc1ccccc1)c1ccc(=O)[nH]c1
decoy_4179,0.555868,0.491631,0.84758,0.705673,0.571638,0.476652,O=C(NCc1ccccc1)c1cccs1
decoy_418,0.511974,0.393393,0.73457,0.636409,0.545634,0.443423,C[C@H]1CC[C@@H](C(C)(C)C2CCCC2)[C@H](O)C1
decoy_4180,0.532277,0.460027,0.77387,0.636495,0.53056,0.468394,O=C(N[C@H](c1ccccc1)c1cccs1)c1ccccc1
decoy_4181,0.482718,0.383316,0.833739,0.631984,0.522511,0.426983,O=C(N[C@H](c1ccccc1)c1cccs1)C1=NN(c2ccccc2)CC1
decoy_4182,0.459957,0.383234,0.777429,0.714973,0.568181,0.519987,O=C(NCc1ccccc1)C1CC[NH2+]CC1
decoy_4183,0.50535,0.496595,0.856625,0.767388,0.586365,0.511928,O=C(NCc1ccccc1)c1cc[nH]n1
decoy_4184,0.570616,0.514315,0.835706,0.733916,0.559705,0.499355,O=C(NCc1ccccc1)c1ccsc1
decoy_4185,0.428056,0.524838,0.776175,0.852786,0.49289,0.560119,O=C(c1ccccc1)N(Cc1ccccc1)c1c[nH]c(=O)[nH]c1=O
decoy_4186,0.449335,0.499269,0.804215,0.809012,0.513618,0.527712,O=C(c1cc2ccccc2s1)N(Cc1ccccc1)c1c[nH]c(=O)[nH]c1=O
decoy_4187,0.566367,0.532025,0.848323,0.764022,0.588428,0.519642,O=C(NCc1ccccc1)c1cscn1
decoy_4188,0.5064,0.534073,0.86198,0.812782,0.586862,0.548992,O=C(NCc1ccccc1)c1ncn[nH]1
decoy_4189,0.585331,0.461215,0.847727,0.643536,0.598428,0.476288,O=C(NCc1ccccc1)[C@H]1C[C@H]2C[C@H](C2)C1
decoy_419,0.523964,0.430673,0.802195,0.765808,0.550535,0.498945,C=CCCC(C)(C)[C@H]1CC[C@@H](C)C[C@H]1Br
decoy_4190,0.522388,0.410516,0.834031,0.627943,0.590384,0.455585,O=C(NCc1ccccc1)c1cc2ccccc2c(=O)[nH]1
decoy_4191,0.560571,0.513584,0.815102,0.689406,0.566714,0.492868,O=C(NCc1ccccc1)C1=Cc2ccccc2OC1
decoy_4192,0.541147,0.407805,0.796046,0.603634,0.572599,0.449901,O=C(NCc1ccccc1)c1cc2c(s1)CCCC2
decoy_4193,0.557316,0.420689,0.807948,0.60063,0.611886,0.458393,O=C(NCc1ccccc1)c1ccc2ccccc2c1
decoy_4194,0.468545,0.411013,0.81422,0.700733,0.543994,0.48607,O=C(NCc1ccccc1)c1ccc2c[nH]c(=S)nc2c1
decoy_4195,0.453663,0.52717,0.795055,0.79827,0.518545,0.526297,O=C(N[C@@H](c1ccccc1)c1ccc2nc[nH]c2c1)C1=CCCO1
decoy_4196,0.408858,0.337547,0.800728,0.647703,0.542791,0.433185,O=C(NCc1ccccc1)[C@H]1CC[C@H](c2ccccc2)[NH2+]C1
decoy_4197,0.412963,0.430407,0.927718,0.871615,0.526599,0.495981,O=C(NCC1CCCCC1)c1cccc(S(=O)(=O)NC2CCCC2)c1
decoy_4198,0.488792,0.385839,0.75944,0.578884,0.551385,0.438979,O=C(NCc1ccccc1)c1ccc(-n2cccn2)cc1
decoy_4199,0.551387,0.45051,0.913548,0.722018,0.599254,0.493666,O=C(NCc1ccccc1)[C@H]1CCCN(c2cccnn2)C1
decoy_42,0.515634,0.38511,0.726292,0.600024,0.541964,0.439159,C=C[C@@H]1OC[C@@]2(CO)[C@H](C)C=C(C)[C@@H]1[C@H]2C
decoy_420,0.441718,0.450795,0.661978,0.747455,0.495306,0.537896,CC[C@@H]1CCCC[C@H]1[C@@H]1CC[C@H](O)[C@@H]1C
decoy_4200,0.496865,0.476428,0.911697,0.792756,0.613337,0.516815,O=C(NCc1ccccc1)[C@H]1CCCN(C(=O)Nc2ccccc2)C1
decoy_4201,0.440789,0.383423,0.90932,0.767526,0.538181,0.475698,O=C(NCc1ccccc1)C1CCN(S(=O)(=O)c2cc[nH]c2)CC1
decoy_4202,0.425768,0.351274,0.834094,0.666665,0.538507,0.424109,O=C(NCc1ccccc1)[C@@H]1C[NH2+]C[C@@H](c2ccccc2)C1
decoy_4203,0.358224,0.375643,0.849768,0.786398,0.498211,0.474994,O=C(NCc1ccccc1)[C@H]1CN(C(=O)c2ccccc2)CC12CC[NH2+]CC2
decoy_4204,0.347447,0.372276,0.846822,0.78828,0.484691,0.475926,O=C(NCc1ccccc1)[C@H]1CN(C(=O)C2CCCCC2)CC12CC[NH2+]CC2
decoy_4205,0.498655,0.428128,0.889682,0.7074,0.577376,0.470308,O=C(NCc1ccccc1)c1cnn2c1N[C@H](c1ccccc1)CC2
decoy_4206,0.422837,0.451728,0.803422,0.738044,0.527133,0.513761,O=C(NCC1CCCCC1)c1coc(COc2ccccc2)n1
decoy_4207,0.430726,0.356815,0.748625,0.587492,0.512586,0.416819,O=C(NCc1ccccc1)c1cc2ccc(-c3ccncc3)nc2s1
decoy_4208,0.417177,0.356656,0.795855,0.640102,0.536883,0.431591,O=C(NCc1ccccc1)c1ccc(-c2cc(-c3ccccc3)n[nH]2)cc1
decoy_4209,0.561227,0.483598,0.867152,0.707,0.554458,0.472845,O=C(NCc1ccccc1)C(c1ccccc1)c1ccccc1
decoy_421,0.466009,0.414077,0.795348,0.834715,0.530252,0.573679,CCC[C@@H]1CC[C@@H](Br)[C@@H]1C
decoy_4210,0.555926,0.435008,0.815827,0.638616,0.54383,0.436484,O=C(c1ccccc1)N(Cc1ccccc1)Cc1ccco1
decoy_4211,0.466381,0.516034,0.775864,0.763219,0.502779,0.502703,O=C(c1ccccc1)N(Cc1ccco1)CC1CCCCC1
decoy_4212,0.600897,0.473912,0.836037,0.649759,0.604015,0.471801,O=C(c1ccns1)N(Cc1ccccc1)Cc1ccco1
decoy_4213,0.502925,0.400189,0.816198,0.62257,0.571323,0.450994,O=C(/C=C/c1cc[nH]c1)NCc1ccccc1
decoy_4214,0.493449,0.417427,0.879321,0.694957,0.586041,0.488595,O=C(NCc1ccccc1Cn1cncn1)Nc1ccccc1
decoy_4215,0.533007,0.397114,0.802365,0.579687,0.60739,0.442997,O=C(NCc1ccccc1)C(=O)Nc1ccccc1
decoy_4216,0.54294,0.441015,0.853324,0.661533,0.623648,0.473411,O=C(NCC1CCCCC1)C(=O)Nc1ccccc1
decoy_4217,0.500325,0.423111,0.873312,0.692312,0.575859,0.479952,O=C(NCC1CCCCC1)C(=O)Nc1ccccc1-n1cccn1
decoy_4218,0.488803,0.35107,0.803875,0.558477,0.641785,0.426782,O=C(NCc1ccccc1)C(=O)N/N=C/c1ccccc1
decoy_4219,0.455763,0.40009,0.854446,0.696416,0.557367,0.445009,O=C(c1ccccc1)c1csc2c1CCN(C(=O)NCc1ccccc1)C2
decoy_422,0.505699,0.382556,0.728074,0.634094,0.576069,0.439025,CC[C@@](O)(C1CC1)[C@H]1CC[C@H](C)[C@H](C)C1
decoy_4220,0.59394,0.425215,0.842823,0.60544,0.614706,0.451765,O=C(NCc1ccccc1)N1CCCC1
decoy_4221,0.45644,0.396666,0.78454,0.637506,0.513189,0.446641,O=C(NCc1ccccc1N1CCCC1)Nc1ccccc1
decoy_4222,0.570985,0.412474,0.84002,0.596879,0.615306,0.439908,O=C(NCc1ccccc1)N1CCCCC1
decoy_4223,0.524728,0.453773,0.869103,0.693065,0.589304,0.474629,O=C(NCc1ccccc1-n1cccn1)Nc1ccccc1
decoy_4224,0.462946,0.383699,0.828687,0.713292,0.580484,0.511972,O=C(NCc1ccccc1)N1CC[NH2+]CC1
decoy_4225,0.471854,0.434914,0.837811,0.799568,0.534466,0.517476,O=C(NCC1CCCCC1)N1CC[NH2+]CC1
decoy_4226,0.456761,0.443998,0.802939,0.813034,0.543729,0.546805,O=C(NCc1ccccc1N1CC[NH2+]CC1)c1ccccc1
decoy_4227,0.573986,0.472438,0.852574,0.672966,0.594432,0.504976,O=C(NCc1ccccc1)N1CCOCC1
decoy_4228,0.402438,0.382391,0.863595,0.805497,0.56168,0.491725,O=C(NCc1ccccc1)N[C@H]1[C@@H]2CCC[C@H]1C[N@@H+](C1CC1)C2
decoy_4229,0.529291,0.441582,0.849417,0.658879,0.578591,0.474469,O=C(NCc1ccccc1)NC1CC1
decoy_423,0.435729,0.407234,0.832182,0.702566,0.552753,0.499129,C#CC(C)(C)N1C[C@H](C(C)(C)C)[NH2+]C[C@H]1C
decoy_4230,0.534743,0.41143,0.835206,0.617182,0.610263,0.453077,O=C(NCc1ccccc1)Nc1ccccc1
decoy_4231,0.522848,0.43004,0.839664,0.645591,0.579513,0.470845,O=C(NCc1ccccc1)NC1CCCCC1
decoy_4232,0.543074,0.473975,0.89773,0.737701,0.612415,0.499924,O=C(NCc1ccccc1)Nc1ccccc1Cn1cccn1
decoy_4233,0.527789,0.442047,0.909099,0.716671,0.620491,0.469666,O=C(NCc1ccccc1)Nc1ccccc1N1CCCCC1
decoy_4234,0.517299,0.449106,0.857907,0.694953,0.648951,0.508252,O=C(NCc1ccccc1)Nc1cccnc1
decoy_4235,0.496142,0.383828,0.835759,0.623395,0.573678,0.448889,O=C(NCc1ccccc1)Nc1ccon1
decoy_4236,0.483815,0.417326,0.822608,0.651534,0.550819,0.473155,O=C(NCc1ccccc1)Nc1nccs1
decoy_4237,0.455483,0.367606,0.869082,0.656349,0.576851,0.445299,O=C(NCc1ccccc1)Nc1nncs1
decoy_4238,0.528462,0.416036,0.907633,0.686344,0.58415,0.474783,O=C(NCc1ccccc1)NC1(c2ccccc2)CCOCC1
decoy_4239,0.483235,0.362879,0.78719,0.57712,0.573137,0.430454,O=C(NCc1ccccc1)Nc1ccc2c(c1)OCO2
decoy_424,0.456759,0.489939,0.781419,0.790542,0.513446,0.583302,C[C@@H]1CN(C2(C)CCCC2)CCC[NH2+]1
decoy_4240,0.515465,0.400304,0.866378,0.64107,0.609037,0.451887,O=C(NCc1ccccc1)Nc1cccc2c1CCCC2
decoy_4241,0.466358,0.528055,0.850558,0.830791,0.619101,0.563183,O=C(NCc1ccccc1)Nc1cccc(COCC2CC2)c1
decoy_4242,0.349251,0.488881,0.73096,0.823211,0.48175,0.553369,O=C(NCc1ccccc1)Nc1cccc(COCc2ccco2)c1
decoy_4243,0.390595,0.36434,0.817391,0.742377,0.529228,0.463174,O=C(NCC1CCCCC1)N[C@H]1CC[N@H+](C2CC2)CC1
decoy_4244,0.371404,0.349946,0.847664,0.772085,0.560747,0.468175,O=C(NCc1ccccc1)N[C@H]1CC[N@H+](CC2CCCC2)CC1
decoy_4245,0.387924,0.327694,0.892602,0.698852,0.519441,0.443685,O=C(NCC1CCCCC1)NC1CCN(C(=O)C2CCCCC2)CC1
decoy_4246,0.518437,0.469987,0.860831,0.709055,0.613769,0.481554,O=C(NCC1CCCCC1)NCC1CC1
decoy_4247,0.563385,0.416008,0.862986,0.619793,0.634677,0.46106,O=C(NCc1ccccc1)NCc1ccccc1
decoy_4248,0.525675,0.415389,0.86719,0.650402,0.612929,0.459965,O=C(NCc1ccccc1)NC[C@@H]1CC=CCC1
decoy_4249,0.506904,0.41655,0.850036,0.661092,0.617276,0.47375,O=C(NCc1ccccc1)NCC1CCCCC1
decoy_425,0.45978,0.415172,0.816719,0.657925,0.586355,0.448219,C#CCN1CC2(CCCCC2)[NH2+]C[C@@H]1C
decoy_4250,0.630896,0.497386,0.926541,0.715567,0.646061,0.504721,O=C(NCc1ccccc1)N(Cc1ccccc1)C1CC1
decoy_4251,0.527598,0.467476,0.877222,0.718373,0.627265,0.502087,O=C(NCc1ccccc1)NCc1ccccc1-n1cccn1
decoy_4252,0.503225,0.459615,0.877122,0.737968,0.596086,0.489231,O=C(NCc1ccccc1)NCc1ccccc1-n1ccnc1
decoy_4253,0.553285,0.416683,0.855552,0.620438,0.634408,0.458081,O=C(NCc1ccccc1)NCc1ccccn1
decoy_4254,0.544962,0.400885,0.858945,0.614151,0.627493,0.45474,O=C(NCc1ccccc1)NCc1cccnc1
decoy_4255,0.497908,0.463605,0.92841,0.790793,0.602058,0.500867,O=C(NCc1ccccc1)NCc1cccnc1N1CCOCC1
decoy_4256,0.50901,0.396423,0.807481,0.596746,0.564336,0.437613,O=C(NCc1ccccc1)NCc1cccs1
decoy_4257,0.578678,0.431896,0.866947,0.631759,0.647472,0.469018,O=C(NCc1ccccc1)NCc1ccoc1
decoy_4258,0.574886,0.434057,0.925018,0.686255,0.668671,0.477947,O=C(NCc1ccccc1)NCC1(c2ccccc2)CC1
decoy_4259,0.510627,0.416697,0.915939,0.712235,0.582468,0.482138,O=C(NCc1ccccc1)NCC1(c2ccccc2)CCOCC1
decoy_426,0.570734,0.45261,0.809965,0.663629,0.618454,0.455563,CC(C)c1nc2c(s1)CCC[C@H]2O
decoy_4260,0.517398,0.413904,0.848757,0.641286,0.628235,0.469274,O=C(NCc1ccccc1)NCc1cc2ccccc2o1
decoy_4261,0.464347,0.445154,0.862489,0.752723,0.581869,0.51234,O=C(NCc1ccccc1)NCc1ccc2c(c1)OCCCO2
decoy_4262,0.446408,0.365635,0.854274,0.653272,0.599696,0.4351,O=C(NCc1ccccc1)NCc1ccnc(OCC2CC2)c1
decoy_4263,0.513361,0.459784,0.819592,0.689256,0.534338,0.456836,O=C(NCc1ccccc1OC1CCCC1)c1ccccc1
decoy_4264,0.57803,0.452653,0.826831,0.629325,0.598048,0.473261,O=C(NCc1ccccc1)Oc1ccccc1
decoy_4265,0.56137,0.389447,0.782007,0.560731,0.562756,0.433662,O=C(NCC1CCCCCC1)c1cccs1
decoy_4266,0.486186,0.377324,0.842041,0.682352,0.620044,0.461859,O=C(NC[C@H]1CCCC[NH2+]1)c1ccccc1
decoy_4267,0.384482,0.3776,0.859398,0.803296,0.528063,0.538858,O=C(NC[C@H]1CCCC[N@@H+]1Cc1ccccc1)C1=NN(c2ccccc2)CC1
decoy_4268,0.478332,0.444582,0.88488,0.750681,0.616742,0.496177,O=C(NCc1ccccn1)Nc1ccccc1OC[C@H]1CCCO1
decoy_4269,0.449469,0.387057,0.813966,0.669992,0.56176,0.472597,O=C(NCc1ccccn1)Nc1cccc(N2CCCC2=O)c1
decoy_427,0.554215,0.420246,0.828271,0.758407,0.617246,0.451636,ClCc1nc(C2CCC2)no1
decoy_4270,0.54121,0.477399,0.874292,0.718788,0.57931,0.509668,O=C(NC[C@H]1CCCCO1)C1CCCCC1
decoy_4271,0.589979,0.477659,0.839806,0.667246,0.568019,0.474551,O=C(NCc1cccn1Cc1ccccc1)c1cccs1
decoy_4272,0.364772,0.350857,0.906625,0.810796,0.566312,0.47584,O=C(NCC(=O)N1CCCC1)NC[C@H]1CCC[N@@H+]1CC1CCCCC1
decoy_4273,0.535758,0.408826,0.840178,0.622299,0.582984,0.443776,O=C(NCc1cccnc1)C1=NN(c2ccccc2)CC1
decoy_4274,0.528263,0.431036,0.821795,0.64967,0.595808,0.489978,O=C(NCc1cccnc1)C(=O)Nc1ccccc1
decoy_4275,0.489298,0.477071,0.945685,0.836262,0.591756,0.508154,O=C(NCc1cccnc1N1CCOCC1)NC1CCCCC1
decoy_4276,0.521957,0.489999,0.880095,0.759092,0.579738,0.53906,O=C(NCc1cccnc1)NC1CC1
decoy_4277,0.506613,0.427391,0.853802,0.667638,0.610811,0.466456,O=C(NCc1cccnc1)Nc1ccccc1
decoy_4278,0.417717,0.333822,0.814436,0.615346,0.565476,0.423284,O=C(NCc1cccnc1)Nc1ccc(Cn2ccccc2=O)cc1
decoy_4279,0.534043,0.438825,0.85057,0.675497,0.579667,0.47284,O=C(NCc1cccnc1)NCc1cccs1
decoy_428,0.589355,0.458325,0.832324,0.768858,0.590449,0.491791,CC(C)[C@H](CBr)CO[C@@H]1CC[C@@H](C)[C@@H](C)C1
decoy_4280,0.480675,0.41675,0.864872,0.688586,0.564692,0.452511,O=C(NCc1cccnc1OC1CCCC1)Nc1ccccc1
decoy_4281,0.593823,0.512537,0.8842,0.727997,0.602258,0.497197,O=C(NCc1ccco1)c1ccccc1
decoy_4282,0.609619,0.479086,0.884905,0.675727,0.629295,0.485638,O=C(NC[C@H]1CCCO1)c1ccccc1
decoy_4283,0.520679,0.555682,0.742296,0.721048,0.508499,0.512314,O=C(c1ccccc1)N(Cc1ccco1)c1ccccc1
decoy_4284,0.587279,0.532394,0.780165,0.717884,0.566413,0.490336,O=C(c1ccns1)N(Cc1ccco1)c1ccccc1
decoy_4285,0.578871,0.510647,0.903829,0.747973,0.647478,0.518545,O=C(NC[C@H]1CCCO1)c1cccnc1
decoy_4286,0.482723,0.527174,0.789541,0.736284,0.542776,0.507762,O=C(c1cc[nH]n1)N(C[C@H]1CCCO1)[C@H]1CCSC1
decoy_4287,0.554806,0.446109,0.84641,0.655149,0.622587,0.475145,O=C(NCc1ccco1)c1cc2ccccc2[nH]1
decoy_4288,0.415928,0.491842,0.806412,0.799439,0.508135,0.514438,O=C(NCc1ccco1)c1cc2ccccc2o/c1=[NH+]\c1ccccc1
decoy_4289,0.439056,0.427901,0.863816,0.778685,0.565688,0.46705,O=C(NC[C@H]1CCCO1)c1cc2ccccc2o/c1=[NH+]\c1ccccc1
decoy_429,0.590567,0.428379,0.812994,0.707872,0.57511,0.480223,Cl[C@H](Cc1ccsc1)C1CCCCCCC1
decoy_4290,0.378569,0.419918,0.827701,0.80557,0.48968,0.484779,O=C(NCc1ccco1)c1cccc(S(=O)(=O)NC2CCCCC2)c1
decoy_4291,0.482557,0.420953,0.82411,0.663997,0.553737,0.45384,O=C(NC[C@H]1CCCO1)c1cc2cc3ccccc3nc2s1
decoy_4292,0.442773,0.420264,0.877397,0.78142,0.584203,0.492403,O=C(NCc1ccco1)[C@H]1CCCN(c2[nH]c3ccccc3[nH+]2)C1
decoy_4293,0.464794,0.396038,0.906492,0.717748,0.577412,0.462319,O=C(NC[C@H]1CCCO1)[C@@H]1CSC[C@@H](c2ccc3c(c2)CCCC3)N1
decoy_4294,0.353916,0.341687,0.87023,0.74468,0.522453,0.442376,O=C(NC[C@H]1CCCO1)c1cc2c3c(c(N4CCCC4)[nH+]c2s1)CCCC3
decoy_4295,0.523838,0.510408,0.889474,0.777127,0.556233,0.507043,O=C(NC[C@H]1CCCO1)[C@H](Nc1ccccc1)c1ccccc1
decoy_4296,0.510193,0.381548,0.819239,0.587418,0.656196,0.453198,O=C(NCc1ccco1)C(=O)N/N=C/c1ccccc1
decoy_4297,0.586516,0.492679,0.84907,0.674257,0.568402,0.491813,O=C(NCc1ccco1)N1CCCCC1
decoy_4298,0.546908,0.42805,0.861063,0.646354,0.643728,0.484545,O=C(NC[C@H]1CCCO1)Nc1ccccc1
decoy_4299,0.497614,0.447131,0.824925,0.676704,0.549987,0.467712,O=C(NCc1ccco1)NC(c1ccccc1)c1ccccc1
decoy_43,0.476703,0.582469,0.744255,0.765636,0.517521,0.676318,C=C(C)COc1ccc2c3c(c(=O)oc2c1)CCCC3
decoy_430,0.601208,0.434302,0.82454,0.608233,0.609377,0.462606,CCc1cc(N[C@H]2CCCC[C@@H]2Cl)ncn1
decoy_4300,0.55584,0.484892,0.877216,0.727507,0.612989,0.48687,O=C(NCc1cccs1)C1CC1
decoy_4301,0.596068,0.512041,0.876147,0.721201,0.592876,0.484455,O=C(NCc1cccs1)c1ccccc1
decoy_4302,0.561894,0.390423,0.793588,0.5604,0.543597,0.439519,O=C(NCc1cccs1)C1CCCCC1
decoy_4303,0.583847,0.573998,0.772436,0.740702,0.561808,0.568824,O=C(c1ccns1)N(Cc1cccs1)c1ccccc1
decoy_4304,0.577399,0.555024,0.904823,0.797206,0.630348,0.522627,O=C(NCc1cccs1)c1cccnc1
decoy_4305,0.511492,0.515922,0.878375,0.803598,0.591894,0.52172,O=C(NCc1cccs1)c1cc[nH]n1
decoy_4306,0.565376,0.420732,0.863858,0.637206,0.621434,0.455606,O=C(NCc1cccs1)[C@H]1CCOC1
decoy_4307,0.526839,0.444609,0.772622,0.615091,0.57022,0.447942,O=C(NCc1cccs1)c1cc2c(s1)CCCC2
decoy_4308,0.559375,0.498702,0.805216,0.673486,0.557381,0.481114,O=C(NCc1cccs1)C1=NN(c2ccccc2)CC1
decoy_4309,0.559422,0.431999,0.84303,0.630896,0.619232,0.464004,O=C(NCc1cccs1)C(=O)Nc1ccccc1
decoy_431,0.479424,0.555882,0.813269,0.785059,0.506154,0.533007,O=c1c2ccccc2nc(/C=C\c2ccccc2O)n1-c1ccccc1
decoy_4310,0.535333,0.387276,0.853853,0.607681,0.591574,0.443073,O=C(NCc1cccs1)Nc1ccccc1
decoy_4311,0.50405,0.35805,0.78861,0.546832,0.566435,0.412136,O=C(NCc1cccs1)NC1CCCCC1
decoy_4312,0.505308,0.492117,0.854271,0.754265,0.568133,0.502021,O=C(NCc1cccs1)Nc1ccccc1N1CCOCC1
decoy_4313,0.434795,0.46715,0.877741,0.84057,0.619833,0.551887,O=C(NCc1cccs1)Nc1nncs1
decoy_4314,0.451627,0.391003,0.789922,0.650341,0.546623,0.450135,O=C(NCc1cccs1)Nc1ccc(N2CCCC2=O)cc1
decoy_4315,0.531408,0.423873,0.849836,0.645603,0.601746,0.464712,O=C(NCc1ccncc1)c1cc(C2CC2)n[nH]1
decoy_4316,0.53452,0.416186,0.872859,0.664758,0.623238,0.461484,O=C(NCc1ccncc1)NCc1cccnc1
decoy_4317,0.542757,0.487018,0.886875,0.737866,0.579116,0.508255,O=C(c1cc(C2CC2)n[nH]1)N(C[C@H]1CCOC1)C1CC1
decoy_4318,0.636109,0.510109,0.905001,0.69648,0.630762,0.498364,O=C(NC[C@H]1CCOC1)c1cccn1C1CC1
decoy_4319,0.548008,0.472689,0.859164,0.682781,0.623187,0.508456,O=C(NC[C@H]1CCOC1)c1cc(C2CC2)n[nH]1
decoy_432,0.65682,0.456137,0.816946,0.690483,0.633837,0.492257,c1ccc2c(c1)C[C@@H](CCc1ccsc1)N2
decoy_4320,0.555244,0.429253,0.889364,0.661244,0.640714,0.468334,O=C(NCc1ccoc1)Nc1ccccc1
decoy_4321,0.440707,0.482844,0.834655,0.807684,0.61735,0.554724,O=C(NC[C@H]1CCOC1)Nc1nncs1
decoy_4322,0.519579,0.447543,0.836869,0.66816,0.564646,0.486028,O=C(NCc1ccon1)N[C@H](c1ccccc1)C1CC1
decoy_4323,0.586629,0.476396,0.894359,0.71243,0.646873,0.547622,O=C(NCc1ccsc1)c1ccncn1
decoy_4324,0.567629,0.488951,0.76312,0.670866,0.540113,0.46256,O=C(c1ccccc1)N(Cc1ccsc1)c1nccs1
decoy_4325,0.549452,0.455565,0.856339,0.674554,0.601693,0.465016,O=C(NCc1ccsc1-n1cccc1)Nc1ccccc1
decoy_4326,0.47039,0.400968,0.869295,0.702604,0.589828,0.46996,O=C(NCc1cccnc1)NC[C@H]1CCS(=O)(=O)C1
decoy_4327,0.440116,0.369197,0.758677,0.600589,0.553777,0.431398,O=C(NCc1cncs1)Nc1ccc(-n2cccn2)cc1
decoy_4328,0.515807,0.472473,0.837918,0.720959,0.589518,0.508987,O=C(NCc1cnns1)c1cc(-c2ccccc2)n[nH]1
decoy_4329,0.483946,0.454686,0.900785,0.773258,0.616188,0.528984,O=C(NCc1cscn1)c1cc[nH]n1
decoy_433,0.627355,0.518105,0.802283,0.707514,0.590125,0.514789,c1ccc2c(c1)CC[C@@H](C[C@H]1CCCO1)N2
decoy_4330,0.442164,0.440599,0.949806,0.892535,0.632612,0.552471,O=C(NCc1cscn1)NCC1([NH+]2CCCCC2)CCCCC1
decoy_4331,0.548121,0.43853,0.882536,0.675768,0.633381,0.460712,O=C(NCc1nccs1)Nc1ccccc1
decoy_4332,0.538286,0.391031,0.893207,0.639695,0.639103,0.447045,O=C(NCc1ncno1)Nc1ccccc1
decoy_4333,0.457989,0.481799,0.838424,0.809961,0.573288,0.573056,O=C(NCc1ncno1)NC[C@]12C[C@H]3C[C@@H](C[C@H](C3)C1)C2
decoy_4334,0.482857,0.437167,0.841533,0.691597,0.561258,0.473194,O=C(NCC1=NN=CC1)N[C@H](c1cccs1)C1CCCC1
decoy_4335,0.504949,0.472415,0.935158,0.786942,0.601103,0.499596,O=C(NCc1nnc[nH]1)c1ccccn1
decoy_4336,0.495837,0.408796,0.852142,0.656415,0.592662,0.448354,O=C(NCc1noc2ccccc12)NC1CCCCC1
decoy_4337,0.532015,0.386724,0.851944,0.614668,0.545577,0.435951,O=C(NC[C@]12C[C@H]3C[C@@H](C[C@H](C3)C1)C2)c1ccccc1
decoy_4338,0.388298,0.388202,0.834087,0.741133,0.54965,0.475787,O=C(Nc1ccc(C(=O)NC[C@]23C[C@H]4C[C@@H](C[C@H](C4)C2)C3)s1)c1ccco1
decoy_4339,0.473815,0.410166,0.845437,0.681363,0.540089,0.479585,O=C(NC[C@]12C[C@H]3C[C@@H](C[C@H](C3)C1)C2)Nc1ccccc1
decoy_434,0.509542,0.438835,0.752311,0.659264,0.553109,0.49013,C[C@@H]1C[C@H](C)C[C@H]([C@]2(O)CCCOCC2)C1
decoy_4340,0.46738,0.383338,0.886807,0.682532,0.569705,0.445658,O=C(NCC1(c2ccccc2)CC1)N1CC[C@H](Nc2ccccc2)C1
decoy_4341,0.502988,0.411621,0.853897,0.678668,0.536184,0.45482,O=C(NCC1(c2ccccc2)CCC1)C1=NN(c2ccccc2)CC1
decoy_4342,0.500662,0.371969,0.836348,0.619243,0.588034,0.43533,O=C(NCC1(c2ccccc2)CCCC1)C(=O)Nc1ccccc1
decoy_4343,0.510142,0.399821,0.844064,0.651834,0.575442,0.451598,O=C(NCc1cc2ccccc2[nH]c1=O)c1cnoc1
decoy_4344,0.578787,0.462211,0.849156,0.656323,0.601236,0.498995,O=C(NCc1cc2ccccc2o1)C1CCCCC1
decoy_4345,0.553303,0.469856,0.841572,0.6723,0.593083,0.479652,O=C(NCc1cc2ccccc2o1)N1CCCCC1
decoy_4346,0.464031,0.359351,0.809607,0.596487,0.560079,0.425162,O=C(NCc1ccc2c(c1)CCCC2)C(=O)Nc1ccccc1
decoy_4347,0.458576,0.376271,0.78693,0.597998,0.590685,0.447868,O=C(NCc1ccc2ccccc2c1)Nc1ccccc1
decoy_4348,0.441726,0.368908,0.77181,0.600448,0.517993,0.459719,O=C(NCc1ccc2c(c1)CCCC2)Nc1ccccc1
decoy_4349,0.498692,0.472573,0.844171,0.733492,0.559348,0.4923,O=C(NCc1ccc2c(c1)OCCO2)N1CCCCC1
decoy_435,0.464402,0.339748,0.722034,0.632996,0.549492,0.39864,C[C@H]1CCC[C@H](S)CC1
decoy_4350,0.36491,0.425061,0.762314,0.840074,0.501533,0.538235,O=C(NCc1cccc(C[NH+]2CCCC2)c1)Nc1ccccc1
decoy_4351,0.463584,0.458753,0.817432,0.744478,0.542235,0.527242,O=C(NCc1ccc(N2CCCC2=O)cc1)NC1CC1
decoy_4352,0.433048,0.396885,0.80757,0.676712,0.569383,0.453837,O=C(NCc1ccc(-n2ccnc2)cc1)Nc1ccccc1
decoy_4353,0.398149,0.420332,0.745732,0.709509,0.495505,0.471488,O=C(NCc1ccc(-n2ccnc2)cc1)Nc1cccnc1
decoy_4354,0.323923,0.298458,0.767851,0.675225,0.486831,0.417317,O=C(NCc1ccc(N2CCOCC2)cc1)N[C@H]1CC[N@H+](C2CC2)CC1
decoy_4355,0.423139,0.395696,0.810382,0.689062,0.584949,0.460541,O=C(NCc1ccc(N2CCOCC2)nc1)Nc1ccccc1
decoy_4356,0.438353,0.41963,0.799688,0.71827,0.536382,0.471051,O=C(NCc1ccc(OCc2cccnc2)cc1)NC1CC1
decoy_4357,0.391179,0.360897,0.875906,0.775235,0.58634,0.480737,O=C(NC[C@H]1CC[N@H+](C2CCCC2)CC1)Nc1ccccc1
decoy_4358,0.512011,0.44867,0.86122,0.702939,0.571987,0.490278,O=C(NC[C@H]1CCN(c2ccccc2)C1)Nc1ccccc1
decoy_4359,0.495605,0.402749,0.88387,0.682707,0.579411,0.462815,O=C(NCc1ccccc1)NC[C@H]1CCN(c2ccccc2)C1
decoy_436,0.436084,0.488423,0.645219,0.804563,0.490674,0.594863,CC[C@H]1CCC[C@H](S)CC1
decoy_4360,0.405291,0.35824,0.839027,0.718161,0.558277,0.466954,O=C(NC[C@H]1CC[N@H+](Cc2cccs2)CC1)Nc1nncs1
decoy_4361,0.432482,0.46547,0.797092,0.741815,0.5158,0.515811,O=C(NCc1ccnc(OCC2CC2)c1)Nc1ccccc1
decoy_4362,0.395535,0.380407,0.727242,0.6482,0.495426,0.449645,O=C(NCc1cn2c([nH+]1)CCCC2)Nc1ccccc1
decoy_4363,0.421423,0.431026,0.892351,0.803929,0.529909,0.48092,O=C(c1cc2c([nH]c1=O)CCCC2)N(Cc1cnc2ccccc2c1)Cc1ccco1
decoy_4364,0.433305,0.397568,0.89717,0.795135,0.569099,0.496172,O=C(NCC1([NH+]2CCCCC2)CCCCC1)Nc1ccccc1
decoy_4365,0.430394,0.38127,0.903054,0.788202,0.652716,0.494511,O=C(NCC1([NH+]2CCOCC2)CCCCC1)Nc1ccccc1
decoy_4366,0.441431,0.38931,0.887113,0.746878,0.5951,0.472372,O=C(NCC1([NH+]2CCSCC2)CCCC1)Nc1ccccc1
decoy_4367,0.505277,0.441645,0.835815,0.664643,0.587868,0.478482,O=C(NCc1nc2ccccc2c(=O)[nH]1)c1ccccc1
decoy_4368,0.475062,0.395922,0.881779,0.721162,0.587519,0.470765,[O-]C(=CC1=N[C@@H](n2cccc2)SC1)NCC1N=c2ccccc2=N1
decoy_4369,0.478999,0.416341,0.841253,0.665521,0.657764,0.484975,O=C(NCc1nnc2n1CCC2)Nc1ccccc1
decoy_437,0.585609,0.447463,0.805639,0.717953,0.592169,0.493987,CC[C@@H]1CCC[C@@](O)(C2CCCC2)CC1
decoy_4370,0.429139,0.452494,0.81992,0.758457,0.540905,0.483582,O=C(NCc1ccc2c(c1)=C1CCCC[C@@H]1N=2)Nc1ccccc1
decoy_4371,0.359764,0.317359,0.789264,0.66734,0.479049,0.426265,O=C(NCc1ccc2c(c1)=C[C@H](c1ccccc1)N=2)[C@H]1CCC[NH2+]C1
decoy_4372,0.430408,0.470521,0.843839,0.803001,0.540031,0.505315,O=C(NCc1cccc(-c2nc(-c3ccccc3)c[nH]2)c1)c1ccccc1
decoy_4373,0.409486,0.428529,0.88726,0.828803,0.530678,0.503061,O=C(NC[C@H]1CCCN(CC2=c3ccccc3=NC2)C1)[C@H]1NN=C2C=CC=C[C@@H]21
decoy_4374,0.355442,0.31033,0.83775,0.697011,0.529609,0.443713,O=C(NC[C@H]1CC[N@H+](C2Cc3ccccc3C2)CC1)c1n[nH]c2c1CCC2
decoy_4375,0.485885,0.428919,0.808768,0.669222,0.609641,0.487323,O=C(NCC[C@H]1C[C@@H]2CC[C@H]1C2)Nc1ccccc1
decoy_4376,0.498303,0.430469,0.83843,0.684495,0.564791,0.470149,O=C(NCCC1CCC1)OCC1c2ccccc2-c2ccccc21
decoy_4377,0.621519,0.449794,0.856572,0.62525,0.621351,0.464126,O=C(NCCc1ccccc1)c1ccccc1
decoy_4378,0.470862,0.40552,0.916787,0.737661,0.556632,0.470134,O=C(NCC(c1ccccc1)c1ccccc1)[C@@H]1CSC[C@@H](c2ccccc2)N1
decoy_4379,0.465846,0.471693,0.829614,0.763811,0.495252,0.489682,O=C(c1ccccc1)N(Cc1ccco1)CC(c1ccccc1)c1ccccc1
decoy_438,0.509063,0.427585,0.72818,0.611015,0.530348,0.45554,CC[C@@H]1CCC[C@](O)(c2cccnc2)CC1
decoy_4380,0.534301,0.457253,0.874004,0.715205,0.549007,0.466709,O=C(N[C@@H](Cc1ccccc1)c1ccccc1)N1CCOCC1
decoy_4381,0.559325,0.40837,0.829022,0.628974,0.566184,0.437407,O=C(N/C=C/c1ccccc1)c1ccco1
decoy_4382,0.469428,0.420243,0.838967,0.695608,0.562653,0.480955,O=C(NCCc1ccccc1)C1CC[NH2+]CC1
decoy_4383,0.4406,0.433286,0.899471,0.829577,0.542156,0.505963,O=C(NCCc1ccccc1)c1cccc(S(=O)(=O)NC2CC2)c1
decoy_4384,0.450088,0.397346,0.808413,0.659017,0.521688,0.452267,O=C(Nc1ccc(C(=O)NCCc2ccccc2)s1)c1ccco1
decoy_4385,0.391532,0.424967,0.908402,0.859275,0.519559,0.512762,O=C(NCCC1=CCCCC1)[C@H]1CCCN(C(=O)NC2CCCCC2)C1
decoy_4386,0.465546,0.414532,0.952241,0.82217,0.541496,0.473338,O=C(NCCc1ccccc1)C1CCN(S(=O)(=O)c2cc[nH]c2)CC1
decoy_4387,0.36271,0.378454,0.868626,0.803838,0.493496,0.471237,O=C(NCCc1ccccc1)[C@H]1CN(C(=O)c2ccccc2)CC12CC[NH2+]CC2
decoy_4388,0.333371,0.371729,0.827935,0.823703,0.465263,0.470981,O=C(NCCc1ccccc1)[C@H]1CN(C(=O)C2CCCCC2)CC12CC[NH2+]CC2
decoy_4389,0.388789,0.391806,0.878197,0.799552,0.510354,0.473925,O=C(NCCc1ccccc1)[C@H]1CN(C(=O)c2cccs2)CC12CC[NH2+]CC2
decoy_439,0.531593,0.461125,0.747484,0.718178,0.55251,0.495087,C#CCC[C@]1(O)CCC[C@@H](C(C)C)CC1
decoy_4390,0.477265,0.443999,0.822508,0.702228,0.55135,0.48533,O=C(NCCC1=CCCCC1)c1csc(Nc2ccccc2)n1
decoy_4391,0.511857,0.473244,0.876751,0.732758,0.572294,0.482278,O=C(N/C(=C/c1ccccc1)c1nc2ccccc2[nH]1)c1ccccc1
decoy_4392,0.523811,0.423079,0.839633,0.649049,0.578805,0.455039,O=C(NCCc1ccccc1)c1n[nH]c2c1CCCC2
decoy_4393,0.367138,0.394117,0.780052,0.734195,0.50555,0.50702,O=C(NCCc1ccccc1)[C@@H]1CSC[C@@H](c2cnc(-c3cnccn3)s2)N1
decoy_4394,0.50722,0.528598,0.877232,0.832654,0.569312,0.547052,O=C(NCCc1ccccc1)[C@H]1NC(C2=CC3=CC=N[C@@H]3C=C2)=NO1
decoy_4395,0.56211,0.480323,0.893783,0.723602,0.551098,0.483467,O=C(NCCc1ccccc1)[C@@H](c1ccccc1)C1CC1
decoy_4396,0.503706,0.441102,0.823665,0.692292,0.538973,0.469608,O=C(/C=C/c1c[nH]c2ccccc12)NCCc1ccccc1
decoy_4397,0.559316,0.44782,0.851929,0.650471,0.631963,0.479442,O=C(NCCc1ccccc1)C(=O)Nc1ccccc1
decoy_4398,0.503762,0.413257,0.829418,0.646016,0.599224,0.458672,O=C(NCCC1CCCCC1)C(=O)Nc1ccccc1
decoy_4399,0.56142,0.477971,0.834225,0.659232,0.60246,0.487094,O=C(NCCc1ccccc1)Nc1ccccc1
decoy_44,0.556814,0.474552,0.799954,0.658327,0.525579,0.490289,O=[N+]([O-])c1ccc([C@H]2Nc3c(Cl)cccc3[C@H]3C=CC[C@H]32)cc1
decoy_440,0.491493,0.42682,0.814057,0.840892,0.554417,0.622066,C=C1CCC[C@H](CCC)CC1
decoy_4400,0.507169,0.470805,0.902222,0.770402,0.628627,0.495005,O=C(NCCc1ccccc1)Nc1ccccc1Cn1cccn1
decoy_4401,0.513931,0.422475,0.916356,0.712274,0.631813,0.464087,O=C(NCCc1ccccc1)Nc1ccccc1N1CCCCC1
decoy_4402,0.498234,0.384438,0.805742,0.604389,0.565529,0.42861,O=C(NCCc1ccccc1)Nc1nncs1
decoy_4403,0.440362,0.422628,0.852828,0.72833,0.587397,0.475957,O=C(NCCc1ccccc1)Nc1cccc(N2CCCC2=O)c1
decoy_4404,0.350992,0.34088,0.826019,0.717328,0.493604,0.428621,O=C(NCCC1CCCCC1)Nc1ccc(C(=O)N2CCCCC2)cc1
decoy_4405,0.420156,0.381797,0.83988,0.692946,0.576151,0.450225,O=C(NCCC1=CCCCC1)Nc1ccc(N2CCOCC2)nc1
decoy_4406,0.430093,0.352302,0.843709,0.640162,0.574791,0.424723,O=C(NCCC1=CCCCC1)Nc1ccc(-n2cncn2)cc1
decoy_4407,0.438813,0.356864,0.828545,0.624952,0.604154,0.449602,O=C(NCCc1ccccc1)Nc1ccc(Oc2ccccc2)nc1
decoy_4408,0.41465,0.361054,0.801991,0.643929,0.525542,0.439164,O=C(NCCc1ccccc1)Nc1ccc(Oc2ncccn2)cc1
decoy_4409,0.372966,0.340175,0.890358,0.764568,0.543492,0.469247,O=C(NCCc1ccccc1)N[C@H]1CC[N@H+](CC2CCCC2)CC1
decoy_441,0.543792,0.398454,0.730052,0.631974,0.557475,0.449548,CCC[C@H]1CC[C@](O)(c2ccsc2)CC1
decoy_4410,0.439584,0.364162,0.79728,0.626946,0.549062,0.443696,O=C(NCCc1ccccc1)Nc1ccc2oc(C3CC3)nc2c1
decoy_4411,0.529806,0.432262,0.90571,0.69967,0.593637,0.464991,O=C(NCCc1ccccc1)N[C@H](c1ccccc1)C1CC1
decoy_4412,0.516169,0.426086,0.914485,0.720296,0.562103,0.450187,O=C(NCCc1ccccc1)NC[C@H]1CCCc2ccccc21
decoy_4413,0.590429,0.428206,0.91285,0.656121,0.664984,0.468126,O=C(NCCc1ccccc1)NCc1ccccc1
decoy_4414,0.575024,0.423303,0.898897,0.651509,0.632267,0.466279,O=C(NCCc1ccccc1)NCc1cccnc1
decoy_4415,0.538822,0.398899,0.846253,0.60705,0.594173,0.437482,O=C(NCCc1ccccc1)NCc1cccs1
decoy_4416,0.538648,0.459055,0.830705,0.656692,0.59034,0.491532,O=C(NCCc1ccccc1)NCc1ncno1
decoy_4417,0.474812,0.430403,0.898559,0.745466,0.567277,0.480259,O=C(NCCc1ccccc1)NC[C@]12C[C@H]3C[C@@H](C[C@H](C3)C1)C2
decoy_4418,0.471735,0.417432,0.900929,0.739912,0.593867,0.464273,O=C(NCCc1ccccc1)NCc1ccc2c(c1)OCCCO2
decoy_4419,0.340269,0.391162,0.81548,0.869927,0.507448,0.55104,O=C(NCCc1ccccc1)NCc1ccc(C[NH+]2CCCCC2)cc1
decoy_442,0.557765,0.465258,0.733124,0.653906,0.540787,0.465948,CC[C@H]1CCC[C@](O)(c2csc(C)c2)C1
decoy_4420,0.450923,0.391577,0.856331,0.698389,0.555169,0.479124,O=C(NCCc1ccccc1)NC[C@H]1CCN(c2ccccc2)C1
decoy_4421,0.482095,0.438074,0.909903,0.759699,0.596962,0.488796,O=C(NCCc1ccccc1)NCCc1cccc2c1OCOC2
decoy_4422,0.567447,0.442809,0.897688,0.677687,0.599364,0.475611,O=C(NCCc1ccccc1)NCCc1cccs1
decoy_4423,0.472488,0.403624,0.835126,0.737348,0.544418,0.482902,O=C(NCCc1ccccc1)NCCn1cc[nH+]c1
decoy_4424,0.555841,0.455226,0.900424,0.711696,0.601655,0.488658,O=C(NCCc1ccccc1)OCC1c2ccccc2-c2ccccc21
decoy_4425,0.536085,0.441607,0.873031,0.682879,0.57236,0.458857,O=C(NCCc1ccco1)N1CC=C(c2ccccc2)CC1
decoy_4426,0.59413,0.465337,0.878857,0.667022,0.636069,0.466777,O=C(NCCc1ccco1)Nc1ccccc1
decoy_4427,0.547366,0.457524,0.855176,0.668221,0.634135,0.505467,O=C(NCC[C@H]1CCCO1)Nc1ccccc1
decoy_4428,0.439127,0.357573,0.814048,0.628605,0.55921,0.439566,O=C(NCCc1ccco1)Nc1ccc(N2CCOCC2)cc1
decoy_4429,0.428332,0.340743,0.833736,0.61878,0.577244,0.413872,O=C(NCCc1ccco1)Nc1ccc(N2CCc3ccccc32)cc1
decoy_443,0.436606,0.407221,0.777936,0.68296,0.499478,0.471508,C[C@H]1C[NH2+]CC2(CCC(C)(C)CC2)O1
decoy_4430,0.423923,0.414771,0.857477,0.777893,0.558566,0.485691,O=C(NCCc1ccco1)NC[C@@H](c1cccs1)[NH+]1CCCC1
decoy_4431,0.536531,0.439143,0.805707,0.623329,0.576446,0.464285,O=C(NCCc1cccs1)Nc1ccccc1
decoy_4432,0.615148,0.430015,0.909757,0.640844,0.669802,0.461121,O=C(NCCc1cccs1)NCc1ccccc1
decoy_4433,0.578354,0.423723,0.885927,0.640294,0.650837,0.461548,O=C(NCCc1cccs1)NCc1cccnc1
decoy_4434,0.419988,0.395617,0.865581,0.773674,0.548782,0.475133,O=C(NC[C@@H](c1cccs1)S(=O)(=O)c1ccccc1)C(=O)Nc1ccccc1
decoy_4435,0.553109,0.430084,0.898044,0.676919,0.584598,0.455371,O=C(NCCc1ccsc1)[C@]12C[C@H]3C[C@@H](C[C@H](C3)C1)C2
decoy_4436,0.575199,0.454853,0.835249,0.633312,0.632465,0.476005,O=C(NCCc1ccsc1)C(=O)Nc1ccccc1
decoy_4437,0.596746,0.440288,0.858162,0.6227,0.616793,0.450906,O=C(NCCc1ccsc1)N1CCCCC1
decoy_4438,0.549892,0.411352,0.845403,0.618072,0.639096,0.457906,O=C(NCCc1ccsc1)Nc1ccccc1
decoy_4439,0.524666,0.458016,0.905986,0.735653,0.602363,0.501267,O=C(NCCc1ccsc1)Nc1ccccc1N1CCCCC1
decoy_444,0.446779,0.420544,0.804541,0.719669,0.497878,0.467064,CC[C@@H]1OC2(CCCCCC2)C[NH2+][C@@H]1C
decoy_4440,0.549721,0.480725,0.927929,0.76213,0.631584,0.495355,O=C(NCCc1ccsc1)Nc1ccccc1N1CCOCC1
decoy_4441,0.554109,0.457486,0.855624,0.667004,0.581158,0.472257,O=C(NCCc1ccsc1)NCc1ccccc1
decoy_4442,0.472349,0.421052,0.907796,0.745735,0.546916,0.473405,O=C(NCCc1ccsc1)NCCc1nnc2n1CCCCC2
decoy_4443,0.450335,0.414337,0.753668,0.693598,0.502854,0.45204,O=C(NCCc1c[nH+]c[nH]1)OCC1c2ccccc2-c2ccccc21
decoy_4444,0.589849,0.465514,0.909686,0.707708,0.626636,0.478072,O=C(NCCc1nccs1)c1ccncn1
decoy_4445,0.4286,0.32705,0.83947,0.608038,0.567166,0.411135,O=C(NCC[C@]12C[C@H]3C[C@@H](C[C@H](C3)C1)C2)C(=O)Nc1ccccc1
decoy_4446,0.579658,0.441972,0.869159,0.656538,0.581017,0.488942,O=C(NCCC1=c2ccccc2=NC1)c1ccccc1
decoy_4447,0.435306,0.518669,0.811582,0.846861,0.50964,0.542063,O=C(NC[C@@H](C1=c2ccccc2=NC1)c1ccccc1)C1=CNOC1
decoy_4448,0.438309,0.415401,0.885654,0.746894,0.577101,0.470618,O=C(NC[C@@H](C1=c2ccccc2=NC1)c1ccccc1)NC1=NOCC1
decoy_4449,0.457749,0.40098,0.873443,0.729346,0.520146,0.445912,O=C(NC[C@@H](C1=c2ccccc2=NC1)c1cccs1)c1cc(=O)[nH]c2ccccc12
decoy_445,0.418829,0.405272,0.748007,0.649047,0.494049,0.446364,C[C@@H]1[C@@H](C)CCC[C@]12C[NH2+]CCO2
decoy_4450,0.438269,0.476307,0.802794,0.778491,0.51931,0.49521,O=C(NC[C@@H](C1=c2ccccc2=NC1)c1cccs1)C1=CNOC1
decoy_4451,0.461089,0.383758,0.877784,0.681854,0.545271,0.441931,O=C(NCCC1=c2ccccc2=NC1)[C@]12C[C@H]3C[C@@H](C[C@H](C3)C1)C2
decoy_4452,0.525041,0.450277,0.925216,0.73953,0.612475,0.491039,O=C(NCCC1=c2ccccc2=NC1)[C@H]1CN[C@@H]2SCCN2C1=O
decoy_4453,0.439201,0.363291,0.887901,0.692181,0.524753,0.425687,O=C(NCCC1=c2ccccc2=NC1)C1=CNN(c2ccccc2)[C@@H]1n1cccc1
decoy_4454,0.42691,0.452639,0.900931,0.833146,0.553871,0.510635,O=C(NCCC1=c2ccccc2=NC1)[C@@H]1CCCN([C@@H]2Nc3ccccc3S2)C1
decoy_4455,0.425917,0.4041,0.866698,0.740802,0.535312,0.460778,O=C(NCCC1=c2ccccc2=NC1)C1=CNN2C=CC(c3ccccc3)=N[C@@H]12
decoy_4455_2,0.461545,0.441786,0.903714,0.764934,0.569927,0.49516,O=C(NCCc1c[nH]c2ccccc12)c1cnn2ccc(-c3ccccc3)nc12
decoy_4456,0.395793,0.325569,0.772688,0.625142,0.528662,0.422682,[O-]C(=CC1=NO[C@H](c2ccccc2)C1)NCCC1=c2ccccc2=NC1
decoy_4457,0.444055,0.439362,0.913511,0.802018,0.595031,0.490946,O=C(NCCC1=c2ccccc2=NC1)/C(=C\c1ccccc1)NC(=O)c1ccccc1
decoy_4458,0.519574,0.446907,0.872063,0.704476,0.568266,0.470773,O=C(NCCC1=c2ccccc2=NC1)OCc1ccccc1
decoy_4459,0.398019,0.340194,0.824108,0.662871,0.552771,0.429656,O=C(NCCc1cn2c([nH+]1)CCCC2)Nc1ccccc1
decoy_446,0.434461,0.406979,0.79619,0.677879,0.503741,0.452906,C[C@@H]1CCC[C@@]2(C[NH2+]C[C@H](C)O2)[C@@H]1C
decoy_4460,0.479987,0.397803,0.832194,0.645192,0.548813,0.455025,O=C(NCCc1nc(-c2ccccc2)no1)C1CCCC1
decoy_4461,0.459649,0.391256,0.869608,0.699128,0.562397,0.445666,O=C(NCCc1nnc2n1CCCCC2)Nc1ccccc1
decoy_4462,0.388396,0.379829,0.932662,0.821651,0.542162,0.477893,O=C(NCCCc1ccccc1)[C@H]1CN(C(=O)c2cccs2)CC12CC[NH2+]CC2
decoy_4463,0.512368,0.377738,0.816772,0.595354,0.567412,0.424855,O=C(NCCCc1ccccc1)c1csc(-c2ccccc2)n1
decoy_4464,0.572801,0.489246,0.87166,0.700918,0.556062,0.476726,O=C(NCCCc1ccccc1)N1CCCC1
decoy_4465,0.555838,0.473506,0.877742,0.703829,0.574994,0.487765,O=C(NCCCc1ccccc1)N1CCCCC1
decoy_4466,0.528868,0.435854,0.840551,0.648969,0.565821,0.465101,O=C(NCCCc1ccccc1)Nc1ccccc1
decoy_4467,0.506871,0.413838,0.864919,0.665765,0.622969,0.471434,O=C(NCCCc1ccccc1)Nc1ccccc1-n1cccn1
decoy_4468,0.527478,0.426697,0.849109,0.674349,0.589571,0.453633,O=C(NCCCc1ccccc1)NCc1ccon1
decoy_4469,0.405283,0.364854,0.896086,0.748651,0.555691,0.464562,O=C(NCCCc1ccccc1)NC[C@@H](c1ccco1)[NH+]1CCCCC1
decoy_447,0.396187,0.363756,0.753348,0.619189,0.506397,0.43504,C[C@H]1CC[C@@]2(C[NH2+]C[C@H](C)O2)[C@H](C)C1
decoy_4470,0.554824,0.448332,0.842688,0.646225,0.619818,0.493897,O=C(NCCCc1ccco1)Nc1ccccc1
decoy_4471,0.519193,0.440018,0.864756,0.694913,0.585611,0.465248,O=C(NCCCc1ccn(-c2ccccc2)n1)c1ccccc1
decoy_4472,0.439352,0.387926,0.865923,0.698091,0.568582,0.459927,O=C(NCCCc1nc2c(s1)CCCC2)NCc1ccccc1
decoy_4473,0.445899,0.390304,0.885397,0.729113,0.564518,0.469207,O=C(NCCCc1nnc2n1CCCCC2)Nc1ccccc1
decoy_4474,0.406693,0.34392,0.885463,0.694894,0.533708,0.433291,O=C(NCCCc1nnc2n1CCCCC2)NC1CCCCC1
decoy_4475,0.481075,0.440428,0.90529,0.775778,0.580499,0.479373,O=C(NCCCC1=[NH+]N[C@@H]2C=CC=CN12)[C@@H]1C=c2ccccc2=N1
decoy_4476,0.461804,0.40735,0.819459,0.663942,0.559708,0.453268,O=C(NCCCCc1nccs1)NCc1ccccc1
decoy_4477,0.398833,0.427618,0.849209,0.841817,0.582823,0.526675,O=C(NCCCC[NH+]1CCCCC1)Nc1ccccc1
decoy_4478,0.331998,0.341369,0.914016,0.882821,0.549217,0.6091,O=C(NCCCC[NH+]1CCCCC1)NC1CCN(C2CCOCC2)CC1
decoy_4479,0.39612,0.372833,0.863531,0.745519,0.561003,0.476264,O=C(NCCC[NH+]1CCCC1)c1cc(-c2ccccc2)nc2ccccc12
decoy_448,0.431568,0.446236,0.763597,0.697793,0.479787,0.483831,C[C@@H]1CC[C@H](C)[C@]2(C[NH2+]C[C@H](C)O2)C1
decoy_4480,0.356579,0.330048,0.851804,0.744972,0.569463,0.462874,O=C1N=c2ccccc2=C2S[C@H](C(=O)NCCC[NH+]3CCCCC3)C=C12
decoy_4481,0.366475,0.405582,0.819132,0.831499,0.513819,0.515913,O=C(NCCC[NH+]1CCCCC1)N1CC=C(c2c[nH]c3ncccc23)CC1
decoy_4482,0.416584,0.379212,0.84536,0.774147,0.586569,0.508609,O=C(NCCC[NH+]1CCCCC1)Nc1ccccc1
decoy_4483,0.432413,0.403618,0.908386,0.819759,0.585886,0.488153,O=C(NCCC[NH+]1CCCCC1)NC1CCCCC1
decoy_4484,0.370048,0.342928,0.85859,0.797889,0.546107,0.481678,O=C(NCCC[NH+]1CCCCC1)Nc1ccccc1N1CCCC1=O
decoy_4485,0.323033,0.289118,0.795696,0.648249,0.520463,0.394782,O=C(NCCC[NH+]1CCCCC1)Nc1cccc(OC2CCCC2)c1
decoy_4486,0.420948,0.40556,0.847382,0.812826,0.53481,0.509308,O=C(NCCC[NH+]1CCCCC1)NCc1ccccc1
decoy_4487,0.391823,0.373549,0.879903,0.843118,0.565333,0.489672,O=C(NCCC[NH+]1CCCCC1)N[C@H](c1ccccc1)[C@H]1CCCO1
decoy_4488,0.40949,0.403175,0.857942,0.809016,0.591418,0.530025,O=C(NCCC[NH+]1CCCCC1)NCc1cccs1
decoy_4489,0.362369,0.337661,0.829676,0.719327,0.506608,0.443846,O=C(NCCC[NH+]1CCCCC1)NCC1(c2ccccc2)CCC1
decoy_449,0.454885,0.407065,0.817958,0.671903,0.529865,0.457061,CC1(C)C[NH2+]C[C@@]2(CCC[C@H](C3CC3)C2)O1
decoy_4490,0.52845,0.463591,0.86253,0.703609,0.602481,0.507338,O=C(NCCCn1cccn1)Nc1ccccc1
decoy_4491,0.487345,0.377099,0.861967,0.632667,0.595389,0.451037,O=C(NCCCn1cccn1)Nc1ccc2c(c1)CCC2
decoy_4492,0.33167,0.321917,0.845217,0.784359,0.541738,0.476911,O=C(NCCCn1cccn1)N[C@H]1CC[N@H+](CC2CCCCC2)CC1
decoy_4493,0.527522,0.47727,0.903739,0.759727,0.583613,0.491138,O=C(NCCCn1cccn1)N(Cc1ccccc1)CC1CC1
decoy_4494,0.505386,0.408596,0.905152,0.69055,0.594873,0.463371,O=C(NCCCn1cccn1)NC[C@H]1CCCc2ccccc21
decoy_4495,0.49715,0.427299,0.851334,0.698846,0.588733,0.47826,O=C(NCCCn1cccn1)NCc1cccnc1
decoy_4496,0.538586,0.489494,0.885441,0.733989,0.580866,0.502868,O=C(NCCCn1cccn1)NCCc1ccsc1
decoy_4497,0.47661,0.408222,0.854621,0.673458,0.579951,0.474496,O=C(NCCCn1cccn1)NCCOc1ccccc1
decoy_4498,0.4925,0.435638,0.829425,0.742913,0.551974,0.487178,O=C(NCCCn1cc[nH+]c1)c1ccccc1
decoy_4499,0.435813,0.370408,0.845573,0.684018,0.510434,0.438691,O=C(NCCCn1cc[nH+]c1)NCC1(c2ccccc2)CC1
decoy_45,0.495664,0.449432,0.75027,0.629001,0.525963,0.454933,C[C@H](OC(=O)c1ccc(C#N)cc1)c1nc2ccccc2s1
decoy_450,0.463966,0.431036,0.836268,0.7415,0.550483,0.49638,CC(C)[C@H]1CC[C@]2(CC1)C[NH2+]CC(C)(C)O2
decoy_4500,0.489402,0.394746,0.840135,0.641524,0.554164,0.45103,O=C(NCCCOC1CCCC1)Nc1ccccc1
decoy_4501,0.496198,0.439427,0.9013,0.736007,0.633479,0.502434,O=C(NCCCOC1CCCC1)Nc1ccccc1-n1cccn1
decoy_4502,0.550005,0.509002,0.833258,0.708055,0.578775,0.494732,O=C(NCCCOc1ccccc1)c1ccccc1
decoy_4503,0.462013,0.519109,0.813316,0.778368,0.573921,0.546279,O=C(NCCCOc1ccccc1)C(=O)Nc1ccccc1
decoy_4504,0.516303,0.467414,0.825045,0.670618,0.567736,0.473916,O=C(NCCCOc1ccccc1)NC1CC1
decoy_4505,0.511266,0.476117,0.841448,0.703057,0.56142,0.486529,O=C(NCCCOc1ccccc1)Nc1ccccc1
decoy_4506,0.509203,0.439295,0.878846,0.705716,0.566123,0.502316,O=C(NCCCOc1ccccc1)NC1CCCCC1
decoy_4507,0.460485,0.40575,0.917418,0.75276,0.575008,0.477258,O=C(NCCCOc1ccccc1)NC1CCN(c2ccccn2)CC1
decoy_4508,0.475899,0.385336,0.891115,0.683109,0.571528,0.433767,O=C(NCCCOc1ccccc1)N[C@H](c1ccccc1)C1CC1
decoy_4509,0.53885,0.46088,0.911031,0.729334,0.660802,0.500778,O=C(NCCCOc1ccccc1)NCc1ccccc1
decoy_451,0.458216,0.42153,0.825789,0.739782,0.52447,0.478008,CC[C@@H]1CCC[C@@]2(CC1)C[NH2+]CC(C)(C)O2
decoy_4510,0.477118,0.396076,0.82152,0.633919,0.54808,0.449556,O=C(NCCCOc1ccccc1)NCc1cccs1
decoy_4511,0.488399,0.395882,0.834503,0.63835,0.572421,0.441012,O=C(NCCCOc1ccccc1)NCc1ccsc1
decoy_4512,0.492874,0.398,0.891628,0.683138,0.583527,0.447428,O=C(NCCCOc1ccccc1)NCc1csc2ccccc12
decoy_4513,0.400566,0.334241,0.881843,0.680731,0.580847,0.422163,O=C(NCCCOc1ccccc1)NCc1ccnc(OC2CCCC2)c1
decoy_4514,0.476943,0.394533,0.872804,0.671431,0.580708,0.460534,O=C(NCCCOc1ccccc1)NCCc1ccccc1
decoy_4515,0.495712,0.429648,0.858609,0.688971,0.555092,0.492193,O=C(NCCCOc1ccccc1)NCCc1ccsc1
decoy_4516,0.446252,0.38097,0.872594,0.693403,0.612371,0.466846,O=C(NCCCOc1ccccc1)NCCOc1ccccc1
decoy_4517,0.467483,0.420484,0.917231,0.749776,0.589014,0.481604,O=C(NCCCOc1ccccc1)NCCSCc1ccccc1
decoy_4518,0.413494,0.473762,0.819604,0.817919,0.527286,0.576825,O=C(NCCCOc1ccc2c(c1)OCO2)NCCc1ccccc1
decoy_4519,0.526953,0.449753,0.924826,0.754528,0.561692,0.498608,O=C(NCCCOCC1CC1)C1CCN(c2ccccc2)CC1
decoy_452,0.572604,0.411942,0.847258,0.671908,0.633387,0.460191,CC(C)CSC[C@@H](O)[C@@H]1CC[C@H](C)[C@@H](C)C1
decoy_4520,0.567831,0.487733,0.899551,0.722948,0.665033,0.522588,O=C(NCCCOCC1CC1)Nc1ccccc1
decoy_4521,0.467437,0.423673,0.910065,0.762623,0.576093,0.481065,O=C(NCCCOCC1CC1)NCC1(c2ccccc2)CC1
decoy_4522,0.487926,0.420596,0.85425,0.686776,0.55689,0.467946,O=C(NCCCOCc1ccccc1)Nc1ccccc1
decoy_4523,0.413964,0.475069,0.810766,0.806944,0.569612,0.55431,O=C(NCCCOC[C@H]1CCCO1)Nc1nccs1
decoy_4524,0.478453,0.453138,0.905277,0.77772,0.581268,0.497883,O=C(NCCCOC[C@H]1CCCO1)NCc1ccccc1
decoy_4525,0.459959,0.448149,0.816625,0.699407,0.529396,0.482334,O=C(NCCC(=O)N1CCCCC1)Nc1ccccc1
decoy_4526,0.443981,0.425505,0.920235,0.869283,0.609623,0.535636,O=C(NC[C@@H](c1ccccc1)[NH+]1CCCC1)c1cccc2nc[nH]c12
decoy_4527,0.489868,0.475493,0.932323,0.87028,0.634842,0.56397,O=C(NC[C@@H](c1ccccc1)[NH+]1CCCC1)c1ccccc1
decoy_4528,0.474399,0.423832,0.887438,0.742056,0.597906,0.484492,O=C(NC[C@@H](c1ccccc1)[NH+]1CCCC1)c1cccs1
decoy_4529,0.471506,0.416331,0.892693,0.774552,0.580748,0.486037,O=C(NC[C@@H](c1ccccc1)[NH+]1CCCC1)c1n[nH]c2ccccc12
decoy_453,0.537787,0.444569,0.734137,0.669324,0.549286,0.475965,CCC[C@@H](C)C[C@@](C)(O)c1ccc(F)cc1
decoy_4530,0.385092,0.355048,0.933883,0.807415,0.601479,0.488501,O=C(NC[C@@H](c1ccccc1)[NH+]1CCCC1)N1CC[C@H](Nc2ccccc2)C1
decoy_4531,0.417015,0.344876,0.90626,0.738078,0.604008,0.450406,O=C(NC[C@@H](c1ccccc1)[NH+]1CCCC1)Nc1cccc2c1OCCO2
decoy_4532,0.458185,0.402197,0.886041,0.749151,0.584751,0.473057,O=C(NC[C@@H](c1ccccc1)[NH+]1CCCC1)Nc1ccccc1
decoy_4533,0.430417,0.450834,0.866617,0.839209,0.555877,0.518682,O=C(NC[C@@H](c1ccccc1)[NH+]1CCCC1)Nc1nncs1
decoy_4534,0.434692,0.421777,0.908437,0.868349,0.554877,0.528359,O=C(NCc1ccccn1)NC[C@@H](c1ccccc1)[NH+]1CCCC1
decoy_4535,0.467324,0.42041,0.92097,0.787938,0.603902,0.495788,O=C(NCc1ccon1)NC[C@@H](c1ccccc1)[NH+]1CCCC1
decoy_4536,0.382331,0.337943,0.893372,0.754335,0.552852,0.464215,O=C(NCC(=O)N1CCCCC1)NC[C@@H](c1ccccc1)[NH+]1CCCC1
decoy_4537,0.335103,0.3127,0.781602,0.686522,0.500553,0.440391,O=C(NC[C@@H](c1ccco1)[NH+]1CCCC1)c1cccc(NC(=O)c2cccs2)c1
decoy_4538,0.460165,0.390146,0.872948,0.743637,0.568746,0.464618,O=C(NC[C@@H](c1ccco1)[NH+]1CCCC1)C(=O)Nc1ccccc1
decoy_4539,0.477325,0.402232,0.923461,0.762966,0.627331,0.48063,O=C(NC[C@@H](c1ccco1)[NH+]1CCCC1)N1CCCCC1
decoy_454,0.565176,0.424872,0.758419,0.662223,0.563041,0.472882,CC(C)(C)CC[C@H](O)[C@@H]1CC=CCC1
decoy_4540,0.47715,0.417924,0.873594,0.749433,0.619044,0.501782,O=C(NC[C@@H](c1ccco1)[NH+]1CCCC1)Nc1ccccc1
decoy_4541,0.440337,0.373143,0.888974,0.710659,0.580382,0.449806,O=C(NCc1ccccc1)NC[C@@H](c1ccco1)[NH+]1CCCC1
decoy_4542,0.50703,0.45434,0.902032,0.770019,0.631011,0.496984,O=C(NC[C@@H](c1cccs1)[NH+]1CCCC1)c1ccccc1
decoy_4543,0.404153,0.369269,0.86278,0.725454,0.519411,0.452897,O=C(NC[C@@H](c1cccs1)[NH+]1CCCC1)N1CC[C@@H](Nc2ccccc2)C1
decoy_4544,0.464543,0.390971,0.863804,0.710526,0.564027,0.455666,O=C(NC[C@@H](c1cccs1)[NH+]1CCCC1)Nc1ccccc1
decoy_4545,0.437851,0.418986,0.875917,0.834993,0.55639,0.495125,O=C(NCc1ccccc1)NC[C@@H](c1cccs1)[NH+]1CCCC1
decoy_4546,0.493618,0.416748,0.893772,0.743176,0.610949,0.49402,O=C(NC[C@@H](c1ccsc1)[NH+]1CCCC1)Nc1ccccc1
decoy_4547,0.385865,0.317925,0.725786,0.583823,0.492225,0.401443,O=C(NCC[NH+]1CCCC1)C(=O)Nc1ccccc1
decoy_4548,0.396197,0.355002,0.828037,0.716996,0.537243,0.459769,O=C(NCC[NH+]1CCCC1)N1CCN(c2ccccc2)CC1
decoy_4549,0.442719,0.408596,0.804926,0.733661,0.586163,0.489762,O=C(NCC[NH+]1CCCC1)Nc1ccccc1
decoy_455,0.563912,0.416052,0.77489,0.659903,0.565918,0.471111,CCCCC[C@@]1(O)CCC[C@H](CC)C1
decoy_4550,0.522879,0.475789,0.8364,0.700618,0.53571,0.460419,O=C(NCCN1CCCC1=O)NCc1cccs1
decoy_4551,0.466369,0.377553,0.823035,0.702393,0.59042,0.466719,O=C(NCC[NH+]1CCCCC1)c1ccccc1
decoy_4552,0.423586,0.382267,0.93996,0.79888,0.618535,0.479519,O=C(NC[C@@H](c1ccccc1)[NH+]1CCCCC1)NC1CCCCC1
decoy_4553,0.428898,0.423927,0.912991,0.876293,0.56839,0.507621,O=C(NC[C@@H](c1ccccc1)[NH+]1CCCCC1)NC1CCOCC1
decoy_4554,0.425359,0.394618,0.875014,0.809553,0.58728,0.509902,O=C(NC[C@@H](c1ccco1)[NH+]1CCCCC1)C(=O)Nc1ccccc1
decoy_4555,0.463621,0.417817,0.896475,0.796637,0.626667,0.496996,O=C(NC[C@@H](c1ccco1)[NH+]1CCCCC1)Nc1ccccc1
decoy_4556,0.428099,0.41766,0.865608,0.81237,0.576263,0.508545,O=C(NCc1cccnc1)NC[C@@H](c1ccco1)[NH+]1CCCCC1
decoy_4557,0.478855,0.408726,0.829941,0.712868,0.561971,0.471681,O=C(NCC[NH+]1CCCCC1)c1cccs1
decoy_4558,0.482239,0.422504,0.9044,0.750914,0.639197,0.485139,O=C(NC[C@@H](c1cccs1)[NH+]1CCCCC1)c1ccccc1
decoy_4559,0.465249,0.423133,0.894108,0.76441,0.614472,0.49966,O=C(NC[C@@H](c1cccs1)[NH+]1CCCCC1)Nc1ccccc1
decoy_456,0.571993,0.439759,0.797127,0.713169,0.568187,0.48737,CC1(C)CCC[C@@](O)(CC2CCCC2)CC1
decoy_4560,0.411791,0.427898,0.87119,0.8604,0.530802,0.501557,O=C(NCc1ccccc1)NC[C@@H](c1cccs1)[NH+]1CCCCC1
decoy_4561,0.381779,0.336208,0.850141,0.702812,0.505873,0.419689,O=C(NCc1ccc2c(c1)OCCO2)NC[C@@H](c1cccs1)[NH+]1CCCCC1
decoy_4562,0.40896,0.348427,0.871645,0.701048,0.493217,0.427124,O=C(NCC[NH+]1CCCCC1)c1ccc2cnc([S-])nc2c1
decoy_4563,0.385113,0.356423,0.825067,0.693703,0.551007,0.46103,O=C(NCC[NH+]1CCCCC1)c1cccc(NC(=O)c2ccco2)c1
decoy_4564,0.427085,0.395041,0.817082,0.746296,0.589597,0.478808,O=C(/C=C/c1ccccc1)NCC[NH+]1CCCCC1
decoy_4565,0.378452,0.326753,0.785239,0.653422,0.532749,0.429611,O=C(NCC[NH+]1CCCCC1)C(=O)Nc1cccc2ncccc12
decoy_4566,0.432655,0.413054,0.814586,0.792718,0.576011,0.557111,O=C(NCC[NH+]1CCCCC1)C(=O)Nc1ccccc1
decoy_4567,0.414214,0.390742,0.821121,0.777917,0.596527,0.511853,O=C(NCC[NH+]1CCCCC1)C(=O)Nc1cccnc1
decoy_4568,0.319875,0.294638,0.714931,0.682049,0.470461,0.450516,O=C(NCC[NH+]1CCCCC1)C(=O)Nc1ccc(N2CCCC2)cc1
decoy_4569,0.468622,0.480392,0.874415,0.848551,0.575109,0.572893,O=C(NCC[NH+]1CCCCC1)N1CCCCC1
decoy_457,0.54976,0.441506,0.803451,0.754893,0.567259,0.46805,Cl[C@H]1C=C(Cc2ccsc2)CCC1
decoy_4570,0.436136,0.375155,0.858156,0.744518,0.552224,0.476737,O=C(NCCN1CCCCC1)N1CC[NH2+]CC1
decoy_4571,0.444458,0.419214,0.831209,0.768388,0.607617,0.482483,O=C(NCC[NH+]1CCCCC1)Nc1ccccc1
decoy_4572,0.408187,0.384293,0.887,0.766723,0.579943,0.488113,O=C(NCC[NH+]1CCCCC1)Nc1ccccc1Cn1cccn1
decoy_4573,0.407041,0.380921,0.894078,0.788377,0.601811,0.48405,O=C(NCC[NH+]1CCCCC1)Nc1ccccc1N1CCCC1=O
decoy_4574,0.332124,0.312052,0.800411,0.736676,0.552143,0.440091,O=C(NCC[NH+]1CCCCC1)Nc1ccc(N2CCOCC2)cc1
decoy_4575,0.426579,0.408589,0.900886,0.840338,0.565824,0.486556,O=C(NCC[NH+]1CCCCC1)NC1CCN(C2CC2)CC1
decoy_4576,0.367002,0.362949,0.855025,0.824656,0.549656,0.57352,O=C(NCC[NH+]1CCCCC1)NC1CCN(c2ccccn2)CC1
decoy_4577,0.42117,0.412969,0.786918,0.752376,0.468974,0.453282,O=C(NCC[NH+]1CCCCC1)NCc1ccccc1
decoy_4578,0.440346,0.404144,0.864019,0.803108,0.592697,0.519051,O=C(NCC[NH+]1CCCCC1)NCc1cccnc1
decoy_4579,0.412258,0.402983,0.910349,0.858304,0.568827,0.503973,O=C(NCC[NH+]1CCCCC1)NC[C@H]1CCN(c2ccccc2)C1
decoy_458,0.573925,0.43411,0.844621,0.769208,0.558449,0.455094,C[C@@H](Cl)c1ncc(-c2ccc(Cl)s2)o1
decoy_4580,0.439354,0.421681,0.868069,0.774856,0.573475,0.522952,O=C(NCC[NH+]1CCCCC1)NCc1cn2ccsc2n1
decoy_4581,0.414059,0.417385,0.922213,0.881833,0.551065,0.498223,O=C(NC[C@@H](c1ccccc1)[NH+]1CCCCCC1)NC1CCOCC1
decoy_4582,0.42369,0.38559,0.877857,0.767968,0.558244,0.468334,O=C(NC[C@@H](c1ccsc1)[NH+]1CCCCCC1)C(=O)Nc1ccccc1
decoy_4583,0.450987,0.422075,0.890869,0.767522,0.574448,0.488059,O=C(NC[C@@H](c1ccsc1)[NH+]1CCCCCC1)Nc1ccccc1
decoy_4584,0.469697,0.415948,0.92203,0.820684,0.612032,0.508643,O=C(NCC[NH+]1CCCCCC1)NCc1cccnc1
decoy_4585,0.435965,0.398967,0.898772,0.815921,0.581315,0.490167,O=C(NCCn1ccnc1)NCC[NH+]1CCCCCC1
decoy_4586,0.483701,0.378128,0.785395,0.636515,0.531842,0.430573,O=C(NCCn1cc[nH+]c1)c1ccccn1
decoy_4587,0.462566,0.421712,0.771063,0.731395,0.521859,0.474476,O=C(NCCn1cc[nH+]c1)C(=O)Nc1ccccc1
decoy_4588,0.476554,0.429521,0.838575,0.786255,0.558297,0.519146,O=C(NCCn1cc[nH+]c1)N[C@H]1CCCc2occc21
decoy_4589,0.365451,0.327323,0.906248,0.770247,0.575516,0.465274,O=C(NCCn1ccnc1)N[C@H]1CC[N@H+](CC2CCCCC2)CC1
decoy_459,0.464808,0.453336,0.806565,0.735885,0.491802,0.487709,CC[C@@H](C)[C@@H]1C[NH2+]CC2(CCCCC2)O1
decoy_4590,0.44997,0.4077,0.84707,0.780788,0.536771,0.472915,O=C(NCCn1cc[nH+]c1)NC[C@H]1CCCc2ccccc21
decoy_4591,0.427854,0.428795,0.953185,0.917255,0.610983,0.535374,O=C(NCCn1ccnc1)NCc1ccccc1C[NH+]1CCCCC1
decoy_4592,0.402832,0.437328,0.889488,0.899423,0.555874,0.531001,O=C(NCCn1ccnc1)NC[C@@H](c1ccccc1)[NH+]1CCCC1
decoy_4593,0.340457,0.337736,0.856793,0.811906,0.544675,0.48085,O=C(NCCN1CCOCC1)N[C@H]1CC[N@H+](CC2CCCC2)CC1
decoy_4594,0.502404,0.424478,0.883432,0.693623,0.625875,0.481614,O=C(NCCN1CCOCC1)NCc1ccccc1
decoy_4595,0.520868,0.445596,0.903218,0.73031,0.614999,0.521274,O=C(NCCc1ccccc1)NCCN1CCOCC1
decoy_4596,0.570654,0.490601,0.86944,0.714461,0.623282,0.497495,O=C(NCCn1ncc2cncnc21)c1ccccc1
decoy_4597,0.38088,0.351802,0.874874,0.743348,0.537673,0.438659,O=C(NC[C@@H](c1ccccc1)[N@@H+]1CCc2ccccc2C1)Nc1ccccc1
decoy_4598,0.403815,0.378318,0.835118,0.72535,0.534365,0.461317,O=C(NCC[N@H+]1CCc2ccccc2C1)c1cc2ccccc2c(=O)[nH]1
decoy_4599,0.389504,0.351369,0.870139,0.720553,0.58487,0.452041,O=C(NCC[N@@H+]1CCc2ccccc2C1)c1cccc(Nc2ncccn2)c1
decoy_46,0.46529,0.473818,0.899017,0.825583,0.558807,0.526998,CS(=O)(=O)c1ccc(C(F)(F)F)cn1
decoy_460,0.445856,0.422885,0.789531,0.685299,0.504459,0.476078,CCC1(CC)C[NH2+]CC2(CCCC2)O1
decoy_4600,0.368107,0.352902,0.864227,0.749313,0.539374,0.454312,O=C(NCC[N@@H+]1CCc2ccccc2C1)N1CC[C@H](Nc2ccccc2)C1
decoy_4601,0.460742,0.352041,0.864856,0.676043,0.609759,0.45007,O=C(NCC[N@@H+]1CCc2ccccc2C1)Nc1ccccc1
decoy_4602,0.437109,0.397617,0.852132,0.741485,0.564479,0.475837,O=C(NCC[N@H+]1CCc2ccccc2C1)NCc1ccccc1
decoy_4603,0.329567,0.305064,0.769606,0.72159,0.511013,0.473429,O=C(NCC[N@H+]1CCc2sccc2C1)Nc1ccc(N2CCCCC2)nc1
decoy_4604,0.354893,0.337937,0.802853,0.681434,0.496118,0.429776,O=C(NC[C@@H](c1cccs1)[NH+]1CCN(c2ccccc2)CC1)Nc1ccccc1
decoy_4605,0.620136,0.486018,0.885141,0.673522,0.65696,0.499421,O=C(NCCNc1ccccc1)c1ccccc1
decoy_4606,0.571494,0.487887,0.879986,0.701555,0.583354,0.499007,O=C(NCCNc1ccccc1)[C@@H]1CC=CCC1
decoy_4607,0.481177,0.427199,0.872896,0.758177,0.560831,0.471494,O=C(NCCNc1cccc[nH+]1)N1CCCCC1
decoy_4608,0.500131,0.444342,0.849892,0.77396,0.617671,0.5064,O=C(NCCNc1cccc[nH+]1)N1CCOCC1
decoy_4609,0.645118,0.466367,0.858627,0.64289,0.635046,0.476174,O=C(NCCOc1ccccc1)c1ccccc1
decoy_461,0.433556,0.438421,0.787092,0.744566,0.464851,0.478712,CC[C@@H]1CC[C@@]2(C[NH2+]CC3(CCCC3)O2)C1
decoy_4610,0.561754,0.454795,0.866951,0.669018,0.567255,0.484145,O=C(NCCOc1ccccc1)C1CCCCC1
decoy_4611,0.533298,0.404345,0.807042,0.596505,0.575446,0.448895,O=C(NCCOC1CCCCC1)c1cccs1
decoy_4612,0.372118,0.357632,0.912484,0.802901,0.545419,0.474563,O=C(NCCOc1ccccc1)[C@H]1CN(C(=O)c2ccccc2)CC12CC[NH2+]CC2
decoy_4613,0.313539,0.377068,0.867038,0.90946,0.498476,0.621754,O=C(NCCOc1ccccc1)[C@H]1CN(C(=O)[C@@H]2CC=CCC2)CC12CC[NH2+]CC2
decoy_4614,0.464799,0.383832,0.808828,0.628454,0.545377,0.448847,O=C(NCCOc1ccccc1)c1csc(COc2ccccc2)n1
decoy_4615,0.533137,0.457689,0.850165,0.672373,0.563443,0.483206,O=C(NCCOc1ccccc1)N1CCCCC1
decoy_4616,0.506576,0.427773,0.83342,0.652869,0.660375,0.467751,O=C(NCCOc1ccccc1)Nc1ccccc1
decoy_4617,0.51467,0.424235,0.919163,0.714461,0.574042,0.465089,O=C(NCCOC1CCCCC1)NC1CCCCC1
decoy_4618,0.490266,0.442782,0.909905,0.762131,0.617566,0.480662,O=C(NCCOc1ccccc1)Nc1ccccc1N1CCCC1=O
decoy_4619,0.492479,0.400192,0.84499,0.651334,0.602828,0.453053,O=C(NCCOc1ccccc1)Nc1ccccc1-n1cccn1
decoy_461_2,0.433556,0.438421,0.787092,0.744566,0.464851,0.478712,CC[C@@H]1CC[C@@]2(C[NH2+]CC3(CCCC3)O2)C1
decoy_462,0.461699,0.372332,0.867226,0.826424,0.529715,0.426483,ClC[C@@H]1[C@H]2CCC[C@@H]12
decoy_4620,0.430795,0.366522,0.876489,0.696093,0.580819,0.477765,O=C(NCCOc1ccccc1)NC1CCN(c2ccccn2)CC1
decoy_4621,0.503124,0.374537,0.854986,0.611493,0.589483,0.441486,O=C(NCCOc1ccccc1)NCc1ccccc1
decoy_4622,0.507174,0.439094,0.83042,0.660885,0.575901,0.467121,O=C(NCCOc1ccccc1)NCc1ccncn1
decoy_4623,0.488987,0.370052,0.864656,0.625325,0.586114,0.445275,O=C(NCCOc1ccccc1)NCCc1ccccc1
decoy_4624,0.479917,0.387149,0.842444,0.635022,0.590849,0.440359,O=C(NCCOc1ccccc1)NCCn1cccn1
decoy_4625,0.474202,0.385761,0.83734,0.656282,0.554391,0.436352,O=C(NCC(=O)c1ccc[nH]1)OCC1c2ccccc2-c2ccccc21
decoy_4626,0.502806,0.388185,0.86317,0.636723,0.590839,0.433363,O=C(NCC(=O)N1CCc2ccccc21)Nc1ccccc1
decoy_4627,0.485127,0.410691,0.838396,0.66586,0.607191,0.454523,O=C(NCC(=O)N1CCCCC1)Nc1ccccc1
decoy_4628,0.49863,0.440134,0.860759,0.696106,0.637803,0.484718,O=C(NCC(=O)N1CCOCC1)Nc1ccccc1
decoy_4629,0.503288,0.417811,0.8442,0.658889,0.60852,0.45838,O=C(NCC(=O)N1CCSCC1)Nc1ccccc1
decoy_463,0.494131,0.440468,0.723997,0.606191,0.540298,0.478486,C[C@H]1CC[C@@H](C(C)(C)C#N)[C@H](O)C1
decoy_4630,0.461752,0.436295,0.920066,0.783822,0.547136,0.48416,O=C(N[C@@H](C(=O)NC1CCCCC1)c1ccccc1)C1CCCCC1
decoy_4631,0.426029,0.382576,0.878457,0.720108,0.524176,0.449875,O=C(NCC(=O)N(Cc1ccccc1)Cc1ccco1)NC1CCCCC1
decoy_4632,0.600995,0.467001,0.88876,0.674293,0.646892,0.483017,O=C(NCCSc1ccccc1)N1CCCCC1
decoy_4633,0.526857,0.42478,0.870999,0.663786,0.660233,0.45549,O=C(NCCSc1ccccc1)NCCc1ccsc1
decoy_4634,0.546711,0.455596,0.880417,0.687521,0.601354,0.48629,O=C(NCCSCc1ccccc1)NCc1cccs1
decoy_4635,0.485256,0.422076,0.920363,0.73695,0.546917,0.460125,O=C(NCCS(=O)(=O)N1CCc2ccccc21)N1CCCCC1
decoy_4636,0.602329,0.449751,0.872665,0.644658,0.625745,0.46949,O=C(NCNc1ccccc1)c1ccccc1
decoy_4637,0.581321,0.449347,0.892418,0.669145,0.633777,0.474805,O=C(NCNc1ccccn1)c1ccccc1
decoy_4638,0.534087,0.424391,0.870874,0.659391,0.611139,0.450781,O=C(NCNc1cccs1)c1ccccc1
decoy_4639,0.527268,0.466399,0.829683,0.69716,0.574254,0.471597,O=C(NCNc1cc2c(s1)CCCCC2)c1ccccc1
decoy_464,0.536602,0.394992,0.79983,0.584029,0.569037,0.430803,CCc1nsc(N[C@@H]2CCC[C@H](C)[C@@H]2C)n1
decoy_4640,0.485193,0.363658,0.817565,0.609083,0.61229,0.439867,O=C(NC[NH2+]Cc1ccccc1)c1ccccc1
decoy_4641,0.491608,0.378191,0.806438,0.61754,0.586178,0.445473,O=C(NC[NH2+]Cc1ccco1)c1ccccc1
decoy_4642,0.445408,0.355404,0.867026,0.693772,0.657041,0.465421,O=C(NC[NH2+]CCC1=c2ccccc2=NC1)c1ccccc1
decoy_4643,0.416825,0.381192,0.8667,0.763963,0.539712,0.470054,O=C(/[NH+]=C(/NCCC1=c2ccccc2=NC1)Nc1ccccc1)c1ccccc1
decoy_4644,0.404267,0.482423,0.803946,0.786661,0.517153,0.51229,O=C(NC(NC(=O)c1ccccc1)c1ccccc1)c1ccccc1
decoy_4645,0.516474,0.421008,0.850147,0.664673,0.5471,0.456023,O=C(NCO/N=C/Cc1ccccc1)C1CCCCC1
decoy_4646,0.465072,0.364873,0.792125,0.599972,0.596323,0.416841,[O-]/C(=N\C(=S)Nc1ccccc1)c1ccccc1
decoy_4647,0.46176,0.367662,0.784,0.602915,0.560167,0.422544,[O-]/C(=N\C(=S)Nc1ccccc1)c1cccs1
decoy_4648,0.429677,0.370795,0.725143,0.599809,0.502145,0.430177,[O-]/C(=N\C(=S)Nc1ccccc1N1CCCC1)c1ccccc1
decoy_4649,0.453589,0.364924,0.822713,0.638643,0.518542,0.426962,[O-]/C(=N\C(=S)Nc1ccccc1N1CCCCC1)c1ccccc1
decoy_465,0.546998,0.453666,0.814914,0.63553,0.596684,0.461308,CC(C)c1nsc(N[C@@H]2C[C@H]3CC[C@@H]2C3)n1
decoy_4650,0.441611,0.377209,0.829774,0.664499,0.525835,0.449419,[O-]/C(=N\C(=S)Nc1ccccc1N1CCOCC1)c1ccccc1
decoy_4651,0.344564,0.287777,0.735672,0.621971,0.457096,0.398399,[O-]/C(=N\C(=S)Nc1ccccc1N1CCOCC1)c1ccc(N2CCCC2)cc1
decoy_4652,0.456306,0.377277,0.830143,0.680949,0.582832,0.430063,[O-]/C(=N\C(=S)Nc1ccccn1)c1ccccc1
decoy_4653,0.475745,0.360216,0.880893,0.646039,0.56626,0.419875,O=C(NC(=S)Nc1cccs1)[C@]12C[C@H]3C[C@@H](C[C@H](C3)C1)C2
decoy_4654,0.466326,0.411861,0.759501,0.620896,0.52318,0.451813,O=C(NC(=S)/N=c1\[nH]ccs1)c1ccc(-c2ccccc2)o1
decoy_4655,0.435112,0.437185,0.754157,0.654056,0.496981,0.451316,[O-]/C(=N\C(=S)Nc1cc2c(s1)CCC2)c1ccccc1
decoy_4656,0.386442,0.305488,0.73446,0.537215,0.511962,0.39257,[O-]/C(=N\C(=S)Nc1cc2c(s1)CCCC2)c1ccccc1
decoy_4657,0.272858,0.223722,0.711441,0.518784,0.460904,0.325266,[O-]/C(=N\C(=S)Nc1cc2c(s1)CCCC2)c1ccc(N2CCOCC2)cc1
decoy_4658,0.38564,0.30421,0.758022,0.557231,0.530691,0.405362,[O-]/C(=N\C(=S)Nc1cc2c(s1)CCCCC2)c1ccccc1
decoy_4659,0.400754,0.338809,0.740569,0.628706,0.522275,0.399706,[O-]/C(=N\C(=S)Nc1cc(-c2ccccc2)cs1)c1cccs1
decoy_466,0.418579,0.45494,0.712349,0.694685,0.466384,0.479307,CC(=O)c1cnc(N2CCC[C@H](C(C)(C)C)CC2)s1
decoy_4660,0.372895,0.3033,0.809722,0.6191,0.509385,0.400099,[O-]/C(=N\C(=S)Nc1ccc(-c2ccco2)cc1)c1ccccc1N1CCCCC1
decoy_4661,0.445002,0.355316,0.777625,0.602502,0.563544,0.42975,[O-]/C(=N\C(=S)Nc1cccc(-c2ccco2)c1)c1ccccc1
decoy_4662,0.385988,0.335436,0.814936,0.648436,0.51043,0.411553,[O-]/C(=N\C(=S)Nc1cccc(-c2ccco2)c1)c1ccccc1N1CCCC1
decoy_4663,0.379824,0.365558,0.800632,0.710584,0.507421,0.429668,O=C(c1cccc(NC(=S)/N=C(\[O-])c2ccccc2)c1)N1CCOCC1
decoy_4664,0.350765,0.322043,0.708794,0.610777,0.444401,0.396301,[O-]/C(=N\C(=S)Nc1ccc2oc(-c3ccccc3)nc2c1)c1ccccc1
decoy_4665,0.34264,0.322966,0.679494,0.646346,0.442792,0.411208,[O-]/C(=N\C(=S)Nc1ccc2oc(Cc3ccccc3)nc2c1)c1cccs1
decoy_4666,0.355313,0.355131,0.710476,0.644203,0.463281,0.431808,[O-]/C(=N\C(=S)Nc1cccc(-c2nc3ccccc3o2)c1)c1cccs1
decoy_4667,0.524603,0.39526,0.831544,0.600541,0.610817,0.449439,O=C(NC(=S)NCc1ccccc1)c1ccccc1
decoy_4668,0.519433,0.412939,0.841378,0.629798,0.612875,0.463262,O=C(NC(=S)NC[C@H]1CCCO1)c1ccccc1
decoy_4669,0.445549,0.443578,0.922637,0.81007,0.569636,0.50036,O=C(NCS(=O)(=O)c1ccccc1)[C@H](NCc1ccco1)c1ccccc1
decoy_467,0.573808,0.437505,0.787527,0.7151,0.619769,0.489942,C=CCC[C@@H](O)[C@H]1CC[C@H](CC)CC1
decoy_4670,0.369543,0.414735,0.856554,0.844691,0.528771,0.518475,O=C(N[C@@H](C(=O)NCS(=O)(=O)c1ccccc1)c1ccccc1)c1ccccc1
decoy_4671,0.598665,0.458893,0.8795,0.668776,0.624689,0.47064,O=C(NNc1ccccc1)c1ccccc1
decoy_4672,0.572227,0.456682,0.864194,0.657854,0.649451,0.46993,O=C(NNC1=CCCCC1)c1ccccc1
decoy_4673,0.51545,0.444536,0.925477,0.73509,0.588599,0.482967,O=C(NNc1ccccc1)[C@@H]1CCCCN1Cc1ccccc1
decoy_4674,0.487715,0.384043,0.773271,0.589174,0.554858,0.449993,O=C(NNc1ccccc1)c1ccc(-n2cccn2)cc1
decoy_4675,0.525914,0.444035,0.860764,0.674899,0.586012,0.479959,O=C(NNc1ccccc1)[C@@H]1CCN(c2ccccc2)C1=O
decoy_4676,0.52624,0.457308,0.836296,0.682517,0.584515,0.473945,O=C(/C=C/c1cnc2sccn12)NNc1ccccc1
decoy_4677,0.572273,0.427687,0.847081,0.61451,0.640529,0.45613,O=C(NNc1ccccc1)C(=O)N1CCCCC1
decoy_4678,0.448703,0.393707,0.855336,0.693019,0.573757,0.468113,O=C(NN=C1CCCCC1)C(=O)NN=C1CCCCC1
decoy_4679,0.487414,0.36119,0.845301,0.60604,0.587795,0.429039,O=C(NN=C1CCCCCC1)C(=O)Nc1ccccc1
decoy_468,0.548248,0.409663,0.81195,0.690427,0.604681,0.465044,CC(C)CC[C@H](O)[C@H]1CC[C@H](C(C)C)CC1
decoy_4680,0.556646,0.448811,0.915155,0.711765,0.624829,0.482147,O=C(NNc1ccncn1)c1ccccc1
decoy_4681,0.515311,0.457874,0.90936,0.751891,0.623022,0.492843,O=C(NNc1ncccn1)C1CC1
decoy_4682,0.503719,0.470973,0.853965,0.721582,0.589315,0.475122,O=C(NNc1ncccn1)c1ccccc1C(=O)c1cccs1
decoy_4683,0.604155,0.431794,0.874902,0.631504,0.652566,0.454789,O=C(N/N=C/c1ccccc1)c1ccccc1
decoy_4684,0.597277,0.511361,0.862077,0.696538,0.587003,0.51563,O=C(NNCc1ccccc1)c1ccccc1
decoy_4685,0.455002,0.378738,0.7373,0.574432,0.523404,0.43204,O=C(N/N=C/c1ccccc1)[C@@H]1C=C(c2ccccc2)N=N1
decoy_4686,0.47857,0.368208,0.749921,0.555003,0.558771,0.410955,O=C(N/N=C/c1ccccc1)c1ccc(-c2ccccc2)s1
decoy_4687,0.544631,0.434934,0.886971,0.677146,0.624062,0.473783,O=C(N/N=C/c1ccccc1)c1[nH]nc2c1CCCC2
decoy_4688,0.428904,0.332709,0.79503,0.574289,0.622439,0.403602,O=C(N/N=C/c1ccccc1)C(=O)Nc1cc2c(s1)CCC2
decoy_4689,0.495666,0.42694,0.845955,0.680615,0.57554,0.462227,O=C(N/N=C/c1cccn1-c1ccccc1)Nc1ccccc1
decoy_469,0.615726,0.462295,0.76729,0.676735,0.602796,0.49257,CCc1c(Cl)nc([C@H]2CC[C@@H](C)C2)nc1Cl
decoy_4690,0.368212,0.479293,0.780454,0.83879,0.511295,0.576733,O=C(N/N=C/c1ccco1)[C@H]1CCc2cc3c(cc2[C@H]1c1ccccc1)OCO3
decoy_4691,0.495974,0.402209,0.791309,0.598359,0.624911,0.444489,O=C(N/N=C/c1cccs1)c1cc(-c2ccccc2)n[nH]1
decoy_4692,0.528711,0.467085,0.886838,0.720469,0.58689,0.493909,O=C(N/N=C/c1c[nH]nc1-c1ccccc1)C1CCCCC1
decoy_4693,0.460727,0.385703,0.849324,0.665902,0.565724,0.435988,O=C(N/N=C/C1=c2ccccc2=NC1)[C@@H]1N=c2ccccc2=C1c1ccccc1
decoy_4694,0.354364,0.36662,0.809811,0.727605,0.521561,0.455659,O=C(NC(=C/c1cccs1)/C([O-])=N/N=C/C1=c2ccccc2=NC1)c1ccccc1
decoy_4695,0.344674,0.377822,0.760737,0.72823,0.469359,0.455132,O=C(N/N=C/c1cccc(NC(=O)C2CCCC2)c1)C1CCCCC1
decoy_4696,0.346565,0.300178,0.759357,0.64554,0.513127,0.396364,[O-]/C(=N\N=C\c1cnc(Nc2ccccc2)s1)C1=c2ccccc2=NC1
decoy_4697,0.377701,0.310462,0.77546,0.595057,0.552904,0.405764,[O-]/C(=N\N=C\C1=CNN(c2ccccc2)C1)C1=c2ccccc2=NC1
decoy_4698,0.359675,0.379935,0.731673,0.683349,0.492227,0.467198,O=C(N/N=C/c1ccc(SC2N=c3ccccc3=N2)o1)c1ccccc1
decoy_4699,0.514065,0.431401,0.88318,0.68955,0.609239,0.467901,O=C(N/N=C/COc1ccccc1)c1conc1-c1ccccc1
decoy_47,0.614302,0.516779,0.841383,0.73665,0.650707,0.518861,c1ccc([C@@H]2Oc3ccccc3[C@@H]3CC(c4ccco4)=NN32)cc1
decoy_470,0.569737,0.420301,0.814592,0.60375,0.631819,0.46147,C[C@H]1CC[C@@H](c2nsc(NC(C)(C)C)n2)C1
decoy_4700,0.474277,0.415547,0.837424,0.662839,0.534944,0.460768,O=C(NNC(=O)[C@H]1C[C@H]1c1ccccc1)c1ccccc1
decoy_4701,0.553087,0.417077,0.84915,0.625331,0.590931,0.441549,O=C(NNC(=O)c1ccccc1)c1ccccc1
decoy_4702,0.460371,0.363288,0.872142,0.651848,0.576428,0.431519,O=C(NNC(=O)C1CCN(c2ccccn2)CC1)c1ccccc1
decoy_4703,0.543293,0.460682,0.849218,0.676428,0.601232,0.47643,O=C(NNC(=O)[C@H]1C[C@H]1c1ccco1)c1cccs1
decoy_4704,0.557643,0.416477,0.87573,0.642942,0.59895,0.444345,O=C(NNC(=O)c1cccs1)c1ccccc1
decoy_4705,0.484587,0.434558,0.857839,0.703794,0.564907,0.462792,O=C(NNC(=O)[C@]12C[C@H]3C[C@@H](C[C@H](C3)C1)C2)c1ccccc1
decoy_4706,0.489749,0.376325,0.791911,0.576183,0.578915,0.414015,O=C(NNC(=O)c1cc2ccccc2s1)c1ccccc1
decoy_4707,0.461792,0.384687,0.784642,0.623853,0.53379,0.443325,O=C(NNC(=O)c1cc2c(s1)CCCCC2)c1cnsn1
decoy_4708,0.459118,0.346533,0.752173,0.538411,0.529872,0.389773,O=C(NNC(=O)c1ccc(-c2ccccc2)s1)c1ccco1
decoy_4709,0.430406,0.344197,0.806906,0.605797,0.522049,0.415054,O=C(NNC(=O)c1ccc(SCc2ccccc2)cc1)c1ccccc1
decoy_471,0.590508,0.488087,0.763346,0.735501,0.61799,0.491504,CC[C@H]1CC[C@H](c2nc(Cl)c(C)c(Cl)n2)C1
decoy_4710,0.426444,0.352375,0.792126,0.598597,0.53621,0.427525,O=C(NNC(=O)c1cnc(-c2ccccc2)s1)c1ccccc1
decoy_4711,0.522086,0.415548,0.791249,0.604379,0.561659,0.450889,O=C(NNC(=O)c1csc2c1CCCC2)c1ccco1
decoy_4712,0.462955,0.396678,0.849525,0.668835,0.54417,0.436182,O=C(NNC(=O)c1nn(-c2ccccc2)c2c1CCC2)c1ccccc1
decoy_4713,0.511345,0.495097,0.895955,0.769736,0.574888,0.523302,O=C(NNS(=O)(=O)c1ccccc1)c1ccco1
decoy_4714,0.51194,0.498894,0.888507,0.764593,0.575502,0.526711,O=C(NNS(=O)(=O)c1ccccc1)c1cccs1
decoy_4715,0.495771,0.443881,0.879527,0.73271,0.581315,0.486967,O=C(NNS(=O)(=O)c1ccccc1)C1=c2ccccc2=NC1
decoy_4716,0.503784,0.437787,0.851889,0.749724,0.53374,0.508128,O=C(NNS(=O)(=O)c1ccccc1)c1cc2c(s1)CCC2
decoy_4717,0.454553,0.420894,0.849528,0.789173,0.513929,0.482789,O=C(NNS(=O)(=O)c1ccccc1)c1cc2c(s1)CCCCCC2
decoy_4718,0.564922,0.47521,0.909805,0.720737,0.648499,0.506324,O=C(NO[C@@H]1CCCCO1)c1c[nH]cc1-c1cccs1
decoy_4719,0.593427,0.446611,0.820764,0.717532,0.593949,0.460937,O=C(Oc1ccccc1)c1ccccc1
decoy_472,0.577889,0.44424,0.771833,0.685595,0.576111,0.488572,C=CCCC[C@@H](O)[C@@H]1CC[C@H](CC)C1
decoy_4720,0.563965,0.45062,0.758311,0.648726,0.58877,0.467113,O=C(OC1CCCCC1)c1ccccc1
decoy_4721,0.57222,0.417432,0.830759,0.713967,0.571147,0.426744,O=C(Oc1ccccc1)c1cccs1
decoy_4722,0.538856,0.41945,0.851224,0.703298,0.574355,0.445355,O=C(Oc1ccccc1)c1cncs1
decoy_4723,0.521594,0.464592,0.90264,0.733616,0.546651,0.477572,O=C(OC1CCCCC1)C1=CNC(=S)N[C@H]1c1ccccc1
decoy_4724,0.527801,0.404878,0.80708,0.602377,0.543979,0.435161,O=C(Oc1ccccc1)c1cc(C2CC2)n[nH]1
decoy_4725,0.414518,0.483526,0.8243,0.835872,0.511097,0.55614,O=C(Oc1ccccc1)c1cccc(S(=O)(=O)N2CCCCC2)c1
decoy_4726,0.469992,0.370619,0.723601,0.570924,0.53372,0.408363,O=C(Oc1ccccc1)c1ccc(/N=N/c2ccccc2)cc1
decoy_4727,0.47902,0.439776,0.750724,0.642996,0.539462,0.500798,O=C(OC1CCCCC1)c1cc2cc3ccccc3nc2s1
decoy_4728,0.409172,0.456721,0.644277,0.636289,0.464672,0.616203,O=C(Oc1ccccc1)c1cc2ccc(-c3ccco3)nc2s1
decoy_4729,0.351105,0.405564,0.801547,0.827865,0.514326,0.619465,O=C(Oc1ccccc1)c1cc2c(-c3ccccc3)c3c(nc2s1)CC[NH2+]C3
decoy_473,0.556945,0.411418,0.827265,0.734268,0.585499,0.447124,C[C@H]1C[C@H]1c1noc(CCl)n1
decoy_4730,0.50757,0.439766,0.713626,0.624802,0.515186,0.477431,O=C(/C=C/c1ccccc1)OC1CCCCC1
decoy_4731,0.551479,0.464532,0.768436,0.638425,0.580886,0.4868,O=C(O[C@@H]1CCCCO1)c1ccc2ccccc2c1
decoy_4732,0.552428,0.533345,0.777461,0.692742,0.553646,0.488987,O=C(Oc1ccnn1-c1ccccc1)c1ccccc1
decoy_4733,0.463056,0.376009,0.733848,0.567798,0.502725,0.412869,O=C(/C=C/c1ccccc1)Oc1ccc2ccc(=O)oc2c1
decoy_4734,0.552402,0.424242,0.816348,0.638891,0.553276,0.447385,O=C(O[C@@H]1C/C=C\CCC[C@H]2O[C@@H]2C1)c1ccccc1
decoy_4735,0.348228,0.385657,0.743257,0.726033,0.469203,0.464398,O=C(Oc1ccc(/C=N/NC(=S)Nc2ccccc2)cc1)c1ccccc1
decoy_4736,0.385117,0.305198,0.770612,0.578397,0.488461,0.395298,O=C(Oc1ccc(C(=O)c2ccccc2)cc1)c1ccc(OC[C@H]2CCCO2)cc1
decoy_4737,0.499113,0.447825,0.837639,0.691276,0.542544,0.468785,O=C(Oc1ccn(S(=O)(=O)c2ccccc2)n1)c1ccccc1
decoy_4738,0.565492,0.443741,0.802208,0.659418,0.564268,0.467421,O=C(O[C@H]1C[C@H]2O[C@@H]2C[C@H]2CCC[C@H]21)c1ccccc1
decoy_4739,0.500357,0.396348,0.755812,0.617998,0.519951,0.431545,O=C(Oc1ccc2c(c1)OC=C[C@H]2c1ccccc1)c1ccccc1
decoy_474,0.572589,0.483254,0.828823,0.674702,0.595766,0.494515,C[C@@H]1C[C@@H]1c1nc2c(s1)CCC[C@@H]2O
decoy_4740,0.418325,0.494557,0.737555,0.736752,0.474005,0.56172,O=C(Oc1ccc2c(c1)OC=C[C@H]2c1ccccc1)C1CCCCC1
decoy_4741,0.4157,0.496949,0.727213,0.73385,0.465654,0.585977,O=C(Oc1ccc2c(c1)OC=C[C@H]2c1cccs1)C1CCCCC1
decoy_4742,0.478781,0.459754,0.741926,0.664026,0.545185,0.506149,O=C(Oc1ccc([C@H]2C=CO[C@H]3N=NC=C32)cc1)c1cccs1
decoy_4743,0.467783,0.397876,0.816986,0.67842,0.525568,0.442476,O=C(Oc1ccc([C@@H](C2=CN=NC2)c2cn[nH]c2)cc1)c1ccccc1
decoy_4744,0.297632,0.266245,0.69445,0.569437,0.417616,0.349431,O=C(Oc1ccc([C@H]2Nc3sc4c(c3C=[NH+]2)CC[NH2+]C4)cc1)c1ccccc1
decoy_4744_2,0.306745,0.253238,0.64873,0.53405,0.406658,0.338359,O=C(Oc1ccc(-c2ncc3c4c(sc3n2)C[NH2+]CC4)cc1)c1ccccc1
decoy_4745,0.583451,0.422854,0.807593,0.684564,0.600722,0.470217,O=C(OCc1ccccc1)C1CC1
decoy_4746,0.594833,0.506849,0.800391,0.741304,0.584574,0.477232,O=C(OCc1ccccc1)c1ccccc1
decoy_4747,0.603486,0.445776,0.872022,0.662811,0.64262,0.474367,O=C(OCc1ccccc1)c1ccccn1
decoy_4748,0.570912,0.491809,0.833611,0.70378,0.604332,0.499974,O=C(OCc1cccnc1)c1ccccc1
decoy_4749,0.49114,0.508535,0.778336,0.735386,0.526558,0.508574,O=C(/C=C/c1cc[nH]c1)OCc1cccnc1
decoy_475,0.483347,0.559563,0.771822,0.875167,0.532188,0.617706,C[C@H](O)c1cc2c(F)cc(F)cc2o1
decoy_4750,0.601457,0.453639,0.835517,0.657387,0.601331,0.474259,O=C(OC[C@H]1CCCO1)c1ccccc1
decoy_4751,0.51278,0.421074,0.87396,0.677412,0.572421,0.462273,O=C(OC[C@H]1CCCO1)C1=CN[C@@H]2c3ccccc3C(=O)[C@H]12
decoy_4752,0.47631,0.522112,0.78068,0.757452,0.555708,0.510135,O=C(OC[C@H]1CCCO1)c1cccc(COc2ccccc2)c1
decoy_4753,0.550525,0.553211,0.884886,0.811021,0.627445,0.539302,O=C(OCc1ccsc1)c1cc[nH]c1
decoy_4754,0.561184,0.468461,0.802402,0.687809,0.562988,0.468092,O=C(OCc1ccsc1)C(c1ccccc1)c1ccccc1
decoy_4755,0.568716,0.499601,0.851901,0.730907,0.592286,0.481596,O=C(OCc1cscn1)c1ccccc1
decoy_4756,0.614632,0.531788,0.866314,0.745429,0.582214,0.508226,O=C(OCC1c2ccccc2-c2ccccc21)N1CCCC1
decoy_4757,0.573188,0.475239,0.800685,0.690206,0.609055,0.507391,O=C(OCc1ccc2c(c1)OCO2)C1CC1
decoy_4758,0.517937,0.439742,0.778214,0.6399,0.530333,0.465705,O=C(OCc1cc(=O)oc2ccc3ccccc3c12)c1ccccc1
decoy_4759,0.498639,0.450512,0.869678,0.727961,0.570589,0.477047,O=C(OCc1nc2sccc2c(=O)[nH]1)c1ccc[nH]1
decoy_476,0.455221,0.451469,0.766656,0.802098,0.478338,0.567299,C[NH2+][C@H](C)c1csc(N2CCC(C)(C)CC2)n1
decoy_4760,0.532971,0.419666,0.820309,0.62128,0.571922,0.436309,O=C(OCc1ncc2ccccc2n1)c1cccnc1
decoy_4761,0.59333,0.424161,0.777715,0.651242,0.654171,0.456983,O=C(OCCC1CCCCC1)c1ccccc1
decoy_4762,0.531916,0.420041,0.753006,0.624572,0.528502,0.45011,O=C(OCCCc1ccccc1)c1cc2ccccc2o1
decoy_4763,0.574293,0.437535,0.831394,0.638603,0.643371,0.456727,O=C(OCCOc1ccccc1)c1cnc2ccccc2c1
decoy_4764,0.429742,0.48509,0.868317,0.85635,0.510721,0.618291,O=C(OCCOc1ccccc1)C1(S(=O)(=O)c2ccccc2)CCCC1
decoy_4765,0.524977,0.372178,0.830395,0.57869,0.592781,0.416919,O=C(/C=C/c1cc[nH]c1)OCC(=O)c1ccccc1
decoy_4766,0.524379,0.436429,0.802695,0.637527,0.546318,0.461878,O=C(/C=C/c1cnc2sccn12)OCC(=O)c1ccccc1
decoy_4767,0.55003,0.436093,0.785718,0.605855,0.563142,0.452067,O=C(O/N=C1\C[C@@H]2CC[C@H]1C2)c1ccccc1
decoy_4768,0.542121,0.405854,0.856021,0.650759,0.584958,0.441082,O=C(O/N=C/c1ccccc1)c1csnn1
decoy_4769,0.56023,0.403532,0.757631,0.590537,0.619932,0.454571,O=C(O/N=C/c1ccccc1)c1ccc2ccccc2c1
decoy_477,0.583179,0.428,0.801322,0.680461,0.566509,0.474383,CC[C@@H]1CCC[C@@H]([C@H](O)CCC2CC2)C1
decoy_4770,0.466174,0.364425,0.750042,0.577803,0.55994,0.417446,O=C(O/N=C/c1ncon1)c1cc2ccccc2s1
decoy_4771,0.592998,0.441498,0.806175,0.63195,0.62463,0.472841,O=C(O/N=C/C1(c2ccccc2)CC1)c1ccccc1
decoy_4772,0.560214,0.394606,0.80392,0.568137,0.650945,0.419939,O=C(O/N=C/COc1ccccc1)c1ccccc1
decoy_4773,0.573732,0.462964,0.828776,0.757732,0.57376,0.476852,O=C(Sc1ccccc1)c1cccnc1
decoy_4774,0.43571,0.406054,0.83163,0.700185,0.519044,0.456907,O=P1(NCCc2ccccc2)C=C(c2ccccc2)SC(c2ccccc2)=C1
decoy_4775,0.407915,0.41768,0.889178,0.810486,0.51659,0.48129,O=[P@@]1(Cc2ccccc2)NN2C[C@H]3C=C(Cc4ccccc4)C=C[C@H]3C[C@@H]2CO1
decoy_4776,0.423812,0.406217,0.882437,0.758852,0.517227,0.465167,O=[P@]1(Nc2ccccc2)C2=C(N3CCCCC3)CCC=C2NN1c1ccccc1
decoy_4777,0.35643,0.34511,0.843221,0.740636,0.486925,0.427738,O=S1(=O)CCCC1
decoy_4778,0.417336,0.424009,0.900045,0.826276,0.535536,0.483882,O=S1(=O)CC[C@H](c2nc[nH]n2)C1
decoy_4779,0.440762,0.43859,0.894732,0.824506,0.582477,0.512013,O=S1(=O)CC[C@H](Cc2nnc[nH]2)C1
decoy_478,0.468803,0.429577,0.810328,0.751322,0.488168,0.484208,C#C[C@@H]([NH2+]CCC)[C@H]1CC[C@H](CC)CC1
decoy_4780,0.442726,0.400391,0.843303,0.714438,0.668763,0.518762,O=S1(=O)CC[C@H]([NH2+]C2CCCC2)C1
decoy_4781,0.514971,0.437388,0.868315,0.684325,0.567553,0.487174,O=S1(=O)CC[C@H](Nc2ccccc2)C1
decoy_4782,0.438601,0.501867,0.835273,0.853262,0.570312,0.579059,O=S1(=O)CC[C@H](NS(=O)(=O)c2ccccc2)C1
decoy_4783,0.445855,0.469248,0.753374,0.698171,0.502599,0.483672,O=S1(=O)Nc2ccccc2C2=C1[C@H](c1ccccc1)C=CO2
decoy_4784,0.363594,0.4272,0.864601,0.87786,0.532765,0.536397,O=S1(=O)N=CNc2ccccc21
decoy_4785,0.438782,0.527291,0.778073,0.796264,0.546478,0.564244,O=S1(=O)CCN(C2CCCCC2)c2cnccc21
decoy_4786,0.38822,0.45082,0.787231,0.7844,0.503388,0.486804,O=S1(=O)C2=C(OC=C[C@H]2c2ccccc2)c2ccccc2N1Cc1ccccc1
decoy_4787,0.498057,0.458753,0.878407,0.748286,0.589904,0.489279,O=S1(=O)N=C(NC[C@H]2CCCO2)Nc2ccccc21
decoy_4788,0.562485,0.434848,0.859732,0.653984,0.542005,0.421898,O=[S@@](Cc1ccccc1)c1ccccc1
decoy_4789,0.532546,0.430196,0.776951,0.608967,0.515461,0.42308,O=[S@@](CCc1ccccc1)c1ccccc1
decoy_478_2,0.450779,0.421084,0.836808,0.756274,0.50029,0.464182,C#C[C@@H]([NH2+]CCC)[C@H]1CC[C@H](CC)CC1
decoy_479,0.551903,0.448245,0.728485,0.643479,0.584597,0.457886,C[C@H]1CCCCC[C@@H]1Nc1nccs1
decoy_4790,0.533082,0.454593,0.874968,0.687331,0.593871,0.474662,O=S(=O)(c1ccccc1)c1cncnc1Nc1ccccc1
decoy_4791,0.458485,0.462116,0.871064,0.779302,0.544493,0.477692,O=S(=O)(c1ccccc1)c1cscn1
decoy_4792,0.464277,0.425445,0.870462,0.836048,0.562972,0.512251,O=S(=O)(c1ccccc1)n1cc(C2=CC[NH2+]CC2)c2ccccc21
decoy_4793,0.418758,0.427825,0.828942,0.783205,0.520964,0.489564,O=S(=O)(c1ccccc1)[C@H]1CN(c2ccc(-c3ccccc3)cc2)CCN1
decoy_4794,0.450845,0.358172,0.772792,0.601393,0.531722,0.404594,O=S(=O)(Cc1ccccc1)c1ncc[n-]1
decoy_4795,0.459589,0.493304,0.834747,0.794024,0.565514,0.521712,O=S(=O)(Cc1ccccc1)Cc1ncncn1
decoy_4796,0.516801,0.449414,0.855972,0.678643,0.564465,0.495897,O=S(=O)(Cc1ccccc1)Nc1ccccc1
decoy_4797,0.539854,0.425016,0.88603,0.661983,0.585066,0.449832,O=S(=O)(Cc1ccccc1)Nc1ccccn1
decoy_4798,0.482656,0.44928,0.819047,0.711703,0.590624,0.48786,O=S(=O)(CC1CCCCC1)Nc1cccnc1
decoy_4799,0.464262,0.380424,0.855069,0.680967,0.571608,0.451123,O=S(=O)(Cc1ccccc1)N[C@H]1CC[NH2+]C1
decoy_48,0.440928,0.579681,0.691371,0.765553,0.494526,0.572337,O=[N+]([O-])c1cccc2c1N[C@@H](c1ccc(Cl)cc1)[C@@H]1CC=C[C@H]21
decoy_480,0.53854,0.557386,0.774696,0.755542,0.575844,0.598613,Cn1ncnc1C[C@H]1CCC[C@@H](Cl)C1
decoy_4800,0.500879,0.40208,0.896731,0.677476,0.590202,0.452009,O=S(=O)(CC1CCCCC1)NCc1ccccc1
decoy_4801,0.52208,0.435948,0.908636,0.724145,0.582092,0.460047,O=S(=O)(Cc1ccccn1)c1ccncc1
decoy_4802,0.458966,0.404203,0.86819,0.713027,0.571124,0.463965,O=S(=O)(C[C@H]1CCC[NH2+]C1)Nc1ccccc1
decoy_4803,0.426674,0.353164,0.842089,0.670875,0.550276,0.456585,O=S(=O)(C[C@H]1CCCO1)[N-]c1nc2c(s1)C[NH2+]CC2
decoy_4804,0.490181,0.411183,0.873519,0.675078,0.581857,0.468529,O=S(=O)(Cc1ccon1)Nc1ccccc1
decoy_4805,0.511449,0.425275,0.915467,0.714067,0.6169,0.451611,O=S(=O)(Cc1ncncn1)c1ccccc1
decoy_4806,0.391009,0.408282,0.911059,0.891621,0.528153,0.509007,O=S(=O)(Cc1ccc2c(c1)CC[NH2+]CC2)c1ccc(Nc2ccccc2)nc1
decoy_4807,0.466816,0.437121,0.901662,0.823011,0.590457,0.504805,O=S(=O)(CC[C@H]1CCCC[NH2+]1)[N-]c1cccnc1
decoy_4808,0.429033,0.496741,0.814724,0.798,0.523639,0.545112,O=S(=O)(CCCOc1ccccc1)Cc1ccccc1
decoy_4809,0.39747,0.386467,0.944882,0.852433,0.592706,0.505066,O=S(=O)(c1ccccc1)N1CCC2(CC1)NCC[NH+]=C2NCc1ccccc1
decoy_481,0.445992,0.368178,0.806723,0.633033,0.548209,0.433796,C/C(=N\NC(=O)c1cc2c(s1)CCCCCC2)c1scnc1C
decoy_4810,0.50332,0.426003,0.86259,0.672149,0.555985,0.458019,O=S(=O)(c1ccccc1)N1CCCC1
decoy_4811,0.464209,0.487469,0.820388,0.754006,0.525392,0.514362,O=S(=O)(c1cn[nH]c1)N1CCC[C@H]1c1ccccc1
decoy_4812,0.430343,0.419613,0.771983,0.651851,0.512898,0.452135,O=S(=O)(c1ccccc1)N1CCC[C@H]1c1ccc[nH]1
decoy_4813,0.513415,0.387892,0.826701,0.601471,0.540208,0.433859,O=S(=O)(c1ccccc1)N1CCCCC1
decoy_4814,0.508073,0.442709,0.827758,0.661356,0.537745,0.46684,O=S(=O)(c1cccs1)N1CCCCC1
decoy_4815,0.423226,0.400264,0.881689,0.804681,0.517848,0.475908,O=S(=O)(c1ccc(/C=N/NC(=S)Nc2ccccc2)cc1)N1CCCCC1
decoy_4816,0.506457,0.400631,0.807525,0.596602,0.539793,0.43816,O=S(=O)(c1ccccc1)N1CCCCCC1
decoy_4817,0.423149,0.419751,0.852376,0.815408,0.56967,0.633587,O=S(=O)(c1cccnc1)N1CC[NH2+]CC1
decoy_4818,0.445726,0.390998,0.859148,0.73897,0.545832,0.472013,O=S(=O)(c1cc2c(s1)C[NH2+]CC2)N1CCOCC1
decoy_4819,0.451163,0.425391,0.850087,0.705816,0.536146,0.483243,O=S(=O)(NC1CC1)c1ccccc1
decoy_482,0.606005,0.482507,0.807156,0.702742,0.604761,0.479528,N#Cc1ccccc1N[C@H]1CC=CCC1
decoy_4820,0.422519,0.494041,0.775525,0.795923,0.531327,0.525494,O=S(=O)(N[C@H]1C[C@@H]1c1ccccc1)c1cn[nH]c1
decoy_4821,0.438213,0.431095,0.864803,0.74872,0.546605,0.470957,O=S(=O)(NC1CC1)c1cccnc1
decoy_4822,0.42768,0.495591,0.798407,0.801179,0.558521,0.546186,O=S(=O)(NC1CC1)c1ccc2ncccc2c1
decoy_4823,0.397032,0.324204,0.879951,0.739725,0.556211,0.435433,O=S(=O)(NC1CC1)c1ccc(C[NH2+]Cc2ccccc2)cc1
decoy_4824,0.476229,0.445107,0.817609,0.677283,0.542547,0.464401,O=S(=O)(NC1CCCC1)c1ccccc1
decoy_4825,0.465857,0.465345,0.83678,0.742632,0.557207,0.499159,O=S(=O)(NC1CCCC1)c1ccncc1
decoy_4826,0.455732,0.462003,0.829415,0.719693,0.523661,0.481057,O=S(=O)(Nc1ccccc1)c1cccc2nsnc12
decoy_4827,0.511261,0.40493,0.882713,0.657139,0.565717,0.441172,O=S(=O)(Nc1ccccc1)c1ccccc1
decoy_4828,0.471497,0.41667,0.816228,0.652636,0.559895,0.457886,O=S(=O)(NC1CCCCC1)c1ccccc1
decoy_4829,0.462321,0.392738,0.880099,0.692806,0.529112,0.436329,O=S(=O)(Nc1ccccc1)c1ccccc1N/N=C/c1ccccc1
decoy_483,0.393292,0.35236,0.762304,0.622399,0.506013,0.422926,c1ccc2c(c1)OCC[C@]21CC[NH2+]1
decoy_4830,0.45621,0.48463,0.836395,0.76387,0.533221,0.502785,O=S(=O)(Nc1ccccc1)c1cccnc1
decoy_4831,0.444475,0.39837,0.821937,0.69239,0.563388,0.474082,O=S(=O)(Nc1ccccc1)[C@H]1CCC[NH2+]C1
decoy_4832,0.473838,0.471944,0.823057,0.741119,0.570096,0.512409,O=S(=O)(NC1CCCCC1)c1cccnc1
decoy_4833,0.531182,0.438341,0.896456,0.690697,0.591956,0.466873,O=S(=O)(Nc1ccccc1)c1cccnc1Nc1ccccc1
decoy_4834,0.515784,0.441652,0.909587,0.729419,0.606225,0.45474,O=S(=O)(Nc1ccccc1)c1cccs1
decoy_4835,0.470162,0.433263,0.808738,0.670105,0.542086,0.466343,O=S(=O)(NC1CCCCC1)c1cccs1
decoy_4836,0.470275,0.470098,0.851835,0.734575,0.55643,0.492968,O=S(=O)(Nc1ccccc1)c1ccncc1
decoy_4837,0.468776,0.442341,0.784053,0.663603,0.536545,0.477864,O=S(=O)(NC1CCCCC1)c1ccsc1
decoy_4838,0.407641,0.420767,0.733173,0.658111,0.5111,0.451733,O=S(=O)([N-]c1ccccc1)c1cnc2sccn12
decoy_4839,0.459545,0.459956,0.822531,0.74595,0.567727,0.499778,O=S(=O)(NC1CCCCC1)c1cncnc1
decoy_484,0.528458,0.4174,0.907586,0.685129,0.588741,0.474058,Cc1ccccc1CS(=O)(=O)[C@H]1CCCCC[C@H]1C#N
decoy_4840,0.386581,0.424389,0.777065,0.756908,0.482005,0.483469,O=S(=O)([N-]c1ccccc1)c1cncs1
decoy_4841,0.513493,0.418125,0.915443,0.700669,0.593621,0.463758,O=S(=O)(Nc1ccccc1)C1=CN=NC1
decoy_4842,0.393003,0.39287,0.778227,0.714198,0.488845,0.43669,O=S(=O)([N-]c1ccccc1)c1cnoc1
decoy_4843,0.403585,0.481172,0.744913,0.775574,0.515347,0.555984,O=S(=O)(Nc1ccccc1)c1cccc(-c2cnoc2)c1
decoy_4844,0.403362,0.420493,0.8508,0.798077,0.519116,0.484717,O=S(=O)(Nc1ccccc1)c1cccc(N2CC[NH2+]CC2)c1
decoy_4845,0.338059,0.36816,0.762335,0.751849,0.495382,0.484116,O=S(=O)(Nc1ccccc1)c1ccc(N/N=C/C2=CC[C@H]3C[C@@H]2C3)cc1
decoy_4846,0.332337,0.379638,0.824385,0.821552,0.499372,0.497665,O=S(=O)(NC1CCCCC1)c1ccc2c(c1)[C@@H]1C=CC[C@H]1[C@H](c1ccccc1)N2
decoy_4847,0.458413,0.463953,0.915548,0.874497,0.597527,0.52269,O=S(=O)(Nc1ccccc1CNc1cccc[nH+]1)c1ccccc1
decoy_4848,0.522678,0.405873,0.843811,0.615944,0.570473,0.45738,O=S(=O)(Nc1ccccc1)N1CCCCC1
decoy_4849,0.507164,0.441606,0.870234,0.686806,0.548248,0.483821,O=S(=O)(NC1CCCCC1)N1CCCCC1
decoy_485,0.564172,0.454039,0.803364,0.699514,0.593039,0.490461,COC(=O)[C@@H]1O[C@]12CC[C@@H](C)C2
decoy_4850,0.505394,0.410063,0.847986,0.636676,0.549935,0.454637,O=S(=O)(Nc1ccccc1)N1CCCCCC1
decoy_4851,0.478193,0.474354,0.926193,0.896029,0.585146,0.555874,O=S(=O)(Nc1ccccc1N1CC[NH2+]CC1)c1ccccc1
decoy_4852,0.395985,0.393159,0.941428,0.858856,0.587237,0.503036,O=S(=O)(Nc1ccccc1N1CC[NH2+][C@@H](Cc2ccccc2)C1)c1ccccc1
decoy_4853,0.411559,0.507015,0.78682,0.837488,0.52287,0.562788,O=S(=O)(Nc1ccccc1/N=C/c1ccccc1)c1ccccc1
decoy_4854,0.478992,0.419912,0.819243,0.654278,0.545833,0.458731,O=S(=O)(NC1CCCCCC1)c1ccccc1
decoy_4855,0.456961,0.419186,0.767248,0.635846,0.531379,0.458064,O=S(=O)(NC1CCCCCC1)c1cccs1
decoy_4856,0.482251,0.461148,0.83639,0.749842,0.563301,0.506097,O=S(=O)(NC1CCCCCCC1)c1cncnc1
decoy_4857,0.463266,0.38305,0.80445,0.617093,0.543446,0.461543,O=S(=O)(NC1CCCCCCC1)c1cn[nH]c1
decoy_4858,0.459485,0.419773,0.841234,0.690293,0.529099,0.448596,O=S(=O)(Nc1ccccn1)c1ccccc1
decoy_4859,0.444303,0.463382,0.831443,0.741116,0.52047,0.493134,O=S(=O)(Nc1cccnc1)c1ccccc1
decoy_486,0.452855,0.31992,0.780239,0.662576,0.535107,0.398405,CC[C@H]1CCCC[C@H]1CCl
decoy_4860,0.4149,0.408385,0.744201,0.656427,0.498232,0.438904,O=S(=O)([N-]c1cccs1)c1ccccc1
decoy_4861,0.476008,0.398425,0.902262,0.766642,0.648748,0.508116,O=S(=O)(N[C@H]1CC[N@H+]2CCCC[C@H]12)c1cccnc1
decoy_4862,0.472642,0.426727,0.891098,0.789704,0.622163,0.514132,O=S(=O)(N[C@H]1CC[N@H+]2CCCC[C@H]12)c1cn[nH]c1
decoy_4863,0.421373,0.470068,0.848396,0.863614,0.577708,0.638084,O=S(=O)(N[C@H]1CC[NH2+]C1)c1ccccc1
decoy_4864,0.423263,0.470485,0.827016,0.841113,0.581889,0.600215,O=S(=O)(NC1CC[NH2+]CC1)c1ccccc1
decoy_4865,0.387945,0.413223,0.771134,0.768923,0.517205,0.497516,O=S(=O)([N-]c1cc[nH]n1)c1ccccc1
decoy_4866,0.403337,0.436317,0.824987,0.814823,0.535943,0.510162,O=S(=O)([N-]c1ccn[nH]1)c1cccnc1
decoy_4867,0.381738,0.39723,0.753624,0.735031,0.505028,0.479455,O=S(=O)([N-]c1ccon1)c1ccccc1
decoy_4868,0.444074,0.440309,0.836027,0.721883,0.515336,0.48299,O=S(=O)(Nc1ccsc1)c1ccccc1
decoy_4869,0.451782,0.466289,0.892402,0.81852,0.550887,0.503977,O=S(=O)(Nc1cn[nH]c1)c1ccccc1
decoy_487,0.560948,0.522109,0.794631,0.808541,0.56563,0.551903,C[C@@H](Cc1ccc(C(C)(C)C)cc1)C[C@H](C)O
decoy_4870,0.401681,0.422847,0.775767,0.759897,0.520075,0.468559,O=S(=O)([N-]c1cnoc1)c1ccccc1
decoy_4871,0.441731,0.364228,0.744171,0.582616,0.52179,0.423021,O=S(=O)([N-]c1cnoc1)N1CCCCC1
decoy_4872,0.487828,0.379159,0.894613,0.665344,0.576667,0.439026,O=S(=O)(/N=c1\[nH]ccs1)c1ccccc1
decoy_4873,0.457221,0.407425,0.872559,0.768465,0.572215,0.483504,O=S(=O)([N-]c1nccs1)c1ccc(C[NH2+]C2CC2)cc1
decoy_4874,0.534618,0.472945,0.849783,0.71029,0.539032,0.484854,O=S(=O)(Nc1cc2c(s1)CCCC2)c1ccccc1
decoy_4875,0.545396,0.477515,0.835035,0.705773,0.556886,0.481416,O=S(=O)(Nc1cc2c(s1)CCCC2)c1cccs1
decoy_4876,0.483492,0.462658,0.81534,0.761729,0.544245,0.522483,O=S(=O)(Nc1ccc2c(c1)CCC2)c1cn[nH]c1
decoy_4877,0.445184,0.401933,0.853673,0.801125,0.553044,0.490952,O=S(=O)(Nc1ccc(N2CC[NH2+]CC2)cc1)c1ccccc1
decoy_4878,0.468884,0.404692,0.891161,0.77016,0.629367,0.500148,O=S(=O)(N[C@H]1CC[N@@H+](C2CC2)C1)c1ccncc1
decoy_4879,0.376802,0.463324,0.786358,0.833836,0.516358,0.59066,O=S(=O)(Nc1cc(SCc2ccco2)cc2ccccc12)c1ccccc1
decoy_488,0.520653,0.425804,0.803106,0.647956,0.531273,0.462461,CC(C)c1cc(NC2C[C@@H](C)C[C@H](C)C2)ncn1
decoy_4880,0.399038,0.466288,0.819148,0.769953,0.489506,0.497405,O=S(=O)(/N=C1\N=c2ccccc2=N[C@@H]1Nc1ccccc1)c1ccccc1
decoy_4881,0.364204,0.484369,0.775384,0.844276,0.464938,0.514007,O=S(=O)(/N=C1\N=c2ccccc2=N[C@@H]1NCc1ccccc1)c1ccccc1
decoy_4882,0.490646,0.361653,0.834995,0.602037,0.595745,0.418973,O=S(=O)(/N=c1\[nH]c2c(s1)CCC2)c1ccccc1
decoy_4883,0.561176,0.410161,0.906128,0.651125,0.608857,0.442139,O=S(=O)(/N=c1\[nH]c(C2CC2)cs1)c1cccs1
decoy_4884,0.483905,0.443686,0.834597,0.686341,0.551864,0.474723,O=S(=O)(NCC1CC1)c1ccccc1
decoy_4885,0.534251,0.423739,0.879126,0.658317,0.595122,0.4446,O=S(=O)(NCC1CC1)Oc1ccccc1
decoy_4886,0.328254,0.297498,0.889917,0.803532,0.551506,0.449741,O=S(=O)(NC[C@H]1C[C@H]2CC[N@@H+]1C[C@H]2C[NH2+]Cc1ccccc1)c1cccs1
decoy_4886_2,0.378349,0.346208,0.932523,0.822755,0.538804,0.469254,O=S(=O)(NC[C@H]1C[C@H]2CCN1C[C@H]2C[NH2+]Cc1ccccc1)c1cccs1
decoy_4887,0.499943,0.425779,0.828303,0.657024,0.55452,0.442303,O=S(=O)(NCc1ccccc1)c1ccccc1
decoy_4888,0.500021,0.432045,0.832761,0.662216,0.542504,0.455403,O=S(=O)(NC[C@@H]1C=CCCC1)c1ccccc1
decoy_4889,0.49666,0.434095,0.825602,0.671622,0.541612,0.461935,O=S(=O)(NCC1CCCCC1)c1ccccc1
decoy_489,0.42297,0.37205,0.673415,0.552171,0.526696,0.448021,C[C@H]1CC[C@@](C(=O)[O-])(C2CCCC2)CC1
decoy_4890,0.507093,0.446468,0.872847,0.724955,0.579455,0.470934,O=S(=O)(NCc1ccccc1)c1cccnc1
decoy_4891,0.499743,0.455641,0.849909,0.722651,0.569109,0.48761,O=S(=O)(NCC1CCCCC1)c1cccnc1
decoy_4892,0.537783,0.445418,0.90368,0.720864,0.574363,0.456441,O=S(=O)(NCc1ccccc1)c1cccs1
decoy_4893,0.500174,0.447427,0.813909,0.67794,0.542688,0.465389,O=S(=O)(NCC1CCCCC1)c1cccs1
decoy_4894,0.484647,0.442465,0.854289,0.727188,0.574527,0.470147,O=S(=O)(NCc1ccccc1)c1ccncc1
decoy_4895,0.478594,0.425305,0.869672,0.734582,0.569808,0.457736,O=S(=O)(NCc1ccccc1)c1cc[nH]c1
decoy_4896,0.506347,0.466323,0.873897,0.762234,0.586172,0.498396,O=S(=O)(NCc1ccccc1)c1cncnc1
decoy_4897,0.485861,0.455157,0.878375,0.790702,0.566,0.481391,O=S(=O)(NCc1ccccc1)c1c[nH]cn1
decoy_4898,0.478194,0.433149,0.879897,0.766493,0.563599,0.472385,O=S(=O)(NCc1ccccc1)c1cn[nH]c1
decoy_4899,0.471636,0.356987,0.789518,0.577928,0.551322,0.421605,O=S(=O)(NCC1CCCCC1)c1cn[nH]c1
decoy_49,0.419938,0.480347,0.706466,0.857059,0.489999,0.585514,N#CC1=CCCCCC1
decoy_490,0.448954,0.363976,0.857051,0.798694,0.531391,0.419154,C=CC[C@@H](C)[C@H](C)Br
decoy_4900,0.443313,0.399408,0.84603,0.718515,0.509085,0.459686,O=S(=O)(NCc1ccccc1)c1ccc(C2CCCCC2)cc1
decoy_4901,0.438422,0.463889,0.796227,0.7347,0.502335,0.470504,O=S(=O)(c1ccccc1)N(Cc1ccccc1)Cc1cn[nH]c1
decoy_4902,0.486327,0.428069,0.847448,0.68625,0.562885,0.445804,O=S(=O)(NCc1ccccn1)c1ccccc1
decoy_4903,0.451544,0.41991,0.871306,0.77477,0.60942,0.494391,O=S(=O)(NC[C@H]1CCCC[NH2+]1)c1ccccc1
decoy_4904,0.49743,0.441812,0.842137,0.675875,0.563858,0.470206,O=S(=O)(NC[C@H]1CCCCO1)c1ccccc1
decoy_4905,0.506844,0.480739,0.850876,0.726043,0.558915,0.512619,O=S(=O)(NC[C@H]1CCCCO1)c1cccs1
decoy_4906,0.449799,0.408045,0.854762,0.746974,0.606747,0.478403,O=S(=O)(NC[C@H]1CCC[NH2+]1)c1ccccc1
decoy_4907,0.485187,0.471936,0.82079,0.726538,0.515834,0.464802,O=S(=O)(c1ccccc1)N(Cc1ccc[nH]1)Cc1cccs1
decoy_4908,0.482768,0.435259,0.85521,0.699443,0.577546,0.455836,O=S(=O)(NCc1ccco1)c1ccccc1
decoy_4909,0.500684,0.451299,0.843209,0.685804,0.569234,0.475777,O=S(=O)(NC[C@H]1CCCO1)c1ccccc1
decoy_491,0.482892,0.427644,0.73914,0.76808,0.510087,0.491956,Cl[C@H]1CCC[C@@H]1CC1CCCC1
decoy_4910,0.508445,0.447678,0.876483,0.708422,0.574,0.482693,O=S(=O)(NC[C@H]1CCCO1)c1cccs1
decoy_4911,0.527782,0.431629,0.921428,0.730187,0.614366,0.451051,O=S(=O)(NCc1ccco1)c1cnc2sccn12
decoy_4912,0.4981,0.428896,0.859934,0.683947,0.580786,0.468147,O=S(=O)(NC[C@H]1CCCOC1)c1ccccc1
decoy_4913,0.488733,0.452123,0.849236,0.748122,0.595419,0.506179,O=S(=O)(NC[C@H]1CCCOC1)c1cncnc1
decoy_4914,0.492638,0.44749,0.86204,0.709494,0.570931,0.455883,O=S(=O)(NCc1cccs1)c1ccccc1
decoy_4915,0.509808,0.474931,0.888693,0.766611,0.577393,0.482285,O=S(=O)(NCc1cccs1)c1cccnc1
decoy_4916,0.537642,0.463377,0.938527,0.761097,0.592295,0.454898,O=S(=O)(NCc1cccs1)c1cccs1
decoy_4917,0.470496,0.445734,0.863851,0.750291,0.568776,0.456661,O=S(=O)(NCc1cccs1)c1ccncc1
decoy_4918,0.493957,0.468853,0.903491,0.793718,0.591319,0.497296,O=S(=O)(NCc1cccs1)c1cncnc1
decoy_4919,0.467624,0.445166,0.902602,0.80583,0.570264,0.482054,O=S(=O)(NCc1cccs1)c1cn[nH]c1
decoy_492,0.464386,0.463887,0.658713,0.678703,0.530011,0.531369,C[C@@H]1CCCC[C@]1(O)[C@@H]1CCOC1
decoy_4920,0.458252,0.41433,0.86162,0.741661,0.57777,0.472618,O=S(=O)(NC[C@H]1CC[NH2+]C1)c1ccccc1
decoy_4921,0.494175,0.434758,0.858595,0.698797,0.569636,0.450437,O=S(=O)(NCc1ccncc1)c1ccccc1
decoy_4922,0.500018,0.454393,0.885225,0.758946,0.577054,0.485407,O=S(=O)(NCc1ccncc1)c1cccnc1
decoy_4923,0.4542,0.485993,0.84641,0.793717,0.560354,0.512989,O=S(=O)(NCc1ccncn1)c1ccccc1
decoy_4924,0.475079,0.434201,0.866822,0.714784,0.58209,0.469935,O=S(=O)(NCc1cc[nH]n1)c1ccccc1
decoy_4925,0.502833,0.444348,0.853605,0.689584,0.575319,0.47093,O=S(=O)(NC[C@H]1CCOC1)c1ccccc1
decoy_4926,0.488084,0.456158,0.899065,0.773241,0.604673,0.490888,O=S(=O)(NCc1ccoc1)c1cccnc1
decoy_4927,0.486918,0.440665,0.870853,0.713385,0.587206,0.477393,O=S(=O)(NCc1ccon1)c1ccccc1
decoy_4928,0.49897,0.438429,0.87322,0.706961,0.583719,0.463162,O=S(=O)(NCc1cnccn1)c1ccccc1
decoy_4929,0.523192,0.459517,0.932629,0.762863,0.60171,0.482996,O=S(=O)(NCc1cnccn1)c1cccs1
decoy_493,0.591388,0.458034,0.809948,0.691357,0.636147,0.481365,CC[C@@H](Cl)c1cnn(C2C[C@@H](C)C[C@H](C)C2)c1
decoy_4930,0.494082,0.471563,0.85329,0.723486,0.550561,0.488867,O=S(=O)(NCc1c[nH]c2ccccc12)c1ccccc1
decoy_4931,0.439896,0.483483,0.841017,0.826112,0.526724,0.517192,O=S(=O)(NCc1cn[nH]c1)c1ccccc1
decoy_4932,0.501194,0.456883,0.850476,0.700124,0.575483,0.480372,O=S(=O)(NC[C@H]1COCCO1)c1ccccc1
decoy_4933,0.471228,0.418132,0.871308,0.703883,0.586735,0.449698,O=S(=O)(NCc1cscn1)c1ccccc1
decoy_4934,0.504991,0.411263,0.939557,0.748286,0.609666,0.481355,O=S(=O)(NCc1[nH+]ccn1Cc1ccccc1)c1ccccc1
decoy_4935,0.456724,0.430388,0.890673,0.791441,0.593009,0.482692,O=S(=O)(NCc1[nH]cc[nH+]1)c1ccccc1
decoy_4936,0.422019,0.458729,0.856201,0.844879,0.569786,0.52052,O=S(=O)(NCc1nnc[nH]1)c1ccccc1
decoy_4937,0.362029,0.402586,0.765834,0.739933,0.502646,0.523895,O=S(=O)(NCc1ccc(Oc2ccccc2)cc1)c1ccccc1
decoy_4938,0.402919,0.365506,0.901692,0.79752,0.621063,0.491703,O=S(=O)(NC[C@H]1CC[N@H+](Cc2ccoc2)CC1)c1ccccc1
decoy_4939,0.503185,0.417622,0.849794,0.669272,0.567521,0.450512,O=S(=O)(NCC1N=c2ccccc2=N1)c1ccccc1
decoy_494,0.439079,0.451209,0.690633,0.711298,0.545616,0.529798,CC(C)c1c(Cl)ncnc1O[C@@H]1C[C@H](C)C[C@H](C)C1
decoy_4940,0.454293,0.420167,0.803713,0.692966,0.531277,0.460876,O=S(=O)(NCc1nc(-c2ccccc2)cs1)c1ccccc1
decoy_4941,0.510451,0.429457,0.8478,0.657698,0.577833,0.454677,O=S(=O)(NCCC1CC1)c1ccccc1
decoy_4942,0.489003,0.433516,0.834272,0.700839,0.56932,0.482437,O=S(=O)(NCCC1CCCC1)c1ccncc1
decoy_4943,0.503791,0.369303,0.823552,0.593086,0.562834,0.431934,O=S(=O)(NCCC1=CCCCC1)c1ccccc1
decoy_4944,0.495256,0.454269,0.815604,0.701875,0.542057,0.464072,O=S(=O)(NCCc1ccccc1)c1cccs1
decoy_4945,0.476746,0.485092,0.828373,0.781561,0.565246,0.522415,O=S(=O)(NCCc1ccccc1)c1cn[nH]c1
decoy_4946,0.534087,0.450672,0.901897,0.72521,0.579305,0.494124,O=S(=O)(NCCc1ccccc1)NC1CCCC1
decoy_4947,0.403675,0.427907,0.885832,0.854488,0.594164,0.534211,O=S(=O)(NC[C@@H](c1ccccc1)S(=O)(=O)c1ccccc1)c1ccccc1
decoy_4948,0.534913,0.404023,0.876766,0.643039,0.606824,0.439426,O=S(=O)(NCCc1ccco1)c1ccccc1
decoy_4949,0.5069,0.447569,0.858621,0.694269,0.564147,0.476577,O=S(=O)(NCC[C@H]1CCCO1)c1ccccc1
decoy_495,0.502267,0.379821,0.688219,0.578064,0.496001,0.414347,C[C@@H]1CC[C@H](Nc2ccc(C#N)cc2Br)C[C@@H]1C
decoy_4950,0.485784,0.468165,0.88324,0.774094,0.558956,0.489829,O=S(=O)(NCC[C@H]1CCCO1)c1ccc2c(c1)CCN2
decoy_4951,0.49356,0.499603,0.86561,0.775325,0.557118,0.510438,O=S(=O)(NCCc1cccs1)c1cccs1
decoy_4952,0.513204,0.413691,0.84984,0.648391,0.568235,0.439472,O=S(=O)(NCCc1ccsc1)c1ccccc1
decoy_4953,0.44996,0.485554,0.839605,0.802224,0.55571,0.541807,O=S(=O)(NCCc1ccsc1)c1cn[nH]c1
decoy_4954,0.492519,0.408078,0.868808,0.734567,0.575493,0.488075,O=S(=O)(NCCc1c[nH]cn1)c1ccccc1
decoy_4955,0.496929,0.405395,0.879278,0.726009,0.589553,0.489616,O=S(=O)(NCCc1ncc[nH]1)c1ccccc1
decoy_4956,0.511544,0.386518,0.874632,0.645329,0.62108,0.433725,O=S(=O)(NCCc1nccs1)c1ccccc1
decoy_4957,0.415089,0.469014,0.827335,0.823974,0.518993,0.506309,O=S(=O)(NC[C@@H](C1=c2ccccc2=NC1)c1ccccc1)C1=CNOC1
decoy_4958,0.402184,0.475848,0.797671,0.80835,0.533931,0.527271,O=S(=O)(NCCC1=c2ccccc2=NC1)C1=CNOC1
decoy_4959,0.48802,0.39881,0.892321,0.688769,0.577404,0.457422,O=S(=O)(NCCc1ccc2c(c1)CCN2)c1ccccc1
decoy_496,0.628847,0.514311,0.842823,0.763686,0.644825,0.516676,Cc1nc([C@H]2C[C@H]3CC[C@@H]2O3)nc(Cl)c1F
decoy_4960,0.550011,0.438702,0.898323,0.676517,0.604157,0.477737,O=S(=O)(NCCCc1ccccc1)c1ccccc1
decoy_4961,0.403538,0.361187,0.865972,0.730432,0.529977,0.452847,O=S(=O)(NCCCc1ccn(-c2ccccc2)n1)c1cccc2ccccc12
decoy_4962,0.363536,0.372274,0.804173,0.783611,0.511792,0.488452,O=S(=O)(NCCCCCc1cc(-c2ccccc2)n[nH]1)c1cccs1
decoy_4963,0.451098,0.414105,0.937127,0.815731,0.579143,0.507043,O=S(=O)(NCCCCNc1cc[nH+]c2ccccc12)c1ccccc1
decoy_4964,0.504452,0.425506,0.911867,0.709688,0.594434,0.470321,O=S(=O)(NCCCCOc1ccccc1)c1ccccc1
decoy_4965,0.455699,0.457967,0.904864,0.83145,0.602879,0.528971,O=S(=O)(NCCC[NH+]1CCCCC1)c1cccs1
decoy_4966,0.444773,0.402458,0.894525,0.816119,0.622643,0.518228,O=S(=O)(NCCC[NH+]1CCCCC1)c1cn[nH]c1
decoy_4967,0.460706,0.368775,0.879353,0.74496,0.652695,0.505355,O=S(=O)(NCC[NH+]1CCCC1)c1ccccc1
decoy_4968,0.449735,0.376901,0.889941,0.765633,0.672808,0.491195,O=S(=O)(NCC[NH+]1CCCCC1)c1ccccc1
decoy_4969,0.430698,0.418799,0.974072,0.920867,0.628905,0.538191,O=S(=O)(NC[C@@H](c1ccccc1)[NH+]1CCCCC1)NC1CCCC1
decoy_497,0.532828,0.449002,0.767434,0.681019,0.568045,0.474364,CC(C)c1c(Cl)ncnc1O[C@H]1CC[C@@H](C)[C@@H](C)C1
decoy_4970,0.504496,0.397208,0.875171,0.678585,0.578845,0.460446,O=S(=O)(NCCn1cccn1)c1ccccc1
decoy_4971,0.482055,0.523753,0.85507,0.808038,0.56651,0.572695,O=S(=O)(NCCn1cccn1)c1cccnc1
decoy_4972,0.485498,0.400617,0.861455,0.670586,0.605112,0.45031,O=S(=O)(NCCn1ccnc1)c1ccccc1
decoy_4973,0.483938,0.508441,0.871051,0.813877,0.577484,0.541943,O=S(=O)(NCCn1ccnc1)c1cccnc1
decoy_4974,0.472527,0.411959,0.885026,0.712139,0.566113,0.470503,O=S(=O)(NCCNc1cnc2ccccc2n1)c1ccccc1
decoy_4975,0.428582,0.379511,0.881931,0.759319,0.578389,0.475209,O=S(=O)(NCC[NH2+]Cc1ccccc1)c1ccccc1
decoy_4976,0.488477,0.455737,0.867468,0.76144,0.615673,0.496961,O=S(=O)(NCC[NH2+]Cc1cccs1)c1ccsc1
decoy_4977,0.487913,0.438458,0.826515,0.68732,0.547649,0.473863,O=S(=O)(NCCOc1ccccc1)c1ccccc1
decoy_4978,0.531597,0.471693,0.850304,0.715182,0.568081,0.486445,O=S(=O)(NCCOc1ccccc1)c1cccs1
decoy_4979,0.513254,0.459139,0.92125,0.760935,0.617789,0.486454,O=S(=O)(NNc1ccncn1)c1ccccc1
decoy_498,0.476673,0.419806,0.727221,0.715931,0.567009,0.50643,Cc1cc(C#CCCCl)ccc1O[C@H]1CC[C@H](C)[C@H](C)C1
decoy_4980,0.477844,0.387737,0.869381,0.669447,0.542301,0.436779,O=S(=O)(N/N=C1/CCC[C@H](c2ccccc2)C1)c1ccccc1
decoy_4981,0.522022,0.459721,0.842702,0.690346,0.546508,0.480874,O=S(=O)(N/N=C/c1ccccc1)c1ccccc1
decoy_4982,0.481079,0.399007,0.832289,0.659293,0.550854,0.438595,O=S(=O)(N/N=C/c1c[nH]c2ccccc12)c1ccccc1
decoy_4983,0.513852,0.407374,0.880847,0.672601,0.604204,0.455823,O=S(=O)(NN=CNCc1ccccc1)c1ccccc1
decoy_4984,0.554947,0.411774,0.889025,0.645738,0.580546,0.430426,O=S(=O)(Oc1ccccc1)c1ccccc1
decoy_4985,0.375816,0.420017,0.845334,0.823495,0.504984,0.485771,O=S(=O)(Oc1ccccc1)c1ccccc1N1CC[NH2+][C@H](c2ccccc2)C1
decoy_4986,0.448506,0.513016,0.881038,0.891844,0.581124,0.598267,O=S(=O)(Oc1ccccc1)c1ccccc1S(=O)(=O)c1ccccc1
decoy_4987,0.526925,0.435071,0.83225,0.65441,0.549916,0.454543,O=S(=O)(Oc1ccccc1)c1cccc(-c2ccccc2)c1
decoy_4988,0.391457,0.435613,0.816072,0.792119,0.50629,0.497816,O=S(=O)(Oc1ccccc1)c1cccc(-c2ccccc2)c1Cc1ccccc1
decoy_4989,0.368114,0.421961,0.79461,0.785443,0.517095,0.507244,O=S(=O)(Oc1ccccc1)c1cccc(Cc2ccccc2)c1-c1ccccc1
decoy_499,0.546296,0.435925,0.711858,0.668804,0.581149,0.459588,CC(C)[C@@H](CO)CCc1ccsc1
decoy_4990,0.458411,0.40692,0.901762,0.794918,0.627968,0.508795,O=S(=O)(Oc1ccccc1)[C@H]1C[N@@H+](Cc2ccccc2)CCN1
decoy_4991,0.533696,0.457603,0.896706,0.715371,0.582576,0.467251,O=S(=O)(Oc1ccccc1)C1=C2Nc3ccccc3CN2CC1
decoy_4992,0.4525,0.419098,0.876788,0.738581,0.526249,0.474265,O=S(=O)(Oc1ccccc1)[C@H]1CN(c2ccccc2-c2ccccc2)CCN1
decoy_4993,0.333508,0.359452,0.742773,0.747616,0.461403,0.462908,O=S(=O)(OCC/C=C/CCCO[C@@H]1CCCCO1)c1ccccc1
decoy_4994,0.489997,0.448509,0.788469,0.834621,0.547026,0.529624,C1=NN2C(=CS[C@H]2c2ccccc2)S1
decoy_4995,0.547238,0.460302,0.893446,0.859463,0.595858,0.505603,c1ccc(Sc2ccccc2)cc1
decoy_4996,0.60567,0.444898,0.862775,0.764528,0.591691,0.469356,c1ccc(Sc2ccccn2)cc1
decoy_4997,0.509885,0.577328,0.698868,0.842659,0.527317,0.598939,c1ccc(Sc2ccnn2-c2ccccc2)cc1
decoy_4998,0.546552,0.517358,0.849834,0.844487,0.597485,0.53469,c1ccc(Sc2cnccn2)cc1
decoy_4999,0.415758,0.374194,0.824856,0.703294,0.475202,0.417906,c1ccc(Sc2[nH]cc[nH+]2)cc1
decoy_5,0.528642,0.428645,0.872476,0.670056,0.579763,0.447884,C#C[C@H]1CCCC[C@@H]1/[NH+]=C/c1cc(Cl)cc(Cl)c1[O-]
decoy_50,0.404162,0.352527,0.745652,0.692472,0.491788,0.452849,CC(C)C1=CC2=CC[C@H]3[C@@](C)(CCC[C@]3(C)C(=O)[O-])[C@@H]2CC1
decoy_500,0.43841,0.386967,0.764129,0.755043,0.499268,0.436084,CCC1(CCl)CCCCC1
decoy_5000,0.579495,0.405292,0.889067,0.777005,0.566329,0.421418,c1ccc(Sc2nccs2)cc1
decoy_501,0.503142,0.441816,0.797087,0.660084,0.530938,0.47894,CC[C@@H]1CCC[C@H](n2c(C(C)C)n[nH]c2=S)C1
decoy_502,0.58802,0.476156,0.810203,0.63995,0.606667,0.473779,Cn1cc(N[C@H]2CCCC[C@H]2C(F)(F)F)cn1
decoy_503,0.504195,0.568292,0.723998,0.799827,0.529049,0.633987,C[C@H]1CC[C@@H](C(C)(C)c2ccnn2C)[C@H](Cl)C1
decoy_504,0.5725,0.458061,0.861132,0.672009,0.592101,0.470385,O[C@H]1CCC[C@@H](Cc2ccn(C3CCCC3)n2)C1
decoy_505,0.419203,0.405978,0.772688,0.657909,0.571253,0.47628,CC[NH2+][C@@]1(C(F)(F)F)CCCC[C@@H]1C
decoy_506,0.594986,0.467969,0.777527,0.667614,0.573577,0.458021,ClCc1ncc(-c2ccc3c4c(cccc24)CC3)o1
decoy_507,0.423685,0.462546,0.76031,0.769448,0.518779,0.541737,C[C@@H]1CC[NH2+]C[C@H]1N1CCCCC[C@@H]1C
decoy_508,0.611225,0.450371,0.780557,0.706628,0.672403,0.515886,CC1(C)CCC[C@H](Nc2ccsc2)C1
decoy_509,0.580666,0.446184,0.769599,0.715365,0.661047,0.501522,C[C@@H]1CCC[C@H](Nc2ccsc2)CC1
decoy_51,0.499868,0.425164,0.708558,0.631459,0.529937,0.471937,CCCC[C@H](CC)C[C@H]1CCCC[C@@H]1O
decoy_510,0.550278,0.413519,0.733377,0.673067,0.624369,0.477645,C[C@H]1CCC[C@@H](Nc2ccsc2)C1
decoy_511,0.560765,0.449522,0.834899,0.687059,0.570843,0.455508,N#C[C@@H]1CCC[C@H]1Nc1ccsc1
decoy_512,0.442535,0.398894,0.702176,0.697062,0.500902,0.436772,CC[C@@H]1CCCC[C@@H]1[C@@H](C)Cl
decoy_513,0.446597,0.39234,0.762168,0.752549,0.485321,0.439554,C[C@H]1CC[C@@H](CBr)C[C@@H]1C
decoy_514,0.450397,0.418155,0.766092,0.844273,0.506415,0.528746,C[C@H]1CC[C@H](CBr)[C@H](C)C1
decoy_515,0.504226,0.418945,0.716572,0.684221,0.514295,0.446107,CC(C)[C@H]1CCC[C@H]([C@@H](C)Br)CC1
decoy_516,0.436082,0.410464,0.660042,0.673626,0.490742,0.464676,C[C@H](Br)[C@@H]1CCCC[C@@H]1C(C)(C)C
decoy_517,0.489007,0.433091,0.759794,0.794752,0.508611,0.513105,C[C@H](Br)[C@@H]1CCC[C@H](C(C)(C)C)CC1
decoy_518,0.504051,0.449304,0.719294,0.757929,0.515105,0.493037,CCC[C@H]1CCC[C@@H]([C@@H](C)Br)CC1
decoy_519,0.503977,0.420851,0.710261,0.600676,0.547361,0.460602,CC[C@@](C)(C#N)C1(O)CCCCCC1
decoy_52,0.478146,0.428486,0.708574,0.632483,0.518567,0.464965,Cc1ccc(/C=C/C2=N/C(=C\c3ccc(C)o3)C(=O)O2)cc1
decoy_520,0.460424,0.416246,0.66016,0.592033,0.513512,0.463847,CC[C@H]1CCCC[C@]1(O)C(C)(C)C#N
decoy_521,0.490787,0.435064,0.69236,0.604244,0.538938,0.450454,C[C@@H]1C[C@@H](C)CC(O)([C@@H](C)C#N)C1
decoy_522,0.518314,0.434488,0.719756,0.616213,0.539824,0.448363,CC[C@@H](C#N)[C@@]1(O)C[C@H](C)C[C@H](C)C1
decoy_523,0.518212,0.463405,0.726361,0.651516,0.556689,0.503072,C[C@H]1CC[C@@](O)(C2(C#N)CCC2)[C@H](C)C1
decoy_524,0.487254,0.415907,0.711851,0.579365,0.512976,0.44465,CC[C@@H](C#N)[C@]1(O)C[C@H](C)CC[C@@H]1C
decoy_525,0.469218,0.401095,0.68676,0.588912,0.500709,0.448058,C[C@H]1CCC[C@@]1(O)C1(C#N)CCC1
decoy_526,0.490647,0.4576,0.69916,0.659789,0.501065,0.466941,C[C@@H]1CCC[C@@](O)([C@@H](C)C#N)CC1
decoy_527,0.503325,0.419984,0.71186,0.600056,0.53505,0.457409,CC[C@@H](C#N)[C@@]1(O)CCC[C@H](C)CC1
decoy_528,0.500518,0.407716,0.721861,0.60224,0.509611,0.461964,CC[C@@H]1CCC[C@](O)(C(C)(C)C#N)CC1
decoy_529,0.517619,0.428787,0.750991,0.628978,0.541904,0.471989,CC(C)[C@H]1CC[C@](C#N)(C2(O)CCC2)CC1
decoy_53,0.453495,0.505351,0.735443,0.72522,0.507469,0.510032,O=[N+]([O-])c1cc(Cl)c2c(c1)[C@H]1C=CC[C@@H]1[C@@H](c1cccc(F)c1)N2
decoy_530,0.464783,0.569289,0.713507,0.73724,0.525792,0.661141,C[C@@H]1[C@@H](C)CC[C@H]1Nc1ccc([N+](=O)[O-])cc1Br
decoy_531,0.625583,0.492953,0.776453,0.712609,0.621777,0.518886,CC[C@@H](Nc1ccc(C(F)(F)F)cc1)C1CC1
decoy_532,0.508439,0.419907,0.730571,0.687244,0.528877,0.475675,CC[C@@H](Cl)C1CCC(C)(C)CC1
decoy_533,0.525435,0.434196,0.75726,0.721495,0.550079,0.474795,CC[C@H](Cl)[C@H]1CCC[C@H](C)CC1
decoy_534,0.46654,0.418886,0.728605,0.72657,0.50488,0.473337,CC[C@@H](Br)[C@H]1CCCC[C@@H]1C(C)(C)C
decoy_535,0.512846,0.43223,0.745204,0.697399,0.532104,0.461473,CC[C@@H]1CCC[C@@H]([C@H](Br)CC)CC1
decoy_536,0.44081,0.39218,0.844955,0.693513,0.552001,0.453645,CC(C)C[C@@H]1CN(c2cccc3ccccc23)[C@@H](C)C[NH2+]1
decoy_537,0.457124,0.432818,0.883679,0.743803,0.576644,0.505215,CC[C@@H]1C[NH2+]C2(CCCCC2)CN1c1ccc(F)cc1F
decoy_538,0.508275,0.391547,0.712274,0.639357,0.570178,0.432369,CC[C@@H]1CCC[C@@H]([C@H](O)C(C)C)CC1
decoy_539,0.521075,0.398845,0.786558,0.705751,0.545751,0.472277,CCC[C@H]1CC[C@H]([C@H](Br)C(C)C)CC1
decoy_54,0.58227,0.504069,0.893583,0.735469,0.589425,0.496569,CSc1nc2c(cc1C#N)C(=O)CCC2
decoy_540,0.550789,0.446624,0.782187,0.711831,0.567486,0.491328,CCC[C@@H]1C[C@@]1(O)C[C@@H](C)CC(C)(C)C
decoy_541,0.47483,0.438049,0.737104,0.753795,0.494273,0.459718,C[C@@H]1CCC[C@@H](/C=C/CCl)C1
decoy_542,0.483588,0.447499,0.678502,0.683556,0.49762,0.469498,C/C(=C/[C@@H]1CCC[C@H](C)C1)CCl
decoy_543,0.425146,0.465071,0.848817,0.821157,0.561772,0.540371,CC[C@H]1CN[C@@](C)(c2ccccc2)C[N@H+]1C1CCCCC1
decoy_544,0.432103,0.430117,0.876056,0.770482,0.584643,0.498807,CC[C@@]1(C)C[N@@H+](C2CCCCC2)[C@H](c2ccccc2)CN1
decoy_545,0.472497,0.437944,0.899125,0.797634,0.598014,0.516562,C[C@H]1CCCC[C@@H]1[N@H+]1C[C@@](C)(c2ccccc2)NC[C@@H]1C
decoy_546,0.475684,0.466672,0.822405,0.763592,0.601147,0.508975,CCc1ccc(/C=C(/C)C[NH2+]C2CC2)s1
decoy_547,0.40966,0.374201,0.795967,0.664388,0.512817,0.417526,CC(C)(C)[C@@H]1CN(c2cccc3ccccc23)CCC[NH2+]1
decoy_548,0.582118,0.415154,0.739043,0.628783,0.585937,0.455212,CCC[C@H](C)C[C@H](O)c1cc(Cl)cs1
decoy_549,0.543181,0.442879,0.775968,0.623107,0.573077,0.487759,O=C1CCCC[C@H]1[C@@H]1CCCCC[C@H]1O
decoy_55,0.516911,0.502318,0.848446,0.783348,0.534698,0.506471,Cc1cccc([C@@H]2Nc3ccc([N+](=O)[O-])cc3[C@H]3[C@H]4CC[C@H](C4)[C@H]32)c1
decoy_550,0.499358,0.423084,0.759695,0.593715,0.520443,0.452409,O=C1CCCC[C@H]1[C@H]1CCCC[C@@H]1O
decoy_551,0.548698,0.414378,0.769509,0.652556,0.624286,0.468075,CCC[C@@H](O)C[C@H]1CC[C@H](C)[C@H](C)C1
decoy_552,0.526502,0.516304,0.702919,0.742504,0.572234,0.577556,CC(C)[C@H]1CC[C@H](O)[C@H](CC(F)F)C1
decoy_553,0.551439,0.447307,0.764004,0.711348,0.564084,0.489649,CC[C@H](O)[C@@H](C)[C@H]1CC[C@H](CC)CC1
decoy_554,0.580486,0.503511,0.74255,0.735789,0.607681,0.535435,CC[C@H](C)[C@@]1(O)CCC[C@H](C(F)(F)F)C1
decoy_555,0.505192,0.437681,0.86509,0.706221,0.521739,0.456348,C[C@@H]1Cc2ccccc2[C@@H]1NC(=O)N(C1CC1)[C@@H](C)c1ccco1
decoy_556,0.438699,0.446109,0.744666,0.71762,0.554966,0.487929,CC[NH2+][C@@H]1CCCc2sc(-c3ccco3)nc21
decoy_557,0.478632,0.388668,0.790666,0.616096,0.549741,0.41039,C#Cc1cccc(NC2=[NH+]CCCC2)c1
decoy_558,0.563031,0.459267,0.828857,0.766344,0.568524,0.498254,CC(C)[C@@H]1CC[C@H](C)C[C@H]1OCC(C)(C)CBr
decoy_559,0.589103,0.496609,0.816584,0.807317,0.623609,0.549756,CC(C)(C)[C@H](CBr)CN1CCCc2ccccc21
decoy_56,0.563351,0.597239,0.765762,0.829398,0.604854,0.610194,COC(=O)[C@@H]1CCC=C2[C@H]1C[C@H]1C[C@@H]2C1(C)C
decoy_560,0.483235,0.46934,0.72797,0.799098,0.527167,0.512501,C/C(=C/CCCl)C1CCCC1
decoy_561,0.4894,0.391576,0.798871,0.747758,0.55015,0.430425,C/C(=C\CCCl)C(C)(C)C
decoy_562,0.564239,0.463594,0.772681,0.750943,0.562556,0.505288,C/C(=C\CCBr)C[C@@H]1Cc2ccccc21
decoy_563,0.60223,0.446277,0.841412,0.646307,0.597579,0.480705,CC(C)c1cc(N[C@H]2CCCC[C@@H]2Cl)ncn1
decoy_564,0.573306,0.561968,0.785257,0.79688,0.583363,0.548151,Clc1ncc(Cl)c(NCC2CCCC2)n1
decoy_565,0.585935,0.498708,0.847362,0.695878,0.631926,0.507212,C[C@H]1CN/C(=N/c2cc(Cl)c(Cl)cc2Cl)SC1
decoy_566,0.570642,0.509582,0.831937,0.705875,0.553143,0.496689,CCc1ccc(-c2nc3cc(C#N)ccc3n2C2CC2)s1
decoy_567,0.496622,0.462891,0.871649,0.806383,0.570326,0.531362,CN1CC[N@@H+](C)C[C@H]1C(=O)C1CCCCC1
decoy_568,0.60348,0.452452,0.881283,0.650981,0.641088,0.480088,Cc1nc(Sc2nnc(Cl)c(C)c2C)nc(C)c1C
decoy_569,0.589987,0.454845,0.864796,0.676141,0.621143,0.481751,Cc1nn(C(C)C)c(C)c1N[C@@H]1CCC[C@@H]1C
decoy_57,0.436265,0.455357,0.675888,0.757785,0.479294,0.489337,N#C[C@@H]1CC[C@@H]2[C@H]3CC[C@H](C3)[C@H]21
decoy_570,0.576554,0.459038,0.804158,0.7626,0.600413,0.522974,CCC(C)(C)[C@H](Cl)c1cc(C)c(F)cc1F
decoy_571,0.589278,0.471157,0.81747,0.780878,0.62672,0.518884,Cc1cc([C@@H](Cl)CC(C)(C)C)c(F)cc1F
decoy_572,0.561529,0.49032,0.809026,0.676906,0.595145,0.501034,CC(C)(C)[C@@H](O)[C@@H]1CCCc2cccnc21
decoy_573,0.603467,0.495991,0.831422,0.665767,0.614813,0.537891,C[C@@H]1OCC[C@@H]1C(=O)N1CCC[C@H](Cl)C1
decoy_574,0.464333,0.377334,0.891111,0.690748,0.553656,0.454935,CC(C)(C)[C@H]1CC[C@H]([N@H+]2CC[C@H](C(=O)[O-])C2)CC1
decoy_575,0.49152,0.422722,0.701827,0.625523,0.527559,0.456094,CC1(C)CCCC[C@@]1(O)C1CCOCC1
decoy_576,0.434376,0.312086,0.796684,0.68454,0.520182,0.392194,CC1(C)CCCC[C@H]1CBr
decoy_577,0.456378,0.315605,0.768033,0.639417,0.559223,0.400172,C[C@@H](Cl)[C@@H]1CCCC1(C)C
decoy_578,0.360371,0.294175,0.630132,0.471716,0.529022,0.368263,CC1(C)CCC[C@@]12CC(=O)NC2(C)C
decoy_579,0.493883,0.429686,0.707294,0.627196,0.527022,0.483013,OC[C@H]1CCOC2(CCCCC2)C1
decoy_58,0.46868,0.330519,0.706719,0.59685,0.619502,0.410685,C[C@@H]1CC[C@H]2C[C@]1(S)C2(C)C
decoy_580,0.537838,0.47242,0.769558,0.667395,0.576149,0.495309,O[C@@H]1CCC[C@H]1[C@@H]1CCOC2(CCC2)C1
decoy_581,0.462787,0.429872,0.86237,0.741266,0.62753,0.531616,C1COC[C@H](CN2CC[N@@H+]3CCC[C@H]3C2)C1
decoy_582,0.515719,0.418531,0.820447,0.650846,0.539357,0.461099,CCC[C@H]1CCC[C@](O)(c2cccc3cnccc23)CC1
decoy_583,0.417838,0.390559,0.737213,0.625798,0.530473,0.475706,CC(C)[C@@H](C(=O)[O-])[C@@]1(O)CSCC(C)(C)C1
decoy_584,0.604245,0.449851,0.801365,0.725767,0.599521,0.50383,CCc1ccc([C@@H](Cl)c2sccc2CC)s1
decoy_585,0.580039,0.427065,0.759051,0.645095,0.547544,0.443573,Cc1cc(C(=O)C[C@@H](C)C(C)(C)C)sc1Br
decoy_586,0.490699,0.561335,0.704202,0.809329,0.523739,0.612072,CCN(CC(C)(C)CS)c1ccc(F)cc1
decoy_587,0.466956,0.440982,0.829288,0.730289,0.565461,0.494449,C[C@H]1[NH2+][C@]2(CC[C@@H](C)CC2)CO[C@@H]1C
decoy_588,0.472899,0.422028,0.69998,0.681013,0.499092,0.458196,CC[C@@H]1CCCC[C@H]1[C@@H](C)[C@@H](C)Br
decoy_589,0.528886,0.406224,0.887652,0.815141,0.583857,0.461982,CC#CC[C@@H](C)[C@H](C)Br
decoy_59,0.623302,0.493526,0.841036,0.770825,0.645104,0.517211,CCO[C@H]1CC[C@@H]2C=C(C)C=C(C(C)(C)C)[C@@H]2O1
decoy_590,0.461531,0.430485,0.822986,0.724291,0.562764,0.486183,C[C@H]1[NH2+]C[C@](C)(C2CCCCC2)O[C@@H]1C
decoy_591,0.52196,0.48634,0.813303,0.695926,0.569967,0.51852,Oc1ccc(Cl)cc1-c1nc(CSC2CCCCC2)no1
decoy_592,0.475341,0.407539,0.774546,0.752208,0.52176,0.46649,CC(C)[C@]1(CBr)CC[C@H](C(C)(C)C)CC1
decoy_593,0.596991,0.435105,0.81983,0.709943,0.593734,0.475555,CCc1ccc([C@](C)(O)C(CC)CC)cc1
decoy_594,0.452234,0.329252,0.790734,0.684056,0.541376,0.411281,CC[C@H](C)C(C)(C)CCl
decoy_595,0.597719,0.399769,0.822311,0.696541,0.626452,0.459482,CC[C@](O)(Cc1ccc(C(C)C)cc1)C1CC1
decoy_596,0.580675,0.504489,0.843986,0.83529,0.608246,0.524253,C=Cc1ccc(Oc2ccc(Br)cc2)cc1
decoy_597,0.615432,0.450363,0.912194,0.671845,0.589195,0.45731,Cc1ccc([C@H](C#N)C(=O)c2c(C)oc(C)c2C)cc1C
decoy_598,0.573492,0.448865,0.841244,0.637982,0.622561,0.44877,C[C@]1(c2nc3c(s2)C(=O)CCC3)CCCO1
decoy_599,0.579343,0.435675,0.750889,0.671418,0.626439,0.471735,CC(C)CN1CCNc2c(F)cccc21
decoy_6,0.569911,0.47755,0.760342,0.672912,0.555717,0.478693,O=c1oc2ccccc2n1Cc1ccc(C(F)(F)F)cc1
decoy_60,0.597008,0.509842,0.83515,0.72321,0.618727,0.500866,ClC[C@H]1CO[C@@H]([C@@H]2CC[C@H]3O[C@H]3C2)O1
decoy_600,0.495321,0.475982,0.730267,0.767982,0.52667,0.490876,ClC/C(=C/c1ccc(Br)o1)C1CCCCC1
decoy_601,0.627255,0.483341,0.794393,0.704865,0.630831,0.469044,CC(C)Cc1cc(Cl)nc(C2CCCC2)n1
decoy_602,0.57135,0.409439,0.839466,0.721849,0.60163,0.43436,C=Cc1nc(C2(C)CC2)no1
decoy_603,0.551955,0.457986,0.722701,0.693205,0.568238,0.467793,CCc1ccc([C@@H](O)[C@@H]2C[C@H]3C[C@H]3C2)s1
decoy_604,0.489862,0.45074,0.739346,0.668839,0.556416,0.497361,CCC[C@H]1CCC[C@@]2(CC1)NCCCS2
decoy_605,0.430668,0.409351,0.779842,0.703144,0.520053,0.466628,C[C@H]1CN[C@]2(C[N@H+]3CC[C@@H]2CC3)SC1
decoy_606,0.407403,0.408574,0.738046,0.676763,0.523753,0.482165,C[C@@H]1CC[NH2+][C@@]2(CCCOCC2)S1
decoy_607,0.564518,0.468097,0.763676,0.652124,0.573617,0.490533,CC[C@@H]1CS[C@@]2(CCCC[C@H]2CC)N1
decoy_608,0.585491,0.477797,0.782471,0.674696,0.593079,0.492607,CC[C@@H]1CS[C@]2(CCC[C@H](C3CC3)C2)N1
decoy_609,0.589474,0.478889,0.80724,0.667201,0.614074,0.506195,C[C@@H]1C[C@]2(CCO1)NC(C)(C)CS2
decoy_61,0.459437,0.533432,0.758585,0.77159,0.521984,0.54367,CN(C)c1ccc(/C=C2\S/C(=N\c3ccccc3F)NC2=O)cc1
decoy_610,0.608391,0.450767,0.785491,0.705292,0.620313,0.486961,CC[C@@H]1CC[C@H](c2nc(Cl)c(F)c(Cl)n2)C1
decoy_611,0.556044,0.425041,0.777872,0.689377,0.573419,0.475673,CCC[C@@](C)(O)[C@H]1CC[C@H](C)[C@H](C)C1
decoy_612,0.567927,0.433243,0.779904,0.688849,0.565713,0.482583,O[C@@H](CC1CC1)C1CCCCCCC1
decoy_613,0.60497,0.447559,0.874858,0.702316,0.605192,0.493854,C[C@@H](Cl)c1nc([C@@H]2CCCS2)no1
decoy_614,0.54805,0.475418,0.791575,0.788937,0.560191,0.52897,Cc1cc([C@@H](Cl)CCC2CCCC2)cc(C)c1F
decoy_615,0.649877,0.508489,0.844526,0.699434,0.634809,0.506149,CCc1nc(Cl)cc(N[C@@H]2CCC[C@H]2C)n1
decoy_616,0.487786,0.435408,0.925721,0.79964,0.602529,0.500179,COc1c(C)c[nH+]c(C[C@]2(C#N)CCC[C@H](C)C2)c1C
decoy_617,0.545216,0.44577,0.757189,0.66681,0.520277,0.444617,CC(C)[C@H]1CC[C@](C#N)(Cc2ccc(Cl)s2)CC1
decoy_618,0.546424,0.37875,0.749279,0.616637,0.542491,0.446678,CC(C)[C@H]1CC[C@H](C(=O)Cc2ccc(Cl)s2)CC1
decoy_619,0.515567,0.509762,0.755539,0.730974,0.549921,0.570783,CC(C)[C@H]1CC[C@H]([C@@H](O)c2ccnn2C)CC1
decoy_62,0.514417,0.403902,0.797633,0.61748,0.548443,0.439298,O=C1CCCC[C@H]1OC(=O)[C@]12C[C@H]3C[C@H](C[C@H](C3)C1)C2
decoy_620,0.521875,0.404411,0.855876,0.697466,0.601029,0.458609,C[C@@H]1CC[C@H](C(=O)[C@H]2CC[C@H](C(C)(C)C)CC2)C[C@@H]1C
decoy_621,0.558125,0.479425,0.782426,0.703642,0.611184,0.506651,CC[C@H]1CCC[C@@H](c2nc(C)cc(CCl)n2)C1
decoy_622,0.603819,0.433674,0.833023,0.68465,0.618686,0.48006,CCc1ccc(C[C@H](O)[C@H]2CC[C@H](CC)C2)s1
decoy_623,0.541834,0.495342,0.775502,0.689245,0.554755,0.49986,CC(C)[C@@H]1C[C@H](Nc2c(Cl)ccc3nsnc23)CCO1
decoy_624,0.466742,0.386635,0.834468,0.783326,0.523891,0.446696,CC[C@@H](Cl)C1CCC1
decoy_625,0.452981,0.388804,0.795147,0.75672,0.512748,0.437934,CC(C)[C@@H](Br)C1CCC1
decoy_626,0.519478,0.489348,0.803819,0.701675,0.548815,0.485301,N#Cc1ccc(Cl)cc1Nc1c(Cl)ccc2nsnc12
decoy_627,0.501128,0.421533,0.726765,0.618104,0.531059,0.451248,CC(C)N[C@]1(C#N)CCC(C)(C)C[C@@H]1C
decoy_628,0.538799,0.441456,0.761555,0.694627,0.553063,0.484522,C[C@H]1CC(C)(C)CC[C@]1(O)CC1CCCC1
decoy_629,0.452609,0.518757,0.724416,0.768405,0.523042,0.57845,COC(=O)C#C[C@H]1CC[C@H](C)O1
decoy_63,0.490875,0.493581,0.731769,0.689484,0.548115,0.514646,CO[C@@H]1C=C(C#N)[C@@]23CC=C(C#N)[C@@]12CCC3
decoy_630,0.532629,0.45455,0.771545,0.641176,0.550092,0.467066,Cc1cc(C#N)cc(C)c1Oc1ncnc(Cl)c1C(C)C
decoy_631,0.494912,0.421157,0.664845,0.612334,0.52275,0.455042,CC(C)[C@H]1CCC[C@]2(CC1)C[C@@H]2CO
decoy_632,0.499924,0.515358,0.703604,0.71499,0.560161,0.595893,CC1(C)C[C@]2(C[C@@H]2CO)C(C)(C)O1
decoy_633,0.451008,0.375835,0.736516,0.687008,0.476279,0.424883,ClC[C@@H]1C[C@H]1C1CCCC1
decoy_634,0.478797,0.382008,0.837684,0.786277,0.535871,0.421941,ClC[C@H]1C[C@@H]1C1CCC1
decoy_635,0.481166,0.354292,0.856779,0.76675,0.556771,0.406201,CC[C@@]1(C)C[C@H]1CCl
decoy_636,0.469758,0.365985,0.78871,0.728182,0.548777,0.426218,CC1(C)CCC[C@@]12C[C@H]2CCl
decoy_637,0.469671,0.485704,0.711467,0.852434,0.496095,0.652629,CC[C@@H]1CC[C@@]2(C1)C[C@@H]2CCl
decoy_638,0.448184,0.409633,0.823721,0.874141,0.528109,0.56037,BrC[C@H]1C[C@H]1C1CCC1
decoy_639,0.481285,0.454247,0.703675,0.775142,0.498717,0.507357,CCC[C@@H]1CCC[C@@]2(CC1)C[C@@H]2CBr
decoy_64,0.514524,0.455726,0.797848,0.685037,0.529922,0.45604,CN(C)c1ccc(/C=C/c2c(C#N)c(=O)oc3ccccc23)cc1
decoy_640,0.485931,0.395456,0.723118,0.677708,0.5137,0.441858,CC(C)(C)[C@H]1CCC[C@]2(CC1)C[C@@H]2CBr
decoy_641,0.452315,0.407269,0.757483,0.756996,0.510182,0.431534,C[C@H]1CCCC[C@@]12C[C@@H]2CBr
decoy_642,0.449251,0.404161,0.73529,0.740622,0.488693,0.431162,CC1(C)CC[C@@]2(C[C@H]2CBr)C1
decoy_643,0.620953,0.502109,0.777744,0.743169,0.600503,0.512435,CC1(C)C[C@H](Nc2c(F)cc(Br)cc2F)CCO1
decoy_644,0.591679,0.440509,0.799335,0.634459,0.550826,0.450507,N#C[C@H]1CCCC[C@H]1Nc1c(F)cc(Br)cc1F
decoy_645,0.573593,0.451155,0.8228,0.635756,0.602101,0.465484,Cc1cc(Br)cc(C)c1Nc1nnc(C)c(C)c1C#N
decoy_646,0.519126,0.48308,0.742166,0.679742,0.544954,0.497129,CC[C@H]1[C@@H](c2ccc(C#N)cc2)C[C@@H]1O
decoy_647,0.603577,0.487765,0.787762,0.669523,0.589345,0.480985,O=Cc1ccc(N2CCCCc3ccccc32)c(F)c1
decoy_648,0.635202,0.520955,0.85972,0.754237,0.65287,0.54846,FC(F)(F)C1CCN(c2nc(Cl)nc(Cl)n2)CC1
decoy_649,0.328639,0.307173,0.788462,0.781678,0.614447,0.48622,C[C@@H]1CCC(C)(C)C1(C)C
decoy_65,0.495697,0.566478,0.726169,0.75035,0.518727,0.582523,C#CCn1/c(=N/C(=O)c2ccco2)sc2cc(Cl)ccc21
decoy_650,0.689535,0.518405,0.823835,0.734436,0.667493,0.51756,Cn1nc(C[C@@H]2CCC[C@@H]2Cl)c2ccccc21
decoy_651,0.58946,0.484203,0.869593,0.726301,0.627946,0.516933,CCc1cc(C[C@]2(O)CC[C@H](C)[C@H](C)C2)n(C)n1
decoy_652,0.477849,0.388474,0.917007,0.828485,0.54318,0.443932,Clc1ncn2ccncc12
decoy_653,0.570279,0.517548,0.801831,0.735024,0.595317,0.508556,CCc1cc(C[C@H]2CCCCC[C@@H]2Cl)n(C)n1
decoy_654,0.467015,0.435478,0.910657,0.834993,0.554329,0.553613,O=C([O-])[C@@H]1CCC[N@H+](CC2CCCCCC2)C1
decoy_655,0.492386,0.399423,0.807395,0.632923,0.538545,0.434601,O=S(=O)(c1ccc(N2CC(O)(C3CC3)C2)cc1)C(F)(F)F
decoy_656,0.54822,0.473148,0.768746,0.649041,0.532969,0.472916,O=C([C@@H]1CCCO1)N1CCC[C@@H]2CCC[C@@H]21
decoy_657,0.508774,0.463301,0.828154,0.746938,0.617018,0.51402,c1ccc(N2CC[N@H+]3CCCC[C@@H]3C2)nc1
decoy_658,0.631522,0.503205,0.852462,0.672172,0.606787,0.486588,O=C(C=C1CCC1)N1CCOC[C@H]1C1CC1
decoy_659,0.443136,0.381903,0.840413,0.805023,0.50851,0.445981,CC[C@]1(Br)C=CC=CC1
decoy_66,0.563945,0.438149,0.791316,0.615176,0.554797,0.442347,N#Cc1nc(-c2cccs2)oc1N1CCCc2ccccc21
decoy_660,0.607978,0.440752,0.815357,0.644358,0.603121,0.459376,O=C(OC1CCCC1)[C@@H]1COc2ccc(F)cc2C1
decoy_661,0.528781,0.430643,0.744445,0.701434,0.545847,0.480682,CCC(C)(C)c1ccc([C@H](Cl)c2occc2C)cc1
decoy_662,0.515507,0.408679,0.916737,0.888688,0.57721,0.468793,C1=NC=C2OCOC2=CS1
decoy_663,0.473757,0.550894,0.736759,0.7868,0.520719,0.631741,CC[C@@]1(C)C(=O)C[C@@H]1Oc1c(C)cc(C)cc1C
decoy_664,0.561693,0.441976,0.827099,0.771586,0.579363,0.495417,CCC1(CC)[C@@H](Oc2ccc(C(C)C)cc2)C[C@@H]1Cl
decoy_665,0.590971,0.435385,0.834577,0.739138,0.610131,0.476572,CC(C)c1ccc(O[C@@H]2C[C@@H](Cl)C23CCCC3)cc1
decoy_666,0.581343,0.45123,0.829705,0.760409,0.629287,0.473631,CC(C)c1cccc(O[C@@H]2C[C@@H](Cl)C23CCCC3)c1
decoy_667,0.555925,0.41239,0.831134,0.744545,0.607491,0.471843,CCC1(CC)[C@H](Cl)C[C@@H]1Oc1ccc(C(C)C)c(C)c1
decoy_668,0.588739,0.43272,0.824141,0.723006,0.629622,0.462889,CC[C@]1(C)[C@@H](Cl)C[C@H]1Oc1ccc(C(C)C)c(C)c1
decoy_669,0.562395,0.427096,0.820302,0.740378,0.599126,0.475566,Cc1cc(O[C@H]2C[C@H](Cl)C23CCCC3)ccc1C(C)C
decoy_67,0.465916,0.551747,0.794972,0.795428,0.555178,0.569202,Cc1cccc(C)c1Nc1c(-c2cccnc2)nc2sccn12
decoy_670,0.549497,0.425859,0.795257,0.726779,0.57541,0.474721,CCC(C)(C)c1ccc(O[C@@H]2C[C@H](Cl)C2(C)C)cc1
decoy_671,0.560337,0.482839,0.796107,0.793566,0.596577,0.525986,CC[C@]1(C)[C@@H](Oc2c(C)cc(Cl)cc2C)C[C@@H]1Cl
decoy_672,0.570294,0.428926,0.829591,0.749218,0.626276,0.493554,CCc1cccc(O[C@H]2C[C@@H](Br)C2(CC)CC)c1
decoy_673,0.508648,0.558004,0.717952,0.743148,0.539076,0.607702,CC[C@]1(C)[C@@H](Oc2ccc([N+](=O)[O-])cc2F)C[C@@H]1Cl
decoy_674,0.599507,0.450202,0.833004,0.753935,0.64541,0.469306,CC[C@@]1(C)[C@@H](Oc2ccc3c(c2)CCCC3)C[C@@H]1Cl
decoy_675,0.534028,0.421218,0.808422,0.744382,0.569414,0.473194,Cl[C@@H]1C[C@H](OCCCc2ccccc2)C12CCCCCC2
decoy_676,0.551637,0.64421,0.792605,0.809654,0.563487,0.662255,Cc1cc([N+](=O)[O-])c(C)cc1O[C@@H]1C[C@@H](Cl)C1(C)C
decoy_677,0.534055,0.452332,0.801805,0.786713,0.560514,0.489014,C[C@H]1CC[C@@H](C(C)(C)C[C@@H]2Cc3ccccc3O2)[C@H](Cl)C1
decoy_678,0.650124,0.50775,0.863332,0.718057,0.629699,0.520931,Fc1ccc2c(c1)C[C@H](C[C@@H]1CCc3ccccc3N1)O2
decoy_679,0.550052,0.437072,0.764315,0.702847,0.557072,0.484766,CC(C)(C)[C@H](Cl)CCC[C@@H]1Cc2cc(F)ccc2O1
decoy_68,0.443889,0.47711,0.803593,0.752434,0.523485,0.58916,CC(C)c1ccc(/C=C(\C#N)c2nnc3n2CCCCC3)cc1
decoy_680,0.607272,0.482845,0.807103,0.715595,0.581927,0.480136,Fc1ccc2c(c1)C[C@H](CCC[C@@H](Cl)c1ccccc1)O2
decoy_681,0.568021,0.47911,0.837855,0.691424,0.573835,0.493919,O=C1CCCc2cc(-n3ccnc3)ccc21
decoy_682,0.570236,0.431709,0.813885,0.718452,0.607138,0.47952,Cl[C@H](CCC1CCCCC1)Cc1ccc2ccccc2n1
decoy_683,0.575051,0.493093,0.807086,0.752244,0.593795,0.495455,Cl[C@@H](Cc1ccc2ccccc2n1)CC1CCCCC1
decoy_684,0.559241,0.4477,0.820744,0.698437,0.578839,0.481625,C[C@@H](C[C@H](Cl)Cc1ccc2ccccc2n1)C(C)(C)C
decoy_685,0.487846,0.489379,0.745093,0.780983,0.523483,0.535409,Cc1cccnc1C[C@H](Cl)[C@H]1CC[C@H](C(C)(C)C)CC1
decoy_686,0.497244,0.500445,0.719458,0.747241,0.513173,0.510769,C[C@H](c1ccncc1)[C@@H](Br)CCC1CCCCC1
decoy_687,0.514512,0.413918,0.789894,0.730276,0.52684,0.458655,CC(C)Cc1ccc([C@H](Cl)C2C(C)(C)C2(C)C)cc1
decoy_688,0.433398,0.430758,0.85189,0.735973,0.590354,0.46808,CC[C@H]1C[NH2+][C@](C)(CC)CN1c1cccnc1C
decoy_689,0.536617,0.513294,0.735511,0.729872,0.623517,0.513859,CC[C@H]1CCC[C@H](c2nc(C)c(F)c(Cl)n2)C1
decoy_69,0.539383,0.45807,0.824951,0.667509,0.5772,0.470336,O=C1N/C(=N\c2ccc(Cl)cc2Cl)S/C1=C\c1cccnc1
decoy_690,0.432277,0.437337,0.887824,0.779576,0.573637,0.493946,Cc1cc(F)cc(N2CC3(CCCC3)[NH2+]C[C@H]2C(C)C)c1
decoy_691,0.467512,0.421837,0.900367,0.760125,0.58884,0.491671,Cc1cc(F)cc(N2CCC[NH2+][C@H](C3CCCCC3)C2)c1
decoy_692,0.475488,0.469386,0.756598,0.700735,0.511767,0.470667,C[C@H]1CC[C@@](C#N)([C@]2(O)CCCC[C@@H]2c2ccccc2)C1
decoy_693,0.502321,0.431559,0.80134,0.696571,0.51748,0.477015,CC(C)(C)[C@H]1CC[C@](C#N)([C@](C)(O)c2ccccc2)CC1
decoy_694,0.53834,0.43607,0.836759,0.667886,0.55993,0.470214,C[C@](O)(c1ccc2c(c1)CCCC2)C1(C#N)CCCCC1
decoy_695,0.511222,0.420536,0.821046,0.667819,0.532191,0.457539,C[C@H]1CCC[C@](C#N)([C@H](O)c2ccc(C(C)(C)C)cc2)C1
decoy_696,0.483076,0.530758,0.663425,0.738917,0.529238,0.602758,ClCc1ncoc1[C@]12C[C@H]3C[C@H](C[C@H](C3)C1)C2
decoy_697,0.581224,0.46764,0.74856,0.705798,0.569803,0.475917,Cl[C@@H]1C=C(C[C@H]2CSc3ccccc32)CCC1
decoy_698,0.456239,0.519414,0.715386,0.71266,0.51883,0.52356,Cc1cc(C)cc(-n2c(CCCl)nc3cnccc32)c1
decoy_699,0.533627,0.601634,0.79883,0.826311,0.589069,0.60787,C[C@@H]1CC[C@H](n2c(CCCl)nc3cccnc32)[C@H](C)C1
decoy_7,0.493636,0.518129,0.862321,0.782956,0.539381,0.523821,C=C1N=C2CC(C)(C)CC(=O)[C@@H]2[C@H](c2cccc(OC)c2)[C@H]1C#N
decoy_70,0.52475,0.510206,0.893931,0.800727,0.54957,0.518619,CC(C)c1ccc(N[C@H]2CCCN(C(=O)c3ccco3)C2)cc1
decoy_700,0.568412,0.550812,0.852431,0.767249,0.609746,0.539005,Cc1ccnc2c1nc([C@H](C)Cl)n2CC1CCCCC1
decoy_701,0.536024,0.515028,0.829283,0.73587,0.597658,0.506421,Cc1ccnc2c1nc([C@@H](C)Cl)n2[C@H](C)C1CCCC1
decoy_702,0.554361,0.507502,0.803515,0.726026,0.625028,0.506224,Cc1ccnc2c1nc(CCl)n2[C@H](C)C1CCCC1
decoy_703,0.524606,0.510193,0.808786,0.726706,0.587463,0.493689,CC[C@H]1CCC[C@@H](n2c(CCl)nc3cc(C)cnc32)C1
decoy_704,0.491882,0.480294,0.861784,0.771918,0.595339,0.480881,CCc1nn(C)c2c1nc([C@@H](C)Cl)n2CC1CCCCC1
decoy_705,0.56334,0.461837,0.824575,0.67753,0.585536,0.495763,CC(C)[C@@H](O)[C@@H](C)c1ccc2c(c1)OCCCO2
decoy_706,0.559496,0.482629,0.812438,0.791637,0.594772,0.499082,CC(C)[C@@H](Cl)[C@@H]1CCC(C)(C)c2ccccc21
decoy_707,0.592959,0.540688,0.794715,0.725228,0.605459,0.511608,CC/C(C=O)=C\c1cc(Br)c2c(c1)OCCO2
decoy_708,0.570717,0.459847,0.82874,0.647579,0.595005,0.474382,Cc1nsc(N[C@@H](C)C2CCCCC2)c1C#N
decoy_709,0.413104,0.391036,0.856065,0.702401,0.513773,0.464583,CC[C@@H]1CCCC[C@@H]1[N@@H+]1CC[C@H](C(=O)[O-])[C@@H]1C
decoy_71,0.50798,0.395048,0.848698,0.629334,0.591708,0.442615,O=C1C[C@@H](c2ccccc2)Cc2nc(Nc3ccc(F)cc3)ncc21
decoy_710,0.446169,0.408548,0.916329,0.822315,0.546197,0.520128,CC(C)[C@H]1CC[C@H]([N@H+]2CC[C@@H](C(=O)[O-])[C@H]2C)CC1
decoy_711,0.461862,0.429851,0.901892,0.818658,0.533648,0.547333,C[C@H]1[C@@H](C(=O)[O-])CC[N@@H+]1CC1CCCCCC1
decoy_712,0.419094,0.367548,0.762315,0.642635,0.505866,0.451883,O=C([O-])C1(C[C@H]2CCCc3ccccc32)CCCCCC1
decoy_713,0.539849,0.430594,0.8373,0.694778,0.545064,0.468777,CC(C)[C@@H]1CCC(=O)[C@@H](C[C@@H]2CCCc3ccccc32)C1
decoy_714,0.478549,0.483851,0.784321,0.73122,0.51816,0.542825,CC(C)[C@H]1CC[C@H](O)[C@H](Cc2ccnc3ccccc23)C1
decoy_715,0.425657,0.429187,0.849925,0.788186,0.512049,0.468045,CCc1nn(C)c(OC)c1C[N@H+]1[C@H](C)C[C@H]2CCCC[C@@H]21
decoy_716,0.47105,0.419553,0.925842,0.820542,0.560578,0.508403,CC(C)(C)[C@H]1C[N@H+]([C@@H]2CCC[C@H](C(=O)[O-])C2)C1
decoy_717,0.518633,0.42429,0.744743,0.599737,0.543731,0.450169,CC(C)(C)c1ccc(C(=O)c2ccc(F)cn2)cc1
decoy_718,0.543406,0.505681,0.764942,0.810131,0.588818,0.518008,Fc1cc(Cl)cnc1N1CCC[C@H]1C1CCCC1
decoy_719,0.499243,0.595384,0.765949,0.783133,0.533348,0.637618,CC[C@H]1CC[C@H](Nc2ccc(Br)c([N+](=O)[O-])c2)C1
decoy_72,0.419302,0.548449,0.764447,0.818862,0.502619,0.575158,Cc1cc(C)c([C@@H]2Nc3c(C)ccc([N+](=O)[O-])c3[C@H]3C=CC[C@@H]32)c(C)c1
decoy_720,0.611133,0.479402,0.829092,0.653759,0.577522,0.495363,O=[N+]([O-])c1cc(N[C@H]2CCCc3ccccc32)ccc1Br
decoy_721,0.533377,0.587868,0.797356,0.773223,0.563968,0.587415,O=[N+]([O-])c1cc(NCC2CCCCC2)ccc1Br
decoy_722,0.561686,0.457597,0.806227,0.754123,0.574265,0.490489,CC1(C)CC(Cc2nc(C(C)(C)C)cs2)=C[C@H](Cl)C1
decoy_723,0.55543,0.457096,0.832542,0.747006,0.58325,0.484483,CC1(C)CCC[C@H](CN2CCCCc3ccccc32)[C@@H]1O
decoy_724,0.49426,0.423568,0.831865,0.678348,0.554976,0.462802,CCCc1nn(C)c2c1nc(CCl)n2[C@H]1CCCC1(C)C
decoy_725,0.598239,0.518205,0.813761,0.70545,0.580253,0.502502,Clc1cc(Cl)cc(N[C@@H]2CCO[C@]3(CCSC3)C2)c1
decoy_726,0.605906,0.494136,0.813504,0.704832,0.58113,0.500519,Brc1ccc(N[C@@H]2CCOC3(CCCC3)C2)cc1
decoy_727,0.56666,0.43945,0.83659,0.648617,0.606518,0.487398,c1ccc2cc(N[C@@H]3CCO[C@]4(CCSC4)C3)ccc2c1
decoy_728,0.553933,0.43497,0.787234,0.644355,0.580688,0.48215,Fc1cc(N[C@@H]2CCOC3(CCCC3)C2)ccc1Cl
decoy_729,0.503878,0.394177,0.784867,0.61067,0.536332,0.422454,O=Cc1ccc(O[C@H]2CCOC3(CCCCC3)C2)cc1
decoy_73,0.456435,0.433431,0.716992,0.64344,0.505489,0.452552,CC(C)c1ccc(OCc2cc(=O)n3ccsc3n2)cc1
decoy_730,0.554039,0.47911,0.846139,0.709744,0.5836,0.517487,C[C@@](O)(c1ccccc1F)[C@@H]1CCOC2(CCCCC2)C1
decoy_731,0.544181,0.452631,0.778806,0.688423,0.573707,0.476159,O[C@@H](c1cc(Cl)cc(Cl)c1)[C@H]1CCOC2(CCCC2)C1
decoy_732,0.551947,0.437221,0.788592,0.628334,0.531244,0.467492,O=C(c1cccs1)[C@@H]1CCOC2(CCCCC2)C1
decoy_733,0.553465,0.403402,0.848369,0.656847,0.598659,0.447803,c1cc2c(cc1C[C@@H]1CCOC3(CCCC3)C1)CCCN2
decoy_734,0.549076,0.452786,0.827625,0.742272,0.557049,0.477459,CC(C)(C)[C@H](Cl)CC[C@H]1CCOC2(CCCCC2)C1
decoy_735,0.55623,0.415688,0.801635,0.684982,0.566257,0.455828,Cl[C@@H](CC[C@@H]1CCOC2(CCCC2)C1)c1ccccc1
decoy_736,0.475453,0.459863,0.856862,0.740967,0.587803,0.477548,CC[C@@H]1C[N@H+]2CCCC[C@@H]2CN1c1ccccc1C
decoy_737,0.476232,0.400032,0.861315,0.684637,0.580069,0.45607,C[C@H]1C[N@H+]2CCCC[C@@H]2CN1c1ccccc1OC(F)F
decoy_738,0.487663,0.483952,0.753627,0.815138,0.527949,0.519484,CCN(CC1(CS)CCCCCC1)c1cccc(F)c1
decoy_739,0.543906,0.46564,0.835553,0.795153,0.57551,0.511256,CC(C)[C@H]1CC[C@@H](C)C[C@H]1OCC1(CS)CCCC1
decoy_74,0.565975,0.43475,0.761953,0.595449,0.548659,0.444433,S=C(Oc1ccc2ccccc2c1)N1CCCC1
decoy_740,0.520496,0.411834,0.764661,0.613796,0.536901,0.43152,SCC1(CSc2nc3ccccc3s2)CCCCC1
decoy_741,0.61704,0.483781,0.883441,0.687987,0.622991,0.489382,Fc1c(-c2nc3c(F)cccc3[nH]2)cccc1C(F)(F)F
decoy_742,0.531168,0.375842,0.751613,0.641503,0.543946,0.429386,Cc1cc(F)c([C@@H](Cl)C[C@H](C)C(C)(C)C)cc1F
decoy_743,0.563535,0.444452,0.8561,0.667091,0.577372,0.484369,CC[C@@H]1CCC[C@@](C#N)(Cc2ccc([N+](=O)[O-])c(F)c2)C1
decoy_744,0.593569,0.470259,0.843672,0.674197,0.626761,0.483682,Clc1ccc(-c2noc([C@@H](Cl)c3ccccc3)n2)nc1
decoy_745,0.541906,0.424242,0.751554,0.682411,0.558864,0.458472,CCC1([C@H](Cl)c2ccc(F)c(C)c2)CCCC1
decoy_746,0.601339,0.457457,0.858302,0.658163,0.624176,0.446951,O=[N+]([O-])c1ccc([C@H](Cl)Cc2ccc(F)c(F)c2)o1
decoy_747,0.546964,0.43559,0.836281,0.645961,0.535952,0.460332,C/C=C/C=C/C(=O)N1[C@H](C)CN(C)C[C@H]1C
decoy_748,0.56161,0.523883,0.841122,0.818985,0.559467,0.535053,Cc1c(C#N)cncc1OC1CC1
decoy_749,0.585829,0.501598,0.894854,0.823083,0.647491,0.51502,N#Cc1nccc(F)c1OC1CC1
decoy_75,0.451046,0.486713,0.764066,0.745222,0.483815,0.479402,O=[N+]([O-])c1ccc2c(c1)[C@@H]1[C@@H]3CC[C@@H](C3)[C@H]1[C@@H](c1ccc(F)cc1)N2
decoy_750,0.496024,0.413903,0.919019,0.757078,0.569376,0.459788,O=CC1=NN=C2CC=C(F)C=C12
decoy_751,0.492011,0.42463,0.914951,0.793229,0.570657,0.496277,N#CC1=C2CC=C(Cl)C=C2N=N1
decoy_752,0.370005,0.354726,0.799946,0.688462,0.516933,0.423238,Clc1cc2c(c(Cl)n1)C[NH2+]CC2
decoy_753,0.554122,0.448686,0.890521,0.807731,0.583505,0.4708,N#CC1(c2cnc(Br)cn2)CC1
decoy_754,0.469502,0.394095,0.769716,0.643076,0.510486,0.437229,N#C[C@H]1CCCC2(C1)OCCO2
decoy_755,0.481317,0.400854,0.85403,0.780608,0.549979,0.468581,N#CC1=C2C=C(Cl)C(Cl)=C[C@@H]2N=N1
decoy_756,0.461131,0.445333,0.733722,0.805603,0.515588,0.487332,FC1(F)CC[C@H]2CCC[C@@H]2C1
decoy_757,0.452042,0.339165,0.858516,0.762233,0.650056,0.439476,C#CC1=CCCCC1(C)C
decoy_758,0.430606,0.355918,0.792124,0.750524,0.573902,0.456664,C#C[C@@H]1C(C)=CCCC1(C)C
decoy_759,0.573821,0.493323,0.786654,0.710685,0.541,0.474261,Cc1cc2c(Cl)c(C#N)cnc2cc1OCCCl
decoy_76,0.426829,0.465171,0.733938,0.716729,0.4922,0.483661,CN1C(=O)/C(=C/C=C/c2ccccc2)S/C1=N\c1cccc(O)c1
decoy_760,0.570153,0.46105,0.829294,0.644934,0.594699,0.485597,O=C(C1CCCC1)N1CCC2(CC1)COC2
decoy_761,0.466024,0.39692,0.82409,0.692287,0.578032,0.460782,CC[NH+]1CCN(c2cc(C)c3cc(N=C=S)ccc3n2)CC1
decoy_762,0.460328,0.360711,0.856692,0.795692,0.533955,0.423371,Cl/C=C/C1CCCCC1
decoy_763,0.471184,0.378531,0.853115,0.799645,0.610677,0.50497,C=C[C@@H]1CC[C@@H]2[C@@H]1CC[C@@H]2C=C
decoy_764,0.517016,0.42727,0.798489,0.665581,0.545392,0.46295,CN(C)/N=C1\CCC[C@H]1C#N
decoy_765,0.457952,0.451628,0.911131,0.854573,0.58399,0.521759,CC[C@H]1[NH2+][C@@](C)(CC)C(=O)N1[C@H]1CC[C@H](C)CC1
decoy_766,0.561444,0.421608,0.765452,0.624392,0.549716,0.448383,CC(C)[C@H](CO)Cc1ccc(C(F)(F)F)cc1
decoy_767,0.507505,0.463869,0.756428,0.687526,0.500249,0.479545,c1cn2c([nH+]1)CN(CC1CCCCC1)CC2
decoy_768,0.45672,0.438274,0.831756,0.729234,0.550399,0.461572,C[NH2+][C@H](c1cnc(C)cn1)[C@H]1CC[C@H](C)[C@H](C)C1
decoy_769,0.379289,0.386224,0.755785,0.665122,0.514078,0.457884,C=C(C)[C@@H]([NH2+]CC)[C@@H]1CCCC[C@@H]1C(F)(F)F
decoy_77,0.515178,0.429873,0.718757,0.672954,0.526538,0.471664,C[C@@]12OCCC[C@@H]1[C@@H]1CCCC[C@@H]12
decoy_770,0.527246,0.450881,0.804916,0.648921,0.540107,0.471757,CC[C@H]1CCCC[C@@H]1n1c(=S)[nH]c2cc(Cl)c(F)cc21
decoy_771,0.492017,0.594489,0.726372,0.759756,0.539395,0.628594,C[C@H]1CCC[C@H]1Nc1ccc([N+](=O)[O-])cc1I
decoy_772,0.553805,0.457338,0.799797,0.71208,0.554765,0.469569,CCC[C@H]1CC[C@](C#N)(Cc2cc(F)ccc2C)CC1
decoy_773,0.534416,0.525625,0.816155,0.727675,0.588394,0.563692,C[C@H]1C[C@H](OC(=O)c2ccnc(F)c2F)CC(C)(C)C1
decoy_774,0.556142,0.443609,0.786644,0.669449,0.575989,0.461545,O[C@@H](CCC1CCCC1)Cc1cc(F)cc(F)c1
decoy_775,0.589451,0.463448,0.850853,0.6476,0.562385,0.477083,O=C(C1=CCCC1)N1CCO[C@H]2CCCC[C@H]21
decoy_776,0.599419,0.522097,0.932291,0.819786,0.617779,0.548542,O=S1(=O)CC/C(=N/Nc2ccc(Cl)cc2)c2ccsc21
decoy_777,0.567905,0.523109,0.812391,0.734428,0.579894,0.517793,Fc1cccc(N2N=C(c3ccccc3)NN2c2cccc(F)c2)c1
decoy_778,0.436595,0.371453,0.859748,0.846592,0.558012,0.471653,CC(C)(C)C#C/C=C/Cl
decoy_779,0.613069,0.542406,0.797276,0.735618,0.583459,0.51498,CCc1cnccc1-c1nc2cc(C(F)(F)F)ccc2o1
decoy_78,0.625351,0.494153,0.871571,0.727701,0.650221,0.477134,Oc1ccc(Br)cc1/C=N/c1cc(F)cc(F)c1
decoy_780,0.559618,0.446637,0.792663,0.684114,0.563309,0.455615,CON(C)C(=O)[C@@H]1CC=CCC1
decoy_781,0.508395,0.402378,0.745293,0.575538,0.500972,0.405337,N#Cc1ccc(C(=O)N2[C@@H]3CC=C[C@H]2CC3)cc1
decoy_782,0.565521,0.511644,0.795618,0.683745,0.592348,0.481831,Clc1ccc(/N=N/[C@@H](c2ccccc2)c2ccccn2)nc1
decoy_783,0.293577,0.278376,0.795541,0.793709,0.564421,0.445438,C1C2CC3CC1CC(C2)C3
decoy_784,0.326995,0.303965,0.785413,0.772548,0.578736,0.48997,C1C2C[C@H]3[C@@H]4CC5C[C@@H]([C@H]14)[C@@H](C2)[C@@H]3C5
decoy_785,0.499014,0.414575,0.810109,0.793898,0.641014,0.568439,c1ccc([C@]23C[C@H]4C[C@H](C[C@H](C4)C2)C3)cc1
decoy_786,0.465347,0.39882,0.944588,0.922813,0.694543,0.506667,c1ccc(C2CC2)cc1
decoy_787,0.433289,0.370499,0.944481,0.925562,0.605999,0.480252,c1coc(C2CC2)c1
decoy_788,0.475117,0.365043,0.874912,0.813255,0.548596,0.40937,c1nc(C2CC2)cs1
decoy_789,0.622262,0.444223,0.877882,0.695559,0.70042,0.468667,c1ccc(-c2cc(C3CC3)[nH]n2)cc1
decoy_79,0.425022,0.486147,0.760338,0.745119,0.51964,0.514459,O=C1C=C/C(=N\Nc2ccc(-c3ccccc3)cc2)c2cccnc21
decoy_790,0.531406,0.521853,0.858807,0.875602,0.577299,0.626348,c1cc2cnoc2nc1C1CC1
decoy_791,0.659933,0.433306,0.817062,0.675287,0.672273,0.504569,c1ccc(NCc2ccc(C3CC3)o2)cc1
decoy_792,0.589353,0.428763,0.899839,0.791664,0.69324,0.463065,c1ccc2oc(C3CC3)nc2c1
decoy_793,0.568345,0.432433,0.898701,0.673772,0.652948,0.465907,c1ccc(-c2n[nH]c(C3CC3)n2)cc1
decoy_794,0.585965,0.415126,0.815841,0.658339,0.61101,0.446915,c1ccc(Cc2noc(C3CC3)n2)cc1
decoy_795,0.561867,0.46891,0.918656,0.728425,0.633035,0.48162,c1nc(CSc2n[nH]c(C3CC3)n2)cs1
decoy_796,0.603652,0.449516,0.853909,0.643782,0.617707,0.483321,c1ccc(NCc2nc(C3CC3)no2)cc1
decoy_797,0.455363,0.41094,0.816389,0.725714,0.508554,0.460435,c1ccc(N2NC(C3CC3)=[NH+][C@H]2Cc2c[nH]c[nH+]2)cc1
decoy_798,0.502285,0.415985,0.938701,0.902039,0.683619,0.547273,c1ccc(CC2CC2)cc1
decoy_799,0.468588,0.37885,0.923826,0.879505,0.604604,0.462022,c1cc(CC2CC2)cs1
decoy_8,0.567714,0.437702,0.756331,0.697961,0.597402,0.464004,CC(C)(C)c1csc(-c2ccc(C(F)(F)F)cc2)n1
decoy_80,0.426887,0.412836,0.784739,0.689223,0.524855,0.467799,CC[C@H](C)[C@]12CN3C[N@H+](C[C@](C)(C3)C1=O)C2
decoy_800,0.530781,0.418018,0.836805,0.775017,0.578324,0.443775,c1cnn(CC2CC2)c1
decoy_801,0.501685,0.407517,0.805998,0.627717,0.612642,0.437629,c1ccc(N2CC[NH+](CC3CC3)CC2)cc1
decoy_802,0.640615,0.453261,0.922524,0.80549,0.743992,0.515283,c1ccc(NCC2CC2)cc1
decoy_803,0.690543,0.443289,0.831681,0.689899,0.769385,0.491777,c1ccc(N[C@H](c2ccccc2)C2CC2)cc1
decoy_804,0.629776,0.491211,0.814669,0.763995,0.71864,0.536487,c1ccc(N[C@H](c2cccs2)C2CC2)cc1
decoy_805,0.582635,0.535639,0.776825,0.686219,0.568546,0.533568,c1ccc([C@@H](Nc2cccnc2)C2CC2)cc1
decoy_806,0.484637,0.518768,0.852134,0.813516,0.596866,0.610863,c1n[nH]cc1NCC1CC1
decoy_807,0.477745,0.380043,0.800884,0.611476,0.572904,0.426322,c1ccc(C[NH2+]CC2CC2)cc1
decoy_808,0.46614,0.422047,0.771945,0.66364,0.557219,0.454314,c1cc2cnc(C[NH2+]CC3CC3)nc2s1
decoy_809,0.649189,0.425265,0.867174,0.713459,0.632158,0.445113,c1ccc(COCC2CC2)cc1
decoy_81,0.552927,0.475184,0.808687,0.674954,0.554594,0.460408,Cc1ncsc1-c1nc(N(C)C)ncc1-c1ccc(F)cc1
decoy_810,0.515707,0.393904,0.938587,0.865837,0.627101,0.454951,c1ccn(C2CC2)c1
decoy_811,0.510946,0.452233,0.859613,0.744583,0.582959,0.477542,c1ccc2c(c1)=NCC=2C1=[NH+]NCN1C1CC1
decoy_812,0.560323,0.523149,0.855901,0.715331,0.569647,0.50029,c1coc(-c2nc(CSc3nncn3C3CC3)cs2)c1
decoy_813,0.528561,0.459889,0.833427,0.714054,0.563595,0.46251,c1ccc(-c2nnnn2C2CC2)cc1
decoy_814,0.668791,0.477091,0.913703,0.815041,0.710111,0.495747,c1csc(-c2ccn(C3CC3)c2)c1
decoy_815,0.488484,0.435477,0.80653,0.720898,0.580475,0.487991,c1ccc(N[C@H]2CC[N@@H+](C3CC3)C2)cc1
decoy_816,0.508487,0.416173,0.78077,0.621583,0.548076,0.442375,c1ccc(N2CC[NH+](C3CC3)CC2)cc1
decoy_817,0.521886,0.462221,0.893014,0.729163,0.551593,0.487717,c1ccc(CSc2nnc(COc3ccccc3)n2C2CC2)cc1
decoy_818,0.589345,0.42339,0.903016,0.800148,0.62915,0.470617,c1ccc(NC2CC2)cc1
decoy_819,0.627341,0.49951,0.822318,0.736052,0.667088,0.509339,c1ccc(-c2cccc(NC3CC3)n2)cc1
decoy_82,0.558441,0.471271,0.798378,0.686576,0.565217,0.525864,N#C[C@@H](c1ccccc1F)N1CCOCC1
decoy_820,0.581469,0.546367,0.876429,0.742671,0.684436,0.545715,c1ccc(Nc2nc(NC3CC3)c3ccccc3n2)cc1
decoy_821,0.380943,0.373997,0.851755,0.751863,0.527088,0.47104,c1ccc([C@@H]2C[C@@H]([NH2+]C3CC3)C[C@@H]3c4[nH]c5ccccc5c4CCN32)cc1
decoy_822,0.455096,0.385606,0.814517,0.647234,0.566749,0.423624,c1ccc(C[NH2+]C2CC2)cc1
decoy_823,0.427354,0.542786,0.831223,0.881303,0.575831,0.611866,c1ccc([C@H](CSc2ncn[nH]2)[NH2+]C2CC2)cc1
decoy_824,0.307989,0.282055,0.847077,0.833995,0.591268,0.43758,C1C[C@@H]2CC[C@H](C1)C2
decoy_825,0.365268,0.366535,0.820992,0.747068,0.556553,0.470807,C1CC2(CC[NH2+]1)CC[NH2+]C2
decoy_826,0.395226,0.368891,0.816643,0.686801,0.51682,0.436206,c1ncc2c3c(sc2n1)C[NH2+]CC3
decoy_827,0.474873,0.52188,0.806037,0.84768,0.542678,0.592852,c1ncc2c3c(sc2n1)COCC3
decoy_828,0.458606,0.418382,0.859059,0.712056,0.576177,0.424782,c1cc2c3c(c1)O[C@H]1CCC[C@H]4[C@@H](C2)[N@@H+](CC2CC2)CC[C@]314
decoy_829,0.468925,0.533182,0.715813,0.748364,0.561169,0.55902,c1cc(N2C[C@H]3CCC[C@@H]2C3)ncn1
decoy_83,0.466143,0.428962,0.835496,0.737769,0.519043,0.4858,COc1ccc(C2=C([O-])c3ccccc3/C2=N/c2cccnc2)cc1
decoy_830,0.419419,0.467929,0.761257,0.727626,0.490621,0.489901,c1cncc(-c2nc3c(c(NCc4cccs4)n2)CC[NH2+]C3)c1
decoy_831,0.436032,0.351149,0.715643,0.695084,0.503696,0.473649,C1=[NH+][C@@H](c2ccccc2)Nc2sc3c(c21)CC[NH2+]C3
decoy_832,0.559068,0.498446,0.877453,0.743655,0.591684,0.522354,c1ncc2oc3ncc4c(c3c2n1)CCOC4
decoy_833,0.479903,0.502661,0.843227,0.777637,0.609778,0.53661,c1ccc(Nc2cc(N3C[C@H]4CCC[C@@H]3C4)ncn2)nc1
decoy_834,0.4587,0.395152,0.820085,0.709069,0.549228,0.478122,c1ccn2cc(C[N@H+]3C[C@H]4CCC[C@@H]3C4)nc2c1
decoy_835,0.345089,0.296982,0.838419,0.757343,0.54046,0.447965,c1cnc(-c2nc(C[NH2+]C3CCC4(CC[NH2+]CC4)CC3)cs2)cn1
decoy_836,0.379528,0.483077,0.725912,0.828292,0.471938,0.552199,C1=C(c2ccccc2)NC2(CC[NH2+]CC2)N[C@@H]1c1ccccc1
decoy_837,0.302319,0.272739,0.704608,0.594178,0.412512,0.379008,C1=[NH+][C@@H](c2ccc(OCc3ccccc3)cc2)Nc2sc3c(c21)CC[NH2+]C3
decoy_838,0.427321,0.428688,0.907582,0.838327,0.601157,0.50431,C1=C[C@]2(CC[N@@H+](Cc3ccccc3)CC2)c2c(n[nH]c2-c2ccccc2)O1
decoy_839,0.473682,0.411618,0.860236,0.706164,0.564288,0.468773,c1ccc(C[N@H+]2CC[C@]3(CC2)Nc2ccccc2-n2cccc23)cc1
decoy_84,0.459898,0.402186,0.66685,0.579114,0.497617,0.438192,CN[C@@]1(C#N)CCCC[C@H]1C(C)(C)C
decoy_840,0.425225,0.404392,0.9088,0.886026,0.583587,0.558453,c1ccc2c(c1)[C@@H]([NH2+]Cc1ccc3nonc3c1)CC21CC[NH2+]CC1
decoy_841,0.357538,0.331295,0.713504,0.595264,0.436753,0.392239,C1CCC2(C1)CCC[NH2+]2
decoy_842,0.365874,0.379853,0.720382,0.702751,0.508534,0.530767,C1CCC2(C1)CC[NH2+]CC2
decoy_843,0.460062,0.406701,0.917209,0.794709,0.614215,0.512482,C1CC[C@@H]2[C@H](C1)CC[C@@H]2[NH2+]C1CC[NH2+]CC1
decoy_844,0.487889,0.501919,0.703463,0.787645,0.513817,0.615231,C1=N[C@@H]2[C@@H]3CC[C@H]4[C@@H](CC[C@H]5CCCC[C@H]54)[C@H]3C[C@@H]2S1
decoy_845,0.477715,0.502351,0.678838,0.791826,0.513811,0.537928,C1=C2COC[C@H]2[C@@H]2CCCC[C@@H]2C1
decoy_846,0.60924,0.469681,0.832844,0.698435,0.622707,0.491141,c1ccc(OCCOc2cccc3c2CCCC3)cc1
decoy_847,0.38458,0.385789,0.73695,0.671432,0.552377,0.481293,C1CCC2(CC1)CCCC[NH2+]2
decoy_848,0.568347,0.516285,0.798281,0.832865,0.655218,0.582491,c1ccc(N2CCCCC23CCCCC3)cc1
decoy_849,0.457285,0.434927,0.78363,0.691335,0.556254,0.484178,c1ccc([C@H]2[NH2+]CC[C@H]3CCCC[C@H]32)cc1
decoy_85,0.534711,0.565218,0.712953,0.781487,0.538195,0.630452,CC(C)c1ccc([C@@H]2C[C@@H]2[C@@H](C)O)cc1
decoy_850,0.373061,0.396048,0.690301,0.715132,0.533906,0.54869,C1CCC2(CC1)CC[NH2+]CC2
decoy_851,0.602909,0.455934,0.783189,0.64906,0.574477,0.458504,c1ccc(CCn2ncc3c2CCCC3)cc1
decoy_852,0.600526,0.463841,0.848549,0.733692,0.671408,0.497731,c1ccc2c3c([nH]c2c1)CCCC3
decoy_853,0.544459,0.43728,0.900484,0.841326,0.654343,0.510792,c1ccc2c3c(oc2c1)CCCC3
decoy_854,0.452395,0.512501,0.76407,0.820792,0.500944,0.545298,c1cn2c3c(sc2n1)CCCC3
decoy_855,0.496532,0.517172,0.789032,0.838132,0.5419,0.539559,c1ncc2c3c(sc2n1)CCCC3
decoy_856,0.583584,0.444058,0.757615,0.694617,0.650766,0.499621,C1=C[C@H]2c3ccccc3N[C@H](c3ccccc3)[C@@H]2C1
decoy_857,0.431103,0.408661,0.735078,0.622853,0.504876,0.420789,c1ccc2c(c1)C[NH2+]CC21CCCC1
decoy_858,0.531279,0.433553,0.938497,0.896178,0.71497,0.521124,c1ccc2c(c1)ccc1ccccc12
decoy_859,0.630358,0.518552,0.801239,0.725067,0.70728,0.505906,c1csc(Cc2nc3sccc3c3c2CCCC3)c1
decoy_86,0.467862,0.42977,0.78472,0.753097,0.537248,0.505834,C1CC[C@H](c2nc3c(s2)CCC3)[NH2+]C1
decoy_860,0.467286,0.38638,0.909996,0.856742,0.688554,0.554228,C1CC[C@@H]2[C@H](C1)CC[C@H]1[C@@H]2CC[C@H]2CCC[C@H]21
decoy_861,0.461333,0.417211,0.809951,0.663576,0.563957,0.419814,c1ccc([C@@H]2CCCC3(CCCCC3)[NH2+]2)cc1
decoy_862,0.57051,0.476537,0.797565,0.799655,0.643784,0.573242,c1ccc(N2CCC3(CCCCC3)CC2)cc1
decoy_863,0.449801,0.462262,0.863092,0.798934,0.594093,0.498764,c1ccc(C[N@@H+]2CC[C@H]3CCCC[C@H]3[C@H]2c2ccccc2)cc1
decoy_864,0.558666,0.50672,0.750582,0.722648,0.558029,0.475552,c1coc(-c2c3c(nc4sccc24)CCCC3)c1
decoy_865,0.555989,0.433542,0.848658,0.776873,0.602813,0.469011,c1ccc2c(c1)[nH]c1ccccc12
decoy_866,0.416029,0.368888,0.71714,0.604423,0.476023,0.393853,C1=[NH+][C@@H](c2ccccc2)Nc2sc3c(c21)CCCC3
decoy_867,0.61481,0.527316,0.848459,0.716046,0.589528,0.498099,c1ccc(SCc2ncc3c4c(sc3n2)CCCC4)cc1
decoy_868,0.561063,0.544626,0.81829,0.812437,0.621669,0.572453,c1nc2c3c4c(sc3ncn2n1)CCCC4
decoy_869,0.450342,0.47077,0.780733,0.751143,0.534238,0.512974,c1nc(N2CC[NH2+]CC2)c2c3c(sc2n1)CCCC3
decoy_87,0.393807,0.335077,0.824218,0.664807,0.522965,0.426973,CC1=C(c2ccc(C)c(C)c2)S(=O)(=O)N=C1[N-]C1CCCCCC1
decoy_870,0.475766,0.62057,0.748636,0.804072,0.549283,0.648645,c1ccc(CNc2ncnc3sc4c(c23)CCCC4)cc1
decoy_871,0.530022,0.411508,0.729073,0.678063,0.596171,0.476488,C1=C[C@H]2c3ccccc3N[C@H](c3cccc4ccccc34)[C@@H]2C1
decoy_872,0.399055,0.342873,0.93098,0.763736,0.504136,0.439668,C(=[NH+]/C[C@H]1CC[C@@H]2[C@@H]3CC[C@H]4CCCC[C@H]4[C@H]3CC[C@@H]12)\c1ccccc1
decoy_873,0.612186,0.531035,0.840433,0.857192,0.613341,0.547982,c1ccc2c(c1)oc1ccc(-c3cscn3)cc12
decoy_874,0.398997,0.32562,0.794471,0.602203,0.591114,0.423624,C1CCC[NH2+]CCC1
decoy_875,0.423122,0.455317,0.872686,0.83041,0.550111,0.549825,C1=CN=C([C@H]2NN=CO2)C1
decoy_876,0.346394,0.35514,0.902609,0.833712,0.549954,0.456802,C1=CN=C2[NH+]=CC=C2C1
decoy_877,0.391179,0.307501,0.819103,0.747878,0.489587,0.378233,C1CCSCC1
decoy_878,0.459453,0.447458,0.801772,0.710015,0.559256,0.512544,c1ccc([C@@H]2N3CC[C@H]4C[C@H](C3)C[N@H+]2C4)cc1
decoy_879,0.432768,0.383399,0.728615,0.591464,0.520077,0.456551,c1ccc(N[C@H]2C[N@H+]3CC[C@@H]2CC3)cc1
decoy_88,0.477991,0.413267,0.659624,0.627023,0.517606,0.447723,CC(C)[C@H]1CC[C@H](C)C[C@@H]1S
decoy_880,0.435118,0.412699,0.772689,0.760797,0.51149,0.536091,c1ccc(-c2cc([C@H]3C[N@H+]4CC[C@@H]3CC4)[nH]n2)cc1
decoy_881,0.556438,0.484945,0.737516,0.695678,0.556312,0.485864,c1ccc(Oc2cccc3c2NCCC3)cc1
decoy_882,0.472231,0.341287,0.855209,0.747207,0.601725,0.420479,C1=Nc2ccccc2C1
decoy_883,0.415372,0.450098,0.794002,0.830795,0.536677,0.555647,C1=N[C@@](c2ccccc2)(c2cccc(-c3cccnc3)c2)C2=[NH+]CCCN12
decoy_884,0.505055,0.498852,0.770561,0.830725,0.517876,0.531278,C1=C[C@@H](c2ccccc2)CC=N1
decoy_885,0.333213,0.312687,0.807303,0.669866,0.501863,0.414416,C1C[NH2+]CCOC1
decoy_886,0.56212,0.406033,0.850322,0.69924,0.615078,0.454375,c1cc2c(c3c1CCCO3)OCO2
decoy_887,0.307188,0.292082,0.847629,0.717964,0.539406,0.4029,C1CSCC[NH2+]1
decoy_888,0.342197,0.357859,0.793227,0.781259,0.479849,0.479265,c1ccc2c(c1)C[NH2+]C2
decoy_889,0.403495,0.520201,0.716232,0.76422,0.499647,0.571429,C1=C([C@H](c2ccccc2)c2cn[nH]c2)CN=N1
decoy_89,0.438776,0.386077,0.667641,0.644288,0.491933,0.445855,CC(C)(C)[C@H]1CCCC[C@H]1S
decoy_890,0.427146,0.522706,0.770779,0.788016,0.514545,0.584109,C1=C(Sc2ccccc2/N=C/c2ccc(-c3ccccc3)o2)CNN1
decoy_891,0.46489,0.323323,0.792882,0.688192,0.523112,0.3893,C1=C[C@@H]2COC[C@H](C1)C2
decoy_892,0.469085,0.469209,0.805137,0.811207,0.540319,0.553586,C1=NN=C(c2ccccc2)CS1
decoy_893,0.488711,0.402562,0.901073,0.731733,0.588768,0.448006,C1=NN=C(c2ccc[nH]2)CS1
decoy_894,0.540888,0.428931,0.941628,0.883733,0.707216,0.519296,c1ccc2c(c1)Cc1ccccc1-2
decoy_895,0.404927,0.398391,0.842947,0.771142,0.494687,0.425478,C1=C2Cc3ccccc3N=C2[NH+]=N1
decoy_896,0.438409,0.384841,0.936883,0.925759,0.660945,0.497626,c1ccc2c(c1)CCC2
decoy_897,0.712067,0.466535,0.864433,0.730921,0.797258,0.505694,c1ccc(N[C@H]2CCc3ccccc32)cc1
decoy_898,0.500431,0.383912,0.79164,0.589937,0.647482,0.419011,c1ccc(C[NH2+][C@H]2CCc3ccccc32)cc1
decoy_899,0.374279,0.360575,0.749627,0.660246,0.483583,0.423761,c1ccc2c(c1)CC[NH2+]C2
decoy_9,0.461448,0.425258,0.78316,0.674005,0.517872,0.43623,N#C[C@@]1(c2ccccc2)Nc2cccc[n+]2N=C1c1ccccc1
decoy_90,0.561965,0.496151,0.868131,0.723265,0.556478,0.487285,Cc1ccccc1Nc1nn(-c2ccc(F)cc2)c2c1C(=O)CCC2
decoy_900,0.49282,0.432969,0.827585,0.672846,0.602226,0.454181,c1ccc(CNc2cc(N3CCc4ccccc4C3)ncn2)cc1
decoy_901,0.53848,0.425106,0.804377,0.687691,0.614009,0.464654,c1ccc2c(c1)CCN(c1cc(Oc3cccc4ccccc34)ncn1)C2
decoy_902,0.525759,0.423009,0.793337,0.612454,0.599934,0.441123,c1ccc(C[N@H+]2CCc3ccccc3C2)cc1
decoy_903,0.498318,0.362171,0.881703,0.797562,0.593213,0.407255,c1ccc2c(c1)CCN2
decoy_904,0.535846,0.559973,0.811798,0.805762,0.580703,0.590561,c1cnnc(N2CCc3ccccc32)c1
decoy_905,0.527783,0.567677,0.79402,0.826039,0.566483,0.595075,c1ccc2c(c1)CCN2c1ccncn1
decoy_906,0.594381,0.461944,0.876837,0.66198,0.650462,0.469142,c1ccc(Nc2cc(N3CCc4ccccc43)ncn2)cc1
decoy_907,0.527915,0.448724,0.836218,0.669655,0.585735,0.473167,c1ccc(NNc2cc(N3CCc4ccccc43)ncn2)cc1
decoy_908,0.481002,0.33306,0.91188,0.775376,0.649838,0.416393,c1ccc2c(c1)CCO2
decoy_909,0.386045,0.344495,0.791206,0.644342,0.48623,0.419549,C1C[C@H]2CCC[N@H+]2C1
decoy_91,0.486231,0.547251,0.760815,0.765597,0.535344,0.574557,Cc1ccccc1[C@H]1Nc2c(F)ccc([N+](=O)[O-])c2[C@@H]2C=CC[C@@H]12
decoy_910,0.460154,0.382609,0.806213,0.766291,0.526263,0.432411,c1cnc2c(c1)CCC2
decoy_911,0.379842,0.337061,0.943737,0.941052,0.622269,0.49463,c1cc2c(s1)CCC2
decoy_912,0.522029,0.437242,0.909646,0.878263,0.645433,0.512182,c1ccc2c(c1)CCc1ccsc1-2
decoy_913,0.34292,0.329414,0.750648,0.658641,0.462109,0.394965,c1cc2c(s1)C[NH2+]CC2
decoy_914,0.346182,0.293282,0.812532,0.755643,0.467273,0.392562,c1cc2cn[nH]c2s1
decoy_915,0.431254,0.36974,0.940759,0.920459,0.642147,0.478062,C1=Cc2cscc2CC1
decoy_916,0.368306,0.353324,0.810729,0.692887,0.514206,0.426078,C1C[C@@H]2OCC[NH2+][C@@H]2C1
decoy_917,0.375257,0.33037,0.829856,0.719659,0.499231,0.406599,c1ccc2[nH]cnc2c1
decoy_918,0.324923,0.32138,0.813094,0.746498,0.511388,0.41751,c1nc2c(s1)C[NH2+]CC2
decoy_919,0.333741,0.321077,0.803475,0.697288,0.489462,0.404088,c1n[nH]c2c1C[NH2+]CC2
decoy_92,0.604097,0.449041,0.797189,0.659969,0.68714,0.482592,C[C@H]1[C@@H](Nc2nccs2)CCC[C@@H]1C
decoy_920,0.347728,0.331084,0.809659,0.686088,0.48678,0.40584,c1cc2c(s1)CC[NH2+]C2
decoy_921,0.665404,0.497772,0.91909,0.843804,0.757049,0.549354,c1ccc(N2CCc3sccc3C2)cc1
decoy_922,0.429165,0.29849,0.943659,0.839249,0.550085,0.373069,c1nc2sccc2s1
decoy_923,0.473001,0.392618,0.844242,0.671925,0.579449,0.458162,c1ccc(C[N@@H+]2[C@@H]3CC[C@H]2C[C@H](c2ccccc2)C3)cc1
decoy_924,0.45053,0.455393,0.735141,0.743624,0.510503,0.508093,c1ccc2c(c1)C[C@@H]1[NH2+]CCc3cccc-2c31
decoy_925,0.42684,0.372726,0.848146,0.702935,0.557142,0.446454,c1cnn(-c2cncc(N[C@H]3[C@@H]4CCC[C@H]3C[N@@H+](C3CC3)C4)n2)c1
decoy_926,0.375636,0.370485,0.748922,0.670905,0.485892,0.462108,C1CCC2(CCCC2)[NH2+]C1
decoy_927,0.433061,0.368405,0.957735,0.932323,0.680422,0.484639,c1ccc2ccccc2c1
decoy_928,0.453775,0.395706,0.904595,0.889532,0.649435,0.517786,c1ccc2c(c1)CCCC2
decoy_929,0.471207,0.41133,0.920735,0.906443,0.672195,0.53767,c1ccc(C2CCC2)cc1
decoy_93,0.433487,0.372643,0.879421,0.700701,0.529813,0.446855,CN(C1CCCCC1)S(=O)(=O)c1ccc2[nH]c3c(c2c1)CCCC3
decoy_930,0.392034,0.353909,0.840523,0.827674,0.642171,0.513062,C1CC[C@H]2CCCC[C@H]2C1
decoy_931,0.463091,0.40048,0.865453,0.849956,0.640455,0.522628,c1ccc2c(c1)CCCCC2
decoy_932,0.423305,0.375362,0.73633,0.611635,0.505004,0.427206,c1ccc(C2CC[NH2+]CC2)cc1
decoy_933,0.528999,0.382923,0.787405,0.700401,0.548684,0.416343,c1ccc(C2CCOCC2)cc1
decoy_934,0.523653,0.373437,0.849164,0.660962,0.636184,0.416504,c1ccc([C@@H]2CCON2)cc1
decoy_935,0.695033,0.524222,0.853547,0.776639,0.693592,0.527129,c1ccc([C@@H]2CC[C@H](c3ccccc3)O2)cc1
decoy_936,0.504628,0.533366,0.72514,0.73781,0.52077,0.5099,C1=C[C@@H](c2ccc3sccc3c2)N=C1c1ccncn1
decoy_937,0.439851,0.342777,0.887765,0.813379,0.630179,0.462613,c1cc2c(s1)CCCCC2
decoy_938,0.499045,0.572458,0.857599,0.861294,0.571765,0.608861,C1=C(c2cscn2)CN(c2ncn[nH]2)C1
decoy_939,0.471723,0.3737,0.853815,0.793384,0.54036,0.423024,c1ccc2ncccc2c1
decoy_94,0.371528,0.402332,0.576095,0.668156,0.497081,0.566673,CC(C)(C)[C@H]1CCCC/C1=C\C(=O)[O-]
decoy_940,0.398824,0.409696,0.751643,0.74203,0.516076,0.462983,c1n[nH]c2c1CCCC2
decoy_941,0.423356,0.446104,0.799284,0.751581,0.528263,0.491919,c1nnc2n1CCCCC2
decoy_942,0.426678,0.374195,0.854638,0.864491,0.567477,0.455203,c1ccc2nsnc2c1
decoy_943,0.414681,0.330585,0.975381,0.914149,0.641825,0.453899,c1ccc2occc2c1
decoy_944,0.459459,0.369252,0.907137,0.85554,0.61397,0.462674,c1cc2c(o1)CCCC2
decoy_945,0.45667,0.325356,0.881316,0.78721,0.57264,0.394574,c1ccc2ocnc2c1
decoy_946,0.402045,0.343272,0.97612,0.954779,0.648197,0.472007,c1ccc2sccc2c1
decoy_947,0.414201,0.361781,0.909785,0.903284,0.599474,0.482504,c1cc2c(s1)CCCC2
decoy_948,0.491754,0.379843,0.753661,0.676165,0.553933,0.408716,C1CC[C@@H]2SCCC[C@H]2C1
decoy_949,0.465139,0.331865,0.910648,0.809275,0.552332,0.375224,c1ccc2scnc2c1
decoy_95,0.547453,0.442564,0.910324,0.708414,0.58771,0.474185,CC(C)CCNC(=O)N1Cc2ccccc2-n2cccc2[C@H]1C
decoy_950,0.481095,0.3295,0.855701,0.727914,0.560975,0.426754,c1nc2c(s1)CCCC2
decoy_951,0.479759,0.408865,0.888998,0.86602,0.640908,0.543304,c1ccc(C2CCCC2)cc1
decoy_952,0.53493,0.421093,0.96792,0.907875,0.751466,0.522787,c1ccc(-c2ccccc2)cc1
decoy_953,0.499447,0.425576,0.85896,0.842404,0.640282,0.55527,c1ccc(C2CCCCC2)cc1
decoy_954,0.454917,0.395881,0.785599,0.638799,0.568025,0.427875,c1ccc([C@@H]2CCCC[NH2+]2)cc1
decoy_955,0.398158,0.360501,0.726949,0.591801,0.519553,0.416342,C1CCC([C@@H]2CCC[NH2+]2)C1
decoy_956,0.577711,0.390733,0.877994,0.741528,0.620348,0.416656,c1ccc(-c2cccnc2)cc1
decoy_957,0.573247,0.415262,0.875416,0.784219,0.606519,0.454217,c1ccc(-c2ccc[nH]2)cc1
decoy_958,0.487943,0.380403,0.959843,0.889727,0.684618,0.496038,c1ccc(-c2ccco2)cc1
decoy_959,0.467181,0.396222,0.899842,0.875526,0.61988,0.503551,c1csc(C2CCCC2)c1
decoy_96,0.458896,0.508154,0.711735,0.823356,0.50884,0.57687,CCc1cc(Br)cc2cc(C=O)oc12
decoy_960,0.480394,0.379119,0.970596,0.909663,0.694572,0.504309,c1ccc(-c2cccs2)cc1
decoy_961,0.549364,0.389754,0.846893,0.738818,0.601122,0.418983,c1ccc(-c2ccncc2)cc1
decoy_962,0.563368,0.398527,0.864959,0.757802,0.61187,0.429747,c1ccc(-c2ccncn2)cc1
decoy_963,0.492488,0.370661,0.859557,0.701831,0.589692,0.413054,c1ccc(-c2cc[nH]n2)cc1
decoy_964,0.522676,0.365311,0.876974,0.765307,0.572468,0.410226,c1ccc(-c2ccno2)cc1
decoy_965,0.498037,0.409423,0.973887,0.933532,0.709394,0.515396,c1ccc(-c2ccsc2)cc1
decoy_966,0.578689,0.413362,0.889353,0.791744,0.61833,0.431916,c1ccc(-c2cnccn2)cc1
decoy_967,0.509205,0.492713,0.837024,0.85495,0.561189,0.521888,c1ccc(-c2cncnc2)cc1
decoy_968,0.478295,0.380736,0.890914,0.700944,0.611617,0.426362,c1ccc(-c2c[nH]cn2)cc1
decoy_969,0.454628,0.466773,0.799095,0.889957,0.543931,0.519224,c1ccc(-c2cnco2)cc1
decoy_97,0.486763,0.392973,0.898681,0.713174,0.580993,0.416938,FC(F)(F)c1cnc2[nH]ccc2c1
decoy_970,0.533584,0.378704,0.892695,0.788868,0.578979,0.419797,c1ccc(-c2cncs2)cc1
decoy_971,0.491732,0.373859,0.865004,0.696133,0.607842,0.417899,c1ccc(-c2cn[nH]c2)cc1
decoy_972,0.436865,0.476426,0.786242,0.747617,0.555049,0.543613,c1nn[nH]c1C1CCCCC1
decoy_973,0.504207,0.375143,0.853509,0.782099,0.536053,0.407026,c1ccc(-c2cnoc2)cc1
decoy_974,0.549651,0.406484,0.934369,0.85167,0.608624,0.454329,c1ccc(-c2cscn2)cc1
decoy_975,0.5954,0.421481,0.906116,0.799856,0.618872,0.463712,c1ccc(-c2ncccn2)cc1
decoy_976,0.504779,0.44918,0.746099,0.716653,0.562632,0.468023,c1cnc(C2CCCCC2)nc1
decoy_977,0.559257,0.398709,0.92286,0.816774,0.588185,0.437786,c1ccc(-c2nccs2)cc1
decoy_978,0.49855,0.407921,0.723594,0.615968,0.537071,0.464806,C1CCC([C@H]2NCCS2)CC1
decoy_979,0.420619,0.466313,0.826899,0.813167,0.552845,0.574498,c1ccc(-c2nc[nH]n2)cc1
decoy_98,0.542343,0.61162,0.859128,0.837366,0.580007,0.562329,Cc1cc(N[C@H](C)c2cccs2)n2c(nc3ccccc32)c1C#N
decoy_980,0.469449,0.454483,0.818352,0.881309,0.549866,0.511096,c1ccc(-c2ncno2)cc1
decoy_981,0.536528,0.393568,0.892169,0.790567,0.615445,0.453141,c1ccc(-c2ncon2)cc1
decoy_982,0.453124,0.45446,0.719258,0.766815,0.522168,0.52801,c1nc(C2CCCCC2)no1
decoy_983,0.429162,0.456934,0.809251,0.754789,0.561082,0.540248,c1nnc(C2CCCCC2)[nH]1
decoy_984,0.456762,0.45964,0.828975,0.846616,0.540359,0.536772,c1ccc(-c2nncs2)cc1
decoy_985,0.334802,0.363386,0.798656,0.827137,0.540642,0.521823,c1ccc(-c2nn[n-]n2)cc1
decoy_986,0.491576,0.410418,0.843602,0.807737,0.583353,0.471322,c1cc2c(s1)CCCCCC2
decoy_987,0.506281,0.415021,0.885301,0.849393,0.658305,0.569462,C1=C(Cc2ccccc2)CCC1
decoy_988,0.536796,0.431095,0.90056,0.85361,0.675615,0.591993,c1ccc(CC2CCCC2)cc1
decoy_989,0.53057,0.432057,0.853239,0.824013,0.644734,0.576425,c1ccc(CC2CCCCC2)cc1
decoy_99,0.41544,0.414431,0.882026,0.788448,0.543072,0.468002,Brc1c[nH+]cc2c1NCCC2
decoy_990,0.583074,0.497297,0.791459,0.713306,0.611678,0.499452,C(=C/c1ccccc1)\C1=NN(c2nccs2)CC1
decoy_991,0.535185,0.418309,0.845711,0.812262,0.6384,0.564401,c1ccc(CCC2CCCC2)cc1
decoy_992,0.51796,0.442442,0.802523,0.825331,0.590357,0.597955,c1ccc(CCCC2CCCCC2)cc1
decoy_993,0.608732,0.495346,0.788335,0.751126,0.601041,0.494091,C(=C/C1CCCC1)\CCOc1ccccc1
decoy_994,0.484576,0.396416,0.823416,0.651561,0.591103,0.435054,C1=C(CC[NH2+]Cc2ccccc2)CCCC1
decoy_995,0.47161,0.512943,0.732553,0.745669,0.518075,0.58648,c1ncn(C2CCCCCC2)n1
decoy_996,0.479798,0.43926,0.813457,0.696444,0.579221,0.48282,C1CCC(C[NH2+]C2CC2)CC1
decoy_997,0.662509,0.450858,0.808331,0.695063,0.74039,0.508848,c1ccc(NCC2CCCCC2)cc1
decoy_998,0.672364,0.470312,0.833648,0.729381,0.713097,0.527993,c1ccc(NC2CCCCCC2)cc1
decoy_999,0.47734,0.407197,0.803826,0.694709,0.564278,0.47307,c1ccc(NC[C@H]2CCCC[NH2+]2)cc1
