Compound,Tanimoto_SC_ref0_DB,Tanimoto_SC_ref1_DB,Tversky_SC_ref0_DB,Tversky_SC_ref1_DB,Carbo_SC_ref0_DB,Carbo_SC_ref1_DB,SMILES
SC1,0.44253,0.521115,0.719322,0.708156,0.50135,0.506019,CCCCCCCC(=O)Nc1ccccc1
SC10,0.43004,0.364427,0.667748,0.54404,0.51396,0.415492,Cc1cccc(-c2cn(CSc3ccccc3)nn2)c1
SC11,0.505537,0.550599,0.771976,0.713596,0.598044,0.542814,Cc1ccc(Cl)c(NC(=O)c2cccc3ccsc23)c1
SC12,0.485005,0.579963,0.803476,0.773543,0.586546,0.569072,COc1ccc(C)cc1NC(=O)Cc1ccccc1
SC13,0.544193,0.581356,0.726021,0.811924,0.627793,0.614823,Cc1ccc(C)c(NCc2ccccc2)c1
SC14,0.477299,0.760264,0.706823,0.854868,0.537028,0.730595,Cc1cn(-c2cc(Cl)ccc2Oc2ccc(F)cc2)nn1
SC15,0.396666,0.672753,0.693899,0.982758,0.53319,0.867689,Cc1cn(-c2ccccc2)nn1
SC16,0.423156,0.483212,0.79726,0.747805,0.554585,0.508157,COc1ccc(C)cc1NC(=O)c1cccc2c1oc1ccccc12
SC2,0.337442,0.474053,0.602547,0.728606,0.419866,0.472552,Cc1ccc2c(c1)NC(=O)[C@@H](C)S2
SC3,0.506135,0.556984,0.777623,0.735721,0.531294,0.524195,Cc1cccc(NC(=O)c2ccccc2)c1
SC4,0.41722,0.536771,0.674315,0.791477,0.552494,0.614269,C[C@H]1CC(=O)N(c2ccc(Cl)cc2)C1=O
SC5,0.356135,0.41868,0.776308,0.937551,0.491235,0.48925,Cc1cc2c(Cl)cccc2s1
SC6,0.404977,0.443246,0.847694,0.960491,0.563107,0.534829,C/C=C/c1ccccc1Cl
SC7,0.452609,0.627907,0.704251,0.923425,0.557817,0.649451,C/C=C/c1ccccc1Sc1ccc(Cl)cc1
SC8,0.497902,0.619343,0.71361,0.870888,0.641699,0.590032,C/C=C/c1ccccc1OCc1c(Cl)cccc1Cl
SC9,0.459728,0.552351,0.655706,0.767467,0.524015,0.553381,COc1ccc(Cn2ccc3ccc(C)cc32)cc1
decoy_1,0.515389,0.521694,0.743793,0.758846,0.56201,0.528663,Cc1c(C)c2c(c(C)c1O)CC[C@](C)(CCBr)O2
decoy_10,0.466843,0.462745,0.719716,0.683619,0.505926,0.498192,O=C(c1ccc(Br)cc1)c1ccc([N+](=O)[O-])cc1
decoy_100,0.439705,0.465997,0.635512,0.714789,0.502439,0.472749,CC(C)(C)c1cc(C(F)(F)F)c(C#N)c(Cl)n1
decoy_1000,0.491325,0.515962,0.704045,0.706778,0.5527,0.515985,c1ccc(NC[C@H]2CCCCO2)cc1
decoy_1001,0.306883,0.316115,0.498596,0.48561,0.410291,0.402424,c1cc(NC2CCCCCC2)ncn1
decoy_1002,0.413129,0.477285,0.764451,0.758082,0.551232,0.505683,c1ccc(C[NH2+]CC2CCCCC2)cc1
decoy_1003,0.392482,0.46186,0.751324,0.743992,0.533092,0.517274,c1ccc(C[NH2+]C2CCCCCC2)cc1
decoy_1004,0.377551,0.493836,0.722831,0.812058,0.454423,0.557049,c1ccc(OCCC[NH2+]CC2CCCCC2)cc1
decoy_1005,0.370299,0.437331,0.786703,0.772109,0.528459,0.533502,c1ccc(OCCC[NH2+]C2CCCCCCC2)cc1
decoy_1006,0.49107,0.501144,0.712292,0.707714,0.532037,0.492503,c1ccc(OC[C@H]2CCCCO2)cc1
decoy_1007,0.556281,0.561161,0.749694,0.744796,0.60902,0.518218,c1ccc(COC[C@H]2CCCCO2)cc1
decoy_1008,0.498881,0.497137,0.745642,0.771148,0.57821,0.531669,c1ccc(SCC2CCCC2)cc1
decoy_1009,0.577022,0.589024,0.764329,0.819697,0.646016,0.606698,c1ccc(OCCSCC2CCCC2)cc1
decoy_101,0.469737,0.60548,0.688798,0.764172,0.508885,0.567754,CC[C@H](C)n1c(-c2cccs2)nc2ccccc21
decoy_1011,0.403373,0.474966,0.66551,0.670118,0.550386,0.558161,C1CCC([NH+]2CCCCC2)CC1
decoy_1014,0.359565,0.403264,0.700614,0.694883,0.519355,0.470157,C1CCC([NH+]2CCOCC2)CC1
decoy_1018,0.416659,0.46553,0.654212,0.754442,0.511448,0.502455,c1ccc(NC2CCCC2)cc1
decoy_1019,0.444762,0.46713,0.647765,0.711092,0.527409,0.493794,c1ccc(NC2CCCCC2)cc1
decoy_102,0.526498,0.489052,0.806806,0.827071,0.579354,0.522454,CC(C)CCC[C@@H](C)[C@]1(O)CC[C@H](C)CC1
decoy_1020,0.454962,0.455396,0.77535,0.667619,0.573759,0.505264,C1CCC([NH2+]C2CCCCC2)CC1
decoy_1021,0.496715,0.508273,0.686101,0.732352,0.558162,0.548109,C1=CC[C@@H](CNc2ccccc2)CC1
decoy_1022,0.288853,0.279526,0.646055,0.610296,0.462083,0.400031,c1cnnc(NC[C@H]2CC[NH2+]C2)c1
decoy_1023,0.269296,0.285627,0.500742,0.497571,0.368892,0.363913,c1cc(NC2CCCC2)ncn1
decoy_1024,0.294551,0.31124,0.536708,0.536539,0.385646,0.400563,c1nnc(NC2CCCCC2)s1
decoy_1025,0.367984,0.41406,0.686985,0.690762,0.535594,0.551033,C1CCC([NH2+]CC2CC2)CC1
decoy_1026,0.408622,0.491119,0.743137,0.759748,0.55865,0.547379,c1ccc(C[NH2+]C2CCCC2)cc1
decoy_1027,0.39762,0.466595,0.729636,0.721675,0.521344,0.507435,c1ccc(C[NH2+]C2CCCCC2)cc1
decoy_1028,0.419723,0.491432,0.747464,0.739599,0.581263,0.581402,c1ccc(C[NH+]2CCCCCC2)cc1
decoy_1029,0.408869,0.46147,0.768316,0.773532,0.525381,0.512232,c1csc(C[NH2+]C2CCCC2)c1
decoy_103,0.473518,0.491637,0.779209,0.698224,0.566938,0.534847,O=C1CCCCC[C@H]1CN1CCOCC1
decoy_1030,0.405973,0.450351,0.724465,0.720984,0.50194,0.498956,c1csc(C[NH2+]C2CCCCC2)c1
decoy_1031,0.409186,0.445197,0.758421,0.679602,0.592116,0.493778,c1ccc(CC[NH2+]C2CCCCC2)cc1
decoy_1032,0.419063,0.562449,0.730891,0.858251,0.498838,0.645214,c1ccc(OCCC[NH2+]C2CCCC2)cc1
decoy_1033,0.38716,0.464918,0.772561,0.814951,0.572158,0.525009,c1ccc(OCCC[NH2+]C2CCCCC2)cc1
decoy_1034,0.386441,0.409269,0.768528,0.734107,0.492108,0.477183,C1CCC([NH2+]CCCOC2CCCCC2)CC1
decoy_1035,0.412394,0.548489,0.755397,0.856642,0.501121,0.58183,c1ccc(COCCC[NH2+]C2CCCC2)cc1
decoy_1036,0.395926,0.475486,0.75406,0.75552,0.510655,0.506695,c1ccc(COCCC[NH2+]C2CCCCC2)cc1
decoy_1037,0.404747,0.493163,0.803578,0.859319,0.533206,0.547582,C1=CC[C@@H](COCCC[NH2+]C2CCCCC2)CC1
decoy_1038,0.372057,0.453254,0.782703,0.787653,0.5959,0.533176,C(=[NH+]/NCc1cccnn1)\N1CCCCCC1
decoy_1039,0.47429,0.472665,0.734485,0.76821,0.595768,0.554595,c1ccc(OC2CCCC2)cc1
decoy_104,0.376105,0.411588,0.614011,0.592427,0.464139,0.432116,C[C@@H](N(C)C(=O)c1ccc(Br)o1)C(C)(C)C
decoy_1040,0.489714,0.489207,0.729946,0.764017,0.602027,0.569814,c1ccc(OC2CCCCC2)cc1
decoy_1041,0.527972,0.465446,0.732792,0.666155,0.574927,0.494042,C1=CC[C@H](O[C@@H]2CCCCO2)CC1
decoy_1042,0.41848,0.451607,0.691947,0.676917,0.521989,0.525113,c1ccc(OC2CCCC2)nc1
decoy_1043,0.399765,0.43647,0.611799,0.682617,0.466299,0.466127,c1cnc(OC2CCCCC2)cn1
decoy_1044,0.540815,0.507742,0.720729,0.731447,0.581719,0.549947,c1ccc(COC2CCCCC2)cc1
decoy_1045,0.505004,0.544687,0.714582,0.723452,0.537566,0.542338,c1ccc(CCOC[C@H]2CCOC2)cc1
decoy_1046,0.409136,0.517566,0.76047,0.852531,0.534461,0.62981,C1CCC(OCCC[NH2+]C2CC2)CC1
decoy_1048,0.417164,0.496136,0.775575,0.790794,0.529363,0.496077,c1ccc(C[NH2+]CCCOC2CCCCC2)cc1
decoy_1049,0.421651,0.496171,0.758319,0.778722,0.471561,0.502281,c1csc(C[NH2+]CCCOC2CCCCC2)c1
decoy_105,0.41048,0.538901,0.646106,0.72207,0.464088,0.535644,Cc1ccc(C2=C/C(=C\c3ccc4c(c3)OCO4)C(=O)O2)cc1
decoy_1050,0.519726,0.515892,0.729103,0.784001,0.578255,0.584063,c1ccc(OCCCOC2CCCCC2)cc1
decoy_1051,0.365675,0.41339,0.582073,0.578117,0.455972,0.469228,c1nnc(SCCOC2CCCCC2)s1
decoy_1052,0.483721,0.526293,0.662468,0.740259,0.545895,0.539756,C1=CC[C@@H](COCSc2ccccc2)CC1
decoy_1053,0.472336,0.480914,0.76012,0.805185,0.579242,0.534641,c1ccc(SC2CCCC2)cc1
decoy_1054,0.284441,0.332733,0.567912,0.596654,0.373368,0.388403,C1=C(CSc2ncn[nH]2)CCS1
decoy_1055,0.284565,0.303897,0.513068,0.524789,0.393206,0.39403,c1nnc(SC2CCCCC2)[nH]1
decoy_1056,0.512924,0.50861,0.713103,0.756248,0.553611,0.538035,c1ccc(CSC2CCCCC2)cc1
decoy_1057,0.441922,0.4782,0.671353,0.657741,0.497957,0.499214,c1n[nH]cc1CSC1CCCCC1
decoy_1058,0.530331,0.507212,0.743501,0.77538,0.557745,0.503703,c1ccc(CCSC2CCCCC2)cc1
decoy_1059,0.388383,0.417554,0.732859,0.691662,0.55715,0.495169,C1CC[N@@H+]2CCC[C@H]2C1
decoy_106,0.475802,0.482023,0.707036,0.71448,0.494733,0.482305,N#C/C(=C/c1ccco1)Sc1nc2ccccc2s1
decoy_1061,0.332755,0.365209,0.651815,0.616237,0.46533,0.478079,C1CC(N2CCOCC2)CC[NH2+]1
decoy_1063,0.449694,0.459546,0.744759,0.833606,0.537309,0.553808,c1ccc(N2CCCC2)cc1
decoy_1064,0.460199,0.461559,0.717461,0.793932,0.554025,0.555212,c1ccc(N2CCCCC2)cc1
decoy_1065,0.402082,0.42229,0.730762,0.751609,0.522964,0.574826,c1ccc(NC2CC[NH2+]CC2)cc1
decoy_1066,0.506073,0.537549,0.728145,0.791568,0.567002,0.553913,c1ccc(NC2CCSCC2)cc1
decoy_1067,0.42615,0.489829,0.684831,0.758662,0.534971,0.539946,c1ccc(N[C@H]2CCOC2)cc1
decoy_1068,0.46367,0.449251,0.71643,0.758294,0.562806,0.525097,c1ccc(N2CCCC2)nc1
decoy_1069,0.430973,0.41639,0.659954,0.677251,0.484631,0.437831,c1ccc(N2CCCCC2)nc1
decoy_107,0.393636,0.472882,0.665809,0.662588,0.493743,0.514808,CCc1ccc2[nH]c(-c3ccncc3)c(C=O)c2c1
decoy_1070,0.390276,0.460637,0.72409,0.813307,0.518496,0.607259,c1ccc(NC2CC[NH2+]CC2)nc1
decoy_1071,0.425628,0.428393,0.757055,0.703311,0.570349,0.493191,c1cnnc(N2CCCC2)c1
decoy_1073,0.430016,0.426448,0.708671,0.678787,0.533625,0.508943,c1cc(N2CCCCC2)ncn1
decoy_1074,0.358034,0.415221,0.697615,0.720313,0.560653,0.545467,C1CC[NH+](C2CCOCC2)CC1
decoy_1076,0.38435,0.475916,0.745597,0.750295,0.562195,0.575285,c1ccc(C[NH+]2CCCC2)cc1
decoy_1077,0.397753,0.472866,0.741935,0.731384,0.597025,0.524343,c1ccc(C[NH+]2CCCCC2)cc1
decoy_1078,0.397769,0.503138,0.706986,0.797737,0.510728,0.648095,c1ccc(CNC2CC[NH2+]CC2)cc1
decoy_1079,0.411009,0.493349,0.747391,0.778678,0.528793,0.51681,c1ccc(C[NH+]2CCCCC2)nc1
decoy_108,0.411997,0.412538,0.622343,0.62492,0.478165,0.444839,CC1=C(/C=C/C(C)=C\CO)C(C)(C)CCC1
decoy_1080,0.388476,0.4456,0.747722,0.729186,0.519637,0.501182,c1coc(C[NH+]2CCCCC2)c1
decoy_1081,0.379679,0.44152,0.739033,0.720426,0.550333,0.515883,c1csc(C[NH+]2CCCCC2)c1
decoy_1082,0.421636,0.503827,0.744676,0.772398,0.555241,0.58567,c1ccc(CC[NH+]2CCCCC2)cc1
decoy_1083,0.412807,0.521619,0.734552,0.805045,0.585918,0.635914,c1ccc(CCC[NH+]2CCCC2)cc1
decoy_1084,0.41737,0.503418,0.748889,0.804302,0.560245,0.577761,c1ccc(CCC[NH+]2CCCCC2)cc1
decoy_1085,0.410914,0.528412,0.763026,0.848419,0.58197,0.587482,c1ccc(NCCC[NH+]2CCCCC2)cc1
decoy_1086,0.381695,0.448474,0.828473,0.814078,0.582923,0.507542,c1ccc(C[NH2+]CCC[NH+]2CCCCC2)cc1
decoy_1087,0.42647,0.548521,0.720811,0.829301,0.523528,0.639993,c1ccc(OCCC[NH+]2CCCC2)cc1
decoy_1088,0.41438,0.532126,0.740206,0.83889,0.56567,0.59065,c1ccc(OCCC[NH+]2CCCCC2)cc1
decoy_1089,0.416192,0.510173,0.741731,0.791652,0.56934,0.623107,c1ccc(NCC[NH+]2CCCC2)cc1
decoy_109,0.430807,0.406438,0.743347,0.665,0.554273,0.504072,O=C[C@@H]1CCCC12OCCO2
decoy_1090,0.300093,0.373555,0.652675,0.663789,0.537074,0.508349,c1ccc(NCC[NH+]2CCCCC2)nc1
decoy_1091,0.301291,0.381497,0.656685,0.685639,0.541823,0.517576,c1cc(NCC[NH+]2CCCCC2)ncn1
decoy_1092,0.418853,0.551702,0.700796,0.82876,0.48035,0.614829,c1ccc(SCC[NH+]2CCCCC2)cc1
decoy_1093,0.529692,0.564482,0.742314,0.835541,0.607746,0.650725,c1ccc(OC2CCOCC2)cc1
decoy_1094,0.427112,0.479865,0.772605,0.929695,0.550164,0.71054,C1=COC(c2ccccc2)=CC1
decoy_1095,0.315255,0.359916,0.72255,0.788021,0.48089,0.605793,c1cc2n(c1)CC[NH2+]C2
decoy_1097,0.487854,0.551483,0.778941,0.761793,0.582595,0.59993,c1ccc([C@@H]2CCn3nccc3N2)cc1
decoy_1098,0.408659,0.420852,0.741514,0.659562,0.532936,0.456023,C1=CC2=NC=C3C[C@H]4[NH2+]CCC[C@@H]4C(=C1)[C@@H]32
decoy_1099,0.434206,0.451417,0.726964,0.818605,0.5591,0.564393,c1ccc2c(c1)CCCN2
decoy_11,0.422004,0.402776,0.744934,0.753758,0.514628,0.479071,Oc1ccsc1-c1ccncc1
decoy_110,0.375847,0.399031,0.625253,0.586176,0.479616,0.456626,C=C(C)C(=O)O[C@@]12C[C@@H]3C[C@@H](C[C@@](O)(C3)C1)C2
decoy_1100,0.517944,0.453388,0.702493,0.70389,0.589116,0.495795,c1ccc(N[C@H]2C[C@@H](c3ccccc3)C2)cc1
decoy_1101,0.359607,0.429456,0.762217,0.760982,0.487369,0.489529,c1ccc(-c2n[nH]cc2C[NH2+]C[C@H]2CCN(c3ccccc3)C2)cc1
decoy_1102,0.389512,0.538819,0.761565,0.889148,0.553267,0.633011,c1ccc(N2CC[C@H](C[NH2+]Cc3cn[nH]c3)C2)cc1
decoy_1103,0.374414,0.473244,0.757489,0.821503,0.538199,0.593184,c1ccc(C[NH2+]CC2CCN(c3ccccc3)CC2)cc1
decoy_1104,0.357084,0.410876,0.592884,0.594838,0.449574,0.485295,c1ccc(N2CCC(Nc3ccncn3)CC2)cc1
decoy_1105,0.32985,0.36983,0.734519,0.697539,0.46456,0.432802,c1ccc(N2CCC([NH2+]Cc3nc4ccccc4[nH]3)CC2)cc1
decoy_1106,0.397477,0.386795,0.703562,0.729888,0.517133,0.581639,c1ccc(N2CC[NH2+]CC2)cc1
decoy_1107,0.38559,0.438417,0.567135,0.689236,0.520402,0.552941,c1ccc(N2CCN(c3ccccc3)CC2)cc1
decoy_1108,0.356399,0.465517,0.770052,0.870676,0.500869,0.563179,c1ccc(Nc2ncnc(C[NH+]3CCN(c4ccccc4)CC3)n2)cc1
decoy_1109,0.326393,0.428549,0.7078,0.801642,0.416382,0.511886,c1ccc(-c2cn(-c3ccccc3)nc2C[NH+]2CCN(c3ccccc3)CC2)cc1
decoy_111,0.260807,0.344439,0.517292,0.621748,0.351753,0.462706,CC[C@H](C)Sc1ccc([C@@H](C)[NH2+]C)cc1F
decoy_1111,0.430009,0.489495,0.681627,0.830451,0.52028,0.578598,c1ccc(N2CCOCC2)cc1
decoy_1112,0.412643,0.520115,0.71688,0.937944,0.519565,0.715674,C1=NN(c2ccccc2)CC1
decoy_1113,0.339857,0.440889,0.827926,0.919416,0.531516,0.559603,c1ccc(COc2cccc(C[NH2+]C3CCN(c4ccccn4)CC3)c2)cc1
decoy_1114,0.291273,0.379399,0.53104,0.616646,0.407137,0.492703,c1ccc(N2CCN(c3cccc[nH+]3)CC2)cc1
decoy_1115,0.476905,0.46195,0.749301,0.754591,0.520588,0.474804,c1ccc(N2CCOCC2)nc1
decoy_1116,0.430138,0.452714,0.801759,0.775204,0.576834,0.515847,C1=CC2=C(NC1)OCCN2
decoy_1117,0.376452,0.370283,0.594689,0.554338,0.445328,0.427897,c1ccc(CC2CCN(c3ccncn3)CC2)cc1
decoy_1118,0.323506,0.368123,0.569603,0.571607,0.425442,0.439491,c1ccc(OCC2CCN(c3ccncn3)CC2)cc1
decoy_1119,0.384623,0.396269,0.756163,0.786317,0.545035,0.589045,c1cc(N2CC[NH2+]CC2)ncn1
decoy_112,0.43909,0.479314,0.724758,0.690262,0.494219,0.489508,CC[C@@H]1CC[C@H](C#N)[C@H](Sc2ccccc2[N+](=O)[O-])C1
decoy_1121,0.332002,0.342637,0.541657,0.533556,0.435284,0.411021,c1ccc(CC2CCN(c3cnccn3)CC2)cc1
decoy_1123,0.386016,0.410362,0.781426,0.814446,0.539962,0.594732,c1csc(N2CC[NH2+]CC2)n1
decoy_1124,0.361006,0.398142,0.611014,0.580569,0.495856,0.462045,c1csc(N2CCN(c3cn4ccsc4n3)CC2)n1
decoy_1125,0.443421,0.548126,0.77999,0.806592,0.542341,0.579771,C1=Nc2ncnn2[C@H](c2ccccc2)C1
decoy_1128,0.35488,0.363685,0.799724,0.794975,0.506525,0.541761,c1nnc(N2CC[NH2+]CC2)s1
decoy_1129,0.394639,0.424009,0.802811,0.759198,0.513402,0.485673,c1ccc(CN2CC[C@H]([NH2+][C@H]3[C@@H]4C[C@H]5C[C@@H](C4)C[C@@H]3C5)C2)cc1
decoy_113,0.391258,0.535318,0.681213,0.844192,0.514417,0.670588,N#Cc1cnc(-c2cc(F)cc(F)c2)nc1
decoy_1130,0.397157,0.490525,0.781191,0.776655,0.551577,0.548728,c1ccc(CN[C@H]2CC[N@H+](Cc3ccccc3)C2)cc1
decoy_1131,0.272614,0.30371,0.634227,0.573298,0.463314,0.420539,c1ccc(C[N@H+]2CC[C@H](c3ccn4nccc4n3)CC2)cc1
decoy_1132,0.40568,0.502245,0.768608,0.775832,0.553245,0.54958,c1ccc(C[NH+]2CCNCC2)cc1
decoy_1133,0.402335,0.466138,0.764144,0.732808,0.546547,0.506969,c1ccc(CN2CC[NH+](Cc3ccccc3)CC2)cc1
decoy_1134,0.387814,0.481034,0.775939,0.838233,0.550818,0.608603,c1ccc(CCN2CC[NH+](Cc3ccccc3)CC2)cc1
decoy_1135,0.525126,0.564699,0.734868,0.824217,0.570099,0.564485,c1ccc(CN2CCOCC2)cc1
decoy_1136,0.412957,0.404437,0.766772,0.784352,0.532232,0.458224,c1cnc(-c2ccco2)nc1
decoy_1137,0.379816,0.481252,0.712959,0.828774,0.495566,0.604514,c1csc(CN2CC[NH2+]CC2)c1
decoy_1138,0.457358,0.512611,0.75152,0.721498,0.531825,0.530757,c1ccc(CN2CCN(Cc3ccncn3)CC2)cc1
decoy_1139,0.386987,0.452475,0.77182,0.745128,0.528973,0.504909,c1ccc(C[NH+]2CCN(Cc3cc[nH]n3)CC2)cc1
decoy_114,0.496451,0.533455,0.817314,0.750495,0.539812,0.519523,CCOC(=O)Cc1csc2nc3c(n12)CCCCCC3
decoy_1140,0.369384,0.483801,0.842084,0.932501,0.557719,0.597831,C1=C[C@H](C[N@H+]2CC[C@H](C[C@H]3C[C@H](c4ccccc4)NO3)CC2)N=N1
decoy_1141,0.387936,0.501907,0.708762,0.820759,0.503481,0.585843,c1ccc(CN2CC[NH+](Cc3ccsc3)CC2)cc1
decoy_1142,0.309988,0.37037,0.668156,0.772796,0.448297,0.63088,c1nc([C@@H]2CCC[NH2+]2)cs1
decoy_1143,0.336605,0.392474,0.72496,0.725552,0.474295,0.482,c1snnc1CN1CC[NH2+]CC1
decoy_1144,0.435739,0.519078,0.787905,0.801853,0.56518,0.554147,c1ccc(O[C@H]2CC[N@H+](Cc3ncncn3)CC2)cc1
decoy_1145,0.397906,0.477615,0.796675,0.774566,0.556742,0.531109,c1ccc(C[NH+]2CCN(Cc3ncncn3)CC2)cc1
decoy_1146,0.406428,0.456466,0.761293,0.724427,0.537743,0.484396,c1ccc(CC[N@H+]2CC[C@H](c3ccccc3)CC2)cc1
decoy_1147,0.332324,0.437291,0.768163,0.806553,0.46462,0.500338,C(=C/N1CC[NH+](Cc2ncnc(Nc3ccccc3)n2)CC1)\c1ccccc1
decoy_1148,0.399672,0.487213,0.715201,0.785161,0.552902,0.674162,c1ccc(C[C@H]2CCC[NH2+]C2)cc1
decoy_1149,0.391858,0.490453,0.74163,0.807072,0.538549,0.608434,c1ccc(NC[C@H]2CCC[NH2+]2)cc1
decoy_115,0.393663,0.407766,0.566905,0.604433,0.448325,0.446315,CC(C)[C@@H]1CC[C@@H](C)C[C@@H]1C#N
decoy_1150,0.395487,0.483288,0.758657,0.835773,0.550587,0.592521,c1ccc(NC[C@H]2CCC[NH2+]2)nc1
decoy_1151,0.403337,0.510445,0.663089,0.780454,0.481523,0.625758,c1ccc(OCCN2CC[NH2+]CC2)cc1
decoy_1152,0.48902,0.609981,0.682882,0.829336,0.548631,0.594191,C1=NN(c2ccccc2)[C@H](c2ccccc2)C1
decoy_1153,0.434966,0.409778,0.787094,0.821271,0.515626,0.459348,c1ccc2c(c1)CCCO2
decoy_1154,0.423793,0.463836,0.756523,0.84219,0.528014,0.528146,c1ccc2c(c1)NCCO2
decoy_1155,0.41717,0.429683,0.7604,0.871627,0.503602,0.486574,c1ccc2c(c1)OCCO2
decoy_1156,0.452742,0.463384,0.728434,0.820394,0.549234,0.527055,c1ccc2c(c1)OCCCO2
decoy_1157,0.316566,0.343614,0.62548,0.62767,0.457864,0.407163,c1ccc([C@@H]2C[NH2+]CCO2)cc1
decoy_1158,0.411377,0.499323,0.692364,0.877128,0.537539,0.60573,c1ccc(C2OCCO2)cc1
decoy_1159,0.413385,0.481931,0.817133,0.821861,0.540446,0.59102,c1nn[nH]c1[C@@H]1CCCO1
decoy_116,0.49455,0.478149,0.747021,0.677291,0.553173,0.510824,C[C@H]1CC[C@H](C#N)[C@H](N2CCOC[C@@H]2C)C1
decoy_1160,0.486131,0.50764,0.715097,0.785081,0.523835,0.546484,c1ccc(C[C@H]2CCCO2)cc1
decoy_1161,0.375132,0.454929,0.591871,0.660794,0.491553,0.554424,c1ccc(NC[C@H]2CCCOC2)cc1
decoy_1162,0.383099,0.478396,0.609393,0.711553,0.494885,0.575598,c1ccc(NC[C@H]2CCCO2)cc1
decoy_1163,0.320333,0.423976,0.680515,0.746282,0.46872,0.552727,c1ccc(NC[C@H]2CCCO2)[nH+]c1
decoy_1164,0.381799,0.445922,0.691701,0.690711,0.529543,0.526938,c1cc(NC[C@H]2CCCO2)ncn1
decoy_1165,0.389354,0.477841,0.698717,0.705176,0.499562,0.486901,c1ccc(C[NH2+]C[C@H]2CCCO2)cc1
decoy_1166,0.373833,0.455854,0.712199,0.691627,0.529227,0.512648,c1ccc(C[NH2+]C[C@H]2COCCO2)cc1
decoy_1167,0.383814,0.503491,0.739868,0.814799,0.537556,0.566732,C(\NCCc1ccccc1)=[NH+]/C[C@H]1CCCO1
decoy_1168,0.372544,0.534444,0.709748,0.870008,0.498946,0.651849,C(\NCCOc1ccccc1)=[NH+]/C[C@H]1CCCO1
decoy_1169,0.507714,0.531657,0.757063,0.754899,0.577072,0.547053,c1ccc(OC[C@H]2CCCO2)cc1
decoy_117,0.510186,0.572904,0.720086,0.759977,0.546267,0.558023,CC(C)c1ccc([C@@H](O)CCCCl)cc1
decoy_1170,0.499124,0.575434,0.733088,0.743208,0.550568,0.54543,c1ccc(NCCOC[C@H]2CCCO2)cc1
decoy_1171,0.293392,0.347423,0.653449,0.635951,0.429946,0.449908,C1CSC2(CC[NH2+]CC2)N1
decoy_1172,0.389077,0.553894,0.683825,0.854211,0.530154,0.702365,c1ccc([C@H]2NCCS2)cc1
decoy_1173,0.36662,0.347041,0.863858,0.916064,0.548091,0.5075,c1csc(-c2cccs2)c1
decoy_1174,0.499833,0.473832,0.835913,0.821254,0.579357,0.506052,c1csc([C@H]2NCCS2)c1
decoy_1175,0.350958,0.355388,0.737574,0.709988,0.451272,0.399762,c1csc(-c2cc[nH]c2)n1
decoy_1176,0.378324,0.328316,0.892874,0.89144,0.568353,0.507298,c1csc(-c2ccsc2)c1
decoy_1177,0.455195,0.37961,0.857272,0.833055,0.565156,0.454016,c1csc(-c2ccsc2)n1
decoy_1178,0.224891,0.257772,0.528764,0.558342,0.340804,0.359821,c1csc(-c2ncc[nH]2)c1
decoy_1179,0.373418,0.362452,0.759156,0.813629,0.4822,0.423102,c1csc(-c2nccs2)c1
decoy_1180,0.239638,0.255629,0.552384,0.61522,0.353859,0.366282,c1csc(-c2ncno2)c1
decoy_1181,0.249241,0.288218,0.609176,0.644388,0.371209,0.394343,c1csc(-c2nnc[nH]2)c1
decoy_1182,0.233901,0.266795,0.604405,0.675243,0.3602,0.392381,c1csc(-c2nn[n-]n2)c1
decoy_1183,0.445702,0.499254,0.707544,0.681952,0.494021,0.492101,c1ccc2c(c1)NC[C@H]2C1N=c2ccccc2=N1
decoy_1184,0.527023,0.536079,0.741012,0.758375,0.547569,0.51349,c1ccc(CC2=c3ccccc3=NC2)cc1
decoy_1185,0.431085,0.498778,0.74031,0.733994,0.514221,0.523427,c1ccc([C@@H](C2=c3ccccc3=NC2)c2c[nH]c3ccccc23)cc1
decoy_1186,0.435005,0.52677,0.703085,0.719858,0.513427,0.544003,C(=N/N[C@H]1Nc2ccccc2S1)\C1=c2ccccc2=NC1
decoy_1187,0.444863,0.478523,0.680692,0.733226,0.527587,0.497234,c1ccc2c(c1)CNc1ccccc1C2
decoy_1188,0.527806,0.549614,0.737632,0.73016,0.586994,0.546859,c1ccc(C[C@H]2CNc3ccccc3O2)cc1
decoy_119,0.418721,0.458506,0.915559,0.899085,0.602521,0.568254,C[N@@H+](C1CCOCC1)[C@@H]1C[C@H](C(C)(C)C)CC[C@@H]1C#N
decoy_1191,0.393765,0.561793,0.724158,0.79851,0.522971,0.588576,C1=NN=C(c2ccccc2)[C@@H]1c1[nH]cnc1-c1ccccc1
decoy_1192,0.446757,0.623386,0.739619,0.867425,0.553728,0.638522,C1=C[C@H]([C@@H]2NNCN2/N=C/c2ccccc2)N=N1
decoy_1193,0.236098,0.2455,0.547184,0.597662,0.363015,0.351911,c1noc(-c2ccsc2)n1
decoy_1194,0.577421,0.507836,0.7877,0.752886,0.595581,0.513619,c1ccc(N[C@H]2COc3ccccc32)cc1
decoy_1195,0.464848,0.600163,0.702753,0.748576,0.544895,0.646347,C1=C(c2nnc(-c3ccccc3)o2)COc2ccccc21
decoy_1197,0.452752,0.523908,0.734971,0.718976,0.537018,0.533253,c1ccc(CSc2nc([C@@H]3COc4ccccc4O3)n[nH]2)cc1
decoy_1198,0.564316,0.569637,0.747736,0.813284,0.586415,0.55714,c1ccc(C[C@H]2CO[C@H](c3ccccc3)C2)cc1
decoy_1199,0.400003,0.464361,0.745936,0.838966,0.522903,0.57772,c1c[nH]c(C2=NCSC2)c1
decoy_12,0.402191,0.33574,0.87079,0.816987,0.570626,0.447389,N#Cc1csc2nnsc12
decoy_120,0.481916,0.558165,0.733886,0.767865,0.53681,0.561723,Fc1ccc(COc2nsnc2N2CCCCCC2)cc1
decoy_1200,0.412719,0.446314,0.703958,0.746183,0.51234,0.500262,c1ccc2c(c1)CC[NH2+][C@H]2C1CC1
decoy_1201,0.41822,0.46329,0.640173,0.692597,0.46141,0.482419,C1=C(c2ccccc2)[C@@H](c2ccccc2)N=N1
decoy_1202,0.472178,0.594074,0.731776,0.823466,0.558975,0.579473,c1ccc(C2=NN(c3ccccc3)[C@H](c3ccccc3)C2)cc1
decoy_1203,0.47587,0.596916,0.748581,0.766082,0.50962,0.579308,c1ccc([C@H]2C[C@@H](c3ccccc3)n3ncnc3N2)cc1
decoy_1204,0.524395,0.650828,0.700775,0.860006,0.570862,0.566309,C1=CN2C(=NC(c3ccccc3)=C[C@H]2c2ccccc2)S1
decoy_1205,0.491748,0.599752,0.756199,0.84001,0.586356,0.589417,C1=C(c2ccccc2)N[C@@H](c2ccccc2)N[C@H]1c1ccccc1
decoy_1206,0.454026,0.594543,0.772388,0.812593,0.53194,0.569113,C1=C(c2ccccc2)N[C@@H](c2cccnc2)N[C@H]1c1ccccc1
decoy_1207,0.458928,0.613112,0.765612,0.812233,0.580853,0.594615,C1=C(c2ccccc2)N[C@@H](c2cccs2)N[C@H]1c1ccccc1
decoy_1208,0.418841,0.44802,0.785942,0.810558,0.537242,0.508447,c1ccc([C@H]2[NH2+]CCc3[nH]cnc32)cc1
decoy_1209,0.341608,0.374726,0.684386,0.646864,0.451695,0.414208,c1ccc2c(c1)=N[C@H]1C[NH2+]CCC=21
decoy_121,0.418458,0.452228,0.65136,0.653548,0.491787,0.505767,C[C@H]1CC(C)(C)C[C@@](C#N)(NC2CC2)C1
decoy_1210,0.517161,0.438968,0.7729,0.732193,0.525853,0.461095,c1ccc2nc3c(cc2c1)CCC3
decoy_1211,0.519555,0.558047,0.784567,0.882339,0.639212,0.585948,c1ccc(Cc2ccc3c(c2)CCC3)cc1
decoy_1212,0.400403,0.367123,0.633225,0.600522,0.524306,0.415273,c1cnn(Cc2ccc3c(c2)OCC3)c1
decoy_1213,0.512181,0.652462,0.713828,0.83562,0.555613,0.642836,c1ccc(NCc2ccc3c(c2)CCO3)cc1
decoy_1214,0.386307,0.499795,0.634606,0.693125,0.443171,0.498346,c1ccc(C[NH2+]Cc2cc3c(s2)CCC3)cc1
decoy_1215,0.525652,0.528702,0.744203,0.732148,0.576472,0.521179,c1ccc(Oc2ccc3c(n2)CCC3)cc1
decoy_1216,0.512016,0.534007,0.777746,0.747173,0.590605,0.561732,c1ccc(-c2ncc3c(n2)CCC3)cc1
decoy_1217,0.403726,0.481757,0.67747,0.723346,0.497705,0.512888,c1cc(-c2ncc3c(n2)CCC3)ccn1
decoy_1218,0.466759,0.492743,0.7065,0.787654,0.568689,0.538591,C1=C2CCC[C@@H]2Nc2ccccc21
decoy_1219,0.404288,0.458991,0.684624,0.788841,0.510115,0.576693,c1cc2cc3c(nc2s1)CCOC3
decoy_122,0.417024,0.46937,0.692925,0.698429,0.464293,0.487572,CC[C@@H](C)c1ccc(C(=O)c2ccc3c(c2)CCC3)cc1
decoy_1220,0.379482,0.503448,0.687913,0.845925,0.491437,0.629828,c1ccc(-c2ncc3c(n2)CC[NH2+]C3)cc1
decoy_1221,0.520589,0.558951,0.81557,0.778481,0.595129,0.555691,c1ccc(O[C@@H]2CC[C@H]3O[C@@H](c4ccccc4)OC[C@H]3O2)cc1
decoy_1222,0.485108,0.518384,0.664126,0.715405,0.585443,0.542008,c1ccc(N2CCO[C@H]3CCC[C@H]32)cc1
decoy_1223,0.399599,0.406746,0.702011,0.741186,0.473378,0.466802,c1ncc2c3c(sc2n1)CCC3
decoy_1224,0.426696,0.522323,0.701952,0.862211,0.538605,0.568222,c1csc([C@@H]2CCCCc3ccccc32)c1
decoy_1225,0.487795,0.5725,0.744197,0.873191,0.515197,0.621437,C1=C[C@@H](c2ccccc2)N2C=CSC2=N1
decoy_1226,0.503476,0.589696,0.676999,0.792961,0.561798,0.565205,c1ccc([C@@H]2CCCN2c2ccccc2)cc1
decoy_1227,0.43936,0.547497,0.76814,0.775214,0.59456,0.550833,c1ccc([C@@H]2CCC[C@H](c3ccccc3)[NH2+]2)cc1
decoy_1228,0.394112,0.503252,0.749127,0.791337,0.550823,0.530371,c1ccc(OCC[N@@H+]2CCC[C@H]2c2ccccc2)cc1
decoy_1229,0.484713,0.544578,0.689944,0.782526,0.535596,0.533493,c1ccc(-c2conc2C2CCC2)cc1
decoy_123,0.433845,0.443674,0.772482,0.715022,0.508933,0.489858,CCC(C)(C)[C@@H]1CC[C@H](C#N)[C@H](N2CCO[C@H](C)C2)C1
decoy_1230,0.362091,0.467797,0.560764,0.743426,0.459734,0.589748,c1nc2c(s1)C[C@@H]1CCCC[C@@H]1C2
decoy_1231,0.297789,0.352395,0.556921,0.610625,0.395473,0.440321,c1cc2c(cc1[C@@H]1CSCC[NH2+]1)CCCC2
decoy_1232,0.337335,0.424673,0.541732,0.647652,0.439304,0.482541,c1noc(-c2cc3c(s2)CCCCC3)n1
decoy_1233,0.525817,0.418864,0.74989,0.668315,0.53595,0.439122,c1ccc2nc3c(cc2c1)CCCC3
decoy_1235,0.514019,0.510683,0.83049,0.760838,0.566403,0.513451,c1ccc2nc(-c3cc[nH]c3)ccc2c1
decoy_1236,0.408684,0.466057,0.686603,0.671041,0.472882,0.520677,c1ccc(-c2c[nH]c(C3CC[NH2+]CC3)n2)cc1
decoy_1237,0.449991,0.534861,0.618816,0.704878,0.473393,0.517602,c1ccc(-c2ccnc3c2CCCCC3)cc1
decoy_1238,0.470795,0.531325,0.773354,0.768268,0.547824,0.502462,c1cc2c([nH+]c1NC1CC1)CCCC2
decoy_1239,0.454914,0.494454,0.75865,0.699726,0.552249,0.502771,c1c[nH]c(Sc2ccc3c(n2)CCCC3)n1
decoy_124,0.425054,0.487611,0.682404,0.699792,0.47518,0.492899,CC[C@H]1CC[C@H](C#N)[C@H](N2CCc3ccccc32)C1
decoy_1240,0.403597,0.453928,0.763116,0.900752,0.558821,0.504552,c1csc(-c2cc3ccccc3o2)c1
decoy_1241,0.478527,0.421173,0.700734,0.681338,0.516703,0.455994,c1ccc(-c2cccc3ncccc23)cc1
decoy_1242,0.38428,0.504621,0.745522,0.774911,0.534115,0.534261,c1ccc(C[C@H]2CCC[N@@H+](Cc3ccccc3)C2)cc1
decoy_1243,0.38859,0.522616,0.792605,0.857729,0.53412,0.583504,c1ccc(C[C@H]2CCC[N@@H+](Cc3cncnc3)C2)cc1
decoy_1244,0.420829,0.547193,0.78324,0.837243,0.556825,0.567335,c1ccc(C[N@@H+]2CCC[C@H]2C2CCCC2)cc1
decoy_1245,0.466888,0.486332,0.725293,0.793904,0.567577,0.507691,c1ccc(-c2cnn3cccnc23)cc1
decoy_1246,0.518592,0.485675,0.73435,0.756168,0.5691,0.536623,c1ccc(-c2conc2-c2ccccc2)cc1
decoy_1247,0.484588,0.500747,0.722586,0.742339,0.546482,0.531507,c1ccc(-c2conc2-c2cccnc2)cc1
decoy_1248,0.445964,0.40963,0.725663,0.707543,0.487207,0.436631,c1ccc(-c2csc3nccn23)cc1
decoy_1249,0.386287,0.406685,0.649395,0.702017,0.471303,0.467164,c1ccc(-c2csc3ncncc23)cc1
decoy_125,0.414972,0.482159,0.844814,0.861744,0.574822,0.630283,C[C@H]1CC[C@H](C#N)[C@H](N2CCC[N@H+](C)CC2)C1
decoy_1250,0.493345,0.538308,0.780017,0.764555,0.58515,0.588044,c1ccc(-c2nc[nH]c2-c2ccccn2)cc1
decoy_1251,0.488003,0.48068,0.724263,0.726291,0.53989,0.507489,c1ccc(-c2ncnn2-c2ccccc2)cc1
decoy_1252,0.489021,0.578009,0.793505,0.791083,0.553898,0.571086,c1ccc(-c2[nH]cnc2-c2ccncc2)cc1
decoy_1253,0.437301,0.468127,0.763311,0.722548,0.554886,0.506023,c1ccc(-c2nnc3ccccn23)cc1
decoy_1254,0.466442,0.480685,0.745965,0.69709,0.503291,0.489538,c1ccc(-c2nncn2-c2ccccc2)cc1
decoy_1255,0.471792,0.454447,0.787662,0.748976,0.582517,0.516218,c1ccc(-c2n[nH]c3sccc23)cc1
decoy_1256,0.486735,0.505057,0.74278,0.735459,0.543518,0.524329,c1ccc(-c2nnnn2-c2ccccc2)cc1
decoy_1257,0.558171,0.507944,0.784836,0.792566,0.567312,0.506432,c1ccc(-c2ccc3ccccc3n2)cc1
decoy_1258,0.320204,0.413774,0.518278,0.641103,0.419143,0.499313,c1ccc(-c2ccc(-c3ncon3)cc2)cc1
decoy_1259,0.356402,0.455443,0.739888,0.8014,0.546863,0.659446,c1ccn(-c2ccc(CC3CC[NH2+]CC3)cc2)c1
decoy_126,0.409517,0.470133,0.691576,0.755211,0.474836,0.501967,CCC(C)(C)[C@H]1CC[C@@H](C#N)[C@H](Sc2ccc(C)cc2)C1
decoy_1260,0.58662,0.604345,0.781372,0.8483,0.611794,0.618479,c1ccc(-c2ccn(-c3ccccc3)n2)cc1
decoy_1261,0.524379,0.573625,0.793431,0.76251,0.583257,0.585061,c1ccc(-c2ccn(-c3ccccn3)n2)cc1
decoy_1262,0.536106,0.622743,0.719009,0.851305,0.546521,0.590229,c1ccc(-c2ccnc(-c3ccccc3)c2)cc1
decoy_1263,0.526673,0.618369,0.734968,0.868876,0.535029,0.588404,c1ccc(-c2ccnc(-c3cccs3)c2)cc1
decoy_1264,0.438318,0.489898,0.708442,0.707359,0.500085,0.476284,c1ccc(-c2ccnc(-n3cccn3)n2)cc1
decoy_1265,0.406929,0.450412,0.672108,0.718008,0.49488,0.452503,c1ccc(-c2cn3ccccc3n2)cc1
decoy_1266,0.435626,0.465275,0.712824,0.74156,0.542502,0.499856,c1ccc(-c2cn3ccncc3n2)cc1
decoy_1267,0.364372,0.435784,0.623913,0.77469,0.466709,0.564672,c1ccc(-c2cn3ccsc3n2)cc1
decoy_1268,0.344483,0.409232,0.611628,0.740128,0.44284,0.507392,c1ccc(-c2cn3ncsc3n2)cc1
decoy_1269,0.416711,0.465265,0.654619,0.745297,0.493434,0.492492,c1ccc(-c2cnc3ccccc3n2)cc1
decoy_127,0.442772,0.507393,0.685096,0.761966,0.493547,0.523655,CC(C)(C)[C@H]1CC[C@@H](C#N)[C@H](Sc2ccc(F)cc2)C1
decoy_1270,0.339016,0.564533,0.562596,0.795502,0.489426,0.771823,c1ccc(-c2cn(-c3ccccc3)nn2)cc1
decoy_1271,0.433888,0.444639,0.75887,0.698235,0.556387,0.497949,c1ccc(-c2cnc3cncnc3n2)cc1
decoy_1272,0.363844,0.507607,0.691958,0.805203,0.5064,0.582456,c1ccc(-c2cnc(-c3cnc[nH]3)[nH]2)cc1
decoy_1273,0.549306,0.566206,0.75253,0.79835,0.576282,0.570195,c1ccc(-c2cnn(-c3ccccc3)c2)cc1
decoy_1274,0.556308,0.585491,0.76707,0.845249,0.578552,0.598511,c1ccc(-c2csc(-c3ccccc3)n2)cc1
decoy_1275,0.383687,0.476289,0.692179,0.728539,0.509949,0.486682,c1ccc(-c2nc3ccccc3[nH]2)cc1
decoy_1276,0.419253,0.470768,0.683413,0.810078,0.494015,0.487718,c1ccc(-c2nc3ccccc3o2)cc1
decoy_1277,0.492607,0.474459,0.68345,0.696408,0.536862,0.483829,c1ccc2oc(C3CCCCC3)nc2c1
decoy_1278,0.283149,0.325371,0.540557,0.565241,0.387925,0.397721,c1ccc(-c2nc3ncccc3o2)cc1
decoy_1279,0.549319,0.52565,0.735937,0.715068,0.584968,0.546606,c1ccc(-c2noc(C3CCCCC3)n2)cc1
decoy_128,0.415343,0.468069,0.688862,0.6708,0.482886,0.48596,CC(C)(C)[C@@H]1CC[C@@H](C#N)[C@H](Sc2nncs2)C1
decoy_1280,0.484931,0.511417,0.706037,0.714532,0.538861,0.523184,c1ccc(Cc2noc(C3CCCCC3)n2)cc1
decoy_1281,0.331813,0.351297,0.63905,0.637287,0.431734,0.427186,c1ccc(-c2nn3cnnc3s2)cc1
decoy_1282,0.316548,0.54496,0.541894,0.77645,0.470836,0.773129,c1ccc(-c2nnc(-c3ccccc3)s2)cc1
decoy_1283,0.29231,0.431322,0.563534,0.681219,0.44033,0.522936,c1ccc(-c2nc(-c3ccccn3)n[nH]2)cc1
decoy_1284,0.444743,0.536003,0.775931,0.762814,0.547547,0.538797,c1ccc(NCc2nnc(C3CCCC3)[nH]2)cc1
decoy_1285,0.513657,0.520453,0.727663,0.726458,0.566794,0.552348,c1ccc(-c2nc(C3CCCC3)no2)cc1
decoy_1286,0.43938,0.462791,0.624717,0.639799,0.52755,0.475413,c1ccc(-c2nc(C3CCCCC3)no2)cc1
decoy_1287,0.478953,0.518034,0.693791,0.725593,0.532776,0.515553,c1ccc(Cc2nc(C3CCCCC3)no2)cc1
decoy_1288,0.458661,0.422304,0.685097,0.712312,0.600097,0.516152,c1ccc(C(c2ccccc2)c2ccccc2)cc1
decoy_1289,0.445626,0.464278,0.647677,0.684696,0.49031,0.459628,c1ccc(C(c2ccccc2)c2ccon2)cc1
decoy_129,0.438715,0.536284,0.705915,0.782282,0.48454,0.545106,CC(C)(C)[C@@H]1CC[C@@H](C#N)[C@H](Sc2ccc(F)c(F)c2)C1
decoy_1290,0.409966,0.455619,0.657532,0.663189,0.501048,0.482886,c1ccc(C(c2ccccc2)c2cnn[nH]2)cc1
decoy_1291,0.433595,0.409503,0.725366,0.77307,0.565801,0.480119,c1ccc(C(c2cccs2)c2cccs2)cc1
decoy_1292,0.427632,0.487864,0.719218,0.707995,0.53098,0.526977,c1ccc(CSc2nc(CCC3CCCC3)n[nH]2)cc1
decoy_1293,0.374368,0.422823,0.779822,0.756592,0.511655,0.479743,C1=C(CC[NH2+][C@H]2CCN(Cc3ccccc3)C2)CCCC1
decoy_1294,0.508697,0.486054,0.68702,0.696922,0.552799,0.507226,c1ccc2c(c1)ccn2C[C@H]1CCCCO1
decoy_1295,0.388882,0.48096,0.850941,0.884385,0.590147,0.603666,c1csc(NC[C@H]2CCC[N@@H+]2CC2CCCCC2)n1
decoy_1296,0.434665,0.460944,0.680475,0.633198,0.478978,0.477282,c1ccc(-c2nnnn2CC2CCCCC2)cc1
decoy_1297,0.299482,0.347567,0.686547,0.688795,0.513917,0.488944,c1ccc(N[C@H]2CC[N@H+](CC3CCCC3)CC2)nc1
decoy_1298,0.583585,0.475697,0.768517,0.715237,0.67681,0.492898,c1nn(CC2CCCCC2)c2c1CCCC2
decoy_1299,0.462217,0.498429,0.799178,0.748951,0.534729,0.546178,c1nc(NC2CCCCCC2)cc(N2CCCCC2)n1
decoy_13,0.395163,0.439723,0.766873,0.805106,0.490045,0.489074,N#Cc1ccc2c(c1)COC2=O
decoy_130,0.391975,0.491487,0.718652,0.740036,0.542288,0.521774,CC(C)[NH2+][C@H](Cc1cccs1)c1cccs1
decoy_1300,0.397862,0.500086,0.787956,0.81234,0.566989,0.548176,c1ccc(C[NH2+][C@H](c2ccccc2)C2CCCC2)cc1
decoy_1301,0.360282,0.387098,0.87223,0.82244,0.500229,0.486654,c1cc(C[NH2+]CC2CCCCC2)cc(OCCCN2CCOCC2)c1
decoy_1302,0.393984,0.495511,0.737385,0.808113,0.45807,0.53007,c1ccc2nc(C[NH2+]CC3CCCCC3)ncc2c1
decoy_1303,0.392046,0.483396,0.733278,0.783528,0.466384,0.513019,c1cc2cnc(C[NH2+]CC3CCCCC3)nc2s1
decoy_1304,0.401045,0.524341,0.796897,0.842802,0.553004,0.550433,c1ccc(CC[NH2+][C@H](c2cccs2)C2CCCC2)cc1
decoy_1305,0.377277,0.468712,0.667046,0.715354,0.451283,0.500228,c1ccc2c(OC[C@H]3CCCCO3)cc[nH+]c2c1
decoy_1306,0.392501,0.500852,0.709485,0.82872,0.529534,0.626977,c1ccc2[nH]c(SC[C@H]3CCCC[NH2+]3)nc2c1
decoy_1307,0.392949,0.518757,0.724755,0.767822,0.492728,0.562475,c1ccc(Nc2ncnc(CSC[C@H]3CCCCO3)n2)cc1
decoy_131,0.474847,0.446754,0.694433,0.707183,0.539188,0.47085,Fc1ccccc1N[C@@H]1C[C@@H]2CC=C[C@@H]21
decoy_1310,0.474526,0.526444,0.746139,0.697587,0.507593,0.543628,c1ccc(-c2nncn2C2CCCC2)cc1
decoy_1311,0.548845,0.463052,0.751609,0.732138,0.595018,0.488159,c1ccc2c(c1)cnn2C1CCCCC1
decoy_1312,0.407007,0.443286,0.633494,0.598463,0.455552,0.463522,c1ccc(-c2nnnn2C2CCCCC2)cc1
decoy_1313,0.496574,0.524,0.729745,0.69677,0.537344,0.521066,c1ccc(Sc2nnnn2C2CCCC2)cc1
decoy_1314,0.368893,0.445362,0.588279,0.639589,0.459747,0.495962,c1coc(CSc2nnnn2C2CCCC2)c1
decoy_1315,0.58665,0.594456,0.756798,0.840439,0.649216,0.646301,c1coc(-c2ccn(C3CCCCC3)n2)c1
decoy_1316,0.413402,0.443584,0.80614,0.734376,0.552816,0.515473,c1ccc(CN2CC[NH+](C3CCCCC3)CC2)cc1
decoy_1318,0.36783,0.49117,0.718114,0.770394,0.452051,0.521018,c1cnc2c(c1)CCC[C@@H]2[NH2+]C1CCCCC1
decoy_1319,0.361683,0.402395,0.578189,0.575282,0.428739,0.447584,c1cnnc(NC[C@H]2CCCc3ccccc32)c1
decoy_132,0.399199,0.486048,0.791266,0.788382,0.53686,0.508845,c1csc([C@@H]([NH2+]CC2CCC2)C2CCCC2)c1
decoy_1320,0.402774,0.464026,0.660783,0.694369,0.439797,0.477904,c1ccc2c(NC3CCCCC3)cc[nH+]c2c1
decoy_1321,0.427128,0.455886,0.753132,0.703789,0.52663,0.494063,c1n[nH]c(Sc2ccc(NCC3CCOCC3)cc2)n1
decoy_1323,0.45349,0.576098,0.747769,0.7847,0.540999,0.604948,c1ccc(CNc2cc(NC3CCCC3)ncn2)cc1
decoy_1324,0.380184,0.386747,0.699487,0.657685,0.452414,0.438441,c1ccc(NNc2cc(N3CCCCCC3)nc[nH+]2)cc1
decoy_1326,0.361642,0.433319,0.780622,0.798082,0.541749,0.523438,c1ccc(C[NH2+]C[C@H]2CC[NH2+][C@@H]2c2ccccc2)cc1
decoy_1327,0.380393,0.455909,0.762443,0.746064,0.524866,0.505099,c1ccc(Cn2cccc2C[NH2+]C2CCCCC2)cc1
decoy_1328,0.378778,0.488027,0.78332,0.81398,0.540616,0.536385,c1ccc(C2(C[NH2+]Cc3ncno3)CCOCC2)cc1
decoy_1329,0.393164,0.443002,0.684194,0.736438,0.486783,0.482381,c1ccc2oc(C[NH2+]C3CCCCC3)cc2c1
decoy_133,0.46353,0.608986,0.659555,0.84319,0.54055,0.638741,C[C@@H](Cl)c1ncc(-c2ccc3ccccc3c2)o1
decoy_1330,0.391538,0.468154,0.719296,0.697845,0.516216,0.472486,c1csc(-c2noc(C[NH2+]C3CCCCC3)n2)c1
decoy_1331,0.361067,0.458543,0.793643,0.86095,0.53307,0.548916,c1ccc2c(c1)SCC/C2=N\OCCC[NH2+]C1CCCCC1
decoy_1332,0.418575,0.546802,0.800968,0.857814,0.571985,0.645211,c1ccc(CSc2nnc(NN=C3CCCC3)[nH]2)cc1
decoy_1333,0.480095,0.467694,0.664261,0.645111,0.49719,0.458652,c1cc(OC2CCCCC2)c2cccnc2c1
decoy_1334,0.361117,0.479074,0.727683,0.795585,0.462572,0.524661,c1ccc(CC[NH2+]Cc2ccccc2OC2CCCC2)cc1
decoy_1335,0.486861,0.540222,0.777174,0.733932,0.584176,0.601171,c1ccc2c(O[C@@H]3CCCCO3)c[nH]c2c1
decoy_1336,0.392715,0.569042,0.702327,0.795681,0.45778,0.563013,c1ccc(NCc2cccnc2OC2CCCC2)[nH+]c1
decoy_1337,0.380175,0.466979,0.785542,0.84569,0.515564,0.538261,c1ccc(C[NH2+]CCc2ccc(OC3CCCC3)cc2)cc1
decoy_1338,0.47974,0.53838,0.791702,0.75936,0.547618,0.541161,c1nc(OC2CCCCC2)cc(N2CCCCC2)n1
decoy_1339,0.518604,0.646613,0.791405,0.843994,0.573596,0.62412,c1ccc(C(O[C@@H]2CCCCO2)c2ccccc2)cc1
decoy_134,0.479125,0.538277,0.72837,0.734667,0.530223,0.539102,C[C@H]1CC[C@H](Nc2ccc(C(F)(F)F)cc2C#N)CC1
decoy_1340,0.464205,0.542336,0.762369,0.818143,0.533674,0.561904,c1ccc(CNc2cccc(COC3CCCCC3)c2)cc1
decoy_1341,0.388743,0.514669,0.723945,0.791769,0.485455,0.521565,c1ccc([C@H](COC2CCCC2)[NH2+]C2CC2)cc1
decoy_1342,0.480421,0.516168,0.834674,0.851047,0.610286,0.556397,C1=CC[C@H](COC(OC[C@H]2CC=CCC2)[C@@H]2CC=CCC2)CC1
decoy_1343,0.313856,0.325162,0.73351,0.65129,0.483105,0.426918,c1cc(CN2CC[NH+](C3CC[NH2+]CC3)CC2)n[nH]1
decoy_1344,0.540109,0.569167,0.732412,0.79678,0.584777,0.592884,c1ccc(N[C@H]2CCOc3ccccc32)cc1
decoy_1345,0.460726,0.536981,0.781829,0.781884,0.556554,0.559726,c1ccc(OCCNc2ccccc2N2CCCCC2)cc1
decoy_1346,0.512247,0.489635,0.7505,0.664031,0.578161,0.493411,c1ccc2nc(N3CCCCC3)ccc2c1
decoy_1347,0.406317,0.458514,0.748823,0.772897,0.482255,0.4919,c1ccc(C[NH2+]Cc2ccc(N3CCCCC3)cc2)cc1
decoy_1348,0.434342,0.493752,0.806877,0.808255,0.541098,0.519749,c1csc(C[NH2+]Cc2ccc(N3CCCCC3)cc2)c1
decoy_1349,0.415707,0.511027,0.790069,0.872511,0.519817,0.601526,c1cc(N2CCCCC2)ccc1C[NH2+]Cc1cn[nH]c1
decoy_135,0.45623,0.513284,0.670296,0.721735,0.49349,0.513788,CC[C@@H](C)c1ccc(C(=O)c2ccc(F)cc2F)cc1
decoy_1350,0.496861,0.51519,0.7956,0.721513,0.554802,0.529191,c1nc(N2CCCCC2)cc(N2CCCCC2)n1
decoy_1351,0.399998,0.491887,0.762956,0.852993,0.532398,0.709446,c1nc(N2CCCCC2)cc(N2CC[NH2+]CC2)n1
decoy_1352,0.469156,0.549112,0.736355,0.722954,0.544784,0.545799,c1ccc(Nc2cc(N3CCCCC3)ncn2)cc1
decoy_1353,0.489732,0.532917,0.776802,0.715946,0.560279,0.550549,c1ccc(Nc2cc(N3CCCCC3)ncn2)nc1
decoy_1354,0.323539,0.365537,0.715361,0.692609,0.542968,0.501261,c1cnnc(N2CCC([NH+]3CCCCC3)CC2)c1
decoy_1355,0.473428,0.546597,0.766231,0.749302,0.543308,0.558529,c1ccc(CNc2cc(N3CCCCC3)ncn2)cc1
decoy_1356,0.454098,0.564428,0.767407,0.767202,0.551798,0.557904,c1coc(CNc2cc(N3CCCCC3)ncn2)c1
decoy_1357,0.506922,0.532017,0.799295,0.712849,0.634944,0.554479,c1cnn(-c2nccc(N3CCCCC3)n2)c1
decoy_1358,0.430632,0.548123,0.762217,0.797273,0.524673,0.550503,c1cncc(OCCNc2nccc(N3CCCCC3)n2)c1
decoy_1359,0.480312,0.55457,0.740011,0.72232,0.540484,0.549356,c1ccc(Oc2cc(N3CCCCC3)ncn2)cc1
decoy_136,0.392656,0.368772,0.600779,0.61314,0.455645,0.443078,C[C@@H](C#N)C1CCCCC1
decoy_1360,0.411356,0.425851,0.774686,0.787433,0.5695,0.645488,c1ccc(Oc2cc(NC3CC[NH2+]CC3)ncn2)cc1
decoy_1361,0.454561,0.471667,0.740801,0.682144,0.531971,0.473429,c1ccn2cc(N3CCCC3)nc2c1
decoy_1362,0.512446,0.531544,0.803326,0.72609,0.617962,0.537596,c1nc(N2CCCCC2)nc(N2CCCCC2)n1
decoy_1363,0.494706,0.475034,0.775741,0.708772,0.525226,0.501557,c1cn2nc(N3CCCCC3)sc2n1
decoy_1364,0.409699,0.490737,0.783184,0.762614,0.500278,0.528383,c1ccc([C@H](c2nnn[n-]2)[NH+]2CCCCC2)cc1
decoy_1365,0.383393,0.506943,0.778473,0.827308,0.544465,0.560376,c1ccc(CN[C@H]2CCC[N@@H+](Cc3ccccc3)C2)cc1
decoy_1366,0.30777,0.364211,0.636633,0.713249,0.486804,0.536379,C1CC[NH+](C[C@H]2C[N@H+]3CC[C@@H]2CC3)C1
decoy_1367,0.409021,0.454372,0.734911,0.763006,0.530529,0.528551,c1ccn2c(C[NH+]3CCCCC3)cnc2c1
decoy_1368,0.427295,0.496191,0.727785,0.733612,0.511509,0.478621,c1cc2c(cc1C[NH+]1CCCCC1)CCN2
decoy_1369,0.318367,0.379679,0.670683,0.65523,0.525717,0.476596,c1cc2c(cc1C[NH+]1CCCC1)OCO2
decoy_1370,0.376979,0.458611,0.709313,0.718495,0.477795,0.51633,c1ccc(-c2ccc(C[NH2+]C3CC[NH2+]CC3)o2)cc1
decoy_1371,0.405499,0.554215,0.66269,0.82596,0.468148,0.605833,c1ccc(-c2nc(C[NH+]3CCCC3)cs2)cc1
decoy_1372,0.409993,0.518214,0.717737,0.824715,0.531477,0.599958,c1ccc(-c2noc(C[NH+]3CCCCC3)n2)cc1
decoy_1373,0.358229,0.462853,0.730671,0.743911,0.522109,0.530976,c1ccc(CC[NH2+][C@H]2CCCc3ccccc32)cc1
decoy_1374,0.375322,0.469825,0.770979,0.818539,0.510486,0.546467,C1CC[NH+](CCCCO[C@H]2C[C@@H]3CC[C@H]2C3)CC1
decoy_1375,0.350082,0.468849,0.723973,0.852582,0.492147,0.546953,c1ccc(Oc2ccnc(NCCC[NH+]3CCCCC3)n2)cc1
decoy_1379,0.362435,0.396405,0.772294,0.800933,0.527077,0.526468,C(=N/c1ccc(OCCC[NH+]2CCCCC2)cc1)\c1ccccc1
decoy_138,0.47277,0.406771,0.683198,0.646689,0.571876,0.475849,CC(C)C[C@@]1(O)C[C@H]2C[C@@H]1[C@H]1CCC[C@H]21
decoy_1380,0.366039,0.425874,0.711154,0.737231,0.461363,0.475301,c1ccc(C(OCCC[NH+]2CCCCC2)c2ccccc2)cc1
decoy_1381,0.371638,0.464849,0.820861,0.859823,0.539715,0.569801,c1ccc(CNc2nnc(SCCC[NH+]3CCCCC3)s2)cc1
decoy_1382,0.387418,0.484611,0.771723,0.847017,0.542474,0.54185,c1ccc([C@H](CNc2ccncn2)[NH+]2CCCC2)cc1
decoy_1383,0.402606,0.526946,0.784444,0.87415,0.589582,0.587541,c1coc([C@H](CNc2ccncn2)[NH+]2CCCCC2)c1
decoy_1384,0.359062,0.448765,0.76189,0.881603,0.497045,0.554192,C(Nc1ccccc1)=[NH+]C[C@@H](c1ccco1)[NH+]1CCCCC1
decoy_1385,0.433559,0.449431,0.751573,0.664167,0.55281,0.502333,c1nc(NN2CCCCC2)c2ccsc2n1
decoy_1386,0.550124,0.556953,0.730341,0.793513,0.587268,0.535782,c1ccc(CO[C@H]2CCCc3ccccc32)cc1
decoy_1387,0.502076,0.552127,0.800268,0.813138,0.548414,0.559249,c1ccc(CO[C@@H]2CCC[C@H](OCc3ccccc3)C2)cc1
decoy_1388,0.468685,0.597565,0.74105,0.856407,0.537759,0.582009,c1ccc(COC[C@@H]2OCC[C@H]2OCc2ccccc2)cc1
decoy_1389,0.366457,0.517347,0.686972,0.778533,0.483695,0.593252,c1ccc([C@H]2[NH2+]CCn3cccc32)cc1
decoy_139,0.392054,0.494467,0.63197,0.672774,0.438688,0.467094,CC(C)c1cccc(-n2c(=S)[nH]c3c(F)cccc32)c1
decoy_1390,0.484906,0.494328,0.74529,0.790796,0.576787,0.538559,C1=C2Nc3ccccc3CN2CC1
decoy_1391,0.507001,0.523243,0.82507,0.771886,0.596587,0.561182,c1ccc(-c2cn3c(n2)SCC3)cc1
decoy_1392,0.394848,0.558737,0.660548,0.834837,0.488171,0.628077,c1ccc(-c2ccccc2N2CC[NH2+]CC2)cc1
decoy_1393,0.432537,0.550557,0.735922,0.781188,0.498622,0.56536,c1ccc([C@@H]2CN(c3ccccc3)CC[NH2+]2)cc1
decoy_1394,0.522785,0.470848,0.762704,0.682134,0.554769,0.478468,c1ccc2c(c1)CCCN2c1ccncn1
decoy_1395,0.365629,0.434981,0.681276,0.792758,0.497614,0.583731,c1nc(N2CC[NH2+]CC2)c2ccsc2n1
decoy_1396,0.400146,0.448221,0.590004,0.687276,0.477021,0.506624,c1ccc2c(c1)CC(N1CCOCC1)C2
decoy_1397,0.378782,0.471763,0.669516,0.800261,0.516241,0.628629,c1ccc2nc(N3CC[NH2+]CC3)ccc2c1
decoy_1398,0.485582,0.486443,0.736991,0.725131,0.565558,0.511522,c1ccc(N2CCN(c3ccc4ccccc4n3)CC2)cc1
decoy_1399,0.405602,0.446135,0.696736,0.66811,0.463786,0.522623,c1ccc(CC2CCN(c3ccc4nncn4n3)CC2)cc1
decoy_14,0.4234,0.578524,0.70689,0.785377,0.501522,0.617066,C[C@@H]1C[C@@H](C)CN(c2oc(-c3ccc(F)cc3)nc2C#N)C1
decoy_140,0.417575,0.458477,0.7273,0.708895,0.48817,0.483005,CC(C)(C)[C@H]1CCCC[C@]1(O)c1cnc2ccccc2c1
decoy_1400,0.522643,0.598402,0.729073,0.792137,0.567627,0.571322,c1cc(OCC2CC2)nc(N2CCOCC2)c1
decoy_1401,0.410979,0.466229,0.809139,0.777938,0.506764,0.510679,c1ccc(CC2CCN(c3cc(Nc4ccccc4)ncn3)CC2)cc1
decoy_1402,0.399212,0.525611,0.727666,0.851412,0.518614,0.607458,c1ccc(Nc2cc(N3CC[NH2+]CC3)ncn2)cc1
decoy_1403,0.362703,0.458401,0.748266,0.779354,0.472546,0.503428,c1ccc(Nc2cc(N3CCN(c4ccccc4)CC3)nc[nH+]2)cc1
decoy_1404,0.356962,0.465743,0.740541,0.79516,0.475093,0.520108,c1ccc(Nc2cc(N3CCN(c4ccccn4)CC3)nc[nH+]2)cc1
decoy_1405,0.382588,0.494405,0.841086,0.89915,0.562563,0.622486,c1ccc(C[NH+]2CCN(c3cc(Nc4ccccc4)ncn3)CC2)cc1
decoy_1406,0.380785,0.44638,0.797962,0.780884,0.551148,0.523456,c1ccc(C[C@H]2CC[N@H+](Cc3cccc4ccccc34)CC2)cc1
decoy_1407,0.371414,0.538516,0.658481,0.853112,0.487447,0.652862,c1ccc(C(c2ccccc2)N2CC[NH2+]CC2)cc1
decoy_1408,0.352867,0.499275,0.767721,0.913183,0.490848,0.566131,c1ccc(C(c2ccccc2)N2CC[NH+](Cc3ncncn3)CC2)cc1
decoy_1409,0.401124,0.526102,0.713724,0.784529,0.482009,0.53879,c1ccc(CN2CC[NH2+][C@H](c3ccccc3)C2)cc1
decoy_141,0.471871,0.546023,0.680988,0.79339,0.512147,0.526572,ClCc1coc(-c2cc3c(s2)CCCC3)n1
decoy_1410,0.357187,0.466025,0.753072,0.862994,0.502675,0.564402,c1ccc(C[NH+]2CCN(Cc3c[nH]c4ccccc34)CC2)nc1
decoy_1411,0.377672,0.449131,0.756273,0.812984,0.516115,0.560322,c1csc(C[NH+]2CCN(Cc3c[nH]c4ccccc34)CC2)c1
decoy_1412,0.342289,0.409072,0.858941,0.877161,0.539259,0.527351,C1=NN=C(c2ccccc2)[C@H]1CN1CC[C@H]2NN[C@H](c3ccccc3)[N@@H+]2CC1
decoy_1413,0.380716,0.491495,0.690507,0.798795,0.479178,0.547758,c1ccc(-c2ccc(C[NH+]3CCNCC3)cc2)cc1
decoy_1414,0.287421,0.328736,0.744126,0.716105,0.48413,0.4215,C1=C[C@@H](c2ccc(C[N@H+]3CC[C@H](C[C@@H]4C[C@H](c5ccccc5)NO4)CC3)o2)N=N1
decoy_1415,0.393042,0.48609,0.749969,0.838821,0.556276,0.583301,c1ccc(Cc2ccc(C[NH+]3CCNCC3)cc2)cc1
decoy_1416,0.379093,0.436647,0.800564,0.760171,0.551877,0.497085,c1ccc([C@H]2CC[N@H+](Cc3cccc(-c4cnccn4)c3)CC2)cc1
decoy_1417,0.448767,0.503653,0.793726,0.76847,0.559432,0.553111,c1cc(NCc2ccc(CN3CCOCC3)cc2)ncn1
decoy_1418,0.49708,0.535392,0.790889,0.740418,0.602614,0.53442,c1cc2cnc(CN3CCOCC3)nc2s1
decoy_1419,0.380733,0.419807,0.856692,0.816623,0.527232,0.506791,c1ccc(C[NH+]2CCN(Cc3ncnc(Nc4ccccc4)n3)CC2)cc1
decoy_142,0.39805,0.535127,0.672891,0.910858,0.504655,0.647146,ClCc1coc(-c2cc(Cl)cc(Cl)c2)n1
decoy_1420,0.370385,0.455207,0.814016,0.84904,0.541185,0.566493,c1ccc(CN[C@H]2CC[N@H+](CC(c3ccccc3)c3ccccc3)C2)cc1
decoy_1421,0.395236,0.53853,0.727034,0.868392,0.528423,0.678793,c1ccc(-c2cc([C@H]3CCC[NH2+]C3)ccn2)cc1
decoy_1422,0.326975,0.403934,0.642627,0.712701,0.406846,0.465332,c1ccc(NCc2cc(C[C@H]3CCC[NH2+]C3)no2)cc1
decoy_1423,0.384941,0.50407,0.792842,0.860735,0.585869,0.570417,c1ccc(NC[C@@H](c2ccccc2)[NH+]2CCNCC2)cc1
decoy_1425,0.399768,0.468394,0.809128,0.791515,0.543062,0.508759,C(\NC[C@@H](c1ccccc1)N1CCOCC1)=[NH+]/Cc1ccco1
decoy_1426,0.337087,0.464682,0.769305,0.811055,0.495504,0.553435,c1ccc(C/[NH+]=C(\Nc2ccccc2)N2CC[NH2+]CC2)cc1
decoy_1427,0.411013,0.396664,0.812595,0.714261,0.534494,0.46495,c1ccc(C(c2ccccc2)C2CCN(/N=N/C3=c4ccccc4=NC3)CC2)cc1
decoy_1428,0.339585,0.410029,0.699586,0.724679,0.430766,0.477113,c1nc2cc3c(cc2[nH]1)OCCO3
decoy_1429,0.370445,0.445458,0.646204,0.688941,0.466398,0.498933,c1cc2c(cc1-c1cn[nH]c1)OCCO2
decoy_143,0.45341,0.419685,0.717152,0.637073,0.5116,0.463857,N#C[C@@]1(NC2CCCCCC2)CCSc2ccccc21
decoy_1430,0.37471,0.447166,0.626127,0.643645,0.498245,0.484875,c1nc(Cc2ccc3c(c2)OCCCO3)no1
decoy_1431,0.499842,0.566084,0.79312,0.754502,0.551377,0.557869,c1ccc(Nc2ccc3c(c2)OCCCO3)nc1
decoy_1432,0.494259,0.496223,0.716058,0.732657,0.601691,0.56365,c1ccc2c(c1)OC[C@H]1OCCC[C@@H]1O2
decoy_1433,0.414086,0.439967,0.649698,0.684678,0.496843,0.474861,c1cc2cnc(C[C@H]3CCCO3)nc2s1
decoy_1434,0.402402,0.440465,0.755582,0.708757,0.481222,0.508984,c1ccc2c(NC[C@H]3CCCOC3)cc[nH+]c2c1
decoy_1435,0.423553,0.57775,0.736264,0.802449,0.532455,0.568447,c1ccc(Nc2cc(NC[C@H]3CCCO3)ncn2)cc1
decoy_1436,0.328508,0.454484,0.721615,0.840695,0.519256,0.573678,C(\NCC1(c2ccccc2)CCC1)=[NH+]/C[C@H]1CCCO1
decoy_1437,0.354635,0.462323,0.667151,0.736388,0.456004,0.514072,C(=N/C[C@H]1CCCO1)\[NH+]=N\c1c[nH]c2ccccc12
decoy_1438,0.484058,0.622056,0.783007,0.82604,0.578708,0.637593,c1ccc(CNc2ccccc2OC[C@H]2CCCO2)cc1
decoy_1439,0.412426,0.498679,0.753768,0.763389,0.510547,0.50883,c1ccc(OCCNc2ccccc2OC[C@H]2CCCO2)cc1
decoy_144,0.359866,0.482666,0.71633,0.769228,0.465626,0.479056,Oc1ccc([C@@H]2CC(c3ccccc3)=Nc3[nH+]c4ccccc4n32)cc1
decoy_1440,0.442141,0.500328,0.733356,0.721311,0.5072,0.523391,c1ccc(NCc2ccc(OC[C@H]3CCCO3)cc2)cc1
decoy_1441,0.457063,0.595397,0.759888,0.808221,0.538052,0.574589,c1ccc(CNc2cccc(OC[C@H]3CCCO3)c2)cc1
decoy_1442,0.451795,0.51919,0.804704,0.789911,0.53942,0.541799,c1ccc(OCCNc2cccc(OC[C@H]3CCCO3)c2)cc1
decoy_1443,0.410335,0.492101,0.736893,0.755637,0.492687,0.543357,c1ccc(OCCNc2ccc(OC[C@H]3CCCO3)cc2)cc1
decoy_1444,0.491188,0.493012,0.773974,0.723955,0.531286,0.508819,c1ccc2c(c1)ncn2[C@@H]1CCCO1
decoy_1445,0.428349,0.451009,0.754676,0.777361,0.532236,0.504427,c1csc(-c2ccc3cnoc3n2)c1
decoy_1446,0.441456,0.484389,0.731056,0.863074,0.53837,0.493478,c1csc(-c2ncc3ccsc3n2)c1
decoy_1447,0.29647,0.376017,0.671466,0.684203,0.478729,0.472846,C(=N/Nc1ccncc1)\c1ccc(NC2=[NH+]CCS2)cc1
decoy_1448,0.41041,0.622061,0.753104,0.887017,0.513464,0.643937,c1ccc([C@H]2NCN(Cc3ncc[nH]3)[C@@H]2c2ccccc2)cc1
decoy_1449,0.443989,0.533911,0.780252,0.772308,0.537169,0.540224,c1ccc(CN2CN=C(c3ccccc3)[C@@H]2c2cnc[nH]2)cc1
decoy_145,0.261667,0.26486,0.469974,0.45193,0.372025,0.358033,CON(C)C(=O)C1CCCC1
decoy_1450,0.541361,0.598298,0.788587,0.742891,0.622987,0.560204,C1=C(c2ccccc2)NCN[C@@H]1c1ccccc1
decoy_1451,0.480138,0.453158,0.730549,0.680084,0.525146,0.47818,C1=C[C@H](c2ccccc2)C2=C(O1)/C(=C/c1ccccc1)CNC2
decoy_1452,0.376853,0.43349,0.692033,0.703093,0.475935,0.480446,C1=CC2=CC[NH2+]C[C@@H]2[C@@H](c2cccnc2)C1
decoy_1454,0.417351,0.516551,0.73323,0.734232,0.494278,0.506108,c1ccc(N2CN[NH+]=C2C2=c3ccccc3=NC2)cc1
decoy_1455,0.431498,0.525251,0.729575,0.761286,0.516369,0.527209,c1coc(CN2CN[NH+]=C2C2=c3ccccc3=NC2)c1
decoy_1456,0.299857,0.323627,0.625462,0.586104,0.422385,0.398554,C(=C/C1=c2ccccc2=NC1)\C=N\C1=[NH+]NCS1
decoy_1459,0.459786,0.492029,0.688524,0.693754,0.533614,0.548556,c1ccc(CNc2ccc3c(c2)OCO3)cc1
decoy_146,0.505917,0.437954,0.791411,0.705769,0.550305,0.468749,Brc1cnn([C@H]2CCCCO2)c1
decoy_1460,0.51342,0.611042,0.706161,0.810937,0.55157,0.576221,c1ccc(OCc2cccc3c2OCOC3)cc1
decoy_1461,0.452777,0.601561,0.77725,0.828699,0.552296,0.589156,c1ccc([C@H]2N[C@@H](c3ccccc3)Cc3c2[nH]c2ccccc32)cc1
decoy_1462,0.380496,0.530384,0.742764,0.850302,0.479345,0.570554,c1cnc2c([C@@H]3c4[nH+]c[nH]c4CCN3Cc3cn[nH]c3)cccc2c1
decoy_1463,0.523284,0.583877,0.752303,0.756229,0.538642,0.551061,C1=CC2=c3ccccc3=N[C@@H]2C(c2ccccc2)=N1
decoy_1464,0.299362,0.437794,0.612398,0.734408,0.405235,0.508631,c1ccc(COc2ccc3c(c2)[C@H](Cc2ccccc2)[NH2+]CC3)cc1
decoy_1465,0.373447,0.522662,0.664775,0.83573,0.465735,0.628025,C1=[NH+][C@]2(CCN1)C[C@H](c1ccccc1)c1ccccc1O2
decoy_1466,0.500432,0.552953,0.67412,0.733021,0.542815,0.527533,c1csc(-c2conc2-c2ccc3c(c2)CCC3)c1
decoy_1467,0.313202,0.424465,0.626584,0.803188,0.432886,0.520071,c1cc2c(c(-c3cccc4c3C[NH2+]CC4)c1)C[NH2+]CC2
decoy_1468,0.491873,0.57523,0.7755,0.739374,0.551143,0.522134,c1ccc2[nH]c(SCc3ccc4c(c3)OCC4)nc2c1
decoy_1469,0.399317,0.547979,0.692777,0.744378,0.503151,0.561016,c1ccc(-n2nc(CSc3ncccn3)c3c2CCC3)cc1
decoy_147,0.424458,0.53897,0.79379,0.830951,0.505326,0.600736,Cc1ccc(NC2=NC(=O)/C(=C/C3=c4ccccc4=NC3)S2)c(C)c1
decoy_1470,0.463774,0.477513,0.729129,0.74126,0.504576,0.485568,c1ncc2sc3ncc4c(c3c2n1)CCC4
decoy_1471,0.39392,0.456525,0.671628,0.700817,0.50353,0.563381,c1ncc2sc3nc4c(cc3c2n1)COCC4
decoy_1472,0.347454,0.413588,0.786415,0.839891,0.543072,0.65411,c1ccc([C@@]2(CNc3ncnc4c3CC[NH2+]CC4)CCOC2)cc1
decoy_1473,0.296429,0.412348,0.61815,0.705891,0.388684,0.467372,C1=C[C@H](c2ccccc2)C=C(CSc2ccc3c(n2)CC[NH2+]C3)O1
decoy_1474,0.408153,0.550631,0.671231,0.746763,0.523517,0.607081,c1csc(-c2ccnc(N[C@H]3CO[C@@H]4CCO[C@H]34)n2)c1
decoy_1475,0.396561,0.479134,0.620385,0.746886,0.504666,0.531368,c1csc(-c2ncc3c4c(sc3n2)CCC4)c1
decoy_1476,0.41036,0.50976,0.704642,0.732485,0.493698,0.529911,c1nc(N2CC[NH2+]CC2)c2c3c(sc2n1)CCC3
decoy_1477,0.436557,0.533426,0.69317,0.716225,0.500552,0.518466,c1ccc(CCNc2ncnc3sc4c(c23)CCC4)cc1
decoy_1478,0.37704,0.536228,0.692485,0.771908,0.514926,0.579739,C1=C[C@@H](c2ccccc2)n2nc(-c3cccs3)nc2[N-]1
decoy_1479,0.453483,0.523532,0.786553,0.763198,0.536019,0.549302,c1ccc(Nc2ncnc(CN3CCC[C@H]3c3cccs3)n2)cc1
decoy_148,0.466772,0.425968,0.694925,0.691813,0.53119,0.450008,CC#C[C@@]1(C)OCC1(C)C
decoy_1480,0.394607,0.484655,0.864881,0.892628,0.574864,0.579541,C1=C(C[N@H+]2CCC[C@@H]([C@@H]3N=NC=C3c3ccccc3)C2)CNN1
decoy_1481,0.412471,0.540123,0.616165,0.793789,0.481441,0.586658,c1ccc2c(-c3nc4ccccc4o3)cccc2c1
decoy_1482,0.339399,0.387417,0.561215,0.589155,0.421193,0.440063,c1ccc(Nc2nc3c(s2)C[C@@H]2CCCC[C@@H]2C3)cc1
decoy_1483,0.49721,0.426544,0.821724,0.784565,0.57298,0.483934,C1=C2CCCC[C@H]2[C@@H]2CC[C@H]3CCC[C@H]3[C@H]2C1
decoy_1484,0.496274,0.409182,0.837168,0.798345,0.567294,0.552119,C1=C[C@H]2CC[C@@H]3[C@H](CC=C4CCCC[C@H]43)[C@@H]2C1
decoy_1485,0.435171,0.399516,0.687832,0.591586,0.505646,0.467418,c1nc(NCc2ccc3c(c2)CCCC3)c2nc[nH]c2n1
decoy_1486,0.487908,0.489531,0.784515,0.690532,0.571644,0.51066,c1ccc2c(c1)CCN(c1ncc3c(n1)CCCC3)C2
decoy_1487,0.40589,0.472748,0.800138,0.84527,0.5111,0.555575,c1nocc1C[NH2+]Cc1ncc2c3c(sc2n1)CCCCC3
decoy_1488,0.255917,0.277896,0.5021,0.504623,0.365002,0.356868,c1cc2cc/c(=[NH+]/c3cc4c(s3)CCCC4)oc2cn1
decoy_1489,0.384715,0.441642,0.846116,0.88442,0.572136,0.585876,c1ccc(C[C@H]2CCC[N@@H+](CCCn3cnc4cncnc43)C2)cc1
decoy_149,0.483675,0.466688,0.735952,0.736507,0.529875,0.466732,CC#CC1(C#CC)CCCO1
decoy_1490,0.512565,0.573916,0.700518,0.749616,0.578882,0.529884,C(=C1\CCCc2cc3ccccc3nc21)\c1cccs1
decoy_1491,0.373935,0.519239,0.597715,0.7852,0.49358,0.623372,c1ccc(-c2cn3c(n2)sc2ccccc23)cc1
decoy_1492,0.514703,0.59772,0.732293,0.814991,0.554539,0.557675,c1ccc(-c2cn(-c3ccccc3)nc2-c2ccccc2)cc1
decoy_1494,0.476983,0.598495,0.758284,0.764505,0.536552,0.565942,c1ccc(-c2ncnc3nn(-c4ccccc4)cc23)cc1
decoy_1495,0.506479,0.670533,0.699748,0.862073,0.59123,0.643639,c1ccc(-c2[nH]c3ccccc3c2-c2ccccc2)cc1
decoy_1496,0.44751,0.604125,0.632608,0.733239,0.466602,0.558629,c1ccc(-c2cc(-c3ccccc3)n3ccnc3c2)cc1
decoy_1497,0.507202,0.618075,0.720951,0.841599,0.556411,0.607865,c1ccc(-c2cc(-c3ccccc3)n(-c3ccccc3)n2)cc1
decoy_1498,0.314096,0.388894,0.517218,0.57968,0.424109,0.445787,c1ccc(-c2ccc(-c3cn4ccccc4n3)cc2)cc1
decoy_1499,0.368105,0.406388,0.660001,0.633385,0.459741,0.484157,c1cncc(-c2noc(-c3ccc(C4CCCCC4)cc3)n2)c1
decoy_15,0.443235,0.540153,0.698922,0.741372,0.5556,0.563389,C(=C/c1ccco1)\C1=NN(c2ccccc2)[C@@H](c2ccco2)C1
decoy_150,0.45977,0.424713,0.787455,0.785112,0.552293,0.505565,C=C=CC1=C(C#N)OCCO1
decoy_1500,0.467302,0.498447,0.824023,0.777046,0.526051,0.519877,c1cn(C2CCN(Cc3ccc([C@@H]4CCCCO4)s3)CC2)nn1
decoy_1501,0.449277,0.57685,0.664552,0.724764,0.501611,0.533122,c1ccc(-c2cnc3[nH]cc(-c4ccccc4)c3c2)cc1
decoy_1502,0.47011,0.590031,0.7212,0.74155,0.544389,0.548777,c1ccc(-c2csc(-c3cn(-c4ccccc4)nn3)n2)cc1
decoy_1503,0.471325,0.568129,0.762875,0.754659,0.589069,0.535175,c1ccc(-c2nc(-c3ccccc3)c(-c3ccccc3)[nH]2)cc1
decoy_1504,0.460025,0.600086,0.7669,0.799807,0.539792,0.551997,c1ccc(-c2nc(-c3ccncc3)c(-c3ccccc3)[nH]2)cc1
decoy_1505,0.483914,0.463918,0.753707,0.704611,0.559797,0.501235,C1CCC(c2noc(C[C@H]3C[C@@H]4CC[C@H]3C4)n2)CC1
decoy_1506,0.368015,0.360151,0.642444,0.605356,0.423377,0.431973,c1ccc(C(c2ccccc2)(c2ccccc2)n2cc[nH+]c2)cc1
decoy_1507,0.504962,0.525997,0.760528,0.720519,0.578059,0.525108,C1=C(CCn2ccc3nc4ccccc4nc32)CCCC1
decoy_1508,0.329542,0.422648,0.719565,0.759196,0.443222,0.488588,c1ccc(Cc2nc3c(NCC[C@H]4CCCC[NH2+]4)nccc3o2)cc1
decoy_1509,0.348805,0.403008,0.778039,0.775124,0.450851,0.462585,C1=C(CCNc2cc(NN(c3ccccc3)c3ccccc3)[nH+]cn2)CCCC1
decoy_151,0.385908,0.451159,0.758278,0.895736,0.503381,0.516893,N#Cc1ccc2ccoc2n1
decoy_1510,0.356103,0.438188,0.772051,0.830313,0.456885,0.514075,C1=C(CC[NH2+]Cc2cn(Cc3ccccc3)c3ccccc23)CCCC1
decoy_1511,0.345672,0.416996,0.785509,0.843096,0.511327,0.500904,c1ccc(Cn2cc(C[NH2+]C3CCCCCCC3)c3ccccc32)cc1
decoy_1512,0.464502,0.483288,0.738004,0.678578,0.57284,0.525814,c1cc2cc3c(cc2nc1OCC1CCCCC1)OCO3
decoy_1513,0.301808,0.364658,0.682229,0.722709,0.530818,0.537758,c1nc2n[nH]cc2c2c1C[N@H+](C1CCCCC1)CC2
decoy_1515,0.379678,0.516101,0.785331,0.865833,0.522831,0.571853,c1ccc([C@H]2NC[N@@H+](CC3CCC3)[C@@H]2c2c[nH]cn2)cc1
decoy_1516,0.498541,0.588319,0.810062,0.802707,0.595815,0.573318,C1=CC[C@H](CN2N=CC3=N[C@H](c4ccccc4)N[C@H]32)CC1
decoy_1517,0.468707,0.644441,0.794694,0.868871,0.544184,0.617117,c1ccc(-c2nc3ccccn3c2NC2CCCCC2)cc1
decoy_1518,0.488769,0.596924,0.781383,0.765428,0.539355,0.571933,c1ccc(-c2nc3sccn3c2NC2CCCC2)cc1
decoy_1519,0.438668,0.570113,0.814655,0.839666,0.582344,0.58905,c1ccc(Nc2nc(NC3CCCCC3)c3ccccc3n2)cc1
decoy_152,0.459831,0.478457,0.735962,0.795881,0.560997,0.528587,C=Cc1cnc(N(C)C)nc1
decoy_1520,0.457422,0.645767,0.810697,0.895782,0.600099,0.630198,c1coc(CNc2nc(NC3CCCCC3)c3ccsc3n2)c1
decoy_1521,0.404744,0.521743,0.739782,0.787718,0.5064,0.557241,c1ccc2c(Nc3cc(NC4CCCCC4)ncn3)cccc2c1
decoy_1522,0.432347,0.398907,0.76325,0.649467,0.512483,0.456916,c1cc(Nc2cc(N3CCCCCC3)ncn2)c2cccnc2c1
decoy_1523,0.367116,0.465117,0.750885,0.766417,0.469333,0.452743,c1ccc(C2([NH2+]Cc3c[nH]nc3-c3cccs3)CCCC2)cc1
decoy_1524,0.335352,0.488486,0.732523,0.905931,0.49826,0.650219,c1ccc(Cn2cc(C[NH2+]C3CCCCC3)c3ccccc32)cc1
decoy_1525,0.296589,0.353769,0.769021,0.765931,0.484951,0.469025,c1ccc(-c2cc3c(NCCC[NH2+]C4CCCCC4)ncnc3s2)cc1
decoy_1527,0.512791,0.554209,0.861712,0.873868,0.576741,0.608769,c1ccc(C[C@H]2CO[C@@H](c3ccccc3)[C@H]2CO[C@@H]2CCCCO2)cc1
decoy_153,0.369802,0.39458,0.757514,0.733847,0.462691,0.458336,CC1=CC=C(C)S(=O)(=O)O1
decoy_1531,0.300534,0.370109,0.755792,0.796588,0.46025,0.499125,c1cncc(-c2nc(CC[NH2+]C[C@H]3CCC[N@H+]4CCCC[C@H]34)cs2)c1
decoy_1532,0.307107,0.376058,0.741766,0.745151,0.470178,0.469595,c1cnc(-c2nc(CC[NH2+]C[C@H]3CCC[N@H+]4CCCC[C@H]34)cs2)cn1
decoy_1533,0.402645,0.531054,0.720767,0.790877,0.523033,0.585993,c1ccc(-c2noc(CNc3ccccc3N3CCCCC3)n2)cc1
decoy_1534,0.38504,0.514107,0.609722,0.706322,0.461378,0.54022,c1ccc2c(c1)CCC[C@@H]2Nc1ccc2c(c1)CCO2
decoy_1535,0.294702,0.28691,0.700314,0.66575,0.397277,0.38465,C1=C(CC[NH2+]Cc2cc3ccccc3nc2N2CCCCC2)CCCC1
decoy_1536,0.395364,0.58029,0.711861,0.822551,0.452293,0.562041,c1ccc(Nc2nc(N3CCCC3)c3ccccc3[nH+]2)cc1
decoy_1537,0.498117,0.531345,0.717935,0.691643,0.537294,0.521434,c1ccc2c(c1)oc1c(N3CCCCC3)ncnc12
decoy_1538,0.393181,0.446194,0.758792,0.811013,0.503481,0.529282,c1ccc(-c2cc3ncnc(NC4CC[NH2+]CC4)c3s2)cc1
decoy_1539,0.380143,0.546255,0.751193,0.903437,0.499847,0.572133,c1ccc(-c2cc3c(NC4CC[NH2+]CC4)ncnc3s2)cc1
decoy_154,0.424419,0.462609,0.693465,0.730718,0.521849,0.522918,O=C[C@@H]1C[C@H]2CCCCN2O1
decoy_1540,0.342142,0.42596,0.690014,0.733135,0.447771,0.48497,C(=C/c1ccc(N2CCCCC2)cc1N1CCCCC1)\c1cc[nH]n1
decoy_1541,0.373762,0.435317,0.767981,0.766969,0.493614,0.501865,C1=C(CN2CCC([NH+]3CCCCC3)CC2)COc2ccccc21
decoy_1542,0.449571,0.498863,0.840904,0.789602,0.5726,0.529727,c1ccc2c(c1)=NC(CCNc1nccc(N3CCCCC3)n1)N=2
decoy_1543,0.368314,0.462379,0.786793,0.905398,0.521654,0.607623,c1nc(N2CCCCC2)nc2c1[C@@H]([NH2+]C1CCOCC1)CCC2
decoy_1544,0.388276,0.529408,0.8003,0.858562,0.575679,0.604643,c1ccc([C@H](c2cn3ncnc3s2)[NH+]2CCCCC2)cc1
decoy_1545,0.364723,0.471747,0.696279,0.808083,0.481465,0.547284,c1ccc(C[NH2+][C@H]2CCCc3c2cnn3-c2ccccc2)cc1
decoy_1547,0.371352,0.543766,0.700893,0.877609,0.469,0.599974,c1ccc(-n2ncc3c2CCC[C@@H]3[NH2+]Cc2ccco2)cc1
decoy_1548,0.379405,0.523077,0.7369,0.789119,0.527332,0.575888,c1ccc(-c2nc3ccccn3c2C[NH+]2CCCCC2)cc1
decoy_155,0.41777,0.446919,0.662448,0.656381,0.529269,0.492367,COC[C@@H]1OCC(C)(C)N1C
decoy_1550,0.33773,0.450316,0.692668,0.75876,0.462003,0.485088,c1ccc(N2CCC[C@H]([NH2+]Cc3ccc(-c4ccn[nH]4)s3)C2)nc1
decoy_1551,0.39682,0.466579,0.751211,0.760995,0.508783,0.510571,c1cnc2c(c1)CCC[C@@H]2[NH2+]Cc1cn2ccccc2n1
decoy_1552,0.339709,0.427938,0.774814,0.863788,0.544704,0.538351,c1ccc(Oc2ccnc(Nc3cccc(C[NH+]4CCCCC4)c3)n2)cc1
decoy_1553,0.354483,0.445192,0.681759,0.789922,0.448891,0.52757,c1nc(C[NH+]2CCCCC2)nc2sc3c(c12)CCCC3
decoy_1554,0.357525,0.459045,0.68515,0.734898,0.461891,0.504211,c1ccc(CC[NH2+][C@@H]2CCCC3=c4ccccc4=N[C@H]32)cc1
decoy_1555,0.356007,0.49715,0.627362,0.713262,0.445196,0.579698,C1=C[C@@H](c2ccccc2)N2C(/C=C/N3CCCCC3)=CSC2=N1
decoy_1556,0.33761,0.472468,0.759467,0.904214,0.540616,0.596464,c1ccc(C(c2ccccc2)[C@H](C[NH+]2CCCCC2)c2ccccc2)cc1
decoy_1557,0.335282,0.442224,0.753612,0.888953,0.492212,0.546063,c1ccc([C@H](CNc2cc[nH+]c3ccccc23)[NH+]2CCCC2)cc1
decoy_1558,0.357959,0.392284,0.770605,0.744858,0.480927,0.47428,c1ccc(-c2cn[nH]c2-c2ccc(OCC[NH+]3CCCCC3)cc2)cc1
decoy_1559,0.351913,0.455285,0.710845,0.794184,0.480263,0.526325,c1ccc(C[C@H]2CN(c3ccccc3-c3ccccc3)CC[NH2+]2)cc1
decoy_156,0.397754,0.395582,0.664431,0.652857,0.456306,0.42926,COC(=O)[C@]1(C)C[C@@]1(C)C#N
decoy_1560,0.354529,0.461635,0.649951,0.680893,0.452073,0.53593,c1cncc(Nc2cc(N3CCCc4ccccc43)ncn2)c1
decoy_1561,0.427308,0.497367,0.757853,0.750043,0.50676,0.513528,c1ccc(CNc2cc(N3CCCc4ccccc43)ncn2)cc1
decoy_1562,0.369068,0.449348,0.638791,0.657921,0.462603,0.523414,c1ccc(Oc2cc(N3CCCc4ccccc43)ncn2)cc1
decoy_1564,0.393757,0.483563,0.733093,0.813633,0.554775,0.680427,c1nc(N2CC[NH2+]CC2)c2c3c(sc2n1)COCC3
decoy_1565,0.359923,0.403943,0.664509,0.738799,0.530112,0.547611,c1ccc(-c2csc3ncnc(N4CC[NH2+]CC4)c23)cc1
decoy_1566,0.41004,0.521903,0.774161,0.856803,0.5207,0.534633,c1n[nH]cc1C[N@@H+]1CCC[C@H]1c1cc2n(n1)CCCN2
decoy_1567,0.308728,0.38451,0.666929,0.689554,0.429132,0.452799,c1cc(-c2nc(C[NH2+]Cc3ccc(N4CC[NH2+]CC4)cc3)cs2)cs1
decoy_1568,0.220032,0.282537,0.557438,0.655143,0.390963,0.47235,C(=N/c1ccc(N2CC[NH2+]CC2)cc1)\c1cccc(Cc2ccccc2)c1
decoy_1569,0.338741,0.43483,0.744674,0.842936,0.475587,0.537905,c1ccc2c(CNc3cc(N4CC[NH2+]CC4)ncn3)cc[nH+]c2c1
decoy_157,0.520834,0.366997,0.749105,0.634066,0.593078,0.443711,CO[C@@H]1CCCCCC[C@H]1F
decoy_1570,0.536146,0.563116,0.808516,0.813092,0.608583,0.558842,c1ccc(CN2CCCn3cccc3[C@H]2c2ccccc2)cc1
decoy_1571,0.375751,0.469708,0.728328,0.7756,0.481811,0.520944,c1ccc(N2CCC[N@@H+](Cc3c[nH]c4ccccc34)CC2)nc1
decoy_1572,0.491035,0.522062,0.813005,0.756611,0.564988,0.539099,c1ccc(-c2nc3ccccn3c2CN2CCOCC2)cc1
decoy_1573,0.314351,0.404017,0.614283,0.691698,0.40869,0.447489,c1ccc(-c2nc3ccccn3c2CN2CC[NH2+]CC2)nc1
decoy_1574,0.339148,0.400886,0.699837,0.702947,0.447935,0.442618,c1ccc(-c2ccc(CN3CC[NH2+][C@H](c4ccccc4)C3)cc2)cc1
decoy_1575,0.335077,0.382829,0.7099,0.727053,0.436894,0.442841,c1ccc(Cc2ccc(CN3CC[NH2+][C@@H](Cc4ccccc4)C3)cc2)cc1
decoy_1576,0.352149,0.418379,0.831572,0.885013,0.536516,0.640432,C1=C(c2c[nH]c3ncccc23)CC[N@H+](C[C@H]2CCC[NH2+]C2)C1
decoy_1577,0.303945,0.386198,0.75403,0.875496,0.479435,0.582169,c1ccc(C[NH2+]C[C@@H](c2ccc(-c3ccccc3)cc2)N2CC[NH2+]CC2)cc1
decoy_1578,0.298963,0.344228,0.794851,0.842093,0.467395,0.507489,c1ccc(C[NH2+]C[C@@H](c2ccc(Cc3ccccc3)cc2)N2CC[NH2+]CC2)cc1
decoy_1579,0.419945,0.470706,0.779763,0.768094,0.523805,0.529212,c1ccc(-c2c[nH]nc2-c2ccc(OCCN3CCOCC3)cc2)cc1
decoy_158,0.43704,0.450937,0.750376,0.704462,0.5163,0.488479,CC(=O)O[C@@H]1CCC[C@H]1C#N
decoy_1580,0.464916,0.543447,0.693088,0.708007,0.50922,0.546845,C1=C(c2ccc3c(c2)OCCO3)[C@@H](c2ccccc2)N=N1
decoy_1581,0.506999,0.600587,0.778108,0.776173,0.554756,0.558141,c1ccn2cc(-c3ccc4c(c3)OCCO4)nc2c1
decoy_1582,0.409794,0.564951,0.791127,0.839735,0.568535,0.560587,c1ccc(Nc2nc(NC[C@H]3CCCO3)c3ccccc3n2)cc1
decoy_1583,0.364198,0.481996,0.747503,0.816648,0.495986,0.554007,c1ccc(C(Nc2cc(NC[C@H]3CCCO3)ncn2)c2ccccc2)cc1
decoy_1584,0.439872,0.522229,0.809312,0.812426,0.530661,0.536324,c1ccc(Nc2ncnc(CN(Cc3cccs3)C[C@H]3CCCO3)n2)cc1
decoy_1585,0.401174,0.532604,0.717385,0.783831,0.493349,0.538184,c1ccc(-c2cc(-c3ccccc3OC[C@H]3CCCO3)[nH]n2)cc1
decoy_1586,0.377691,0.444026,0.697564,0.69852,0.464707,0.51719,c1ccc(-c2cc(-c3ccc(OC[C@H]4CCCO4)cc3)[nH]n2)cc1
decoy_1587,0.413474,0.52904,0.724811,0.772504,0.494664,0.544106,c1ccc(-c2cc(-c3cccc(OC[C@H]4CCCO4)c3)[nH]n2)cc1
decoy_1588,0.448118,0.464402,0.677462,0.659478,0.51796,0.482261,c1ccc(-n2ncnc2-c2ccc3c(c2)OCO3)cc1
decoy_1589,0.48389,0.450941,0.738423,0.647581,0.554707,0.487596,c1ccc(-c2[nH]cnc2-c2ccc3c(c2)OCO3)cc1
decoy_159,0.487557,0.363023,0.749578,0.585498,0.538368,0.439074,CO[C@]12CCCC[C@H](CO1)C2=O
decoy_1590,0.386077,0.454937,0.816099,0.798139,0.560535,0.540601,c1ccc(CC[N@H+]2CC[C@H](c3ccc4c(c3)OCO4)CC2)cc1
decoy_1591,0.40271,0.452084,0.644746,0.63325,0.505984,0.477418,c1cc2cnc(SCc3ccc4c(c3)OCO4)nc2s1
decoy_1592,0.339023,0.402292,0.802533,0.824655,0.511753,0.498494,c1ccc2c(c1)CC[NH2+][C@@H]2C[C@H]1CC[N@H+]2CCc3ccccc3[C@@H]2C1
decoy_1593,0.310781,0.390694,0.701665,0.737407,0.428059,0.462569,c1ccc(SCc2cccc([C@H]3[NH2+]CCc4c3[nH]c3ccccc43)c2)nc1
decoy_1594,0.275046,0.323344,0.635541,0.6684,0.398267,0.425155,C(=N/[C@H]1c2ccccc2O[C@@]2(/N=C/c3ccccc3)CC[NH2+]C[C@H]12)\c1ccccc1
decoy_1595,0.396695,0.472726,0.78655,0.765683,0.544282,0.519111,c1ccc([C@@H]2CCC[C@@H]3c4[nH]c5ccccc5c4CC[N@H+]32)cc1
decoy_1596,0.277649,0.37164,0.666485,0.742939,0.38039,0.467845,c1ccc([C@H]2CCCCc3c2ncnc3N2C[C@H]3CCC[NH2+][C@H]3C2)cc1
decoy_1597,0.328557,0.438515,0.682476,0.776161,0.437294,0.515194,c1ccc([C@H]2N[C@H](C[N@H+]3CCC[C@@H]3c3nc4ccccc4[nH]3)CO2)cc1
decoy_1598,0.377958,0.476599,0.644627,0.688587,0.486294,0.504733,c1ccc2cc(-n3nnnc3-c3cnc4ccccc4c3)ccc2c1
decoy_1599,0.300758,0.40684,0.669059,0.78485,0.414847,0.49532,c1ccc(-n2cc(C[NH2+]Cc3[nH]nc4c3CCCCC4)c(-c3ccco3)n2)cc1
decoy_16,0.395519,0.434755,0.713605,0.694699,0.46888,0.465603,CCc1c(C)c2ccc(O[C@H]3CCCCC3=O)c(C)c2oc1=O
decoy_160,0.395941,0.41974,0.674957,0.71348,0.483835,0.449421,CSc1ncn(C(C)C)n1
decoy_1600,0.333016,0.367143,0.761702,0.739504,0.458026,0.454948,c1ccc(N2CCCN(Cc3ncc4c5c(sc4n3)CCCCC5)CC2)[nH+]c1
decoy_1601,0.366897,0.410496,0.704207,0.788278,0.434463,0.483782,c1cc2c(cc1C1CCCCC1)c1c3n2CC[NH2+][C@H]3CCC1
decoy_1602,0.475944,0.59722,0.696925,0.788191,0.550935,0.605428,c1ccc(-c2nc3c4c(-c5ccccc5)csc4ncn3n2)cc1
decoy_1603,0.329077,0.335024,0.764107,0.722447,0.467255,0.439717,c1ccc(-c2ccnc(N[C@@H]3CO[C@@H]4[C@H]3OC[C@H]4[NH2+]CC3CCCCC3)n2)cc1
decoy_1604,0.337374,0.37307,0.826167,0.809729,0.514691,0.495653,C1=C(C[NH2+]C[C@H]2CCCN(c3ncccn3)C2)[C@@H](c2cccc3ccccc23)N=N1
decoy_1605,0.378092,0.499794,0.711681,0.788091,0.467276,0.591051,C1=C[C@H](c2ccc(OC3CCCC3)cc2)c2c(n[nH]c2-c2ccccc2)O1
decoy_1606,0.363044,0.419291,0.774655,0.745546,0.496367,0.495515,c1ccc2c(c1)CC[C@@H]([NH2+][C@H]1CCCc3c1[nH]c1ccccc31)C2
decoy_1607,0.333383,0.379464,0.740227,0.762466,0.456187,0.458261,c1ccc(C[NH2+]Cc2cc3cc4c(cc3nc2N2CCCCC2)OCO4)cc1
decoy_1608,0.379161,0.449281,0.74736,0.7566,0.451241,0.489368,c1ccc(-c2csc3ncnc(NCc4ccc(N5CCCCC5)nc4)c23)cc1
decoy_1609,0.303324,0.393885,0.774103,0.860118,0.488109,0.544842,C1=NN=C(c2ccccc2)[C@H]1C[NH2+][C@@H]1CCC[C@@H]2[C@@H]1CNN2c1ccccc1
decoy_161,0.397222,0.377625,0.669522,0.701824,0.446941,0.408091,CSC(=S)C1CCCC1
decoy_1610,0.406041,0.511769,0.840483,0.862339,0.574175,0.570714,c1ccc([C@H]2N[C@H](CN3CCCC[C@@H]3c3nc4ccccc4[nH]3)CO2)cc1
decoy_1611,0.350918,0.462358,0.71917,0.771619,0.532337,0.551599,C1=C[C@@]23CCC[N@H+]2CCc2cc4c(cc2[C@H]3C1)OCO4
decoy_1612,0.334604,0.379443,0.777537,0.789949,0.469628,0.485062,c1ccc(CCN2CC[NH+](Cc3ncnc(N4CCCc5ccccc54)n3)CC2)cc1
decoy_1613,0.351799,0.484961,0.810636,0.898988,0.514838,0.548002,C(=N/[n+]1c(-c2ccccc2)csc1NC[C@H]1CCCO1)\c1ccc2c(c1)OCO2
decoy_1614,0.427496,0.544756,0.736519,0.78085,0.550249,0.549082,C1=C(c2ccc3c(c2)OCO3)N[C@@H](c2ccccc2)N[C@H]1c1ccccc1
decoy_1615,0.307791,0.303692,0.837152,0.724417,0.512816,0.445164,c1nn(CC2CCCCC2)c2c1C[C@@H]([NH2+][C@H]1[C@@H]3C[C@H]4C[C@@H](C3)C[C@@H]1C4)CC2
decoy_1616,0.295949,0.302532,0.80534,0.709816,0.48744,0.427451,c1nc(N2CCCCC2)nc2c1[C@@H]([NH2+][C@]13C[C@H]4C[C@H](C[C@H](C4)C1)C3)CCC2
decoy_1617,0.505789,0.506567,0.781203,0.858012,0.599268,0.592638,C1=C[C@H](Cc2ccccc2)c2ccccc21
decoy_1618,0.379341,0.434272,0.697581,0.846661,0.54967,0.601991,c1ccc(Cc2ccccc2)cc1
decoy_1619,0.474213,0.61072,0.719491,0.914284,0.58697,0.65625,c1ccc(Cc2ccccc2-c2ccccc2)cc1
decoy_162,0.463213,0.432408,0.790946,0.740099,0.543069,0.473624,O=C1CCCCc2oncc21
decoy_1620,0.503914,0.60686,0.734897,0.820735,0.614315,0.566302,C(=N/c1ccccc1Cc1ccccc1)\c1ccccc1
decoy_1621,0.386683,0.456684,0.715759,0.896478,0.532796,0.656832,c1ccc(Cc2ccco2)cc1
decoy_1622,0.361988,0.425451,0.72596,0.889126,0.528959,0.592095,c1ccc(Cc2cccs2)cc1
decoy_1623,0.414117,0.442563,0.805954,0.915884,0.599332,0.595243,c1ccc(Cc2ccsc2)cc1
decoy_1624,0.365882,0.473347,0.621342,0.766997,0.445032,0.539207,c1ccc(Cc2cncnc2)cc1
decoy_1625,0.370395,0.446634,0.63756,0.775859,0.431342,0.469022,c1ccc(Cc2cncs2)cc1
decoy_1626,0.373813,0.448126,0.657317,0.734152,0.459455,0.516279,c1ccc(Cc2cn[nH]c2)cc1
decoy_1627,0.334302,0.371582,0.581458,0.639836,0.434266,0.439009,c1ccc(Cc2ncccn2)cc1
decoy_1628,0.359653,0.490122,0.66649,0.771247,0.466738,0.562144,c1ccc(Cc2ncc[nH]2)cc1
decoy_1629,0.341782,0.438318,0.604679,0.780709,0.42318,0.491989,c1ccc(Cc2nccs2)cc1
decoy_163,0.407652,0.452727,0.838148,0.892071,0.569512,0.581292,C1=CSC=c2cnoc2=N1
decoy_1630,0.395047,0.493357,0.673968,0.80378,0.508572,0.62248,c1ccc(Cc2ncncn2)cc1
decoy_1631,0.398813,0.499776,0.69314,0.861206,0.508152,0.596583,c1ccc(Cc2ncno2)cc1
decoy_1632,0.382884,0.488946,0.666833,0.845992,0.493195,0.592699,c1ccc(Cc2ncsn2)cc1
decoy_1633,0.4642,0.554969,0.733547,0.731968,0.532597,0.542386,c1ccc(Cc2nncn2-c2ccccc2)cc1
decoy_1634,0.304287,0.332495,0.598288,0.650859,0.420031,0.427079,c1ccc(Cc2nnn[n-]2)cc1
decoy_1635,0.318568,0.389194,0.508462,0.598329,0.401839,0.438426,c1ccc(Cc2ccc3nccnc3c2)cc1
decoy_1636,0.508418,0.618291,0.753008,0.921226,0.628014,0.654655,c1ccc(Cc2cccc(-c3ccccc3)c2)cc1
decoy_1637,0.309087,0.414586,0.540019,0.674527,0.391333,0.49379,c1ccc(Cc2cn3ncnc3s2)cc1
decoy_1638,0.416346,0.433833,0.624733,0.680171,0.507097,0.462868,c1ccc(Cc2cnc3ccccc3n2)cc1
decoy_1639,0.394065,0.544301,0.71717,0.781961,0.516734,0.583359,C(=N/Nc1cncc(Cc2ccccc2)n1)\c1ccccc1
decoy_164,0.346497,0.360492,0.749254,0.709428,0.518059,0.499859,O=C1C[N@@H+]2CCCC[C@H]2CO1
decoy_1640,0.432366,0.46677,0.714247,0.673544,0.508181,0.47933,c1ccc(Cc2nc3ccccc3[nH]2)cc1
decoy_1641,0.504894,0.572453,0.718964,0.772908,0.550192,0.546544,c1ccc(Cc2nc(-c3ccccc3)no2)cc1
decoy_1642,0.519619,0.582445,0.789829,0.744683,0.61262,0.570881,c1ccc(Cc2nc(-c3ccccc3)c[nH]2)cc1
decoy_1643,0.524009,0.55171,0.735025,0.754612,0.564048,0.574332,c1ccc(Cc2noc(-c3ccccc3)n2)cc1
decoy_1644,0.46173,0.579425,0.731753,0.772327,0.546639,0.639761,c1ccc(Cc2noc(-c3cnccn3)n2)cc1
decoy_1645,0.464335,0.564269,0.77565,0.787865,0.522127,0.550089,c1ccc(Cc2noc(-c3cn[nH]c3)n2)cc1
decoy_1646,0.51725,0.539887,0.704584,0.72815,0.553676,0.526763,c1ccc(Cc2noc(Cc3ccccc3)n2)cc1
decoy_1647,0.451857,0.493517,0.716153,0.813294,0.510564,0.542465,C=C1CCCC[C@@H]1CC/C=C/CCc1ccoc1
decoy_1648,0.397816,0.406409,0.686951,0.761169,0.522812,0.499211,c1ccc(Cn2cccc2)cc1
decoy_1649,0.307049,0.297564,0.549224,0.576962,0.409059,0.370516,c1ccc(Cn2cccn2)cc1
decoy_165,0.398667,0.48562,0.652853,0.681915,0.473005,0.528901,CCC(=O)N(C)[C@H]1CCCCO1
decoy_1650,0.37814,0.354583,0.656238,0.628407,0.448441,0.41456,c1ccc(Cn2ccnc2)cc1
decoy_1651,0.318755,0.299601,0.580422,0.562245,0.422266,0.387391,c1ccc(Cn2ccnn2)cc1
decoy_1652,0.315328,0.294087,0.576034,0.554505,0.412631,0.366197,c1ccc(Cn2cncn2)cc1
decoy_1653,0.492142,0.528012,0.741997,0.697881,0.52511,0.547582,c1ccc(Cn2nnnc2-c2ccccc2)cc1
decoy_1654,0.522067,0.55537,0.743698,0.71164,0.573977,0.542269,c1ccc(Cn2ccc3nc4ccccc4nc32)cc1
decoy_1655,0.507687,0.586256,0.752098,0.770337,0.570869,0.557337,c1ccc(Cn2ncc3ccc(-c4ccccc4)nc32)cc1
decoy_1656,0.429877,0.564852,0.726049,0.760015,0.511447,0.54343,c1ccc(Cn2cc3c(-c4ccccc4)ncnc3n2)cc1
decoy_1657,0.443762,0.484441,0.759027,0.770732,0.522909,0.542512,c1ccc(Cc2ccncn2)nc1
decoy_1658,0.359893,0.439165,0.615442,0.657323,0.463191,0.479731,c1ccc(Cn2cnc3ccccc32)nc1
decoy_1659,0.413199,0.453358,0.703403,0.672772,0.557369,0.532693,c1cncc(Cn2cnc3ccccc32)c1
decoy_166,0.460977,0.439972,0.803348,0.740376,0.537851,0.484261,CC1=N[C@@H](C#N)C(C)=C1C=O
decoy_1660,0.368727,0.43289,0.725167,0.752333,0.512558,0.511867,c1c[nH]c(Cc2ccc[nH]2)c1
decoy_1661,0.363594,0.408992,0.779245,0.928302,0.531869,0.563011,c1csc(Cc2cccs2)c1
decoy_1662,0.345035,0.423973,0.652547,0.817329,0.420889,0.463095,c1csc(Cc2nccs2)c1
decoy_1663,0.48909,0.520952,0.740453,0.857926,0.516929,0.617227,C=C1C=NC=C[C@@H]1c1ccccc1
decoy_1664,0.52563,0.427084,0.885035,0.861802,0.66463,0.562273,C=C1c2ccccc2-c2ccccc21
decoy_1665,0.339945,0.353648,0.750357,0.723828,0.471386,0.446867,C=C1C(COCCN2CC[NH2+]CC2)=NC=C[C@@H]1c1ccccc1
decoy_1666,0.411684,0.461687,0.663865,0.770548,0.49003,0.518369,C=C1CC[C@H]2CCCC[C@H]2[C@@H]1CCc1ccoc1
decoy_1667,0.453657,0.537371,0.816349,0.800347,0.521923,0.560466,C=C1C[C@@H](c2ccccc2)NC(=S)N1
decoy_1668,0.352386,0.401822,0.567402,0.626951,0.417087,0.451209,C=C1CC[C@H]2C=CC(=O)C[C@@H]2C1
decoy_1669,0.294337,0.368495,0.63836,0.686291,0.407931,0.448755,c1ccc(Cn2cc[nH+]c2Cc2cc(-c3cccs3)nc3ccccc23)cc1
decoy_167,0.494204,0.624855,0.702506,0.869097,0.570094,0.783173,FC(F)(F)[C@H]1C=C(c2cccc3ccccc23)N=N1
decoy_1670,0.271772,0.320852,0.698768,0.722222,0.411644,0.42951,C=C1C=NC=C(C(=O)OCC[NH2+]Cc2ccccc2)[C@@H]1c1cccc(-n2ccnc2)c1
decoy_1671,0.475025,0.349701,0.754827,0.608617,0.603862,0.402371,C=C1COC(=O)[C@H]2CCC[C@@H]12
decoy_1672,0.434143,0.352342,0.68258,0.602867,0.496335,0.408654,C=C1N=CC2(CCCCC2)N1
decoy_1673,0.484759,0.491235,0.878479,0.780573,0.562355,0.539225,C=C1CCO[C@@H](CC(=O)N[C@H]2OCO[C@@H]3CCCO[C@H]32)C1
decoy_1674,0.443608,0.441414,0.688426,0.619751,0.502509,0.451637,C=C1NC(=O)c2ccccc2[C@H](c2ccccc2)N1
decoy_1675,0.332142,0.349417,0.778145,0.860588,0.584841,0.476695,C=C(C1CC1)C1CC1
decoy_1676,0.333537,0.424124,0.665615,0.711253,0.440962,0.473291,c1ccc(COc2cc[nH+]c(CCc3cccc4ccccc34)c2)cc1
decoy_1677,0.4749,0.447372,0.795357,0.848312,0.615434,0.557902,C(=C/c1ccccc1)\c1ccccc1
decoy_1678,0.449576,0.469667,0.743958,0.852051,0.572733,0.599236,c1ccc(CCc2ccccc2)cc1
decoy_1679,0.51001,0.527735,0.745999,0.743143,0.567567,0.524164,C(=C(c1ccccc1)c1ccccc1)c1c[nH]c2ccccc12
decoy_168,0.46363,0.457208,0.750399,0.719664,0.528633,0.493224,CC1(C)OC[C@@H](/C=C\C=O)O1
decoy_1680,0.41768,0.469793,0.632806,0.713411,0.470987,0.462744,C(=C/C1N=c2ccccc2=N1)\c1ccccc1
decoy_1681,0.414229,0.496129,0.79033,0.76288,0.552384,0.524017,c1ccc([C@@H](Cc2nc3ccccc3[nH]2)c2nc3ccccc3[nH]2)cc1
decoy_1682,0.465405,0.62426,0.752717,0.844145,0.562441,0.619863,C1=C[C@H]([C@@H]2NN[C@@H]3SC(CCc4ccccc4)=NN32)N=N1
decoy_1683,0.473884,0.540189,0.73083,0.873077,0.579176,0.626006,c1ccc(CCCc2ccccc2)cc1
decoy_1684,0.374587,0.422218,0.744351,0.716923,0.468393,0.443107,c1ccc(CC[N@H+]2CC[C@@]3(CCc4ccccc4O3)CC2)cc1
decoy_1685,0.325986,0.402604,0.775441,0.798773,0.538809,0.519519,c1ccc(CC[N@H+]2CC[C@@]3(CCc4ccc5ccccc5c4O3)CC2)cc1
decoy_1686,0.475863,0.541296,0.728247,0.737198,0.512976,0.537808,c1ccc(C[C@@H](c2ccccc2)n2nnc3ccccc32)cc1
decoy_1687,0.343878,0.41289,0.664208,0.703295,0.439694,0.456209,c1ccc(CCN2CNC(Nc3ncc4ccccc4n3)=[NH+]C2)cc1
decoy_1688,0.547613,0.503338,0.746372,0.709697,0.583763,0.507189,c1ccc(CCNc2cccc3cccnc23)cc1
decoy_1689,0.462223,0.49925,0.657078,0.744618,0.528178,0.52524,c1ccc(CCNc2ccccc2)cc1
decoy_169,0.511131,0.509171,0.712175,0.702886,0.555347,0.513694,CCC[C@@H](C)[C@H](O)c1ccc(CC)s1
decoy_1690,0.284823,0.383691,0.50128,0.581412,0.387955,0.465402,c1ccc(CCNc2ccncn2)cc1
decoy_1691,0.405818,0.4356,0.72629,0.686512,0.513823,0.495389,c1ccc(CCNc2ncnc3cn[nH]c23)cc1
decoy_1692,0.455478,0.431429,0.776353,0.650432,0.543381,0.453948,c1ccc(CCNc2ncnc3[nH]ncc23)cc1
decoy_1693,0.507029,0.425916,0.761809,0.612089,0.533851,0.439013,c1ccc(CCNc2ncnc3sccc23)cc1
decoy_1694,0.295269,0.399602,0.524751,0.60932,0.412577,0.483306,c1ccc(CCNc2ncncn2)cc1
decoy_1695,0.39641,0.529821,0.702921,0.758009,0.506333,0.538531,c1ccc(CCNc2cc(Nc3ccccc3)ncn2)cc1
decoy_1696,0.401393,0.515542,0.708339,0.739732,0.490072,0.543883,c1ccc(CCNc2cc(Oc3ccccc3)ncn2)cc1
decoy_1697,0.426075,0.551188,0.710175,0.746398,0.502826,0.532504,c1ccc(CCNc2nc(Cc3ccccc3)ns2)cc1
decoy_1698,0.469856,0.610664,0.806173,0.868291,0.577927,0.674783,C1=N[C@@H]2N=CN/C(=N\CCc3ccccc3)C2=N1
decoy_1699,0.459517,0.554373,0.714137,0.776073,0.512112,0.530882,c1ccc(CCNc2ncnc3scc(-c4ccccc4)c23)cc1
decoy_17,0.441564,0.522818,0.716397,0.730862,0.497053,0.528856,CCOc1ccc(-c2cc(=O)oc(-c3ccccc3C)n2)cc1
decoy_170,0.544984,0.587307,0.747026,0.814849,0.587004,0.58451,Cl[C@@H](c1ccc2c(c1)OCCCO2)C1CCCC1
decoy_1700,0.433501,0.458344,0.828332,0.739927,0.553297,0.491642,c1ccc(CCNc2ncc(-c3ncc[nH]3)c(-c3ccccc3)n2)cc1
decoy_1701,0.372698,0.485424,0.786161,0.835251,0.505698,0.514387,c1ccc(CCNc2nc(NCc3ccccc3)c3ccccc3[nH+]2)cc1
decoy_1702,0.389588,0.502286,0.755405,0.789259,0.540633,0.534757,c1ccc(CC[NH2+][C@H](c2ccccc2)C2CC2)cc1
decoy_1703,0.394152,0.474343,0.679104,0.669038,0.486224,0.493207,c1ccc(CC[NH2+]Cc2ccccc2)cc1
decoy_1704,0.426106,0.51935,0.738044,0.723259,0.570412,0.563174,C(=[NH+]/CCc1ccccc1)\c1ccccc1
decoy_1705,0.335874,0.512565,0.720597,0.898144,0.503282,0.663381,c1ccc(CC[NH2+]Cc2ccccc2OCc2ccccc2)cc1
decoy_1706,0.398511,0.500002,0.713208,0.729114,0.542262,0.492579,c1ccc(CC[NH2+]Cc2ccco2)cc1
decoy_1707,0.407127,0.50732,0.718055,0.731016,0.55746,0.54828,c1ccc(CC[NH2+]Cc2cccs2)cc1
decoy_1708,0.409055,0.52675,0.762573,0.81877,0.545383,0.546167,c1ccc(CC[NH2+]Cc2cncs2)cc1
decoy_1709,0.411122,0.497788,0.750573,0.796506,0.536175,0.534962,c1ccc(CC[NH2+]Cc2cn[nH]c2)cc1
decoy_171,0.491955,0.493444,0.728965,0.687577,0.530683,0.507897,Cc1nn(C[C@H](C)C#N)c(C)c1C
decoy_1710,0.409943,0.521783,0.743595,0.784771,0.483146,0.52373,c1ccc(CC[NH2+]Cc2cn[nH]c2-c2ccco2)cc1
decoy_1711,0.355882,0.504151,0.62359,0.716676,0.430225,0.533047,c1ccc(CC[NH2+]Cc2ccc(C3CC3)o2)cc1
decoy_1712,0.358027,0.474385,0.631674,0.728717,0.438763,0.526186,c1ccc(CC[NH2+]Cc2ccc(-c3ccccc3)o2)cc1
decoy_1713,0.352583,0.448827,0.719293,0.822837,0.47105,0.537539,c1ccc(CC[NH2+]Cc2ccc(OCc3ccccc3)cc2)cc1
decoy_1714,0.322977,0.386628,0.672478,0.704117,0.421405,0.449824,c1ccc(CC[NH2+]Cc2c(OCc3ccccc3)ccc3ccccc23)cc1
decoy_1715,0.432008,0.56705,0.744129,0.773996,0.527316,0.584541,C(\NCCc1ccccc1)=[NH+]/Cc1ccco1
decoy_1716,0.519481,0.50442,0.743559,0.786795,0.595951,0.52892,c1ccc(CCOc2ccccc2)cc1
decoy_1717,0.443381,0.586184,0.776239,0.854865,0.533735,0.655842,C1=Nc2ncsc2[C@@H](c2ccc(OCCc3ccccc3)cc2)C1
decoy_1718,0.528885,0.54272,0.726778,0.742894,0.550876,0.539031,c1ccc(CCOCC2CC2)cc1
decoy_1719,0.507248,0.536372,0.747838,0.833243,0.549395,0.536405,c1ccc(CCSc2ccccc2)cc1
decoy_172,0.398854,0.426569,0.826808,0.766651,0.551975,0.492473,CC(C)(C)C[NH2+][C@H](c1cccs1)C1CCCC1
decoy_1720,0.291885,0.389086,0.508887,0.624912,0.385308,0.469882,c1ccc(CCSc2nncs2)cc1
decoy_1721,0.528701,0.5528,0.71618,0.798888,0.569216,0.549471,c1ccc(CCSCc2ccccc2)cc1
decoy_1722,0.349955,0.438109,0.575153,0.648274,0.456677,0.527696,c1ccc(NCCc2ccccn2)cc1
decoy_1723,0.357043,0.440826,0.630787,0.797038,0.491788,0.567893,c1ccc(CCc2ccco2)cc1
decoy_1724,0.390077,0.473913,0.677425,0.675431,0.473642,0.470584,c1ccc(C[NH2+]CCc2ccco2)cc1
decoy_1725,0.394405,0.472671,0.723976,0.705775,0.542472,0.450535,c1coc(CC[NH2+]Cc2cccs2)c1
decoy_1726,0.390796,0.478629,0.734926,0.71342,0.551354,0.493448,c1coc(CC[NH2+][C@@H](Cc2cccs2)c2cccs2)c1
decoy_1727,0.437106,0.443356,0.838679,0.920618,0.57494,0.61065,c1csc(CCc2cccs2)c1
decoy_1728,0.470138,0.586382,0.728918,0.914658,0.577985,0.603051,c1ccc(COc2ccccc2CCCc2cccs2)cc1
decoy_1729,0.542283,0.546893,0.809454,0.734679,0.640461,0.539482,c1ccc(CSc2nnc(NCCc3cccs3)s2)cc1
decoy_173,0.4844,0.566144,0.742809,0.762754,0.526955,0.545619,CC[C@H]1COCCN1c1nc(CCl)cc2ccccc12
decoy_1730,0.441106,0.514952,0.775616,0.765093,0.524657,0.540567,c1csc(CCNc2cc(Nc3cccc4ccccc34)ncn2)c1
decoy_1731,0.363065,0.546498,0.751173,0.900952,0.51103,0.584985,c1ccc(CNc2nc(NCCc3cccs3)[nH+]c3ccccc23)cc1
decoy_1732,0.417889,0.516741,0.729077,0.718676,0.57326,0.530502,c1ccc(C[NH2+]CCc2cccs2)cc1
decoy_1733,0.410225,0.476234,0.730544,0.706179,0.547361,0.478476,c1csc(CC[NH2+]Cc2cccs2)c1
decoy_1734,0.403352,0.440417,0.595134,0.645957,0.447177,0.451562,C(=C/c1ccnc2ccccc12)\c1ccccc1
decoy_1735,0.492962,0.549854,0.745085,0.733791,0.542086,0.589407,c1ccc(NCCc2ccncc2)cc1
decoy_1736,0.345914,0.45887,0.5829,0.745063,0.432001,0.504644,C(=C/c1ccncn1)\c1ccccc1
decoy_1737,0.31481,0.402586,0.560779,0.648479,0.412973,0.467486,C(=C/c1cc[nH]n1)\c1ccccc1
decoy_1738,0.446259,0.572859,0.742119,0.798095,0.56062,0.607627,c1ccc(OCCc2cc[nH]n2)cc1
decoy_1739,0.404097,0.499048,0.782657,0.783232,0.492066,0.535036,c1ccc(-c2ncn(CCC[C@H]3CCOC3)c2-c2cn[nH]c2)cc1
decoy_174,0.385625,0.499376,0.678368,0.72874,0.449016,0.482261,CCc1ccc([C@@H](C)[NH2+]CC(C)C)s1
decoy_1740,0.397432,0.465919,0.74119,0.716422,0.478616,0.493906,c1ccc(NCCc2ccsc2)[nH+]c1
decoy_1741,0.485106,0.505253,0.755762,0.683756,0.544883,0.50147,c1ccc2c(NCCc3ccsc3)ncnc2c1
decoy_1742,0.381721,0.47949,0.715825,0.713736,0.524195,0.522198,c1ccc(C[NH2+]CCc2ccsc2)cc1
decoy_1743,0.354751,0.443109,0.594513,0.678649,0.45458,0.543674,c1ccc(NCCc2cncs2)cc1
decoy_1744,0.478701,0.555188,0.730166,0.796845,0.528237,0.585119,c1ccc(OCCc2cncs2)cc1
decoy_1745,0.462109,0.527602,0.760946,0.777857,0.517477,0.537426,c1cc(OCCc2cncs2)ncn1
decoy_1746,0.402625,0.498667,0.708655,0.763706,0.538868,0.556496,c1coc(C[NH2+]CCc2c[nH]c3ccccc23)c1
decoy_1747,0.335295,0.444347,0.769461,0.890742,0.520325,0.639268,c1ccc(-c2ccc(N3CCC([NH2+]CCc4c[nH]cn4)CC3)cc2)cc1
decoy_1748,0.328508,0.499348,0.731677,0.931983,0.500318,0.67352,c1ccc(-c2nn(-c3ccccc3)cc2C[NH2+]CCc2c[nH]cn2)cc1
decoy_175,0.490238,0.584476,0.797147,0.805114,0.566154,0.584898,CCc1nc(N2CCCC[C@@H]2C)c2cc(CC)sc2n1
decoy_1750,0.336561,0.450629,0.815677,0.919954,0.518605,0.558655,C1=C(CC[NH2+]C[C@H]2CN(c3ccccc3)N[C@H]2c2ccccc2)CN=N1
decoy_1751,0.42963,0.583783,0.714125,0.767499,0.50077,0.563569,c1ccc(-c2cncc(NCCc3cn[nH]c3)n2)cc1
decoy_1752,0.334359,0.433889,0.567145,0.651917,0.442353,0.516382,c1ccc(OCCc2ncccn2)cc1
decoy_1753,0.310793,0.439104,0.65741,0.782186,0.418815,0.516518,c1ccc(-c2nn(-c3ccccc3)cc2C[NH2+]CCc2ncc[nH]2)cc1
decoy_1754,0.394288,0.503498,0.790671,0.788924,0.479662,0.525326,C1=NC=[NH+][C@@H](CCCc2ccccc2)N1c1ccccc1
decoy_1755,0.445313,0.470153,0.739658,0.695568,0.502523,0.484929,c1ccc(OCCc2nnc3scnn23)cc1
decoy_1756,0.396189,0.484251,0.682224,0.713866,0.52249,0.499845,c1ccc(CS[C@H]2N=N[C@@H](CCC3=c4ccccc4=NC3)O2)cc1
decoy_1757,0.507679,0.605617,0.744222,0.748396,0.554394,0.60789,c1ccc(NCCC2=c3ccccc3=NC2)cc1
decoy_1758,0.460986,0.548072,0.778113,0.770028,0.554715,0.58149,c1ccc2c(c1)=NCC=2CCNc1ncnc2c1CCS2
decoy_1759,0.363613,0.486565,0.650999,0.698186,0.466215,0.523644,C(Nc1ncccn1)=[NH+]CCC1=c2ccccc2=NC1
decoy_176,0.504355,0.563624,0.744225,0.719764,0.564599,0.529629,CCNc1nc(CC)nc2sc3c(c12)CCC3
decoy_1760,0.325147,0.421371,0.703947,0.75774,0.432251,0.458417,c1ccc2c(c1)CC[C@H](CC[NH2+]CC[C@H]1CCc3ccccc3O1)O2
decoy_1761,0.321358,0.384986,0.688237,0.728394,0.425659,0.462986,c1ccc(-c2ccc(CC[N@H+]3CC[C@]4(CCc5ccccc5O4)CC3)cc2)cc1
decoy_1762,0.452196,0.591153,0.681464,0.878009,0.580762,0.602317,C(=C/c1cccc(/C=C/c2ccccc2)n1)\c1ccccc1
decoy_1763,0.466914,0.567098,0.727511,0.732117,0.541783,0.547473,c1ccc(NCCC2N=c3ccccc3=N2)cc1
decoy_1764,0.547197,0.475741,0.749899,0.702335,0.575773,0.476616,c1ccc(CCc2nc3ccccc3o2)cc1
decoy_1765,0.410471,0.507555,0.704538,0.710412,0.526233,0.504585,c1ccc(CCc2[nH]c(-c3cccs3)c[nH+]2)cc1
decoy_1766,0.451307,0.537999,0.819609,0.820214,0.551088,0.519427,c1ccc(CCc2nnc(SCc3ccccc3)n2-c2ccccc2)cc1
decoy_1767,0.456276,0.57229,0.714767,0.736353,0.544496,0.581963,C(=C/c1n[nH]c(-c2ccccc2)n1)\c1ccccc1
decoy_1768,0.332419,0.425429,0.728066,0.796435,0.464133,0.494106,c1ccc2c(Nc3ccc(CCCn4cccc4)cc3)c3ccccc3[nH+]c2c1
decoy_1769,0.437492,0.467434,0.86384,0.792584,0.533229,0.509313,C1=C(CCC2=NC3=c4ccccc4=N[C@@H](SCc4ccccc4)N3N2)CN=N1
decoy_177,0.459124,0.492052,0.763676,0.730361,0.495202,0.511292,CC[C@@H](C(C)C)n1ccc2c1CC(C)(C)CC2=O
decoy_1770,0.388258,0.581835,0.647285,0.776819,0.447404,0.597135,c1ccc(C(CCNc2nccs2)c2ccccc2)cc1
decoy_1771,0.341797,0.40585,0.651266,0.687908,0.438589,0.456053,c1ccc(C[NH2+]CC[C@H](c2ccccc2)c2ccco2)cc1
decoy_1772,0.416537,0.548585,0.755346,0.816857,0.56088,0.604964,c1ccc(CCCC[NH2+]Cc2ccccc2)cc1
decoy_1773,0.466388,0.490865,0.654016,0.715637,0.513935,0.482901,c1ccc(CCCCOc2ccccc2)cc1
decoy_1774,0.353605,0.409449,0.629455,0.68311,0.459321,0.487042,c1ccc(CC(Cc2ccccc2)=NNc2nnc[nH]2)cc1
decoy_1775,0.425777,0.513675,0.61612,0.693169,0.486959,0.55823,c1ccc(OCCCCc2nccs2)cc1
decoy_1777,0.388378,0.47056,0.685068,0.733848,0.491328,0.519269,c1ccc(NCCCCn2cc[nH+]c2)cc1
decoy_1778,0.412094,0.571867,0.7165,0.895187,0.51457,0.692965,c1ccc(SCCCCC[NH2+]C2CC2)cc1
decoy_1779,0.379474,0.463242,0.751713,0.795593,0.470514,0.521485,C(CC[NH2+]C1CC1)CCSC1CCCCC1
decoy_178,0.459148,0.493252,0.681053,0.642949,0.519208,0.514622,O[C@@H]1CCCc2c1ccn2C1CCCC1
decoy_1781,0.398292,0.481153,0.778163,0.837384,0.505274,0.530971,c1ccc(C[NH2+]CCCCO[C@H]2C[C@@H]3CC[C@H]2C3)cc1
decoy_1782,0.530486,0.592799,0.740767,0.809041,0.57355,0.620567,c1ccc(NCCCCOc2ccccc2)cc1
decoy_1783,0.513823,0.555755,0.709009,0.785957,0.569969,0.578891,c1ccc(OCCCCOc2ccccc2)cc1
decoy_1784,0.3593,0.486956,0.663713,0.715481,0.497313,0.539058,C=C(C(=O)Nc1ccccc1)C(=O)Nc1ccccc1
decoy_1785,0.404542,0.580475,0.698186,0.873023,0.484494,0.675467,c1ccc(SCCCC[NH2+]C2CC2)cc1
decoy_1786,0.346502,0.426951,0.761507,0.796252,0.519291,0.490277,c1ccc(N2CCC([NH2+]CCn3ccc4ccccc43)CC2)cc1
decoy_1787,0.20407,0.224574,0.551319,0.606126,0.318728,0.356235,c1ccc2c(c1)NC[C@]21CC[N@H+](CCC2CCN(c3cc[nH+]cc3)CC2)CC1
decoy_1788,0.339935,0.442524,0.559023,0.722802,0.436562,0.526659,c1ccc(CCn2cccn2)cc1
decoy_1789,0.322496,0.417365,0.714364,0.763299,0.542223,0.517007,c1ccc(NCCn2cccn2)[nH+]c1
decoy_179,0.481811,0.488327,0.727094,0.697227,0.540748,0.498904,CC[C@H]1CO[C@@H](C)CN1CC#N
decoy_1790,0.378178,0.45365,0.727105,0.782831,0.52945,0.547919,c1ccc2c(c1)CC[C@@H]2[NH2+]CCn1ccnc1
decoy_1791,0.376717,0.448283,0.740147,0.754045,0.550174,0.49702,c1ccc(C[NH2+]CCn2ccnc2)cc1
decoy_1792,0.387763,0.406667,0.700823,0.717026,0.462121,0.462157,c1ccc(SCCn2cc[nH+]c2)cc1
decoy_1793,0.383728,0.49603,0.654947,0.784024,0.494324,0.64697,c1ccc(CCCN2CC[NH2+]CC2)cc1
decoy_1794,0.380233,0.489836,0.702207,0.757252,0.464658,0.537977,c1ccc(C[NH2+]CCN2CCc3ccccc3C2)cc1
decoy_1795,0.459739,0.577643,0.730063,0.766726,0.518946,0.567685,c1ccc(COCCn2cc(-c3ccccc3)cn2)cc1
decoy_1796,0.392358,0.485632,0.732055,0.750125,0.503636,0.533596,c1ccc(C[NH2+]CCN2CCc3sccc3C2)cc1
decoy_1797,0.3486,0.466868,0.827604,0.910919,0.568758,0.616172,c1ccc(CC[C@H]2CC[N@H+](CCCn3cnc4cncnc43)CC2)cc1
decoy_1798,0.474419,0.511612,0.776774,0.78152,0.561309,0.56606,c1ccc(CCn2cc(CNc3ccccc3)c3ccccc32)cc1
decoy_1799,0.368898,0.457135,0.770313,0.826523,0.536185,0.546295,c1ccc(CCC[NH+]2CCN(c3ccccn3)CC2)cc1
decoy_18,0.339042,0.340509,0.664406,0.593279,0.449673,0.454183,Oc1ccccc1/C=N/c1ccc2c(c1)ncn2C1CCCCC1
decoy_180,0.372031,0.388258,0.629271,0.572762,0.45586,0.430634,N#Cc1ccc(C(=O)N2C[C@H]3CC[C@@H]2C3)cc1
decoy_1800,0.376361,0.493418,0.762534,0.870693,0.546881,0.629004,c1ccc(C[NH+]2CCN(CCOc3ccccc3)CC2)cc1
decoy_1801,0.438589,0.510345,0.792744,0.779808,0.528133,0.527716,c1ccc([C@@H]2CN(CCCn3cnc4cncnc43)CCO2)cc1
decoy_1803,0.419152,0.553259,0.74461,0.833901,0.580837,0.703341,c1ccc(NCCC[NH2+]C2CC2)cc1
decoy_1804,0.412045,0.562726,0.698505,0.842909,0.510202,0.69774,c1ccc(OCCC[NH2+]C2CC2)cc1
decoy_1805,0.405899,0.554574,0.685839,0.830562,0.475471,0.640182,c1ccc(SCCC[NH2+]C2CC2)cc1
decoy_1806,0.373533,0.48771,0.696827,0.831005,0.476515,0.577073,c1cc2c(cc1SCCC[NH2+]C1CC1)CCC2
decoy_1808,0.489363,0.559314,0.658224,0.756003,0.542753,0.555613,c1ccc(CCCNc2ccccc2)cc1
decoy_1809,0.384352,0.422204,0.619662,0.617425,0.471048,0.449653,c1ccc(NCCCn2cccn2)cc1
decoy_181,0.332483,0.40284,0.634158,0.714951,0.479324,0.540471,N#C[C@@H]1CCC[C@@H]1N1CC[NH+](C2CC2)CC1
decoy_1810,0.496096,0.607197,0.713013,0.79151,0.566939,0.643238,c1ccc(NCCCNc2ccccc2)cc1
decoy_1811,0.396264,0.494612,0.666333,0.67729,0.495224,0.554607,c1ccc(NCCCNc2ncccn2)cc1
decoy_1812,0.510824,0.610807,0.70014,0.808986,0.561569,0.635245,c1ccc(NCCCOc2ccccc2)cc1
decoy_1813,0.519761,0.527067,0.72865,0.757609,0.568992,0.596058,c1ccc(NCCNc2ccccc2)cc1
decoy_1814,0.416004,0.522822,0.736283,0.759494,0.517661,0.569498,c1ccc(C[NH2+]CCNc2ccccc2)cc1
decoy_1815,0.406114,0.506134,0.69688,0.731171,0.54622,0.519966,c1ccc(NCC[NH2+]Cc2cccs2)cc1
decoy_1816,0.351275,0.462678,0.664793,0.722189,0.451856,0.524097,c1ccc(NCC[NH2+]Cc2ccc(-c3ccccc3)o2)cc1
decoy_1817,0.42701,0.501825,0.730542,0.695454,0.516372,0.502671,c1ccc(CCCNc2cccc[nH+]2)cc1
decoy_1818,0.385288,0.442093,0.665184,0.721546,0.485593,0.535855,c1ccc(OCCCNc2cccc[nH+]2)cc1
decoy_1819,0.391623,0.45668,0.819254,0.819945,0.58103,0.535957,c1nsnc1OCCC[NH2+][C@H]1CCN2CCC[C@H]12
decoy_182,0.468071,0.483727,0.789617,0.715259,0.58788,0.51881,CCN(c1nc2c(cc1C#N)CCCC2)C1CCCC1
decoy_1820,0.311255,0.445601,0.677862,0.829245,0.454411,0.583452,c1ccc(OCCC[NH2+]C2CC[NH2+]CC2)cc1
decoy_1821,0.369891,0.402107,0.589865,0.582175,0.446244,0.44986,c1ccc(CCCNc2ccncn2)cc1
decoy_1822,0.361896,0.482524,0.778165,0.823146,0.575993,0.577264,c1ccc2c(c1)CC[N@@H+](CCCNc1ccncn1)C2
decoy_1823,0.52942,0.494669,0.732787,0.706792,0.60317,0.525688,c1ccc(OCCCNc2ccsc2)cc1
decoy_1824,0.419983,0.533957,0.777996,0.797064,0.53893,0.571891,c1ccc(CCOCCCNc2ncnc3[nH]cnc23)cc1
decoy_1825,0.421028,0.445868,0.747005,0.668429,0.518091,0.492601,c1ccc(OCCCNc2ncnc3[nH]ncc23)cc1
decoy_1826,0.467306,0.548894,0.808878,0.789826,0.546226,0.569177,c1ccc(-n2ccc(CCCNc3ncnc4sccc34)n2)cc1
decoy_1827,0.436331,0.449549,0.858607,0.789935,0.518983,0.485431,c1ccc(COCCCNc2ccc(-n3ncnc3-c3ccccc3)cc2)cc1
decoy_1828,0.31963,0.383473,0.790537,0.834828,0.537539,0.538296,c1ccc(OCCC[NH2+][C@H]2CC[C@@H](Nc3nccc4ncccc34)CC2)cc1
decoy_1829,0.349305,0.431541,0.783442,0.796315,0.464974,0.491649,c1ccc([C@H]2c3ccccc3Oc3ncnc(NCCCn4cc[nH+]c4)c32)cc1
decoy_183,0.505217,0.482224,0.807347,0.687579,0.573049,0.517448,O=C1CCCC[C@H]1N1CCO[C@H]2CCCC[C@H]21
decoy_1830,0.411841,0.534249,0.703203,0.804073,0.486506,0.600841,c1ccc(OCCC[NH2+]CC2CC2)cc1
decoy_1831,0.297733,0.345149,0.703708,0.714121,0.4215,0.450606,c1ccc([C@@H]([NH2+]CCCO[C@@H]2CCCc3ccccc32)c2cccs2)cc1
decoy_1832,0.397363,0.513537,0.748112,0.764187,0.560664,0.591922,c1ccc(C[NH2+]CCCc2ccco2)cc1
decoy_1833,0.358592,0.448483,0.722991,0.756259,0.567141,0.534405,c1ccc(C[NH2+]CCCn2cccn2)cc1
decoy_1834,0.366664,0.483228,0.741321,0.792634,0.537609,0.535805,c1ccc(C[NH2+]CCCn2cnc3cncnc32)cc1
decoy_1835,0.361005,0.498752,0.738521,0.870478,0.478794,0.596883,c1ccc(C[NH2+]CCCN2CCN(c3ccccc3)CC2)cc1
decoy_1836,0.366902,0.474877,0.772075,0.842001,0.522609,0.562157,c1ccc(C[NH2+]CCC[NH2+]C2CC2)cc1
decoy_1837,0.405457,0.536091,0.75,0.812024,0.567627,0.602538,c1ccc(C[NH2+]CCCNc2ccccc2)cc1
decoy_1838,0.352447,0.456437,0.72746,0.789162,0.516446,0.526911,c1ccc(C[NH2+]CCCO[C@H]2CCCc3ccccc32)cc1
decoy_1839,0.404111,0.553588,0.702776,0.817296,0.503858,0.601547,c1ccc(C[NH2+]CCCOc2ccccc2)cc1
decoy_184,0.494585,0.579606,0.73076,0.765486,0.523135,0.51385,CC1(C)CC(=O)c2ccc(OCc3ccsc3)cc2O1
decoy_1840,0.368661,0.486243,0.753385,0.798045,0.583482,0.589707,c1ccc(C[NH2+]CCCOc2cnsn2)cc1
decoy_1841,0.332481,0.39174,0.777449,0.795375,0.473972,0.473747,c1ccc(N2CCOCC2)c(C[NH2+]CCCOc2cccc3ccccc23)c1
decoy_1842,0.433801,0.566228,0.74945,0.790235,0.557857,0.612231,C(=[NH+]/CCNc1ccccc1)\c1ccccc1
decoy_1843,0.32027,0.404533,0.708332,0.743044,0.455729,0.477438,c1ccc(COc2ccccc2C[NH2+]CCCn2cc[nH+]c2)cc1
decoy_1844,0.400436,0.552593,0.716276,0.827525,0.543603,0.583068,c1ccc(OCCC[NH2+]Cc2ccco2)cc1
decoy_1845,0.405508,0.554765,0.713697,0.820963,0.525014,0.647626,c1ccc(OCCC[NH2+]Cc2cccs2)cc1
decoy_1846,0.339789,0.45032,0.7127,0.810125,0.50532,0.516286,c1ccc(-c2n[nH]cc2C[NH2+]CCCc2ccco2)cc1
decoy_1847,0.369401,0.43491,0.729428,0.721365,0.476147,0.48136,c1ccc(OCCC[NH2+]Cc2c[nH]nc2-c2ccccc2)cc1
decoy_1848,0.339925,0.457952,0.688652,0.793365,0.462677,0.509429,c1ccc(COCCC[NH2+]Cc2c[nH]nc2-c2ccccc2)cc1
decoy_1849,0.421508,0.549016,0.744747,0.848268,0.517336,0.607277,c1ccc(OCCC[NH2+]Cc2cn[nH]c2)cc1
decoy_185,0.434023,0.419632,0.714394,0.691486,0.514592,0.468494,CC1(C)OC[C@@H](CC=O)O1
decoy_1850,0.396511,0.533652,0.758245,0.849158,0.528587,0.618638,c1ccc(CCC[NH2+]Cc2nnn[n-]2)cc1
decoy_1851,0.370278,0.417766,0.790849,0.781578,0.489233,0.505614,c1ccc(OCCC[NH2+]C[C@]23C[C@H]4C[C@H](C[C@H](C4)C2)C3)cc1
decoy_1852,0.346785,0.457952,0.814168,0.865181,0.543287,0.539652,c1ccc(OCCC[NH2+]Cc2c([C@@H]3CCCO3)[nH]c3ncccc23)cc1
decoy_1853,0.346039,0.476677,0.653721,0.76331,0.413862,0.523066,c1ccc(OCCC[NH2+]Cc2ccc3c(c2)OCCO3)cc1
decoy_1854,0.357985,0.519679,0.766692,0.896639,0.52919,0.613591,C(=[NH+]/CCNc1ccccc1)\c1cccc(Cc2ccccc2)c1
decoy_1855,0.326515,0.364786,0.776672,0.730451,0.505106,0.468173,c1ccc(OCCC[NH2+]Cc2ccc(N3CCOCC3)cc2)cc1
decoy_1856,0.325935,0.472889,0.720402,0.915129,0.476023,0.613449,c1ccc(Oc2c(C[NH2+]CCCc3cc[nH]n3)cnn2-c2ccccc2)cc1
decoy_1857,0.392269,0.48895,0.743288,0.784392,0.541913,0.54486,c1ccc(CCC[NH2+]CCc2ccccc2)cc1
decoy_1858,0.390904,0.519358,0.728193,0.831042,0.493397,0.571898,c1ccc(CC[NH2+]CCCOc2ccccc2)cc1
decoy_1859,0.405175,0.50222,0.770571,0.81212,0.523561,0.540213,c1ccc(CCC[NH2+]CCc2ccncc2)cc1
decoy_186,0.513678,0.555196,0.779326,0.760926,0.574856,0.563505,Fc1ccc(-c2nnc3ccc(Cl)nn23)cc1C(F)(F)F
decoy_1860,0.356811,0.475404,0.70729,0.826778,0.523595,0.615613,c1ccc(OCCC[NH2+]CCc2ccsc2)cc1
decoy_1861,0.344727,0.457725,0.748194,0.813239,0.517319,0.541522,c1ccc(OCCC[NH2+]CCCn2ccc3ccccc32)cc1
decoy_1862,0.397841,0.430538,0.749383,0.792093,0.545911,0.648871,c1ccc(NCC[NH2+]CCCOc2ccccc2)cc1
decoy_1863,0.348592,0.484448,0.721796,0.834359,0.496954,0.586915,c1ccc(OCCC[NH2+]CCNc2ncccn2)cc1
decoy_1864,0.35221,0.436701,0.747822,0.718974,0.514343,0.49465,C=C([N-]NC(=O)CCCOc1ccccc1)c1ccccc1
decoy_1865,0.342704,0.47038,0.673895,0.762877,0.496022,0.543412,C=C([N-]NC(=O)COc1ccccc1)c1ccccc1
decoy_1866,0.362439,0.468006,0.71023,0.819845,0.487623,0.578732,c1ccc2c(OCCCN3CC[NH2+]CC3)cccc2c1
decoy_1867,0.440962,0.532034,0.722253,0.741026,0.490139,0.51177,c1ccc2c(OCCCn3cnc4ccccc43)cccc2c1
decoy_1868,0.563902,0.58663,0.750078,0.823872,0.658896,0.644785,c1ccc(CCCOc2ccccc2)cc1
decoy_1869,0.483946,0.559037,0.675326,0.73425,0.509441,0.584054,c1ccc(OCCCc2ccncc2)cc1
decoy_187,0.317315,0.344288,0.52915,0.573887,0.412514,0.41295,CC(C)c1ccc(CC[C@H](O)C(C)C)cc1
decoy_1870,0.35614,0.37923,0.656978,0.622786,0.444634,0.445217,c1ccc(OCCCN2CC[NH2+]CC2)cc1
decoy_1871,0.475346,0.551287,0.715793,0.710437,0.51111,0.521178,c1ccc(OCCCn2cnc3ccccc32)cc1
decoy_1872,0.370608,0.477822,0.768556,0.834558,0.563393,0.547715,c1ccc(OCCC[N@H+]2CC[C@H](c3ccccc3)CC2)cc1
decoy_1873,0.382853,0.449811,0.798815,0.783639,0.513584,0.517736,c1ccc(C[C@H]2CC[N@H+](CCCOc3ccccc3)CC2)cc1
decoy_1874,0.416285,0.595004,0.706091,0.841531,0.461243,0.656552,C(=[NH+]/CCCOc1ccccc1)\c1ccccc1
decoy_1875,0.288585,0.384115,0.782265,0.837269,0.486913,0.517672,c1ccc(C[NH2+]Cc2ccccc2OCCC[N@H+]2CCc3ccccc3C2)cc1
decoy_1876,0.482571,0.490276,0.658881,0.715279,0.535406,0.502115,c1ccc(OCCCOc2ccccc2)cc1
decoy_1877,0.495145,0.542744,0.669248,0.756867,0.569515,0.573493,c1ccc(OCCCSc2ccccc2)cc1
decoy_1878,0.389078,0.475533,0.599142,0.649866,0.484465,0.533631,c1ccc(OCCCSc2ncccn2)cc1
decoy_1879,0.367287,0.480623,0.616521,0.668526,0.445232,0.532212,c1ccc(OCCCSc2nc[nH]n2)cc1
decoy_188,0.428733,0.434999,0.641221,0.660073,0.49018,0.475143,C[C@H]1CC[C@@H](O)[C@H](CCC(C)(C)C)C1
decoy_1880,0.399833,0.501369,0.642111,0.676141,0.468254,0.554559,c1ccc(OCCCSc2nncs2)cc1
decoy_1881,0.441923,0.609791,0.756197,0.835822,0.524165,0.605196,c1ccc(OCCCSc2nc(-c3ccccc3)n[nH]2)cc1
decoy_1882,0.509765,0.564628,0.800675,0.762476,0.618282,0.55633,c1ccc(OCCCSc2nnc(-c3ccccc3)o2)cc1
decoy_1883,0.410587,0.598115,0.720847,0.826313,0.518041,0.607626,c1ccc(OCCCSc2nnc(-c3cccs3)[nH]2)cc1
decoy_1884,0.415836,0.520816,0.765249,0.775908,0.515493,0.546683,c1ccc(Nc2nnc(SCCCOc3ccccc3)s2)cc1
decoy_1885,0.43962,0.56435,0.797388,0.843501,0.529159,0.594587,c1ccc(CNc2nnc(SCCCOc3ccccc3)s2)cc1
decoy_1886,0.362864,0.391594,0.710596,0.661197,0.483776,0.454797,C(=C/c1nc(SCCCOc2ccccc2)n[nH]1)\c1ccccc1
decoy_1887,0.406501,0.562549,0.731268,0.800368,0.518928,0.563253,C(=C/c1ccco1)\c1nc(SCCCOc2ccccc2)n[nH]1
decoy_1888,0.522376,0.584573,0.729062,0.812982,0.58643,0.601998,c1ccc(CSCCCOc2ccccc2)cc1
decoy_1889,0.399826,0.531753,0.716245,0.830362,0.501342,0.615877,c1ccc(OCC[NH2+]C2CC2)cc1
decoy_189,0.417668,0.37415,0.694579,0.611758,0.496332,0.443817,C[C@@H]1CCOCC[C@H]1OC=O
decoy_1890,0.492704,0.617965,0.716403,0.807226,0.568193,0.66154,c1ccc(NCCOc2ccccc2)cc1
decoy_1891,0.370458,0.409368,0.650119,0.627907,0.464229,0.454995,c1ccc(OCCNc2ccncn2)cc1
decoy_1892,0.409908,0.540358,0.703483,0.791166,0.515441,0.596547,c1ccc(C[NH2+]CCOc2ccccc2)cc1
decoy_1893,0.524548,0.472374,0.72057,0.707952,0.584451,0.50582,c1ccc(OCCOc2ccccc2)cc1
decoy_1894,0.477713,0.557481,0.795797,0.788082,0.573635,0.572196,c1ccc(OCCOCCOc2ncnc3ccccc23)cc1
decoy_1895,0.460736,0.440677,0.744562,0.635811,0.526235,0.465927,c1ccc(OCCOc2cccn3ccnc23)cc1
decoy_1896,0.436473,0.570486,0.745601,0.828173,0.532946,0.609958,c1ccc(Cc2ccc(OCCCN3CCOCC3)cc2)cc1
decoy_1897,0.320953,0.389823,0.866656,0.932007,0.554262,0.5899,c1cc(C[NH+]2CCNCC2)cc(OCCC[N@H+]2CCc3ccccc3C2)c1
decoy_1898,0.502958,0.555298,0.793159,0.786592,0.573433,0.532194,c1ccc(OCCOc2cccn3cc(-c4ccccc4)nc23)cc1
decoy_1899,0.404968,0.505947,0.757683,0.788712,0.49772,0.523084,C(=C/c1cncc(OCCCC2=c3ccccc3=NC2)c1)\c1ccncc1
decoy_19,0.428759,0.483042,0.717631,0.752036,0.464987,0.484811,CC1=CCCC(C)(C)[C@@H]1/C=C(\C)C(=O)/C=C/c1cccs1
decoy_190,0.399011,0.471179,0.673066,0.739939,0.494856,0.556195,Brc1cc(N2CCOCC2)ccn1
decoy_1900,0.384995,0.456729,0.731246,0.731185,0.497825,0.49418,c1cc(CCCOc2cncc(-c3ccc4[nH]ncc4c3)c2)c2c(c1)OCO2
decoy_1901,0.376947,0.462147,0.689665,0.713778,0.466536,0.490453,c1ccc(CCCOc2cncc(-c3ccc4[nH]ncc4c3)c2)cc1
decoy_1902,0.425857,0.466991,0.793752,0.766903,0.549379,0.519455,C1=C[C@H]2c3cc(OCCOc4ccccc4)ccc3N[C@@H](c3ccccc3)[C@@H]2C1
decoy_1903,0.376951,0.461192,0.709839,0.747056,0.471412,0.512686,c1ccc(CCCOc2cncc(-c3cc4c(cn3)cnc3ccccc34)c2)cc1
decoy_1904,0.315842,0.365781,0.73647,0.749534,0.441167,0.458282,c1ccc(C(OCCC[NH+]2CCN(c3ccccc3)CC2)c2ccccc2)cc1
decoy_1905,0.461168,0.53175,0.721415,0.714475,0.49003,0.566333,c1ccc(COCCCn2cnc3ccccc32)cc1
decoy_1906,0.417139,0.511904,0.638554,0.65887,0.476953,0.52058,c1ccc(COCCCSc2nncs2)cc1
decoy_1907,0.44266,0.653245,0.777394,0.902003,0.544687,0.673483,c1ccc(COCCCSc2nnc(NC3CC3)s2)cc1
decoy_1908,0.395425,0.535752,0.698674,0.834928,0.466748,0.60404,c1ccc(SCC[NH2+]C2CC2)cc1
decoy_1909,0.505283,0.536564,0.693782,0.793971,0.559206,0.590141,c1ccc(OCCSc2ccccc2)cc1
decoy_191,0.477834,0.473903,0.781871,0.717525,0.528326,0.51379,CN(CC1CCCCC1)C(=O)C1(C#N)CCCCC1
decoy_1910,0.409,0.544503,0.681198,0.750994,0.476199,0.578123,c1ccc(CCCSc2nncn2-c2ccccc2)cc1
decoy_1911,0.332864,0.429477,0.608547,0.664931,0.420276,0.465336,c1ccc(OCCSc2ncn[nH]2)cc1
decoy_1912,0.375117,0.432967,0.640829,0.651494,0.450773,0.463624,c1ccc(OCCSc2nncs2)cc1
decoy_1913,0.458669,0.629783,0.740448,0.82375,0.53437,0.643788,c1ccc(CCCSc2nc(-c3ccccc3)n[nH]2)cc1
decoy_1914,0.431915,0.611306,0.746078,0.819529,0.587659,0.689729,c1ccc(OCCSc2nc(-c3ccco3)n[nH]2)cc1
decoy_1915,0.35998,0.473774,0.809606,0.851359,0.534735,0.554115,c1ccc(C[NH2+]Cc2nc(SCCOc3ccccc3)n[n-]2)cc1
decoy_1916,0.428953,0.620751,0.739277,0.846246,0.538194,0.659735,c1ccc(OCCSc2nnc(COc3ccccc3)o2)cc1
decoy_1917,0.403424,0.497785,0.753126,0.74565,0.560788,0.506799,c1ccc(C[N@@H+]2Cc3ncnc(-c4ccccc4)c3C2)cc1
decoy_1918,0.366246,0.423942,0.850397,0.844163,0.528119,0.509064,c1ccc(-c2n[nH]cc2C[NH2+][C@@]23C[C@H]4C[C@@H](C2)C[C@](n2cncn2)(C4)C3)cc1
decoy_1919,0.540782,0.562457,0.741447,0.805484,0.592838,0.542926,c1coc(CNc2cccc3ccccc23)c1
decoy_192,0.424539,0.399113,0.729061,0.600914,0.453325,0.428342,C[C@H]1O[C@]2(CS1)C[N@+]1([O-])CC[C@H]2CC1
decoy_1920,0.41902,0.47141,0.660068,0.792603,0.493788,0.527972,C(=N/c1ccccc1)\c1ccccc1
decoy_1921,0.507829,0.425508,0.742247,0.702099,0.574116,0.463171,c1ccc(CNc2ccccc2)cc1
decoy_1922,0.494777,0.60681,0.759632,0.822332,0.582266,0.580234,c1ccc(COc2ccccc2CNc2ccccc2)cc1
decoy_1923,0.408797,0.507763,0.655298,0.836424,0.537317,0.623439,c1ccc(NCc2ccco2)cc1
decoy_1924,0.487251,0.452558,0.748447,0.766725,0.548312,0.485595,c1ccc(NCc2cccs2)cc1
decoy_1925,0.415372,0.47643,0.67494,0.720162,0.501697,0.54877,c1ccc(NCc2ccncc2)cc1
decoy_1926,0.410187,0.508083,0.69733,0.756071,0.522375,0.587827,c1ccc(NCc2ccncn2)cc1
decoy_1927,0.34063,0.466036,0.630231,0.723285,0.461069,0.561915,c1ccc(NCc2cc[nH]n2)cc1
decoy_1928,0.452948,0.491783,0.705942,0.824538,0.54548,0.559363,c1ccc(NCc2ccsc2)cc1
decoy_1929,0.454742,0.532955,0.752479,0.769631,0.548004,0.610296,c1ccc(NCc2cnccn2)cc1
decoy_193,0.398119,0.409269,0.670936,0.627063,0.474177,0.463925,C[C@H](C#N)C(=O)N1C[C@H]2CC[C@@H]1C2
decoy_1930,0.382529,0.482882,0.657046,0.764634,0.479121,0.561072,c1ccc(NCc2cncs2)cc1
decoy_1931,0.368913,0.497344,0.676376,0.767295,0.485343,0.580639,c1ccc(NCc2cn[nH]c2)cc1
decoy_1932,0.424464,0.495994,0.716367,0.771733,0.523831,0.565381,c1ccc(NCc2cnoc2)cc1
decoy_1933,0.475663,0.454694,0.702777,0.700558,0.551405,0.489277,c1ccc(NCc2coc3ccccc23)cc1
decoy_1934,0.369289,0.490446,0.645468,0.767483,0.480821,0.586528,c1ccc(NCc2cscn2)cc1
decoy_1935,0.373236,0.508755,0.668071,0.792452,0.494882,0.606137,c1ccc(NCc2csnn2)cc1
decoy_1936,0.406308,0.411384,0.785145,0.779514,0.516507,0.477691,c1ccc(NCc2[nH]cc[nH+]2)cc1
decoy_1937,0.469598,0.546304,0.788186,0.748878,0.540954,0.558315,c1ccc(-c2nc[nH]n2)c(NCc2ccncc2)c1
decoy_1938,0.374505,0.526472,0.683808,0.804693,0.525824,0.631098,c1ccc(NCc2ncno2)cc1
decoy_1939,0.482244,0.566558,0.776064,0.778065,0.589425,0.657065,c1ccc(NCc2nncn2-c2ccccc2)cc1
decoy_194,0.448532,0.533977,0.642971,0.72946,0.481958,0.52906,CCN(c1cccc(F)c1)c1ccc(C#N)cc1F
decoy_1940,0.3328,0.501084,0.668692,0.82862,0.470059,0.603412,c1ccc(NCc2nnc[nH]2)cc1
decoy_1941,0.457716,0.486924,0.672338,0.703554,0.520674,0.514224,c1ccc(NCc2ccc(-c3ccccc3)cc2)cc1
decoy_1943,0.478781,0.58072,0.804451,0.796585,0.585673,0.608299,c1ccc(NCc2nc(-c3cccs3)n[nH]2)cc1
decoy_1944,0.478582,0.541717,0.75077,0.731254,0.541544,0.551738,c1ccc(NCc2nc(-c3ccsc3)no2)cc1
decoy_1945,0.485886,0.530105,0.748619,0.701947,0.542631,0.554321,c1ccc(Cc2noc(CNc3ccccc3)n2)cc1
decoy_1946,0.410809,0.468075,0.758663,0.697041,0.578994,0.502569,c1ccc(CSc2nnc(CNc3ccccc3)[nH]2)cc1
decoy_1948,0.321925,0.43359,0.661951,0.731519,0.46587,0.52009,c1ccc(NCc2nc(-c3ccc4nccnc4c3)c(-c3ccccn3)[nH]2)cc1
decoy_1949,0.387209,0.392525,0.743403,0.667322,0.46201,0.397822,c1ccc(NCc2cccs2)[nH+]c1
decoy_195,0.449227,0.449813,0.6839,0.658704,0.538514,0.485458,CC(=O)O[C@@H]1CCCCOCC1
decoy_1950,0.47935,0.59641,0.728886,0.733973,0.527608,0.571408,c1ccc(CN(c2ccccn2)c2ccncn2)cc1
decoy_1951,0.3719,0.471492,0.683339,0.747211,0.491599,0.555017,c1ccc(NCc2cncs2)nc1
decoy_1952,0.298178,0.339956,0.527227,0.568673,0.388976,0.404354,c1ccc(CNc2cccnc2)cc1
decoy_1953,0.286877,0.307915,0.548639,0.544428,0.380796,0.374402,c1cnnc(NCc2cccs2)c1
decoy_1954,0.408655,0.464354,0.768656,0.755274,0.594001,0.52027,c1cnnc(NCc2ccoc2)c1
decoy_1955,0.410366,0.481226,0.700199,0.706352,0.472327,0.481504,c1coc(CNc2cc[nH+]c3ccccc23)c1
decoy_1956,0.401907,0.489904,0.785681,0.794046,0.503046,0.541784,c1ccc2c(NCc3nccs3)cc[nH+]c2c1
decoy_1957,0.30618,0.326627,0.551258,0.547597,0.410741,0.410926,c1ccc(CNc2ccncn2)cc1
decoy_1958,0.360369,0.445293,0.684222,0.715132,0.4978,0.540924,c1cncc(CNc2ccncn2)c1
decoy_1959,0.407086,0.521297,0.705237,0.759097,0.465666,0.528811,c1ccc(COCc2cccc(CNc3ccncn3)c2)cc1
decoy_196,0.408524,0.499358,0.73611,0.751855,0.491422,0.484506,CCc1ccc([C@H](C)[NH2+]C[C@@H]2CC=CCC2)s1
decoy_1960,0.339587,0.351517,0.602887,0.588136,0.4426,0.438794,c1ccc(CNc2cn[nH]c2)cc1
decoy_1961,0.348488,0.339814,0.618108,0.567775,0.451988,0.428822,c1cn(-c2ccc(CNc3cn[nH]c3)cc2)cn1
decoy_1962,0.292263,0.336488,0.547016,0.590006,0.405656,0.410844,c1cnc(NCc2cccs2)nc1
decoy_1963,0.444102,0.518637,0.731441,0.713342,0.527123,0.533542,c1cnc(NCc2ccc(-c3ccn[nH]3)cc2)nc1
decoy_1964,0.347426,0.426925,0.602831,0.63376,0.447124,0.480361,c1ccc2c(c1)OC[C@H](CNc1nccs1)O2
decoy_1965,0.378931,0.441767,0.718504,0.694761,0.513122,0.517807,c1ccc(CNc2ncnc3[nH]cnc23)cc1
decoy_1966,0.404145,0.459359,0.720562,0.694696,0.513772,0.515854,c1ccc(CNc2ncnc3sccc23)nc1
decoy_1967,0.510221,0.506831,0.793744,0.744303,0.557668,0.48994,c1csc(CNc2ncnc3sccc23)c1
decoy_1968,0.404128,0.460928,0.653899,0.658393,0.464397,0.485594,c1ccc(COc2ccc(CNc3nn[nH]n3)cc2)cc1
decoy_1969,0.322787,0.371329,0.700243,0.701352,0.505506,0.532184,c1ccc(C[NH2+][C@]23C[C@H]4C[C@H](C[C@H](C4)C2)C3)cc1
decoy_197,0.526388,0.60605,0.777123,0.761974,0.591106,0.603813,CC1=C/C(=C(/C)c2cc(C)c(C)[nH]2)N=C1C
decoy_1970,0.35448,0.429986,0.738218,0.766878,0.482109,0.490946,c1ccc(COc2ccccc2C[NH2+][C@]23C[C@H]4C[C@H](C[C@H](C4)C2)C3)cc1
decoy_1971,0.328957,0.342367,0.817455,0.726163,0.510114,0.473174,c1ccc(COc2ccc(C[NH2+][C@]34C[C@H]5C[C@H](C[C@H](C5)C3)C4)cc2)cc1
decoy_1972,0.320727,0.372223,0.694514,0.692174,0.523127,0.488133,c1ccc(C[NH2+][C@H]2[C@@H]3C[C@H]4C[C@@H](C3)C[C@@H]2C4)cc1
decoy_1973,0.393148,0.435224,0.759086,0.723324,0.482326,0.445954,c1csc(CNc2ccc3nncn3n2)c1
decoy_1974,0.490915,0.491129,0.744458,0.701774,0.537888,0.502024,c1ccc(CNc2ccc3ocnc3c2)cc1
decoy_1975,0.5153,0.523287,0.712004,0.766856,0.58113,0.549736,c1ccc(CNc2ccc3sccc3c2)cc1
decoy_1976,0.452173,0.556873,0.741299,0.773137,0.552784,0.55871,c1ccc(CNc2ccc(CNc3ccccc3)cc2)cc1
decoy_1977,0.465162,0.533544,0.718562,0.702583,0.532574,0.528333,c1ccc(CNc2ccc(-n3nccn3)cc2)cc1
decoy_1978,0.487214,0.542254,0.735329,0.742195,0.55437,0.543571,c1ccc(CNc2ccc(Oc3ccccc3)cc2)cc1
decoy_1979,0.450421,0.559339,0.737535,0.750958,0.509717,0.567138,c1ccc(CNc2cc(Nc3ccccc3)ncn2)cc1
decoy_198,0.349812,0.331619,0.540077,0.550172,0.440591,0.399729,O=[N+]([O-])c1cc(Cl)cc(Br)c1N1CCCCC1
decoy_1980,0.420871,0.586234,0.722091,0.789732,0.53399,0.587009,c1ccc(Nc2cc(NCc3cccnc3)ncn2)cc1
decoy_1981,0.429824,0.604751,0.698071,0.768961,0.531938,0.580817,c1ccc(Nc2cc(NCc3ccco3)ncn2)cc1
decoy_1982,0.451316,0.56163,0.752529,0.756665,0.526862,0.568654,c1ccc(CNc2cc(Nc3ccccn3)ncn2)cc1
decoy_1983,0.470391,0.59118,0.731047,0.764705,0.530047,0.568293,c1ccc(CNc2cnc(Cc3ccccc3)o2)cc1
decoy_1984,0.5036,0.527522,0.764143,0.717901,0.567808,0.513,c1ccc(CNc2nc3ccccc3o2)cc1
decoy_1985,0.452254,0.625847,0.784962,0.841712,0.544703,0.607445,c1ccc(CNc2nc(-c3ccccc3)nc3ccccc23)cc1
decoy_1986,0.401158,0.516237,0.655076,0.703028,0.482737,0.526671,c1ccc(CNc2[nH]c(-c3ccccc3)c[nH+]2)cc1
decoy_1987,0.393309,0.552579,0.756151,0.847781,0.501241,0.552311,c1ccc(CNc2nc(Nc3ccccc3)[nH+]c3ccccc23)cc1
decoy_1988,0.37966,0.559791,0.744145,0.829355,0.503143,0.557569,c1ccc(Nc2nc(NCc3ccco3)c3ccccc3[nH+]2)cc1
decoy_1989,0.475778,0.596925,0.691789,0.736765,0.5467,0.578533,c1ccc(CNc2ncnc(-c3ccccc3)n2)cc1
decoy_199,0.385296,0.413627,0.579709,0.664208,0.462077,0.441236,CCN(CC)c1c(Cl)cc(Br)cc1[N+](=O)[O-]
decoy_1990,0.399713,0.538076,0.699174,0.761398,0.513161,0.607532,C(=N/Nc1ncnc(NCc2ccccc2)n1)\c1ccccc1
decoy_1991,0.397596,0.426599,0.700006,0.65637,0.496834,0.486567,c1cc(CNc2nn3ccnc3s2)c2[nH]ccc2c1
decoy_1992,0.45173,0.546567,0.759106,0.75829,0.536043,0.559845,c1ccc(CNc2nnc(SCc3ccccc3)s2)cc1
decoy_1993,0.408122,0.526636,0.721555,0.742109,0.531195,0.557679,c1ccc(CNc2nnc(SCc3ncncn3)s2)cc1
decoy_1994,0.418344,0.581931,0.690275,0.773553,0.513868,0.577317,c1ccc(CNc2cc3c(-c4ccccc4)noc3cn2)cc1
decoy_1995,0.45312,0.529324,0.703693,0.77179,0.523107,0.517191,C(=N/c1cc(-c2ccccc2)c(-c2ccccc2)o1)\c1ccccc1
decoy_1996,0.465421,0.509121,0.850457,0.79985,0.565507,0.55021,c1ccc(CNc2cc(-c3nc[nH]c3-c3ccccc3)ccn2)cc1
decoy_1997,0.47528,0.577752,0.707414,0.743545,0.53551,0.557816,C(=N/c1ccc2cc3ccccc3nc2c1)\c1ccco1
decoy_1998,0.361579,0.482087,0.75946,0.895064,0.540263,0.651451,c1ccc(C[NH2+][C@H]2CO[C@@H]3CO[C@H](c4ccccc4)O[C@@H]3C2)cc1
decoy_1999,0.354021,0.428279,0.789784,0.852444,0.511367,0.53833,c1ccc(C[NH2+][C@@H]2CO[C@H]3[C@@H]2OC[C@@H]3Nc2nccc(-c3cccs3)n2)cc1
decoy_2,0.352569,0.36652,0.610061,0.603836,0.417597,0.400701,Cc1ccc(/C=C2/N=C(c3ccc(C(C)(C)C)cc3)OC2=O)o1
decoy_20,0.457321,0.525328,0.751092,0.728196,0.515743,0.506069,O=c1c2ccccc2nc(-c2ccccc2)n1Nc1ccc(F)cc1F
decoy_200,0.410307,0.496705,0.784543,0.760814,0.560018,0.461545,Clc1snnc1C[N@H+]1CCC[C@@H]1C1CCCCC1
decoy_2000,0.35155,0.453628,0.734599,0.783631,0.510895,0.526524,c1ccc(CNc2[nH]c(-c3ccc(-c4ccccc4)cc3)c[nH+]2)cc1
decoy_2001,0.365472,0.486814,0.747305,0.811221,0.476298,0.515463,c1ccc(CNc2nc(NCc3ccccc3)c3ccccc3[nH+]2)cc1
decoy_2002,0.466627,0.46623,0.879169,0.789683,0.56945,0.518089,c1ccc(CNc2cc(N[C@]34C[C@H]5C[C@H](C[C@H](C5)C3)C4)ncn2)cc1
decoy_2003,0.330225,0.395612,0.676862,0.675088,0.454555,0.463134,c1ccc(CNc2nc(-c3ccccc3)c3cn(-c4ccccc4)nc3n2)cc1
decoy_2004,0.455929,0.543251,0.73416,0.744854,0.53647,0.553549,c1cc(CNCc2cncnc2)c2cccnc2c1
decoy_2005,0.441306,0.534412,0.769465,0.769832,0.575904,0.555175,C(=[NH+]/Cc1ccccc1)\c1ccccc1
decoy_2006,0.420976,0.494905,0.721276,0.703844,0.523651,0.498816,c1ccc(C[NH2+]Cc2ccccc2)cc1
decoy_2007,0.402668,0.544202,0.793714,0.845011,0.528457,0.537219,c1ccc(C([NH2+]Cc2cn[nH]c2)c2ccccc2)cc1
decoy_2008,0.38091,0.56,0.721424,0.865263,0.526182,0.636221,c1ccc(-c2ccccc2C[NH2+]Cc2ncncn2)cc1
decoy_2009,0.463882,0.578962,0.722059,0.741079,0.523348,0.582698,c1ccc([C@@H](NCc2cn[nH]c2)c2cccs2)cc1
decoy_201,0.406957,0.532533,0.753239,0.82303,0.523995,0.525596,Fc1cc2nc(C3CC3)[nH]c2cc1F
decoy_2010,0.360451,0.461966,0.767514,0.788012,0.479441,0.485482,c1ccc(-c2n[nH]cc2C[NH2+][C@@H](c2ccccc2)c2ccncc2)cc1
decoy_2011,0.367279,0.448563,0.72555,0.73843,0.476138,0.503732,c1ccc(CN(Cc2ccccc2)c2cc(Nc3ccccc3)ncn2)cc1
decoy_2012,0.396159,0.482467,0.822654,0.811308,0.531081,0.515689,c1ccc(CN(Cc2ccccc2)c2cc(Nc3ccccn3)ncn2)cc1
decoy_2013,0.401313,0.511459,0.709951,0.734459,0.521697,0.579525,C(\CNCc1ccccc1)=N/c1nncs1
decoy_2014,0.425757,0.501038,0.737369,0.741341,0.514573,0.508722,c1ccc(C[NH2+]Cc2ccccn2)cc1
decoy_2015,0.409979,0.49551,0.767537,0.780149,0.515877,0.526777,c1ccc(C[NH2+]Cc2ccoc2)nc1
decoy_2016,0.371286,0.54447,0.730183,0.868216,0.523941,0.600735,c1ccc(Cn2cccc2C[NH2+]Cc2ccco2)cc1
decoy_2017,0.370813,0.467332,0.712088,0.70405,0.51434,0.521623,c1ccc(C[NH2+]Cc2ccco2)cc1
decoy_2018,0.411672,0.503099,0.789087,0.844727,0.556515,0.556683,c1c[nH]c(C[NH2+]Cc2ccco2)c1
decoy_2019,0.399901,0.487549,0.730135,0.728288,0.544683,0.478052,c1ccc(C[NH2+]Cc2cccs2)cc1
decoy_202,0.41463,0.441631,0.706374,0.672144,0.480206,0.471899,Cn1cc(S[C@@H]2C[C@H](C(C)(C)C)CC[C@@H]2C#N)cn1
decoy_2020,0.370232,0.4285,0.720144,0.70854,0.506592,0.463452,c1coc(C[NH2+]Cc2cccs2)c1
decoy_2021,0.404165,0.46157,0.811103,0.811875,0.550305,0.517561,c1csc(C[NH2+]Cc2cn[nH]c2)c1
decoy_2022,0.293959,0.369919,0.600852,0.698152,0.462191,0.578155,c1cnc(C[NH2+]Cc2cccs2)nc1
decoy_2023,0.379812,0.503807,0.629224,0.75169,0.473471,0.553397,c1ccc(-c2nc(C[NH2+]Cc3cccs3)cs2)cc1
decoy_2024,0.410929,0.496933,0.774065,0.78636,0.553844,0.541929,c1ccc(C[NH2+]Cc2ccncc2)cc1
decoy_2025,0.345896,0.417116,0.699194,0.760494,0.500781,0.528686,c1cc(C[NH2+]Cc2ccoc2)ccn1
decoy_2026,0.312409,0.413199,0.672277,0.766166,0.483252,0.57924,c1ccc(C[NH2+]Cc2c[nH]cn2)cc1
decoy_2027,0.372116,0.478125,0.701591,0.747382,0.487804,0.489744,c1ccc(-c2n[nH]cc2C[NH2+]Cc2cnccn2)cc1
decoy_2028,0.34619,0.463715,0.660028,0.770533,0.445646,0.518033,c1ccc(-c2n[nH]cc2C[NH2+]Cc2cnn(-c3ccccc3)c2)cc1
decoy_2029,0.309504,0.372803,0.74774,0.735304,0.465442,0.448361,c1cc(C[NH2+]Cc2c[nH]nc2-c2ccco2)cc(Cn2cnc3ccccc32)c1
decoy_203,0.522144,0.570569,0.789037,0.742046,0.580135,0.546231,Fc1cccc(NC[C@@H]2Cc3ccccc3O2)n1
decoy_2030,0.357761,0.379341,0.834003,0.759166,0.528395,0.468752,c1ccc(Cn2cccn2)c(C[NH2+]Cc2c[nH]nc2-c2cc3ccccc3o2)c1
decoy_2031,0.330284,0.407197,0.698311,0.812504,0.509912,0.572104,c1ccc(-c2ccc(-c3n[nH]cc3C[NH2+]Cc3ccccn3)cc2)cc1
decoy_2032,0.39371,0.487994,0.759987,0.75324,0.528582,0.472092,c1ccc(C[NH2+]Cc2cscn2)cc1
decoy_2033,0.319537,0.427199,0.665789,0.771483,0.503364,0.599498,c1ccc(C[NH2+]Cc2ncco2)cc1
decoy_2034,0.469226,0.579324,0.788328,0.814633,0.583706,0.621763,c1ccc(CNCc2ncno2)cc1
decoy_2035,0.321532,0.446358,0.685789,0.825064,0.490411,0.580085,c1ccc(C[NH2+]Cc2nnn[n-]2)cc1
decoy_2036,0.357931,0.411834,0.746287,0.702518,0.524273,0.468994,c1ccc(-c2n[nH]cc2C[NH2+]Cc2scnc2-c2ccccc2)cc1
decoy_2037,0.414023,0.423611,0.839773,0.745524,0.583028,0.464256,c1ccc(C[NH2+]C[C@]23C[C@H]4C[C@H](C[C@H](C4)C2)C3)cc1
decoy_2038,0.384422,0.445923,0.8755,0.894527,0.56832,0.735416,c1ccc(-c2n[n-]nc2C[NH2+]C[C@]23C[C@H]4C[C@H](C[C@H](C4)C2)C3)cc1
decoy_2039,0.378902,0.465118,0.825322,0.827085,0.509884,0.544013,C1=NN=C(c2ccc(-c3ccccc3)cc2)[C@@H]1CNCC1=C[C@@H](c2ccccc2)ON1
decoy_204,0.349072,0.429297,0.554235,0.604677,0.463194,0.488494,CN(Cc1ccc2ccccc2c1)c1cncc(Cl)n1
decoy_2040,0.365647,0.445412,0.712295,0.709911,0.50775,0.498993,c1ccc(C[NH2+]Cc2ccn3nccc3n2)cc1
decoy_2041,0.3764,0.516711,0.716835,0.849847,0.490441,0.591883,c1ccc(C[NH2+]Cc2ccn(Cc3ccccc3)c2)cc1
decoy_2042,0.344689,0.450604,0.69398,0.718834,0.510662,0.541602,c1ccc(C[NH2+]Cc2cn3ccsc3n2)cc1
decoy_2043,0.33499,0.411223,0.693424,0.723226,0.448889,0.481379,c1ccc(C[NH2+]Cc2cn(Cc3ccccc3)c3ccccc23)cc1
decoy_2044,0.38764,0.509872,0.723305,0.818204,0.486938,0.560503,c1ccc(C[NH2+]Cc2cnn(-c3ccccc3)c2)cc1
decoy_2045,0.371709,0.471101,0.706476,0.745278,0.457424,0.518394,c1ccc(C[NH2+]Cc2cnn(Cc3ccccc3)c2)cc1
decoy_2046,0.404738,0.428313,0.737729,0.677928,0.500821,0.478349,c1csc(-c2nc(C[NH2+]C[C@H]3CNc4ccnn4C3)co2)c1
decoy_2047,0.366584,0.518088,0.618855,0.71177,0.443646,0.531146,c1ccc(C[NH2+]Cc2csc(-c3ccccc3)n2)cc1
decoy_2048,0.425537,0.545991,0.80202,0.824234,0.570501,0.595517,C1=C(CNCc2nc3ccccc3[nH]2)[C@@H](c2ccccc2)N=N1
decoy_2049,0.380533,0.425918,0.763394,0.71825,0.481887,0.478928,c1ccc(-c2nc3ccccc3cc2CNCc2nc3ccccc3[nH]2)cc1
decoy_205,0.42241,0.417811,0.77659,0.714695,0.482561,0.462315,CC[C@@H]1CO[C@H](C)CN1[C@@H]1C[C@H](C(C)(C)C)CC[C@@H]1C#N
decoy_2050,0.326259,0.404182,0.652648,0.72863,0.440742,0.502832,c1ccc(-c2cc(C[NH2+]Cc3nc4ccccc4[nH]3)on2)cc1
decoy_2051,0.48409,0.605034,0.754273,0.771154,0.572984,0.651884,c1ccc(CNCc2nc(-c3ccccc3)no2)cc1
decoy_2052,0.458632,0.596899,0.735019,0.77881,0.566325,0.631118,c1ccc(Cc2noc(CNCc3cccs3)n2)cc1
decoy_2053,0.452951,0.608555,0.800097,0.855878,0.585129,0.68718,c1ccc(CNCc2ncnc(Nc3ccccc3)n2)cc1
decoy_2054,0.412669,0.532091,0.774491,0.823414,0.52851,0.562768,c1ccc(CN(Cc2ncnc(Nc3ccccc3)n2)Cc2ccco2)cc1
decoy_2055,0.36535,0.498052,0.68307,0.719175,0.492058,0.488304,c1ccc(C[NH2+][C@@H](Cc2cccs2)c2cccs2)cc1
decoy_2056,0.376295,0.500952,0.658849,0.69588,0.500573,0.491473,c1coc(C[NH2+][C@@H](Cc2cccs2)c2cccs2)c1
decoy_2057,0.42497,0.539233,0.727795,0.777231,0.518192,0.542171,C(\N[C@H]1C[C@@H]1c1ccccc1)=[NH+]/Cc1ccco1
decoy_2058,0.404423,0.512879,0.720587,0.748057,0.509543,0.505919,C(\Nc1ccccc1)=[NH+]/Cc1ccccc1
decoy_2059,0.367521,0.491059,0.697358,0.769429,0.532267,0.571014,C(\NCc1ccccc1)=[NH+]/Cc1ccco1
decoy_206,0.448106,0.561347,0.652072,0.830429,0.489399,0.543128,Cc1scc(CS)c1-c1ccc(C(C)C)cc1
decoy_2060,0.388155,0.511968,0.657399,0.701441,0.45259,0.536649,C(=N/[NH+]=C/NCc1ccccc1)\c1ccccc1
decoy_2061,0.521312,0.628362,0.746141,0.864907,0.593893,0.59494,C(=N/N(Cc1ccccc1)c1ccccc1)\c1ccccc1
decoy_2062,0.42237,0.505124,0.782498,0.794454,0.520323,0.517642,c1cnc2c(OCc3nnc[nH]3)cccc2c1
decoy_2063,0.442525,0.467318,0.635006,0.732048,0.522267,0.512209,c1ccc(OCc2cccc3ccccc23)cc1
decoy_2064,0.510435,0.468397,0.758288,0.767311,0.539082,0.497809,c1ccc(COc2ccccc2)cc1
decoy_2065,0.338652,0.420911,0.566053,0.693693,0.432886,0.469676,c1ccc(OCc2ccccn2)cc1
decoy_2066,0.464072,0.461902,0.71476,0.72062,0.493627,0.487917,c1ccc(OCc2cccnc2)cc1
decoy_2067,0.460308,0.440345,0.718641,0.762174,0.503459,0.45826,c1ccc(OCc2ccco2)cc1
decoy_2068,0.45875,0.473042,0.755516,0.836865,0.520306,0.505597,c1ccc(OCc2cccs2)cc1
decoy_2069,0.457337,0.45076,0.719802,0.651058,0.507124,0.464859,C1=Nc2ncsc2[C@@H](c2ccccc2OCc2ccccc2)C1
decoy_207,0.45651,0.513473,0.725995,0.84707,0.524182,0.561789,CCC[C@@H](CCl)c1ccc(Br)cc1
decoy_2070,0.38513,0.474841,0.661489,0.732968,0.488291,0.548767,c1ccc(OCc2ccncn2)cc1
decoy_2071,0.363015,0.459593,0.6442,0.725825,0.465463,0.526325,c1ccc(OCc2ccn[nH]2)cc1
decoy_2072,0.504961,0.45878,0.806069,0.817225,0.553058,0.491851,c1ccc(OCc2ccsc2)cc1
decoy_2073,0.357244,0.453891,0.605852,0.759242,0.440282,0.523608,c1ccc(OCc2cncs2)cc1
decoy_2074,0.428598,0.464641,0.740451,0.749239,0.492547,0.466893,c1ccc(OCc2cscn2)cc1
decoy_2075,0.362619,0.476158,0.63656,0.790646,0.466018,0.56399,c1ccc(OCc2csnn2)cc1
decoy_2076,0.329386,0.415863,0.59314,0.664078,0.456346,0.478808,c1ccc(OCc2ncccn2)cc1
decoy_2077,0.444105,0.488888,0.725157,0.789471,0.511398,0.531965,c1ccc(OCc2nccs2)cc1
decoy_2078,0.327559,0.481409,0.649817,0.790142,0.459612,0.596957,c1ccc(OCc2nc[nH]n2)cc1
decoy_2079,0.377356,0.444954,0.658593,0.670191,0.492891,0.50547,c1ccc(OCc2nnc3ccccn23)cc1
decoy_208,0.455794,0.483313,0.688835,0.758386,0.51133,0.508368,BrC[C@H](c1ccccc1)C1CCCCC1
decoy_2080,0.507872,0.572991,0.824944,0.818052,0.578041,0.624954,c1ccc(OCc2nnc3scnn23)cc1
decoy_2081,0.434171,0.562279,0.708831,0.770763,0.515137,0.600891,c1ccc(OCc2nncn2-c2ccccc2)cc1
decoy_2082,0.345859,0.447523,0.634688,0.738607,0.460071,0.515661,c1ccc(OCc2nnco2)cc1
decoy_2083,0.470666,0.586432,0.723961,0.744292,0.598742,0.654877,c1ccc(OCc2cc(-c3ccccc3)[nH]n2)cc1
decoy_2084,0.504057,0.579229,0.735744,0.787734,0.594303,0.669114,c1ccc(OCc2cc(-c3cccs3)on2)cc1
decoy_2085,0.405283,0.545898,0.726963,0.779624,0.479053,0.57798,c1ccc(OCc2ccc(-c3nnc[nH]3)o2)cc1
decoy_2086,0.522304,0.581883,0.757585,0.759825,0.581813,0.544864,c1ccc(OCc2coc(-c3cccs3)n2)cc1
decoy_2087,0.449046,0.458916,0.735254,0.67136,0.53329,0.492893,c1ccc(OCc2nc3ccccc3[nH]2)cc1
decoy_2088,0.439872,0.524046,0.708928,0.70597,0.524115,0.546194,c1ccc(CSc2nc(COc3ccccc3)n[nH]2)cc1
decoy_2089,0.451694,0.552675,0.697334,0.728073,0.522543,0.533653,c1ccc(CSc2nnc(COc3ccccc3)o2)cc1
decoy_209,0.427268,0.411357,0.718523,0.741775,0.501378,0.448799,C=CC[C@H]1CCCCC[C@@H]1Cl
decoy_2090,0.49657,0.560617,0.739903,0.768951,0.574168,0.59039,c1ccc(OCc2noc(-c3ccsc3)n2)cc1
decoy_2091,0.439257,0.472931,0.777054,0.748138,0.520921,0.486557,c1ccc(CN(Cc2ccccc2)c2cnc(COc3ccccc3)o2)cc1
decoy_2092,0.486372,0.468528,0.804972,0.71135,0.574393,0.512855,c1ccc(OCc2n[nH]c(SCc3cccc4ccccc34)n2)cc1
decoy_2093,0.382293,0.360641,0.751904,0.636235,0.504483,0.427791,c1ccc(OCc2nc(SCc3ccc4ccccc4n3)n[nH]2)cc1
decoy_2094,0.345502,0.44401,0.796854,0.813194,0.49949,0.528344,c1ccc(OCC2=[NH+]N[C@H](SCC3N=c4ccccc4=N3)N2c2ccccc2)cc1
decoy_2095,0.398013,0.483302,0.676371,0.697657,0.48599,0.503451,C(=N/Nc1ncn[nH]1)\c1ccccc1OCc1ccccc1
decoy_2096,0.391527,0.455736,0.793034,0.789719,0.517376,0.538928,C(=N/Nc1nc2ccccc2[nH]1)\c1ccccc1OCc1cccc2ccccc12
decoy_2097,0.578087,0.537771,0.745997,0.782849,0.624889,0.541537,c1ccc(COc2ccc3ccccc3n2)cc1
decoy_2098,0.420844,0.509238,0.660007,0.713335,0.500624,0.53199,c1ccc(Cc2ccc(OCc3nc[nH]n3)cc2)cc1
decoy_2099,0.519215,0.646339,0.773623,0.840079,0.583277,0.585067,c1ccc(COc2cccn3cc(-c4ccccc4)nc23)cc1
decoy_21,0.407882,0.536033,0.679703,0.809541,0.509331,0.706855,CC(=O)O[C@]1(C)CC[C@@]23C[C@@H]1C(C)(C)[C@@H]2CC[C@H]3C
decoy_210,0.418933,0.400531,0.77375,0.775489,0.505427,0.452688,CCC[C@H]1CCC[C@@H]1Br
decoy_2100,0.482444,0.561804,0.760744,0.75683,0.574572,0.548751,c1ccc(COc2ccnc(OCc3ccccc3)n2)cc1
decoy_2101,0.472887,0.541402,0.758941,0.767142,0.526704,0.577006,C1=C[C@@H](c2ccc(OCc3ccccc3)cc2)n2ncnc2N1
decoy_2102,0.47315,0.53846,0.776771,0.762752,0.552499,0.521507,c1ccc(COc2ccc(-c3n[nH]cc3-c3nccs3)cc2)cc1
decoy_2103,0.452608,0.553406,0.730196,0.770815,0.507824,0.576925,C1=C[C@@H](c2cccc(OCc3ccccc3)c2)n2ncnc2N1
decoy_2104,0.443852,0.536164,0.718204,0.753594,0.51472,0.578016,C1=C[C@H](c2cccc(OCc3ccccc3)c2)c2c[nH]nc2O1
decoy_2105,0.450384,0.579143,0.68985,0.745141,0.485172,0.529835,c1ccc(COc2csc(-c3cnc4ccccn34)c2)cc1
decoy_2106,0.566832,0.562059,0.753332,0.797872,0.610152,0.583316,c1ccc(COCc2ccccc2)cc1
decoy_2107,0.581511,0.589825,0.79726,0.875089,0.631068,0.640978,c1ccc(COCc2ccco2)cc1
decoy_2108,0.503258,0.479758,0.726718,0.758882,0.56325,0.491238,c1ccc(COCc2cccs2)cc1
decoy_2109,0.529478,0.518016,0.739461,0.786669,0.595411,0.531568,C(=N/OCc1ccccc1)\c1ccccc1
decoy_211,0.428036,0.420393,0.770889,0.830543,0.512432,0.478028,C#CC[C@H]1CCCC[C@@H]1Br
decoy_2110,0.523778,0.534427,0.786215,0.850812,0.643762,0.604077,c1ccc(CSc2ccccc2)cc1
decoy_2111,0.407186,0.480521,0.670311,0.781832,0.486268,0.55634,c1ccc(SCc2cnoc2)cc1
decoy_2112,0.420676,0.44011,0.642466,0.734679,0.509277,0.496633,c1ccc(SCc2coc3ccccc23)cc1
decoy_2113,0.466452,0.546728,0.675684,0.81774,0.521664,0.536674,C1=C[C@H](c2ccccc2)C=C(CSc2ccccc2)O1
decoy_2114,0.468685,0.500157,0.711386,0.732608,0.518932,0.487013,c1ccc(SCc2ncc3ccsc3n2)cc1
decoy_2115,0.386055,0.483699,0.667903,0.71383,0.516952,0.54969,c1ccc(SCc2ncc3cn[nH]c3n2)cc1
decoy_2116,0.462006,0.477914,0.706365,0.728882,0.545664,0.501295,c1ccc(CSc2ccccn2)cc1
decoy_2117,0.466439,0.482914,0.787461,0.77478,0.560755,0.522077,c1ccc(SCc2cnoc2)nc1
decoy_2118,0.489908,0.560982,0.719515,0.740936,0.557216,0.595573,c1ccc(-c2noc(CSc3cccnc3)n2)cc1
decoy_2119,0.324383,0.353372,0.576305,0.599834,0.412778,0.412383,c1ccc(CSc2ccn[nH]2)cc1
decoy_212,0.420006,0.383914,0.758219,0.75015,0.495872,0.43596,CC[C@@H]1CCCC[C@H]1Br
decoy_2120,0.418456,0.4699,0.744911,0.739984,0.495019,0.543064,c1cncc(CSc2ccn[nH]2)c1
decoy_2121,0.342869,0.355617,0.577959,0.63393,0.416234,0.402748,c1ccc(CSc2cncs2)cc1
decoy_2122,0.306407,0.370171,0.522087,0.625791,0.40389,0.430603,c1ccc(CSc2ncccn2)cc1
decoy_2123,0.238718,0.263542,0.45175,0.512135,0.338603,0.351733,c1cnc(SCc2ccsc2)nc1
decoy_2124,0.436939,0.468041,0.79926,0.772468,0.502793,0.510777,c1cnc(SCc2cn[nH]c2)nc1
decoy_2125,0.325483,0.401664,0.576437,0.613709,0.444183,0.479248,c1cnc(SCc2cnc3ccccc3n2)nc1
decoy_2126,0.39479,0.444122,0.680988,0.661115,0.494137,0.472688,c1cnc(SCc2noc(-c3cccs3)n2)nc1
decoy_2127,0.276314,0.3322,0.513524,0.562635,0.368751,0.401943,c1ccc(CSc2ncc[nH]2)cc1
decoy_2128,0.427059,0.511166,0.673532,0.706179,0.486694,0.559379,c1ccc(-c2nc(CSc3nccs3)co2)cc1
decoy_2129,0.273936,0.331432,0.526203,0.577534,0.368121,0.395605,c1ccc(CSc2ncn[nH]2)cc1
decoy_213,0.309017,0.32087,0.587034,0.641314,0.410935,0.401495,C[C@H]1CC[C@H](Br)[C@H](C)C1
decoy_2130,0.411604,0.57377,0.672113,0.746202,0.467202,0.530433,C(=N/n1cnnc1SCc1ccccc1)\c1ccccc1
decoy_2131,0.261428,0.279244,0.533311,0.538402,0.379372,0.364393,c1nc(SCc2ccsc2)n[nH]1
decoy_2132,0.404688,0.422444,0.703041,0.653679,0.473317,0.468533,c1ccc2nc(CSc3nc[nH]n3)ccc2c1
decoy_2133,0.386432,0.499472,0.674659,0.703649,0.473544,0.55092,c1ccc(-c2nc(CSc3nc[nH]n3)cs2)cc1
decoy_2134,0.34169,0.433355,0.666375,0.692178,0.44083,0.50225,c1ccc2nc(CSc3nc[nH]n3)ncc2c1
decoy_2135,0.341615,0.351673,0.59486,0.61559,0.425486,0.408205,c1ccc(CSc2nncs2)cc1
decoy_2136,0.297636,0.330024,0.566041,0.621598,0.395442,0.406862,c1cc(CSc2nncs2)cs1
decoy_2137,0.33245,0.432911,0.609895,0.683134,0.423647,0.455654,c1ccc2oc(CSc3nncs3)nc2c1
decoy_2138,0.385679,0.441036,0.684013,0.680888,0.466839,0.484979,c1csc(-c2noc(CSc3nncs3)n2)c1
decoy_2139,0.41217,0.494304,0.726768,0.72425,0.5203,0.549225,c1ccc(-c2nnc(CSc3nncs3)o2)cc1
decoy_214,0.518569,0.547412,0.840066,0.772973,0.624095,0.533623,C[C@H](c1cccs1)N(C)c1nc2c(cc1C#N)CCCC2
decoy_2140,0.362663,0.486458,0.638378,0.700938,0.425196,0.477665,c1ccc(CSc2c3ccccc3[nH+]c3ccccc23)cc1
decoy_2141,0.454402,0.587878,0.670182,0.771868,0.501702,0.561561,c1ccc(CSc2cc(-c3ccccc3)ccn2)cc1
decoy_2142,0.464186,0.582258,0.77432,0.782081,0.555933,0.581136,c1ccc(C2=NN[C@H](CSC3N=c4ccccc4=N3)O2)cc1
decoy_2143,0.46036,0.552103,0.793983,0.792362,0.567468,0.573234,c1ccc([C@@H]2NN[C@H](CSC3N=c4ccccc4=N3)O2)cc1
decoy_2144,0.378226,0.51108,0.695122,0.770031,0.468397,0.513896,C(\CSC1N=c2ccccc2=N1)=N/C1=[NH+]N[C@H](c2ccccc2)S1
decoy_2145,0.462187,0.52167,0.736076,0.699853,0.547703,0.508847,c1ccc(CSc2nc3ccccc3[nH]2)cc1
decoy_2146,0.420564,0.509396,0.74123,0.728519,0.527536,0.515227,c1cncc(CSc2nc3ccccc3[nH]2)c1
decoy_2148,0.421947,0.517765,0.74511,0.737883,0.527588,0.531862,c1ccc2[nH]c(CSc3nc4ccccc4[nH]3)nc2c1
decoy_2149,0.44116,0.557778,0.800073,0.816346,0.613637,0.594043,c1ccc([C@H]2N=N[C@@H](SCc3nc4ccccc4[nH]3)N2)cc1
decoy_215,0.394996,0.460108,0.612314,0.701785,0.453107,0.473239,CCc1ccc(C[C@](C)(O)[C@@H](C)CC)cc1
decoy_2150,0.405399,0.431734,0.644365,0.715263,0.512872,0.473572,c1coc(CSc2ncc3ccsc3n2)c1
decoy_2151,0.4913,0.613422,0.819526,0.836021,0.607636,0.62212,c1ccc(-c2c[nH]c(SCc3ncncn3)n2)cc1
decoy_2152,0.452475,0.515144,0.802029,0.754336,0.551791,0.536146,C1=CN2N=C(SCc3nc4ccccc4[nH]3)N[C@@H]2N=C1
decoy_2153,0.445128,0.552332,0.786979,0.79322,0.522992,0.568197,c1ccc2c(c1)S[C@H]1NN[C@H](SCC3N=c4ccccc4=N3)N21
decoy_2154,0.350692,0.417812,0.712458,0.726446,0.444967,0.424849,c1ccc([C@H]2N[NH+]=C(SCC3N=c4ccccc4=N3)N2c2ccccc2)cc1
decoy_2155,0.471368,0.552983,0.710098,0.699761,0.537392,0.53244,c1ccc(CSc2nc(-c3ccccc3)n[nH]2)cc1
decoy_2156,0.41657,0.533889,0.765129,0.781442,0.529165,0.583589,c1ccc(-c2nc(SCc3ncno3)n[nH]2)cc1
decoy_2157,0.428062,0.565413,0.780421,0.816425,0.560328,0.597534,c1ccc(-c2nc(SCc3ncon3)n[nH]2)cc1
decoy_2158,0.439015,0.584329,0.749946,0.792538,0.572093,0.590859,c1ccc(-c2nc(SCc3ncc4ccsc4n3)n[nH]2)cc1
decoy_2159,0.443885,0.563232,0.699812,0.741514,0.517082,0.556985,c1ccc(CSc2nc(-c3cccnc3)n[nH]2)cc1
decoy_216,0.364922,0.397256,0.634312,0.621263,0.431538,0.44057,CCc1ccc(C[C@H]([NH2+]C)c2ccsc2)cc1
decoy_2160,0.394828,0.549695,0.696411,0.796267,0.516631,0.643419,c1coc(-c2nc(SCc3cccs3)n[nH]2)c1
decoy_2161,0.464582,0.562586,0.706018,0.732462,0.513813,0.546637,c1ccc(CSc2nc(-c3ccncc3)n[nH]2)cc1
decoy_2162,0.48751,0.61486,0.752585,0.793448,0.556443,0.61265,c1ccc(CSc2nc(-c3ccoc3)n[nH]2)cc1
decoy_2163,0.462997,0.527348,0.725749,0.704189,0.533214,0.532845,c1ccc(CSc2nc(Cc3ccccc3)n[nH]2)cc1
decoy_2164,0.488901,0.56351,0.725702,0.719502,0.53126,0.564444,c1ccc(CSc2nnc(Cc3ccccc3)o2)cc1
decoy_2165,0.426657,0.512903,0.738229,0.726512,0.522959,0.495561,c1ccc(Nc2nnc(SCc3cscn3)s2)cc1
decoy_2166,0.431031,0.547093,0.726656,0.765686,0.513538,0.576276,C(=N/Nc1nc(SCc2ccccc2)n[nH]1)\c1ccccc1
decoy_2167,0.428105,0.470834,0.749183,0.695976,0.530833,0.492493,C1=Nc2nc(SCc3ccccc3)nn2[C@H](c2ccccc2)C1
decoy_2168,0.385255,0.534454,0.701357,0.752612,0.522127,0.550845,c1csc(-c2nc(SCc3ncncn3)[nH]c2-c2cccs2)c1
decoy_2169,0.353079,0.402884,0.649958,0.65524,0.45783,0.44561,c1ncnc(CSCc2cscn2)n1
decoy_217,0.452595,0.498885,0.670572,0.738355,0.512145,0.506926,CCCC[C@H](CC)[C@H](O)C1=CCCC1
decoy_2170,0.485142,0.600216,0.68783,0.85966,0.544971,0.632766,C(=C/c1ccccc1)\CS/C=N/N=C/c1ccccc1
decoy_2171,0.474097,0.522656,0.740872,0.701425,0.584059,0.577262,c1ccc(C2Nc3cccc4cccc(c34)N2)cc1
decoy_2172,0.311984,0.412262,0.67273,0.713892,0.429536,0.479585,c1ccc([C@H]2Nc3ccc[nH+]c3N2)cc1
decoy_2173,0.347684,0.446584,0.674249,0.733782,0.461939,0.524066,C1=[NH+][C@@H](c2ccccc2)Nc2ccccc21
decoy_2174,0.47346,0.458797,0.784068,0.697653,0.544353,0.496775,C1=C[C@@H](c2ccccc2)n2ncnc2N1
decoy_2175,0.467918,0.52965,0.79639,0.814014,0.54957,0.572367,C1=C[C@@H](c2cccs2)n2ncnc2N1
decoy_2177,0.46044,0.494391,0.780101,0.725148,0.536929,0.518739,C1=Nc2nc3ccccc3n2[C@H](c2ccccc2)N1
decoy_2178,0.434421,0.551451,0.681252,0.707207,0.488266,0.559456,C1=C(c2ccccc2)Nc2nnnn2[C@@H]1c1ccccc1
decoy_2179,0.521929,0.537963,0.761785,0.715866,0.57075,0.528365,c1ccc([C@H]2Nc3ccccc3-c3ccnn32)cc1
decoy_218,0.323518,0.446745,0.667396,0.787258,0.452589,0.516746,CC[NH2+][C@H]1CCCc2nc(-c3cccc(C)c3C)sc21
decoy_219,0.356988,0.395667,0.681595,0.687536,0.429048,0.455218,C[NH2+][C@H]1CC(C)(C)Cc2nc(-c3cc(C)sc3C)sc21
decoy_2191,0.465427,0.672691,0.746203,0.835291,0.524194,0.628563,c1ccc(Nc2c(-c3ccccc3)nc3ccccn23)cc1
decoy_2192,0.471143,0.657281,0.754232,0.816741,0.531608,0.631796,c1ccc(Nc2c(-c3ccccc3)nc3cnccn23)cc1
decoy_2193,0.528034,0.456381,0.721648,0.674212,0.577296,0.47761,c1ccc(N[C@H]2CCc3ccccc3O2)cc1
decoy_2194,0.492591,0.550846,0.745141,0.722119,0.535259,0.534281,c1ccc(N[C@H]2CCc3ccncc3O2)cc1
decoy_22,0.374966,0.475307,0.612141,0.644858,0.445088,0.472238,Cn1c(=O)c(Oc2cccc(C(F)(F)F)c2)nc2ccccc21
decoy_220,0.432808,0.414678,0.741796,0.642521,0.509901,0.456,CCc1ccc(-c2nc3c(s2)[C@@H](O)CC(C)(C)C3)cc1
decoy_2203,0.532412,0.578383,0.791535,0.74083,0.618096,0.575272,c1ccc(Nc2nc(-c3ccccc3)cs2)cc1
decoy_2205,0.504512,0.581277,0.809814,0.788954,0.562407,0.556538,c1ccc(Nc2nc(-c3cncs3)cs2)cc1
decoy_2206,0.462387,0.593957,0.775249,0.782405,0.566238,0.544522,c1ccc(Nc2nnc(-c3ccccc3)c3ccccc23)cc1
decoy_221,0.43287,0.447653,0.64624,0.679148,0.500728,0.472775,CC[C@H](C)C[C@@H]1C[C@@H](CC)CC[C@H]1O
decoy_2210,0.472168,0.550145,0.837195,0.805793,0.581295,0.527377,c1ccc(Nc2nc(-c3cncs3)cs2)nc1
decoy_2215,0.340448,0.394874,0.732567,0.710361,0.452465,0.443469,[NH2+]=c1ccsn1/C(Nc1ccccc1)=[NH+]\CCC1=CCCCC1
decoy_2216,0.363221,0.459203,0.811644,0.871875,0.521385,0.549991,[H]/N=C1/C(=O)Nc2ccccc21
decoy_2217,0.450635,0.468214,0.836652,0.799544,0.557345,0.554984,Nc1nc[nH]c1-c1ccccc1
decoy_2218,0.441247,0.473484,0.791108,0.740133,0.512946,0.493229,NC1=NC=N[C@@H]1c1ccc2c(c1)OCCO2
decoy_222,0.464977,0.457114,0.721113,0.768137,0.521764,0.495272,Cc1nn([C@H](C)C#N)c(C)c1Br
decoy_2220,0.443821,0.43888,0.722236,0.749779,0.499589,0.459068,N=C1c2ccccc2-c2ccccc21
decoy_2221,0.359275,0.382212,0.719039,0.626361,0.541038,0.459695,[NH-]C1=C2CN3CC[N@H+](C2)C[C@@]1(c1ccccc1)C3
decoy_2222,0.394506,0.488085,0.722642,0.798837,0.467559,0.512185,NC1=[N+](C2CC2)C=N[C@@H]1c1ccccc1
decoy_2223,0.412311,0.535453,0.756354,0.804079,0.555981,0.594969,NC1=C2CC[C@@](C(=O)Nc3ccccc3)(C1)C2
decoy_2225,0.422304,0.462899,0.704351,0.670289,0.521867,0.490062,NC1=CCc2c(OCC(=O)NC3CC3)cccc21
decoy_2227,0.420948,0.46166,0.672295,0.654008,0.472406,0.494866,[H]/N=C1/C(=O)N(Cc2ccccc2)c2ccccc21
decoy_2229,0.417828,0.524669,0.737158,0.74541,0.516609,0.558867,Nc1[nH]c(-c2ccccc2)c[n+]1-c1ccccc1
decoy_223,0.397065,0.471142,0.65633,0.674437,0.507414,0.544997,CC[C@H](C)c1ccc2ncc(C#N)c(NC)c2c1
decoy_2230,0.38418,0.429635,0.720365,0.733424,0.468628,0.470769,Nc1nc(-c2ccccc2)cs1
decoy_2231,0.422347,0.470938,0.75186,0.78054,0.497113,0.518833,[H]/N=C1\NC(=O)/C(=C/c2ccccc2)S1
decoy_2232,0.320476,0.408519,0.685596,0.746222,0.477924,0.555756,[NH2+]=c1oc2ccccc2cc1C(=O)Nc1cccs1
decoy_2233,0.395629,0.538318,0.620767,0.717989,0.42567,0.514708,Nc1scc(-c2ccccc2)[n+]1/N=C/c1ccccc1
decoy_2234,0.37541,0.402484,0.696171,0.746589,0.429859,0.466138,[H]/N=C1/C=C(c2cccs2)CS1
decoy_2235,0.384835,0.494231,0.776671,0.80936,0.493254,0.534711,[H]/N=C1C(=C\c2ccc(OCCSc3ccccc3)cc2)\C(=O)N=C2SC=NN2\1
decoy_2236,0.316444,0.363567,0.58507,0.621388,0.41015,0.43151,[NH2+]=c1ccc2c(CNc3ccccc3)ccoc-2c1
decoy_2238,0.484486,0.543504,0.714136,0.806953,0.584221,0.607464,NC1=CC[C@@H]2C(=C1)CC[C@@H]1[C@@H]3CCC[C@@H]3CC[C@H]12
decoy_224,0.340773,0.379719,0.537958,0.594556,0.410807,0.436506,CCCC1CCN(c2ccc(C#N)cc2F)CC1
decoy_2240,0.339778,0.373947,0.651277,0.65007,0.433111,0.419305,c1ccc([C@H](Nc2cccc[nH+]2)c2cccc3ncccc23)cc1
decoy_2241,0.479325,0.600265,0.718548,0.738571,0.521414,0.552328,c1ccc(C(Nc2ccncn2)c2ccccc2)cc1
decoy_2242,0.373929,0.440939,0.682046,0.685324,0.457928,0.48063,c1ccc([C@@H](Nc2cccc[nH+]2)c2c[nH]c3ccccc23)cc1
decoy_2243,0.448913,0.525911,0.71006,0.732958,0.483765,0.49475,c1ccc(N[C@@H](c2ccccc2)c2ccc3cccnc3c2)cc1
decoy_2244,0.388482,0.468266,0.741365,0.766629,0.495232,0.509138,c1ccc([C@H](Nc2cccc[nH+]2)c2ccc3cccnc3c2)cc1
decoy_2245,0.387662,0.462758,0.745574,0.762581,0.496912,0.508693,c1ccc([C@H](Nc2cccc[nH+]2)c2ccc3ncccc3c2)cc1
decoy_2246,0.380271,0.493607,0.725394,0.73453,0.486345,0.530473,c1ccc(N[C@@H](c2ccsc2)c2ccc3cccnc3c2)[nH+]c1
decoy_2247,0.447022,0.543926,0.684,0.727582,0.476887,0.506402,c1ccc(N[C@H](c2ccc3cccnc3c2)c2cccs2)cc1
decoy_2248,0.455528,0.5076,0.784157,0.71547,0.514587,0.508421,[H]/N=C(/C[C@@H]1C(=O)Nc2ccccc21)C(=O)c1ccccc1
decoy_2249,0.436758,0.457271,0.703531,0.65652,0.526666,0.48367,N/C(=C/[C@@H]1OC(=O)c2ccccc21)c1ccccc1
decoy_225,0.482343,0.508304,0.71147,0.681958,0.531756,0.521882,CO[C@@H]1CCCC[C@H]1Nc1ccc(F)c(C#N)c1
decoy_2250,0.449899,0.458889,0.737733,0.752496,0.519664,0.512394,[NH2+]=C(/C=N/Nc1ccccc1)N1CCCCC1
decoy_2251,0.411728,0.483047,0.756248,0.735575,0.552405,0.529637,[NH2+]=C(NC1CCCCC1)c1ccccc1
decoy_2253,0.451647,0.584793,0.75004,0.755895,0.536875,0.579405,c1ccc(C(Nc2ncccn2)Nc2ncccn2)cc1
decoy_2254,0.431997,0.540847,0.807455,0.80972,0.530266,0.54601,N/C(=N/N=C/c1ccccc1)S[C@H]1CC(=O)N(c2ccccc2)C1=O
decoy_2259,0.406814,0.469311,0.693363,0.69735,0.544119,0.558305,C(=N/Nc1ccccn1)\c1ccccc1
decoy_226,0.325586,0.375142,0.504217,0.559704,0.430896,0.442735,CC#CC[C@@H](O)c1ccc(C(C)C)cc1
decoy_2260,0.323163,0.362826,0.578621,0.595053,0.416266,0.433482,C(=N/Nc1ccncn1)\c1ccccc1
decoy_2261,0.31039,0.365123,0.563506,0.601891,0.415873,0.444235,C(=N/Nc1ncccn1)\c1ccccc1
decoy_2262,0.35038,0.364131,0.609522,0.621938,0.439241,0.428119,C(=N/Nc1nccs1)\c1ccccc1
decoy_2263,0.44332,0.486037,0.751809,0.70056,0.550719,0.512017,C(=N/Nc1ncnc2sccc12)\c1ccccc1
decoy_2264,0.335144,0.346649,0.631277,0.624939,0.444872,0.429722,C(=N/Nc1ncn[nH]1)\c1ccccc1
decoy_2265,0.480372,0.535408,0.755834,0.719518,0.608046,0.56762,C(=N/Nc1ccc2ccccc2n1)\c1ccccc1
decoy_2266,0.430878,0.594697,0.704384,0.774652,0.522314,0.594124,C(=N/Nc1ncnc(Nc2ccccc2)n1)\c1ccccc1
decoy_2267,0.374161,0.500793,0.740576,0.778368,0.488331,0.548041,C(=N/Nc1cc(-c2ccccc2)nc(-c2ccccc2)n1)\c1ccccc1
decoy_2268,0.215511,0.237246,0.48718,0.488898,0.335595,0.322388,C(=N/NC1=N[C@@H]2N=c3ccccc3=C2N=[NH+]1)\c1ccccc1
decoy_2269,0.267958,0.296567,0.575673,0.614744,0.386852,0.392475,C(=N/[N-]c1nnc[nH]1)\c1ccccn1
decoy_227,0.462554,0.511453,0.682568,0.739241,0.5182,0.531027,CC#CC[C@H]1C[C@@H](C(C)(C)C)CC[C@@H]1O
decoy_2270,0.269976,0.283332,0.604576,0.575451,0.401665,0.381569,C(=N/[N-]c1nnc[nH]1)\c1cccnc1
decoy_2271,0.311442,0.343664,0.644553,0.672313,0.44045,0.462523,C(=N/Nc1nnc[nH]1)\c1cccs1
decoy_2273,0.380007,0.51611,0.654791,0.702888,0.450833,0.554707,C(=N/Nc1ncncn1)\C1=c2ccccc2=N[C@@H]1c1ccccc1
decoy_2274,0.565072,0.511579,0.799247,0.805174,0.584232,0.518494,C1=C[C@@H](c2ccccc2)Oc2ccccc21
decoy_2275,0.467233,0.584174,0.67433,0.748462,0.516598,0.577747,C1=C[C@H](c2ccccc2)c2c(-c3ccccc3)n[nH]c2O1
decoy_2276,0.44456,0.531346,0.713627,0.71647,0.532089,0.551543,C1=C[C@@H](c2ccccc2)[C@@H]2C(=NN=C2c2ccccc2)O1
decoy_2277,0.491538,0.490497,0.76378,0.854631,0.554265,0.640347,C1=C[C@@H](c2ccccc2)c2ccccc2O1
decoy_2278,0.458273,0.482553,0.758567,0.743512,0.521526,0.545939,C1=C[C@H](c2ccccc2)c2c[nH]nc2O1
decoy_2279,0.398116,0.516872,0.663194,0.797119,0.504425,0.648757,C1=C[C@H](c2ccccc2)C2=CN=N[C@H]2O1
decoy_228,0.365415,0.433978,0.801062,0.797901,0.481861,0.526015,CCC(C)(C)[C@@H]1CC[C@H](C#N)[C@H](n2c[nH+]c(C)c2C)C1
decoy_2280,0.472897,0.474144,0.7809,0.726558,0.561844,0.530172,C1=CC(c2ccccc2)=C2N=CN[C@H]2O1
decoy_2281,0.450003,0.49337,0.771834,0.777495,0.529955,0.569683,C1=C[C@H](c2ccccc2)c2[nH]cnc2O1
decoy_2282,0.503125,0.455232,0.853538,0.89996,0.592082,0.678292,C1=CC(c2ccccc2)C=CO1
decoy_2283,0.415707,0.366482,0.715219,0.61384,0.484077,0.422103,C1=C[C@H](c2cccnc2)c2cn[nH]c2O1
decoy_2284,0.388432,0.369935,0.668062,0.686712,0.453976,0.4464,C1=CC(c2ccncc2)C=CO1
decoy_2285,0.472923,0.435982,0.786088,0.720395,0.532624,0.46706,C1=C[C@@H](c2ccsc2)c2cn[nH]c2O1
decoy_2286,0.429429,0.426664,0.793196,0.751635,0.518226,0.49035,C1=CC(c2cn[nH]c2)C=CO1
decoy_2287,0.443038,0.551055,0.666357,0.739922,0.508379,0.607044,c1ccc([C@H]2c3ccccc3Oc3ncncc32)cc1
decoy_2288,0.451642,0.562555,0.669562,0.776969,0.522686,0.608416,C1=C[C@H](c2cccc3ccccc23)C2=CN=N[C@H]2O1
decoy_2289,0.459472,0.524562,0.713951,0.860668,0.534604,0.546789,C1=CC(c2cccc3ccccc23)C=CO1
decoy_229,0.412492,0.42901,0.918389,0.844402,0.579731,0.518374,CC[C@H]1CC[C@@H](C#N)[C@H](N2CC[NH+](C3CCCC3)CC2)C1
decoy_2290,0.400078,0.42812,0.579452,0.657303,0.491025,0.482411,C1=C[C@H](c2ccccc2)c2cnn(-c3ccccc3)c2O1
decoy_2291,0.426847,0.450637,0.670683,0.748391,0.484199,0.49529,O=C1CCC[C@@H]1c1ccccc1
decoy_2292,0.439086,0.513179,0.733626,0.690291,0.490191,0.504542,O=C1CCCC2=C1[C@]1(C=CO2)C(=O)Nc2ccccc21
decoy_2293,0.373547,0.364545,0.66965,0.569772,0.504595,0.437188,O=C1CCCC2=C1[C@]1(C(=O)N2)c2ccccc2-c2ocnc21
decoy_2294,0.444152,0.446168,0.8013,0.728647,0.563814,0.491636,O=C1CCCC2=C1CC=CN2
decoy_2295,0.403695,0.398406,0.787001,0.716411,0.502444,0.434806,O=C1CCCc2[nH]ccc21
decoy_2296,0.404376,0.405746,0.808197,0.744982,0.517658,0.482566,O=C1CCCc2n[nH]cc21
decoy_2297,0.423271,0.542113,0.763397,0.75578,0.491125,0.560808,O=c1[nH]cnc2c1[C@@H](c1ccccc1)C1=C(O)CCC=C1N2
decoy_2298,0.459815,0.565869,0.738704,0.732681,0.51179,0.554342,O=C1CCCC2=C1[C@H](c1ccccc1)C=CN2
decoy_2299,0.407373,0.51234,0.68135,0.735122,0.464334,0.534016,O=C1CCCC2=C1[C@H](c1ccccc1)C=CN2c1ccccc1
decoy_23,0.389602,0.283507,0.734739,0.638538,0.504666,0.376322,CC(C)(C)C(C)(C)Cl
decoy_230,0.392454,0.442951,0.772085,0.715303,0.563636,0.507896,N#C[C@@H](C1CCOCC1)[NH+]1CCCCC1
decoy_2300,0.494472,0.580731,0.71392,0.759005,0.511652,0.558142,O=C1CCCC2=C1[C@H](c1ccccc1)C=CO2
decoy_2301,0.457466,0.542906,0.745396,0.737361,0.512965,0.538651,O=C1CCCC2=C1[C@H](c1ccc[nH]1)C=CO2
decoy_2302,0.48723,0.532902,0.734981,0.742413,0.511378,0.504197,O=C1CCCC2=C1[C@H](c1ccco1)C=CO2
decoy_2303,0.467421,0.587718,0.698518,0.727238,0.52399,0.587047,OC1=C2C(=CCC1)N[C@@H]1N=NC=C1[C@H]2c1ccccc1
decoy_2304,0.455786,0.595862,0.774879,0.813365,0.511872,0.600983,O=C1CCCC2=C1[C@H](c1ccccc1)C=C(c1ccccc1)N2
decoy_2305,0.399833,0.435473,0.764615,0.715585,0.493256,0.491607,O=C(Nc1ccccc1)C1=CNC2=CCCC(O)=C2[C@H]1c1ccccc1
decoy_2306,0.419087,0.489459,0.789659,0.78461,0.498151,0.516196,O=C1CCCC2=C1[C@H](c1ccccc1)[C@@H](C(=O)OC1CCCC1)C=N2
decoy_2307,0.304711,0.352004,0.726366,0.695911,0.466419,0.462118,O=C(OC[C@H]1CCCO1)C1=CNC2=CCCC([O-])=C2[C@H]1c1ccccc1
decoy_2308,0.480701,0.54882,0.751888,0.730279,0.557057,0.532933,OC1=C2C(=CCC1)Nc1ccccc1N[C@H]2c1ccccc1
decoy_2309,0.401388,0.463672,0.708598,0.71199,0.479883,0.489624,O=C1CCCC2=C1[C@H](c1cccc(COc3ccccc3)c1)C=CO2
decoy_231,0.448011,0.478263,0.681598,0.707734,0.471514,0.480686,CCc1ccccc1[C@@H](C#N)N1CCCCCC1
decoy_2319,0.505085,0.608154,0.761305,0.760886,0.555875,0.619897,c1ccc(Oc2c[nH]nc2-c2ccccc2)cc1
decoy_232,0.494599,0.471639,0.706142,0.691194,0.539563,0.494796,CC(C)c1cc(S)n(C2CCCCCC2)n1
decoy_2320,0.28348,0.325445,0.467287,0.484475,0.374304,0.391126,C(=C/c1cc[nH]n1)\c1ccc(Oc2ccccc2)cc1
decoy_2325,0.390792,0.457163,0.771696,0.753243,0.519745,0.491097,c1ccc(Oc2ccc(-c3[nH]c(-c4ccccc4)nc3-c3ccccc3)cc2)cc1
decoy_2327,0.424305,0.448416,0.704949,0.687167,0.575479,0.518702,O=c1ccccn1Cc1ccccc1
decoy_2328,0.496727,0.543071,0.792743,0.728687,0.548106,0.527253,O=C1CCC=CN1/N=C/[C@H]1C=c2ccccc2=N1
decoy_2329,0.445536,0.489423,0.769576,0.705201,0.500531,0.497258,O=c1ccccn1NC(=S)NC1CCCCCC1
decoy_233,0.455043,0.576953,0.699014,0.723129,0.50758,0.559996,Cc1ccc(Cn2c([C@@H](C)Cl)nc3c(F)cccc32)o1
decoy_2330,0.414301,0.45238,0.694594,0.739509,0.483735,0.503216,O=C1CCCN1c1ccccc1
decoy_2331,0.412357,0.430288,0.658159,0.630653,0.47931,0.473354,O=C1CCCN1C1CCCCC1
decoy_2332,0.489394,0.534617,0.74498,0.711254,0.502191,0.56195,O=C1CCCN1CCc1ccccc1
decoy_2333,0.496509,0.549257,0.778687,0.748465,0.51692,0.579704,O=C1C=CCN1CCc1ccccc1
decoy_2334,0.480461,0.553352,0.807234,0.77764,0.570902,0.536581,O=C1CCCN1CCCn1ccc(-c2ccccc2)c1
decoy_2335,0.479966,0.543262,0.796096,0.752587,0.568324,0.508723,O=C1CCCN1CCCn1ccc(-c2cccs2)c1
decoy_2336,0.476964,0.573521,0.802251,0.819483,0.553822,0.570289,O=C1CCCN1C(=O)c1cc2cccnc2s1
decoy_2338,0.454368,0.46199,0.683022,0.641315,0.501434,0.479922,O=c1cccnn1CCCOc1ccccc1
decoy_234,0.41333,0.451975,0.813727,0.767678,0.522658,0.502229,C[C@@H]1CCC[C@]2(CO[C@H](C(C)(C)C)C[NH2+]2)C1
decoy_2342,0.402631,0.503984,0.709944,0.846067,0.513339,0.64129,O=C1CC=NN1c1ccccc1
decoy_2343,0.424909,0.63251,0.745475,0.9024,0.532476,0.691302,O=C1NCC(=O)N2C[C@H](c3ccccc3)c3c([nH]c4ccccc34)[C@@H]12
decoy_2344,0.467761,0.627332,0.780591,0.863448,0.544546,0.661415,O=C1CNC(=O)N1CCc1ccccc1
decoy_2345,0.41191,0.478588,0.785498,0.798191,0.581701,0.574936,O=C1CNC(=O)N1CCC[NH+]1CCCCC1
decoy_2346,0.368691,0.441688,0.650927,0.667407,0.446056,0.460519,O=C1CNC(=O)N1CCCn1c2ccccc2c2ccccc21
decoy_2347,0.396749,0.50002,0.777758,0.826168,0.552555,0.577831,O=C1CNC(=O)N1CCC[N@@H+]1CCc2ccccc2C1
decoy_2348,0.465082,0.622701,0.756924,0.825992,0.558842,0.693841,O=C1CNC(=O)N1CCCOc1ccccc1
decoy_2349,0.322029,0.349269,0.668666,0.620605,0.466499,0.424419,O=C1CNC(=O)N1CCSc1nncs1
decoy_235,0.447422,0.522985,0.765089,0.772044,0.497595,0.532972,CCc1ccc(OC(=O)c2ccc3c(c2)CCN3C(C)=O)cc1
decoy_2350,0.404301,0.506028,0.638147,0.742485,0.48491,0.526661,C1=C(Oc2ccccc2)[C@@H](c2ccccc2)N=N1
decoy_2352,0.304564,0.308847,0.643929,0.616131,0.398711,0.377078,O=C1N[C@H]2CC=C[C@@H]1C2
decoy_2353,0.424697,0.478828,0.749909,0.751501,0.478658,0.493062,O=C1NC=C[C@]12C=COc1ccccc12
decoy_2354,0.433044,0.362118,0.912334,0.727526,0.539162,0.438287,O=C1NCCc2c[nH]cc21
decoy_2355,0.385237,0.526601,0.730879,0.869112,0.494652,0.569686,O=C1NCCC[C@@H]1[NH2+]CCCOc1ccccc1
decoy_2356,0.420833,0.520228,0.797402,0.821376,0.560997,0.550094,O=C1NCCC[C@@H]1NS(=O)(=O)c1ccccc1
decoy_2357,0.438956,0.510974,0.803388,0.780721,0.539092,0.56948,O=C1NCCCC[C@@H]1NS(=O)(=O)c1ccccc1
decoy_2358,0.351894,0.372209,0.646086,0.621318,0.446028,0.433113,O=C1NCCCC[C@@H]1Sc1nncs1
decoy_2359,0.352069,0.47826,0.680148,0.780637,0.439063,0.559812,O=C1NCCN1c1ccccc1
decoy_236,0.366661,0.329358,0.687119,0.714084,0.447746,0.432736,C[C@@H](Br)C1CCCC1
decoy_2360,0.354338,0.45809,0.821596,0.90042,0.505253,0.576459,O=C(NCC[NH+]1CCCCC1)c1cccc(N2CCNC2=O)c1
decoy_2361,0.476318,0.535675,0.813113,0.81919,0.552182,0.561195,O=C(c1ccc(N2CCNC2=O)cc1)N1CCCCC1
decoy_2362,0.432385,0.532475,0.73836,0.75048,0.488192,0.523104,O=C1NCCN1c1ccc(NCc2ccncc2)cc1
decoy_2363,0.420837,0.510114,0.7855,0.842894,0.526695,0.554993,O=C1NCCN1c1ccc(NS(=O)(=O)c2ccccc2)cc1
decoy_2364,0.370641,0.436116,0.696023,0.739835,0.471615,0.463298,O=C1[NH+]=CN=C[C@H]1[C@@H](c1ccccc1)c1cnc[nH]c1=O
decoy_2365,0.321704,0.361503,0.649656,0.726858,0.429667,0.482013,[O-]c1ncnnc1-c1ccccc1
decoy_2366,0.326444,0.377161,0.64958,0.734936,0.467035,0.476379,O=C1NC(=O)[C@H]2C[NH2+][C@@H](c3ccccc3)[C@@H]12
decoy_2367,0.39334,0.513678,0.729697,0.874933,0.507179,0.543888,O=C1NC(=O)[C@H]2C[NH2+][C@@H](c3cccc(Oc4ccccc4)c3)[C@@H]12
decoy_2368,0.348045,0.405167,0.690762,0.719347,0.454171,0.441224,O=C1Nc2cccc3cccc1c23
decoy_2369,0.389697,0.45516,0.709101,0.708671,0.480296,0.490016,O=c1[nH]cccc1NCc1nc2ccccc2o1
decoy_237,0.360665,0.416554,0.671484,0.686454,0.418168,0.465951,CCc1ccc([C@H]([NH2+]C)C(C)(C)CC)s1
decoy_2370,0.43942,0.430266,0.702596,0.625424,0.508356,0.471282,O=c1[nH]ccnc1NC1CCCCC1
decoy_2371,0.372807,0.417088,0.707419,0.665192,0.558961,0.511041,O=c1[nH]ccnc1NCc1ccccc1
decoy_2373,0.355079,0.51974,0.694959,0.8374,0.460581,0.589986,O=C1NC=N/C1=C/c1ccccc1
decoy_2376,0.410122,0.552655,0.799888,0.867242,0.528465,0.574845,O=c1[nH]cncc1Cc1nc(CCc2ccccc2)nn1-c1ccccc1
decoy_2377,0.259128,0.269656,0.768938,0.749015,0.393372,0.371938,O=C1[N-]C(=O)C(=S)C(=O)N1
decoy_2378,0.32762,0.466031,0.600592,0.666434,0.410692,0.508185,O=C1[N-]C(=S)NC(=O)/C1=C\c1cn(-c2ccccc2)nc1-c1ccccc1
decoy_2379,0.350353,0.448382,0.66902,0.735481,0.437496,0.475474,O=C1NC(=S)S/C1=C/c1ccccc1
decoy_238,0.425864,0.485091,0.699899,0.713783,0.504101,0.50677,CC(C)[C@H]1CCC(=O)[C@H](CC2CCOCC2)C1
decoy_2380,0.442122,0.594393,0.719316,0.78776,0.477761,0.523885,O=C1NC(=S)S/C1=C/c1ccc(-c2ccccc2)o1
decoy_2381,0.41027,0.464818,0.769737,0.726327,0.489977,0.488575,O=C1NC(=S)S/C1=C\c1c(N2CCCCC2)nc2ccccn2c1=O
decoy_2384,0.290351,0.279271,0.699054,0.623919,0.4233,0.358003,O=c1[nH][nH]c(=S)n1C1CC1
decoy_2385,0.414051,0.59008,0.757938,0.880252,0.521156,0.704046,O=C1NN=C[C@@H]1/N=N/c1ccccc1
decoy_2386,0.334413,0.330982,0.781859,0.689374,0.517272,0.459623,[H]/[S+]=c1/[nH][nH]c([O-])c1C1CC1
decoy_2387,0.430328,0.546174,0.798618,0.855698,0.52464,0.57882,O=C1O[C@@H]2C[C@H]3CCCCC3=C[C@@H]2[C@@H]1CN[C@@H]1CONC1=O
decoy_2388,0.309775,0.326402,0.748077,0.786006,0.458196,0.46596,O=C1[N-]S(=O)(=O)c2ccccc21
decoy_2389,0.328009,0.340319,0.739958,0.749629,0.50165,0.485981,[O-]C1=C2Cc3c[nH]nc3N=C2CO1
decoy_239,0.487206,0.530528,0.705396,0.711076,0.508049,0.520261,O=C1CCCCc2ccc(Oc3ccccc3)cc21
decoy_2390,0.386205,0.398612,0.761283,0.724655,0.50166,0.4626,O=C1OC=C[C@]12C=C[N-]c1ccccc12
decoy_2391,0.399583,0.4659,0.702437,0.778154,0.487271,0.53095,O=C1OCCN1c1ccccc1
decoy_2392,0.320908,0.382537,0.665447,0.705811,0.448589,0.500531,O=C1OCCN1C1CC[NH2+]CC1
decoy_2393,0.502604,0.515754,0.757773,0.699215,0.624165,0.563812,O=C1/C(=N\Nc2ccccc2)[C@@H]2CC[C@H]1C2
decoy_2394,0.437567,0.407779,0.715237,0.728947,0.481306,0.431758,O=C1c2ccccc2-c2ccccc21
decoy_2395,0.468914,0.495849,0.732677,0.797237,0.52471,0.483378,O=C1c2ccccc2C(=O)c2ccccc21
decoy_2397,0.392853,0.539056,0.724137,0.864295,0.490141,0.575457,OC1=C(C=[NH+]CCNc2ccc3ccccc3n2)[C@H]2C[C@H]2C1
decoy_2398,0.541771,0.55682,0.769615,0.779765,0.566119,0.523694,O=C1/C(=C\c2ccccc2)CC[C@H]1C1CCCC1
decoy_2399,0.495523,0.538732,0.755002,0.710459,0.564662,0.538345,O=c1c(C2CCCC2)cncn1Cc1ccccc1
decoy_24,0.301613,0.291809,0.741652,0.75133,0.561385,0.497369,CC(C)(C)CC(C)(C)C
decoy_240,0.488256,0.523051,0.718721,0.74136,0.56622,0.538135,N#C[C@H]1CCC[C@H]1Nc1ccccc1I
decoy_2400,0.431646,0.465345,0.660202,0.725587,0.475623,0.468926,O=c1c(-c2ccccc2)coc2ccccc12
decoy_2401,0.352021,0.470671,0.732705,0.837016,0.466652,0.533372,O=C1Cc2ccccc2N1
decoy_2402,0.437965,0.522397,0.669414,0.727551,0.462884,0.499396,O=C1[C@H](c2ccccc2)SC=c2/c(=C/c3ccccc3)ccn21
decoy_2403,0.371016,0.457716,0.668196,0.713976,0.46098,0.474743,O=c1c(-c2cscn2)coc2ccccc12
decoy_2404,0.421209,0.43676,0.771982,0.6755,0.557923,0.487056,O=C(NNC(=O)[C@@]12CC[C@@H](C1)C(=O)C2)c1ccccc1
decoy_2405,0.41607,0.514128,0.686705,0.712926,0.480938,0.531937,O=C1C[C@H](c2ccccc2)c2c(-c3ccccc3)n[nH]c2N1
decoy_2406,0.496254,0.58976,0.740602,0.787804,0.513312,0.588708,O=C1C[C@@H](c2ccccc2)CC2=C1CC=N2
decoy_2407,0.417002,0.479451,0.709686,0.698881,0.472814,0.479476,O=C1C[C@H](c2ccccc2)CC2=C1[C@H](c1ccccc1)C=CN2
decoy_2408,0.477669,0.548131,0.741241,0.761594,0.507141,0.521045,O=C1C[C@H](c2ccccc2)CC2=C1[C@H](c1ccccc1)C=CO2
decoy_2409,0.42759,0.514573,0.771833,0.78274,0.546971,0.565765,OC1=C2C(=C[C@@H](c3ccccc3)C1)Nc1ccccc1N[C@H]2c1ccccc1
decoy_241,0.375632,0.469421,0.631131,0.699818,0.47403,0.551309,O=Cc1cnc(N2C[C@H]3CC[C@@H]2C3)s1
decoy_2410,0.430126,0.555882,0.768767,0.825233,0.561598,0.631959,OC1=C2C(=C[C@@H](c3ccccc3)C1)N[C@@H]1N=NC=C1[C@H]2c1cccnc1
decoy_2411,0.304736,0.334554,0.592268,0.571956,0.447381,0.427387,OC1=C2C(=C[C@@H](c3ccccc3)C1)Nc1ccccc1N[C@H]2c1ccco1
decoy_2412,0.362208,0.441693,0.631782,0.691226,0.457067,0.537303,O=C1C[C@H](c2ccccc2)C=CN1
decoy_2413,0.37267,0.469678,0.642664,0.713787,0.478853,0.576989,O=C1C[C@@H](c2ccccc2)CC=N1
decoy_2414,0.384256,0.476567,0.769754,0.737066,0.598011,0.516502,[O-]c1c(Cc2ccccc2)cnn1-c1nc(-c2ccccc2)cs1
decoy_2415,0.532987,0.589711,0.755436,0.743657,0.568845,0.569644,O=C1[C@@H](Cc2ccccc2)C=NN1c1ccccc1
decoy_2416,0.370505,0.480375,0.699473,0.796548,0.458829,0.513698,O=C1CCc2ccccc2N1
decoy_2418,0.389468,0.34486,0.700761,0.608744,0.449977,0.404554,O=c1ccc2c([nH]1)CCCC2
decoy_2419,0.499903,0.565555,0.758253,0.721342,0.559843,0.547682,O=C1C[C@@H](c2ccccc2)NN1Cc1ccccc1
decoy_242,0.472768,0.549453,0.764036,0.771996,0.559567,0.637471,CC(C)(C)C1CCN(c2ncc(CO)s2)CC1
decoy_2421,0.467764,0.579142,0.710558,0.72588,0.507349,0.565397,O=C1C=C(c2ccccc2)O[C@H]1CNc1ccccc1
decoy_2422,0.426509,0.454962,0.645149,0.720103,0.478796,0.45593,O=C1/C(=C\c2ccccc2)Oc2ccccc21
decoy_2423,0.52972,0.522538,0.745217,0.738151,0.52519,0.498531,O=C1C[C@@H](c2ccccc2)Oc2ccccc21
decoy_2424,0.444703,0.531134,0.785133,0.757825,0.501686,0.525685,O=C1C[C@H](c2ccco2)CC2=C1[C@]1(C=CO2)C(=O)Nc2ccccc21
decoy_2425,0.437385,0.568488,0.726166,0.768998,0.488044,0.548503,OC1=C2C(=C[C@@H](c3ccco3)C1)Nc1ncnn1[C@H]2c1ccccc1
decoy_2426,0.458278,0.587237,0.758664,0.816188,0.525629,0.575427,O=C1CC(Cc2ccccc2)=CC=N1
decoy_2427,0.423729,0.528805,0.806199,0.806621,0.541839,0.549839,O=c1ccc(-c2ccccc2)nn1C[NH+]1CCCCC1
decoy_2428,0.364569,0.37663,0.67328,0.654731,0.44439,0.425735,O=c1ccc(-c2ccccc2)n[nH]1
decoy_2429,0.426292,0.405029,0.815985,0.723257,0.530434,0.457323,O=C1CC[C@@H](c2cscn2)O1
decoy_243,0.395665,0.439579,0.648085,0.653173,0.464736,0.49343,CN(Cc1cc(=O)n2ccccc2n1)c1cccc2ccccc12
decoy_2430,0.419435,0.559892,0.756306,0.820769,0.538121,0.590779,O=C(NCCc1ccccc1)c1cc2c([nH]1)CCCC2=O
decoy_2431,0.42226,0.477683,0.795672,0.737018,0.516687,0.497716,O=C1CCCc2[nH]c(=O)c(C(=O)NCc3ccccc3)cc21
decoy_2432,0.421021,0.506468,0.80317,0.813688,0.50116,0.521704,O=C1CCCc2[nH]c(=O)c(C(=O)NCCc3ccccc3)cc21
decoy_2433,0.422803,0.44281,0.71165,0.67802,0.479768,0.450169,O=C1CCC[C@@H](c2ccccc2)N1
decoy_2434,0.401431,0.425158,0.71638,0.70066,0.465247,0.470205,O=c1cccc(-c2ccccc2)[nH]1
decoy_2435,0.424092,0.543739,0.832842,0.855553,0.510858,0.548737,O=C1C=C/C(=C/Nc2ccccc2)C(=O)N1[C@H]1CCS(=O)(=O)C1
decoy_2436,0.365854,0.469015,0.694222,0.736922,0.487854,0.533365,O=C1CC[C@@H](C(=O)Nc2ccccc2)N1
decoy_2437,0.399396,0.501256,0.68228,0.702475,0.510054,0.576795,O=c1cc(CNc2ccccc2)nc2ccccn12
decoy_2438,0.397804,0.402245,0.691419,0.620899,0.494146,0.444264,O=c1cc(CNc2ccccc2)nc2sccn12
decoy_2439,0.425427,0.392764,0.764634,0.644813,0.485398,0.418211,O=c1ccc(NCc2ccccc2)c[nH]1
decoy_244,0.363874,0.373599,0.584233,0.627646,0.449192,0.420681,C[C@@]1(C2CCCCC2)CO1
decoy_2440,0.348314,0.419016,0.734491,0.739206,0.48998,0.505345,O=C1C=CC(=NN=c2[nH]cc[nH]2)C=C1
decoy_2442,0.410517,0.500584,0.791001,0.75528,0.568986,0.544216,O=c1ccc(NS(=O)(=O)Cc2ccccc2)c[nH]1
decoy_2443,0.346106,0.4702,0.667757,0.760908,0.486081,0.585312,O=C1C[C@H](C(=O)Nc2ccccc2)CN1
decoy_2444,0.464758,0.554771,0.825288,0.818145,0.551314,0.534943,O=C(Nc1ccccc1)[C@H]1CC(=O)N(C2CCCC2)C1
decoy_2445,0.351804,0.470617,0.693322,0.713046,0.493245,0.540894,[O-]c1cc(CS[C@@H]2NN=CS2)nn1-c1ccccc1
decoy_2446,0.383663,0.408982,0.683278,0.635873,0.476698,0.506603,O=c1cc(N2CCCCC2)cc[nH]1
decoy_2447,0.38407,0.467273,0.706364,0.806093,0.516697,0.654125,O=c1cc(N2CC[NH2+]CC2)cnn1-c1ccccc1
decoy_2448,0.380166,0.533245,0.711164,0.756002,0.511061,0.496912,OC1=C(C2N=c3ccccc3=N2)C=[N+](c2ccccc2)CC1
decoy_245,0.37466,0.381437,0.649304,0.718642,0.470849,0.439134,CC(C)(C)C#C[C@@]1(C)C[C@@H]1Br
decoy_2450,0.388976,0.493602,0.67818,0.746243,0.48444,0.541234,O=C1C[C@H](Nc2ccccc2)CO1
decoy_2451,0.349907,0.407405,0.594894,0.594529,0.463693,0.439274,O=C1C=C(Nc2ccccc2)C(=O)N1c1ccccc1
decoy_2452,0.437573,0.56091,0.728435,0.739722,0.516316,0.550466,O=C1C[C@H](Nc2ccccc2)C(=O)N1c1ccccc1
decoy_2453,0.444418,0.440584,0.767822,0.668551,0.517108,0.468347,O=c1cc(Nc2ccccc2)[nH]c(=O)n1C1CCCCC1
decoy_2454,0.427884,0.566566,0.651722,0.704241,0.479719,0.519339,O=C1C=C(Nc2ccccc2)S/C1=C\c1ccccc1
decoy_2455,0.395253,0.510489,0.666185,0.72109,0.475923,0.484819,O=C1C=C(Nc2ccccc2)S/C1=C\c1c[nH]c2ccccc12
decoy_2456,0.330248,0.389606,0.761806,0.779607,0.498182,0.561919,[O-]c1c(/C=N/C2CC[NH2+]CC2)cnn1-c1ccccc1
decoy_2457,0.30725,0.360391,0.75679,0.773226,0.512464,0.537243,[O-]c1c(/C=N/C2CC[NH2+]CC2)cnn1-c1nc2ccccc2s1
decoy_2458,0.362809,0.41137,0.689214,0.659325,0.452317,0.474481,O=c1cc(NCc2ccccc2)cn[nH]1
decoy_2459,0.451396,0.561528,0.755009,0.762968,0.538744,0.553162,O=C1C[C@H](NCc2ccccc2)C(=O)N1c1ccccc1
decoy_246,0.443326,0.371466,0.767934,0.761266,0.537169,0.475918,FC(F)(F)[C@]1(F)[C@H]2C=C[C@H](C2)C1(F)F
decoy_2460,0.386847,0.423978,0.718495,0.671618,0.526818,0.508534,O=c1ccn(Cc2ccccc2)c(=O)[nH]1
decoy_2461,0.35126,0.467443,0.769651,0.845896,0.50731,0.583522,O=C1CC=NC(c2ccccc2)=[NH+]1
decoy_2462,0.435928,0.4475,0.766152,0.686885,0.510969,0.488295,O=c1cc(NCc2ccco2)[nH]c(=O)n1Cc1ccccc1
decoy_2463,0.381505,0.471628,0.695652,0.738036,0.459492,0.501972,O=c1ccnc(Cc2ccccc2)[nH]1
decoy_2464,0.43703,0.484042,0.744342,0.741845,0.489979,0.513249,O=c1ccnc(/C=C/c2ccccc2)[nH]1
decoy_2465,0.440718,0.522973,0.749617,0.755137,0.519199,0.553663,O=c1ccnc(CCOc2ccccc2)[nH]1
decoy_2466,0.419772,0.516427,0.751729,0.778605,0.505139,0.578862,O=c1ccnc(COc2ccccc2)[nH]1
decoy_2467,0.440073,0.472777,0.789696,0.704921,0.565181,0.557616,O=c1ccnc(/N=C/N2CCCCC2)[nH]1
decoy_2469,0.423816,0.436176,0.673591,0.629468,0.480498,0.475466,O=c1ccnc(SC2CCCCC2)[nH]1
decoy_247,0.362277,0.377026,0.79804,0.889272,0.578295,0.506715,C1=CC=C2C=CC=CC(=C1)C2
decoy_2470,0.349585,0.422263,0.669976,0.680129,0.466523,0.47469,O=c1cc(N/N=C/c2ccccc2)cn[nH]1
decoy_2471,0.429789,0.47178,0.870113,0.842732,0.540042,0.505888,O=C1C=C2C=CNC=C2C(=O)C1
decoy_2472,0.376261,0.444603,0.591325,0.668814,0.432214,0.470372,O=C1C=CSC2=C[C@@H](c3ccccc3)C=CN12
decoy_2473,0.436474,0.537857,0.739477,0.758862,0.51122,0.557568,O=C1C[C@H](S/C=N/N=C/c2ccccc2)C(=O)N1c1ccccc1
decoy_2474,0.458132,0.556161,0.764361,0.767084,0.527241,0.606382,O=C1C[C@H](S/C=N/N=C/c2cccs2)C(=O)N1c1ccccc1
decoy_2475,0.385159,0.423999,0.665965,0.615145,0.459816,0.438506,O=C1CN(c2ccccc2)C=C1C1N=c2ccccc2=N1
decoy_2476,0.366337,0.446781,0.639197,0.691913,0.461829,0.537312,O=C1CN(c2ccccc2)CCN1
decoy_2477,0.386255,0.451783,0.790186,0.809725,0.511553,0.513364,O=C1CNc2ccccc2N1
decoy_2478,0.350845,0.384538,0.684961,0.653821,0.459927,0.447253,O=C1CNC2(CC[NH2+]CC2)N1CC1CC1
decoy_2479,0.464084,0.587273,0.769802,0.815887,0.549311,0.583296,O=C1CN(Cc2ccccc2)CCN1
decoy_248,0.338334,0.399921,0.72934,0.744256,0.448554,0.482952,C[C@H](C(=O)NC1CCCC1)[NH+]1CCCCCCC1
decoy_2480,0.442393,0.533435,0.780359,0.783384,0.554931,0.567523,O=C1CN(CC(=O)Nc2ccccc2)CCN1
decoy_2481,0.466495,0.557622,0.759919,0.769493,0.535103,0.605568,O=C1CN(C(=O)COc2ccccc2)CCN1
decoy_2482,0.457719,0.554736,0.803652,0.815695,0.551856,0.616682,O=C1CN(C(=S)NC(=O)c2ccccc2)CCN1
decoy_2483,0.419584,0.540302,0.826846,0.872648,0.54052,0.60153,O=C1CN(C(=S)NC(=O)CCCOc2ccccc2)CCN1
decoy_2484,0.364871,0.514749,0.737839,0.861387,0.487627,0.575605,O=C1COc2ccccc2N1
decoy_2485,0.350747,0.431556,0.560987,0.662954,0.41966,0.463666,O=C1CSC2=C[C@@H](c3ccccc3)C=CN12
decoy_2486,0.455441,0.477071,0.822464,0.775287,0.555562,0.520482,O=C1CSC(Nc2ccccc2)=N1
decoy_2487,0.359075,0.466436,0.795046,0.836979,0.517651,0.564026,O=C1NC2(CCCC2)C(=O)N1CCC[NH2+]Cc1ccccc1
decoy_2488,0.337534,0.434437,0.66601,0.690541,0.468068,0.500827,O=C1Nc2ccccc2[C@@]12CC[NH2+][C@@H]2c1ccccc1
decoy_2489,0.376479,0.467474,0.659798,0.684848,0.466517,0.515551,O=C1Nc2ccccc2[C@@]12C=COc1c2c(=O)oc2ccccc12
decoy_249,0.369081,0.395993,0.755117,0.69044,0.493616,0.481333,CC(C)c1ccc2nc(CO[C@@H]3CCCC[C@@H]3C)[nH]c(=O)c2c1
decoy_2490,0.371387,0.449207,0.660236,0.70965,0.455542,0.477467,O=C1Nc2ccccc2C12C=COC=C2
decoy_2491,0.353495,0.43536,0.662279,0.671449,0.439705,0.465591,O=C1N=CC=C2OC=C[C@@]3(C(=O)Nc4ccccc43)[C@H]12
decoy_2492,0.340445,0.368852,0.662526,0.634956,0.497184,0.441709,O=C1Nc2ccccc2[C@]12C=COC1=NN=C[C@H]12
decoy_2493,0.471539,0.606596,0.755652,0.804615,0.528682,0.578138,O=C1Nc2ccccc2[C@@H]1c1cc[nH]c1-c1ccccc1
decoy_2494,0.425997,0.60121,0.760007,0.856586,0.552714,0.622564,O=C1Nc2ccccc2[C@@H]1NCc1ccco1
decoy_2495,0.406059,0.460861,0.698805,0.696698,0.514654,0.532995,O=C1Nc2ccccc2[C@@H]1NCCn1cccn1
decoy_2496,0.365225,0.501739,0.739752,0.8628,0.462353,0.547464,O=C1N=c2ccccc2=C[C@@H]1[C@H]1Nc2cccc[n+]2[C@H]1NCc1ccccc1
decoy_2497,0.447269,0.549787,0.788296,0.770581,0.56339,0.537335,O=C1N=c2ccccc2=C[C@@H]1[C@@H]1NC(c2ccccc2)=NO1
decoy_2498,0.332727,0.354055,0.823012,0.76793,0.499594,0.469437,O=C1N=c2ccccc2=C[C@@H]1CN1CC[NH+](C(c2ccccc2)c2ccccc2)CC1
decoy_2499,0.468795,0.54487,0.74621,0.733587,0.539084,0.507601,O=C1N=c2ccccc2=C[C@@H]1CNc1ccccc1
decoy_25,0.428032,0.418737,0.738445,0.747859,0.497714,0.466349,CCC[C@H]1CCCC[C@@H]1Br
decoy_250,0.350921,0.409651,0.710883,0.736763,0.533723,0.534492,N#C[C@H]1CC[N@H+](C[C@@H]2CCCCO2)CC1
decoy_2500,0.447224,0.581665,0.746133,0.804082,0.541853,0.621226,O=C1N=c2ccccc2=C/C1=C\NCc1ccccc1
decoy_2501,0.353552,0.478708,0.745564,0.807967,0.493118,0.53055,O=C1N=c2ccccc2=C[C@@H]1CNCc1nc2ccccc2[nH]1
decoy_2502,0.268564,0.336398,0.521417,0.5493,0.408819,0.452607,O=C1C([N-]c2ccccc2)=CCN1c1ccccc1
decoy_2503,0.553917,0.49813,0.821487,0.699508,0.574725,0.492756,O=C1Nc2ccccc2CN1c1ccccc1
decoy_2504,0.393479,0.46079,0.624285,0.66789,0.49786,0.482964,O=C1/C(=C/c2ccccc2)N=CN1c1ccccc1
decoy_2507,0.401563,0.454526,0.818729,0.815434,0.562835,0.53514,O=C1NC2(CCCCC2)C(=O)N1C[NH+]1CCCCC1
decoy_2508,0.465215,0.488317,0.69398,0.657632,0.495206,0.476746,O=C1/C(=C/c2ccccc2)SC(=S)N1c1ccccc1
decoy_2509,0.333181,0.383468,0.727401,0.755384,0.528461,0.626021,O=C1/C(=C/NC2CC[NH2+]CC2)C=NN1c1ccccc1
decoy_251,0.503622,0.532456,0.730214,0.83664,0.577683,0.59068,CC(C)c1ccc([C@H](Cl)CC(F)(F)F)cc1
decoy_2511,0.470647,0.537577,0.724609,0.702236,0.517692,0.529209,O=C1Nc2ccccc2O[C@H]1Cc1ccccc1
decoy_2512,0.373148,0.462709,0.720712,0.810543,0.539482,0.66101,O=c1c2ccsc2ncn1C1CC[NH2+]CC1
decoy_2513,0.382582,0.508158,0.757571,0.890407,0.498346,0.602525,O=C1NC2(CC[NH2+]CC2)C(=O)N1CCOc1ccccc1
decoy_2514,0.305568,0.309485,0.702633,0.666129,0.397672,0.380361,O=C1N[C@H]2CSC[C@H]2N1
decoy_2515,0.372964,0.514661,0.684909,0.762676,0.494507,0.573421,O=c1nc2scnn2cc1/C=C1\C=Nc2ccccc21
decoy_2516,0.503652,0.610124,0.833195,0.844102,0.575821,0.594681,O=C1N[C@@H](C2CC2)C(=O)N1CCCOc1ccccc1
decoy_2517,0.423784,0.632815,0.700562,0.810646,0.504791,0.631473,O=C1N[C@H](c2ccccc2)[C@@H]1Oc1ccccc1
decoy_2518,0.388814,0.545896,0.682249,0.772615,0.498387,0.576613,O=C1N[C@H](c2ccccc2)[C@H]2C1=NN=C2c1ccccc1
decoy_2519,0.450596,0.529029,0.728716,0.719054,0.488306,0.50726,O=C1N[C@H](c2ccccc2)c2c1oc1ccccc1c2=O
decoy_252,0.345294,0.385052,0.627395,0.582626,0.503991,0.480125,O=C1N/C(=N/c2cccc(Cl)c2Cl)S/C1=C/c1ccncc1
decoy_2520,0.363972,0.418157,0.720175,0.751864,0.464933,0.489021,O=C1NC(=O)[C@@H](c2ccccc2)N1
decoy_2521,0.362221,0.45956,0.81203,0.834538,0.526469,0.52543,O=C1N[C@H](c2ccccc2)C(=O)N1CCC[N@@H+]1CCc2ccccc2C1
decoy_2522,0.395438,0.476152,0.714784,0.722039,0.523396,0.53311,O=C(NN1C(=O)N[C@H](c2ccccc2)C1=O)c1ccccc1
decoy_2523,0.407942,0.520722,0.748836,0.777226,0.49712,0.555576,O=C1/C(=C\c2cnc3ccccn3c2=O)SC(=S)N1Cc1ccccc1
decoy_2524,0.392993,0.463143,0.703736,0.704152,0.505483,0.504043,O=C1N[C@@H](c2ccccc2)Nc2ccccc21
decoy_2525,0.447642,0.576313,0.683144,0.73317,0.480743,0.526271,O=C1N=C(c2ccccc2)S/C1=C\c1ccccc1
decoy_2526,0.351771,0.414467,0.747407,0.790189,0.441319,0.47207,O=C1NC(=O)[C@H](c2cccs2)N1
decoy_2527,0.401275,0.486232,0.74567,0.776185,0.54542,0.528047,O=C1N[C@@H](c2cscn2)Nc2ccccc21
decoy_2528,0.343887,0.371165,0.65963,0.609829,0.462737,0.444821,O=C1NC[C@@H](c2ccccc2)Cc2[nH]cnc21
decoy_2529,0.410253,0.535081,0.766483,0.812396,0.517928,0.562501,O=C1/C(=C\c2cnc3ccccn3c2=O)SC(=S)N1CCc1ccccc1
decoy_253,0.408627,0.511987,0.64032,0.721584,0.472854,0.534249,Cc1ccc(C)c(OC(=O)[C@@H]2CC=CCC2)c1C
decoy_2530,0.466811,0.560862,0.735393,0.761045,0.522464,0.540364,O=C1N=CC=C2OC=C[C@@H](c3ccccc3)[C@H]12
decoy_2531,0.386443,0.383313,0.696722,0.656933,0.46276,0.426791,O=C1NC=C[C@@H](c2ccccc2)N1
decoy_2532,0.397461,0.400207,0.693521,0.660068,0.460742,0.439415,O=C1NCC[C@@H](c2ccccc2)N1
decoy_2533,0.440983,0.496747,0.705846,0.670154,0.491743,0.494083,O=C1N[C@@H](/C=C/c2ccccc2)Nc2ccccc21
decoy_2534,0.40844,0.45375,0.76598,0.77129,0.488904,0.502312,O=c1nccc(-c2ccccc2)[nH]1
decoy_2535,0.370308,0.383733,0.720408,0.701101,0.44058,0.433333,O=C1NC=C[C@@H](c2cccs2)N1
decoy_2536,0.361117,0.38285,0.672528,0.666162,0.435765,0.436164,O=C1NCC[C@@H](c2cccs2)N1
decoy_2537,0.459211,0.520242,0.78307,0.740054,0.544719,0.544878,O=C1NCCCc2nc(Cc3ccccc3)[nH]c21
decoy_2538,0.413723,0.458762,0.826515,0.811237,0.635833,0.545392,O=C1NCC=C(C[NH+]2CCCCCCC2)N1
decoy_2539,0.407182,0.451426,0.736336,0.72344,0.478642,0.477249,O=C1NC[C@H](COc2ccccc2)O1
decoy_254,0.466798,0.466772,0.771329,0.833103,0.559002,0.491079,CC#CC[C@H]1CCC[C@H]1Cl
decoy_2540,0.306197,0.376112,0.620352,0.710925,0.483571,0.553653,O=c1[nH]c(C[NH+]2CCNCC2)nc2sccc12
decoy_2541,0.399158,0.520717,0.733574,0.814297,0.505769,0.577808,O=c1[nH]c(C[NH2+]Cc2ccccc2)nc2ccccc12
decoy_2542,0.44299,0.500754,0.785397,0.744952,0.520312,0.506771,O=C1NCCOc2ccc(NS(=O)(=O)c3cccs3)cc21
decoy_2543,0.401232,0.508299,0.781935,0.795242,0.506106,0.523165,O=C1NCCOc2ccc(NS(=O)(=O)Cc3ccccc3)cc21
decoy_2544,0.431924,0.410309,0.838531,0.692623,0.519581,0.449766,O=c1[nH]c(N2CCCCC2)ncc1C(=S)Nc1ccccc1
decoy_2545,0.405104,0.507099,0.711053,0.718015,0.472743,0.491234,O=C1N=CN(c2ccccc2)C(=O)/C1=C\[C@H]1C=c2ccccc2=N1
decoy_2546,0.471835,0.464838,0.765683,0.672855,0.541952,0.480619,O=C1N[C@H](NC2CCCCC2)C(=O)N1c1ccccc1
decoy_2547,0.43681,0.548368,0.703822,0.732302,0.498014,0.522287,O=C1N=C(Nc2ccccc2)S/C1=C\c1cccs1
decoy_2548,0.373455,0.399764,0.82301,0.790467,0.501896,0.498222,O=C1N=CN=C2SCC=C12
decoy_2549,0.402622,0.425506,0.805472,0.748071,0.528985,0.494356,O=c1nc[nH]c2sc3c(c12)CCOC3
decoy_255,0.463322,0.524149,0.686703,0.747805,0.554787,0.592245,C[C@H](Nc1cc(F)c(F)c(F)c1)C1CC1
decoy_2550,0.450574,0.565629,0.758202,0.779073,0.531348,0.559963,O=C1N/C(=N\N=C\c2ccccc2)S[C@H]1Cc1ccccc1
decoy_2551,0.345725,0.327845,0.655336,0.585687,0.45866,0.411568,O=C1NC(=O)C2(CCCCC2)N1
decoy_2552,0.414934,0.53188,0.768498,0.808485,0.520783,0.564252,O=C1Nc2ccccc2/C1=C/c1ccc[nH]1
decoy_2553,0.506477,0.591997,0.81367,0.800635,0.608268,0.614166,O=C1Nc2ccccc2/C1=N/Nc1ccccc1
decoy_2554,0.391243,0.493126,0.785766,0.825403,0.538893,0.567728,O=c1[nH]c2ccccc2cc1C[NH2+]C1CCCC1
decoy_2555,0.341055,0.388649,0.751206,0.719291,0.448975,0.457309,O=c1[nH]c2ccccc2cc1CN(C(=S)Nc1ccccc1)C1CCCC1
decoy_2556,0.400536,0.48246,0.811841,0.827813,0.548047,0.538175,O=c1[nH]c2ccccc2cc1C[NH2+]C1CCCCC1
decoy_2557,0.354311,0.361783,0.722691,0.640809,0.475698,0.416281,O=c1[nH]c2ccccc2cc1CNc1ccc(N2CCCCC2)cc1
decoy_2558,0.387938,0.483664,0.750125,0.779931,0.51712,0.512129,O=c1[nH]c2ccccc2cc1C[NH2+]Cc1ccccc1
decoy_2559,0.379176,0.516127,0.81143,0.894645,0.500877,0.544213,O=c1[nH]c2ccccc2cc1CN(Cc1cccnc1)S(=O)(=O)c1ccccc1
decoy_256,0.376135,0.428308,0.660264,0.668526,0.454962,0.474001,CC(C)(C)[C@H]1CC[C@@](O)(c2cccc3cnccc32)CC1
decoy_2560,0.405854,0.524991,0.772056,0.787696,0.563887,0.54861,O=c1[nH]c2ccccc2cc1C[NH2+]Cc1ccco1
decoy_2561,0.387064,0.500733,0.790997,0.845651,0.556929,0.597039,O=c1[nH]c2ccccc2cc1C[NH2+]C[C@H]1CCCO1
decoy_2562,0.37455,0.494586,0.84962,0.913393,0.532335,0.57388,O=c1[nH]c2ccccc2cc1CN(C[C@H]1CCCO1)C(=S)Nc1ccccc1
decoy_2563,0.405847,0.528809,0.825988,0.908778,0.585743,0.651832,O=c1[nH]c2ccccc2cc1CNCC[NH+]1CCCC1
decoy_2564,0.315092,0.441562,0.802679,0.940985,0.537305,0.634427,O=c1[nH]c2ccccc2cc1CN(CC[NH+]1CCCC1)C(=S)Nc1ccccc1
decoy_2565,0.313636,0.382733,0.833269,0.833455,0.497637,0.485847,O=c1[nH]c2ccccc2cc1CN(CC[NH+]1CCCC1)C(=S)NC[C@H]1CCCO1
decoy_2566,0.43365,0.441468,0.734403,0.656004,0.497031,0.457544,O=c1[nH]c2ccccc2n1CCCOc1ccccc1
decoy_2568,0.443257,0.47565,0.826083,0.798707,0.569837,0.535737,O=C1Nc2ccc(S(=O)(=O)/N=c3\[nH]ccs3)c3cccc1c23
decoy_2569,0.382232,0.4519,0.749246,0.748114,0.500363,0.512767,O=c1[nH]c(-c2ccccc2)nc2cn[nH]c12
decoy_257,0.490475,0.541338,0.769522,0.72853,0.577085,0.541258,Fc1ccc2sc(NC[C@@H]3CCOC3)nc2c1
decoy_2570,0.384106,0.461974,0.698601,0.721145,0.480605,0.490873,O=c1[nH]c(-c2ccccc2)nc2sccc12
decoy_2571,0.393413,0.394314,0.798573,0.740408,0.511255,0.474978,O=c1[nH]ccc2c1CC=CO2
decoy_2572,0.396072,0.439648,0.743713,0.714319,0.469497,0.471729,O=c1[nH]cc(N2CCCCC2)c(=O)n1CCCOc1ccccc1
decoy_2573,0.403999,0.433574,0.718568,0.670957,0.528906,0.513796,O=c1[nH]c(CNc2ccccc2)nc2ccccc12
decoy_2574,0.400008,0.470012,0.749934,0.809755,0.557561,0.526568,O=c1[nH]c(C[NH2+]C2CCCCC2)nc2sccc12
decoy_2575,0.392858,0.48817,0.722279,0.785779,0.541424,0.530896,O=c1[nH]c(C[NH2+]Cc2ccccc2)nc2sccc12
decoy_2576,0.378628,0.458615,0.74415,0.780244,0.480384,0.489685,O=c1[nH]c(C[NH2+]C[C@H]2CCCCO2)nc2ccccc12
decoy_2577,0.366003,0.470122,0.709147,0.776009,0.529508,0.508334,O=c1[nH]c(C[NH2+]Cc2ccco2)nc2sccc12
decoy_2578,0.368811,0.45272,0.67297,0.674444,0.512014,0.526719,O=c1[nH]c(COc2ccccc2)nc2ccccc12
decoy_2579,0.462858,0.453748,0.737665,0.648115,0.503732,0.457562,O=c1[nH]c(CSc2ccccc2)nc2sccc12
decoy_258,0.429462,0.48055,0.758622,0.805332,0.481005,0.523801,C[C@@H]1CCCC[C@@H]1CNc1nc[nH+]c2c1CCC2
decoy_2580,0.336625,0.426884,0.631946,0.665823,0.480127,0.485541,O=c1[nH]c(CSc2ccccn2)nc2ccccc12
decoy_2581,0.407256,0.43073,0.749501,0.661085,0.513902,0.502764,O=c1[nH]cc(S(=O)(=O)NC2CCCCC2)s1
decoy_2582,0.37364,0.408743,0.668159,0.633383,0.477785,0.472189,O=c1[nH]cc(S(=O)(=O)NCC2CCCCCC2)s1
decoy_2584,0.399105,0.515649,0.753737,0.781501,0.485837,0.558442,O=c1[nH]c(Nc2ccccc2)ncc1CCSCc1ccccc1
decoy_2585,0.442573,0.498194,0.767971,0.7069,0.526665,0.520127,O=c1nc(Nc2ccccc2)[nH]nc1-c1ccccc1
decoy_2586,0.448789,0.532148,0.698133,0.693647,0.50503,0.52681,O=C1N/C(=N/c2ccccc2)S/C1=C\c1ccccc1
decoy_2587,0.370574,0.407544,0.651287,0.631691,0.460362,0.450272,O=C1N/C(=N\c2ccccc2)S/C1=C\c1c[nH]c2ccccc12
decoy_2588,0.391696,0.501069,0.634854,0.663763,0.463534,0.502421,O=C1N/C(=N/c2ccccc2)S/C1=C\C=C\c1ccco1
decoy_2589,0.343421,0.388188,0.62093,0.625781,0.439239,0.452443,O=c1[nH]c(Nc2ccccn2)ncc1Cc1ccc2c(c1)CCCC2
decoy_259,0.442382,0.507464,0.671983,0.657963,0.505388,0.504933,Fc1ccc2sc(N[C@H]3CCCc4sccc43)nc2c1
decoy_2590,0.321165,0.35192,0.579472,0.561218,0.430352,0.412856,O=C1N/C(=N\c2nccs2)S/C1=C/c1ccccc1
decoy_2591,0.479203,0.515321,0.809248,0.759249,0.550475,0.521837,O=c1[nH]cnc2cc(NCc3ccco3)ccc12
decoy_2592,0.423467,0.465015,0.740793,0.700977,0.51143,0.496517,O=c1[nH]cnc2cc(NC[C@H]3CCCO3)ccc12
decoy_2593,0.360084,0.414544,0.606406,0.599506,0.442788,0.495941,O=c1[nH]cnc2cc(OC3CCCC3)ccc12
decoy_2594,0.351739,0.403573,0.675973,0.645109,0.469586,0.454276,O=c1[nH]cnc2c1ncn2Cc1ccccc1
decoy_2595,0.410118,0.412797,0.77007,0.705253,0.522902,0.48654,O=c1[nH]cnc2sc3c(c12)CCC3
decoy_2596,0.418743,0.409289,0.73234,0.65527,0.516913,0.478283,O=c1[nH]cnc2sc3c(c12)CCCC3
decoy_2597,0.332737,0.373939,0.572982,0.578061,0.418995,0.444517,O=c1[nH]cnc2sc3c(c12)CCCCC3
decoy_2598,0.336573,0.338244,0.625411,0.579978,0.439775,0.407294,O=c1[nH]cnc2scc(-c3ccccc3)c12
decoy_2599,0.454433,0.420826,0.804605,0.696595,0.542056,0.474636,O=c1[nH]cnc2scc(-c3cccs3)c12
decoy_26,0.350512,0.312535,0.734579,0.774835,0.456836,0.428421,ClC1(Cl)C[C@H]2CC[C@@H]1C2
decoy_260,0.429559,0.519212,0.689082,0.710789,0.495111,0.486328,C[C@H](Nc1nc(Cl)nc(Cl)n1)c1cccc(Br)c1
decoy_2600,0.318315,0.419123,0.622247,0.755905,0.435543,0.53911,O=C1[N-]C(=O)/C(=C/c2ccccc2)C(=O)N1
decoy_2601,0.417995,0.578509,0.76039,0.825137,0.53655,0.583011,O=C1NC(=O)N(c2ccccc2)C(=O)/C1=C\Nc1ccccc1
decoy_2602,0.371696,0.485407,0.710581,0.754199,0.454777,0.512232,O=c1[nH]c(=O)n(-c2ccccc2)cc1CN/C=C/C1=CCCCC1
decoy_2603,0.440752,0.514597,0.715573,0.69404,0.501797,0.528129,O=c1[nH]c(SCCOc2ccccc2)nc2sccc12
decoy_2604,0.459413,0.476561,0.723487,0.68673,0.507607,0.481299,O=c1[nH]nc(-c2ccccc2)n1-c1ccccc1
decoy_2605,0.480363,0.508906,0.767589,0.707571,0.551344,0.530044,O=c1[nH]ncc2cccc(NCc3cccs3)c12
decoy_2607,0.475037,0.555019,0.734521,0.747627,0.530334,0.53121,O=c1[nH]nc(SCc2ccccc2)n1C1CC1
decoy_2608,0.301763,0.343436,0.563561,0.589315,0.387713,0.401488,O=c1[nH]nc(SCc2ccccc2)[nH]1
decoy_2609,0.257912,0.303846,0.534762,0.575927,0.347649,0.382615,O=c1[nH]nc(SCc2cccs2)[nH]1
decoy_261,0.512815,0.534445,0.728905,0.771843,0.572895,0.60262,Fc1cc(F)cc(N[C@@H]2CCCSC2)c1
decoy_2610,0.345884,0.440755,0.608975,0.645046,0.420376,0.495076,O=c1[nH]nc(SCCCOc2ccccc2)[nH]1
decoy_2611,0.355339,0.388206,0.653696,0.626645,0.420122,0.427293,O=c1[nH]nc(SCCOc2ccccc2)[nH]1
decoy_2613,0.443023,0.525586,0.647899,0.722456,0.467758,0.498813,O=c1oc2ccccc2cc1Cc1ccccc1
decoy_2614,0.351043,0.46435,0.789789,0.896835,0.543285,0.618556,O=c1oc2ccccc2cc1[C@@H](CC[NH+]1CCOCC1)c1ccccc1
decoy_2615,0.439113,0.449732,0.693658,0.638005,0.516942,0.469459,O=c1oc2ccccc2n1CCOc1ccccc1
decoy_2616,0.469161,0.586806,0.670916,0.771048,0.513086,0.533633,O=C1OC(c2ccccc2)=N/C1=C\c1ccccc1
decoy_2617,0.383734,0.433044,0.750038,0.757263,0.466165,0.50735,O=C1O[C@@H](CCC2=CCCCC2)CN1C1CC[NH2+]CC1
decoy_2618,0.236605,0.291277,0.435539,0.46872,0.36056,0.369357,O=C1c2ccccc2C(=O)c2cc(/C=N/c3ccccc3)ccc21
decoy_2619,0.434665,0.500094,0.689622,0.690509,0.523766,0.52918,O=C1c2ccccc2C(=O)c2cc(N3CCOCC3)ccc21
decoy_262,0.382892,0.483274,0.792842,0.821948,0.540695,0.525863,Cc1cc(C)c(CCl)c(N2CCC(C)(C)CC2)[nH+]1
decoy_2620,0.452264,0.521453,0.771968,0.759525,0.529048,0.528551,O=c1c2c(ccn1CCc1ccccc1)OC=C[C@H]2c1ccccc1
decoy_2621,0.366583,0.490744,0.778077,0.913841,0.479778,0.584223,O=c1c2c(ccn1CCC[NH+]1CCOCC1)OC=C[C@H]2c1ccccc1
decoy_2622,0.352803,0.44585,0.736915,0.823992,0.518437,0.551322,O=C1[C@H]2[C@H](C[NH2+][C@H]2c2ccccc2)C(=O)N1c1cccc2ccccc12
decoy_2623,0.395094,0.492941,0.758127,0.831122,0.538635,0.600604,O=C1[C@H]2[C@H](C[NH2+][C@H]2c2ccccc2)C(=O)N1c1ccccc1
decoy_2624,0.366453,0.458297,0.634055,0.659583,0.489304,0.51552,O=C1[C@H]2[C@H](CN[C@@H]2c2cccs2)C(=O)N1c1ccccc1
decoy_2625,0.463185,0.56669,0.797833,0.791613,0.554095,0.585355,O=C1[C@H]2[C@H](ON[C@H]2c2ccccc2)C(=O)N1c1ccccc1
decoy_2626,0.327995,0.437154,0.562412,0.633108,0.445692,0.517329,O=c1c(-c2nccs2)coc2cc3c(cc12)COCO3
decoy_2627,0.372164,0.443749,0.863436,0.928078,0.562597,0.619354,O=c1cc2c(ccc1NCCC[NH+]1CCOCC1)-c1ccccc1CCC2
decoy_2628,0.463003,0.572971,0.682342,0.746354,0.482308,0.554276,O=C1Cc2cc(Cc3ccccc3)ccc2N1
decoy_2629,0.481504,0.58905,0.728557,0.77187,0.50475,0.542533,O=C1Cc2cc(CNc3ccccc3)ccc2N1
decoy_263,0.441411,0.466856,0.710449,0.68253,0.490184,0.463857,CC[C@H]1CC[C@H](C#N)[C@H](N(C)c2ccc(C#N)cc2)C1
decoy_2630,0.465403,0.47543,0.751846,0.681835,0.524345,0.489469,O=C1Cc2ccc(NC3CCCCCC3)cc2N1
decoy_2631,0.470561,0.528587,0.771647,0.74504,0.513675,0.534681,O=C1Cc2ccc(NCc3ccsc3)cc2N1
decoy_2632,0.454372,0.568417,0.720272,0.760688,0.496316,0.544792,O=C1Cc2cc(NC3CCCCC3)ccc2N1
decoy_2633,0.463478,0.497505,0.84796,0.795362,0.555655,0.525372,O=C1Cc2cc(S(=O)(=O)NC3CCCCC3)ccc2N1
decoy_2634,0.4389,0.476045,0.693544,0.717324,0.497218,0.491739,O=c1cc(-c2ccccc2)c2ccccc2o1
decoy_2635,0.43667,0.634009,0.658504,0.847068,0.493216,0.619953,O=C1C[C@@H](c2ccccc2)c2ccccc2O1
decoy_2636,0.412653,0.582033,0.744852,0.850786,0.526788,0.648156,O=C1C[C@H](c2ccccc2)c2cn[nH]c2N1
decoy_2637,0.370696,0.533676,0.737204,0.833447,0.497166,0.593449,O=C1C[C@@H](c2ccccc2)[C@@H]2C(=O)[NH+]=CN=C2N1
decoy_2638,0.377603,0.457807,0.648351,0.671483,0.445689,0.478225,O=C1C[C@H](c2ccccc2)c2scnc2CN1
decoy_2639,0.39187,0.506969,0.772262,0.807929,0.512035,0.558439,O=c1c(Cc2ccccc2)cnc(Nc2ccccc2)n1Cc1ccccc1
decoy_264,0.505581,0.494627,0.732547,0.724579,0.55781,0.513993,O[C@H](CCC1CCCC1)Cc1ccccc1F
decoy_2640,0.479239,0.628968,0.759771,0.810361,0.52686,0.622425,O=c1cc(-c2ccccc2)nc(-c2ccccn2)[nH]1
decoy_2641,0.440959,0.571289,0.728394,0.734697,0.522755,0.544462,O=c1cc(-c2ccccc2)nc(Nc2ccccc2)[nH]1
decoy_2642,0.368607,0.503585,0.687333,0.754591,0.455578,0.520612,O=c1cc(-c2ccccc2)oc2c(C3=CC[NH2+]CC3)cccc12
decoy_2643,0.39171,0.526851,0.831501,0.929824,0.569451,0.604353,O=c1cc(-c2ccccc2)oc2c(C[NH+]3CCNCC3)cccc12
decoy_2644,0.463739,0.510918,0.777169,0.725488,0.545422,0.527643,O=C1C[C@@H](c2ccco2)Cc2[nH]nc(Nc3ccccc3)c21
decoy_2645,0.410585,0.556669,0.793234,0.858851,0.52575,0.600688,O=C1C[C@@H](c2ncn[nH]2)c2ccccc2N1
decoy_2646,0.501998,0.499448,0.771013,0.760922,0.520212,0.497008,O=c1ccc2ccc3c(c2o1)CCCO3
decoy_2647,0.495689,0.483786,0.720358,0.666162,0.534585,0.503135,O=C1C[C@@H](c2ccc3c(c2)OCCO3)Oc2ccccc21
decoy_2648,0.48145,0.560021,0.76231,0.759925,0.528537,0.534929,O=C1CCc2ccc(Oc3cccnc3)cc2N1
decoy_2649,0.48214,0.50985,0.697267,0.692069,0.509441,0.49336,O=c1ccc2ccc(OCc3ccccc3)cc2o1
decoy_265,0.470724,0.605841,0.706163,0.767148,0.51414,0.592808,O=[N+]([O-])c1ccc(C[C@H](Cl)c2ccc3c(c2)CCO3)cc1
decoy_2650,0.393175,0.468579,0.613352,0.650806,0.443173,0.524893,O=c1ccc2ccc(OC/C=C/c3ccccc3)cc2o1
decoy_2651,0.452393,0.483815,0.74925,0.701685,0.508552,0.491124,O=C1CCc2cc(NC[C@H]3CCCO3)ccc2N1
decoy_2652,0.468014,0.627733,0.737287,0.8241,0.541029,0.626234,O=C1CCc2cc(OCc3cccnc3)ccc2N1
decoy_2653,0.375577,0.446219,0.793999,0.841932,0.566421,0.683279,O=c1ccc2cc(S(=O)(=O)NC[C@H]3CCC[NH2+]3)ccc2o1
decoy_2654,0.329014,0.430401,0.804098,0.83056,0.508176,0.520689,O=C1CCc2cc(S(=O)(=O)NCCC[NH+]3CCCC3)ccc2N1
decoy_2655,0.370249,0.468857,0.884141,0.909688,0.573263,0.558966,O=C1CCc2cc(S(=O)(=O)NCCC[NH+]3CCCCC3)ccc2N1
decoy_2656,0.347013,0.429918,0.824091,0.826852,0.523867,0.529076,O=C1CCc2cc(S(=O)(=O)NCC[NH+]3CCCCC3)ccc2N1
decoy_2657,0.409408,0.551208,0.674013,0.71904,0.454972,0.54527,O=c1ccc2c([nH]1)CCC[C@@H]2Nc1ccccc1
decoy_2658,0.396715,0.448963,0.795074,0.744679,0.53698,0.497973,O=C(Nc1nnc([C@H]2CC(=O)N(c3ccccc3)C2)s1)c1ccccc1
decoy_2659,0.437763,0.5026,0.678579,0.676274,0.478311,0.497679,O=C1CCCc2cc(Cc3cccnc3)ccc2N1
decoy_266,0.349799,0.380829,0.769853,0.691081,0.491157,0.466732,CC[C@H]1CC[C@@H](C(=O)[O-])[C@H]([N@@H+]2CCCC[C@@H]2C)C1
decoy_2660,0.448025,0.545229,0.814313,0.817676,0.592139,0.577202,O=C1CCCc2nc(Nc3ccccc3)nc(Nc3ccccc3)c21
decoy_2661,0.432888,0.48299,0.838637,0.807866,0.540704,0.506047,O=C1CCCc2[nH]c3cc(S(=O)(=O)Nc4ccccc4)ccc3c21
decoy_2662,0.506657,0.433163,0.765232,0.633971,0.535498,0.46897,O=C1C=C/C(=C/c2cnn(-c3ccccc3)c2)C(=O)N1
decoy_2663,0.488581,0.516428,0.766363,0.724698,0.514794,0.501173,O=C1C=C(c2coc3ccccc3c2=O)C=CC1
decoy_2664,0.361469,0.467545,0.791067,0.844626,0.492213,0.522802,O=C(Nc1ccccc1)N(CCCNC1=CCCC(O)=C1)C1CCCCC1
decoy_2665,0.460369,0.514285,0.790878,0.731859,0.53548,0.518316,O=C1C=CC(=CNNc2cccc3cccnc23)C=C1
decoy_2666,0.354233,0.429969,0.786681,0.790719,0.492171,0.506096,O=C1CC[C@@H](C(=O)Nc2ccccc2)[C@@H](c2ccccc2)[C@H]1C(=O)Nc1ccccc1
decoy_2667,0.443829,0.567859,0.765367,0.806742,0.493704,0.517768,O=C1CC[C@@H](C(=O)N(Cc2ccccc2)c2ccccc2)N1
decoy_2668,0.413967,0.542303,0.792156,0.845095,0.491484,0.536456,O=C1CC[C@@H](C(=O)N(Cc2ccccc2)C2CCCCC2)N1
decoy_2669,0.427177,0.570137,0.77197,0.821908,0.496568,0.531491,O=C1CC[C@@H](C(=O)N(Cc2ccccc2)Cc2ccco2)N1
decoy_267,0.418846,0.438649,0.860279,0.787528,0.528567,0.498604,C[C@@H]1CCCC[C@H]1[N@H+](C)[C@@H]1CCCC[C@@H]1C(=O)[O-]
decoy_2670,0.395586,0.458701,0.646849,0.638762,0.47056,0.465327,O=c1cc(CNc2ccccc2)c2ccccc2o1
decoy_2671,0.394596,0.498574,0.760814,0.835986,0.498707,0.511224,O=c1cc(C[NH2+]Cc2cccc3c2OCCCO3)nc[nH]1
decoy_2672,0.385413,0.468427,0.76496,0.81226,0.563577,0.575796,O=c1cc(C[NH2+]Cc2ccccc2)c2ccccc2o1
decoy_2673,0.322518,0.340525,0.759537,0.686225,0.442446,0.423169,O=C(C1=CC(=O)N(CCCn2cc[nH+]c2)[C@@H]1c1ccccc1)c1ccccc1
decoy_2674,0.324311,0.443214,0.725636,0.80102,0.438378,0.498973,O=C(C1=CC(=O)N(CCCn2cc[nH+]c2)[C@@H]1c1ccccc1)c1cncs1
decoy_2675,0.434462,0.477826,0.753458,0.704568,0.537414,0.52215,O=C1C=CC(=O)c2nc(-c3cc(-c4ccccc4)ccn3)ccc21
decoy_2676,0.429174,0.618741,0.75947,0.858583,0.55515,0.640235,O=C1C[C@@H](C(=O)Nc2ccccc2)c2ccccc2N1
decoy_2677,0.377917,0.472551,0.869085,0.875079,0.525186,0.512422,O=C(NC1CCCC1)c1ccccc1NC(=O)[C@H]1CC(=O)N(c2ccccc2)C1
decoy_2678,0.402139,0.422473,0.939442,0.865415,0.568895,0.524552,O=C(NC1CCCCC1)c1ccccc1NC(=O)[C@H]1CC(=O)N(c2ccccc2)C1
decoy_2679,0.327381,0.445507,0.692111,0.743282,0.466081,0.51424,O=C1C[C@@H](C(=O)Nc2ccccc2)S/C(=N/N=C/c2ccccc2)N1
decoy_268,0.441829,0.524412,0.634807,0.711134,0.496958,0.553185,CCC[C@@H](C)C[C@H](O)c1ccc(F)c(Cl)c1
decoy_2680,0.308807,0.398381,0.787958,0.90659,0.525684,0.610769,O=C(Nc1cccc(C[NH+]2CCCC2)c1)[C@H]1CC(=O)N(c2ccc3c(c2)CCC3)C1
decoy_2681,0.365,0.401048,0.814657,0.764521,0.502539,0.470262,O=C(NC1CC1)c1cccc(NC(=O)[C@H]2CC(=O)N(c3ccccc3)C2)c1
decoy_2682,0.363991,0.434999,0.804473,0.789233,0.523913,0.500846,O=C(N[C@H]1Nc2ccccc2S1)[C@@H]1CC(=O)N(CCC2=c3ccccc3=NC2)C1
decoy_2683,0.388281,0.483012,0.786461,0.822856,0.581246,0.569616,O=c1cc(CS/C=[NH+]/C2CCCC2)c2ccccc2o1
decoy_2684,0.390182,0.626792,0.735382,0.901486,0.498566,0.656922,O=c1c(/C=N/c2ccccn2)cn(-c2ccccc2)c2ccccc12
decoy_2685,0.45466,0.555996,0.749555,0.757261,0.518182,0.531427,O=c1cc(NCc2ccc3c(c2)OCC3)cn[nH]1
decoy_2686,0.400848,0.450971,0.826695,0.775503,0.56847,0.50144,O=c1ccnc(-c2ccc(C[NH+]3CCCCC3)cc2)[nH]1
decoy_2687,0.445125,0.594032,0.716825,0.751698,0.485949,0.580171,O=c1ccnc(Sc2cccc(OCC3CC3)n2)[nH]1
decoy_2688,0.473174,0.43137,0.736366,0.644993,0.4979,0.445646,O=c1ccoc2c1OC=C[C@H]2c1ccccc1
decoy_2689,0.456971,0.479616,0.825053,0.779394,0.575835,0.531561,O=c1ccoc([C@@H](Nc2cccc[nH+]2)c2ccccc2)c1
decoy_269,0.466117,0.447259,0.699203,0.638383,0.507174,0.475934,CNc1sc2c(c1C#N)CCCCC2
decoy_2690,0.477839,0.572553,0.781285,0.772326,0.52168,0.551103,O=c1ccoc(CSc2n[nH]c(-c3ccccc3)n2)c1
decoy_2691,0.350375,0.435135,0.838152,0.840477,0.492396,0.512208,O=C1C[NH2+]C2(CCN(C(=S)Nc3ccccc3)CC2)N1Cc1ccccc1
decoy_2692,0.386987,0.485869,0.74719,0.852719,0.53752,0.627258,O=C1C[N@@H+](CCc2nc3ccccc3c(=O)[nH]2)CCN1
decoy_2693,0.41374,0.473209,0.797017,0.779061,0.542861,0.529381,O=C1CN(CC(=O)Nc2cc3c(s2)CCCC3)CCN1
decoy_2694,0.411835,0.539159,0.825138,0.864091,0.524985,0.531418,O=C1CN(CC(=O)NC(c2ccccc2)c2ccccc2)CCN1
decoy_2695,0.453623,0.576594,0.698108,0.749532,0.502065,0.563507,O=C1COc2ccc(Cc3ccccc3)cc2N1
decoy_2696,0.414773,0.465462,0.723914,0.702455,0.495463,0.492818,O=C1COc2ccc(C(=O)CSc3ncccn3)cc2N1
decoy_2697,0.486294,0.561159,0.793702,0.783146,0.545656,0.554216,O=C1COc2ccc(NCC3CC3)cc2N1
decoy_2698,0.472144,0.569198,0.793488,0.798451,0.558795,0.6044,O=C1COc2ccc(NC[C@H]3CCCCO3)cc2N1
decoy_2699,0.43916,0.513796,0.745319,0.728599,0.520747,0.52405,O=C1COc2ccc(NC[C@H]3CCCO3)cc2N1
decoy_27,0.272351,0.307761,0.72231,0.789817,0.550277,0.527205,CC[C@@H]1CCCC[C@@H]1C
decoy_270,0.479446,0.395202,0.859717,0.799126,0.584167,0.466402,N#Cc1cc(N=C=O)ccc1F
decoy_2700,0.396725,0.517076,0.735049,0.762822,0.496864,0.558119,O=C1COc2ccc(S(=O)(=O)Nc3ccccc3)cc2N1
decoy_2701,0.450827,0.500744,0.739983,0.705794,0.520178,0.497973,O=C1COc2cc(NCCc3ccco3)ccc2N1
decoy_2702,0.403103,0.535988,0.737836,0.807783,0.516133,0.546372,O=C1COc2cc(S(=O)(=O)Nc3ccccc3)ccc2N1
decoy_2703,0.435223,0.56656,0.798738,0.848621,0.538139,0.552266,O=C(NCc1ccccc1)C1=C2SCC(=O)N2C=C[C@H]1c1ccccc1
decoy_2705,0.492584,0.533377,0.732059,0.685911,0.562257,0.514184,O=C1N=c2ccccc2=C2OC=C[C@@H](c3ccccc3)[C@H]12
decoy_2706,0.373398,0.472645,0.686714,0.710756,0.473985,0.500839,O=C1N=c2ccccc2=C(c2ccccc2)[C@@H]1Sc1nccc(=O)[nH]1
decoy_2707,0.336107,0.512228,0.675108,0.83614,0.471014,0.586545,O=C1C([N-]c2ccccc2)=C[C@@H](c2ccccc2)N1c1ccccc1
decoy_2708,0.477199,0.643938,0.771663,0.828236,0.516565,0.623797,O=C1c2ccccc2N[C@H](c2ccccc2)N1c1ccccc1
decoy_2709,0.4984,0.523781,0.711456,0.683844,0.537071,0.514205,O=c1c2c3c(sc2ncn1-c1ccccc1)CCCC3
decoy_271,0.388032,0.401256,0.747409,0.746945,0.561634,0.504886,O=C=N[C@H]1CC[N@@H+]2CCCC[C@@H]12
decoy_2710,0.39854,0.552819,0.662812,0.756359,0.448492,0.533465,O=c1c2ccccc2nc(SCc2ccccc2)n1-c1ccccc1
decoy_2711,0.390046,0.452656,0.73665,0.769338,0.50358,0.501453,O=C1N[C@]2(CC[N@@H+](Cc3ccccc3)CC2)Nc2ccccc21
decoy_2712,0.397563,0.490265,0.787996,0.801054,0.533934,0.513029,O=c1[nH]c2c(cnn2-c2ccccc2)cc1C[NH2+]Cc1cccs1
decoy_2713,0.421773,0.481785,0.848403,0.799992,0.544293,0.530485,O=C1/C(=C/NCCC2=c3ccccc3=NC2)C=NN1[C@@H]1Nc2ccccc2S1
decoy_2714,0.319962,0.393864,0.671899,0.693029,0.439707,0.452007,O=C1N(Cc2ccccc2)c2ccccc2[C@]12C=COC1=NN=C(c3ccccc3)[C@H]12
decoy_2715,0.394061,0.504262,0.788707,0.80382,0.465271,0.505878,O=C1/C(=N\NC(=S)Nc2ccccc2)c2ccccc2N1Cc1ccccc1
decoy_2716,0.419032,0.543116,0.732776,0.736137,0.477126,0.570428,O=C1NC2=C(C(=O)CCC2)[C@H](c2ccccc2)N1
decoy_2717,0.429887,0.613012,0.688481,0.795809,0.528004,0.634805,O=C1N[C@H](c2ccccc2)C2=C(c3ccccc3)N=N[C@H]12
decoy_2718,0.417917,0.569076,0.750084,0.822852,0.477144,0.539935,O=C1c2oc3ccccc3c(=O)c2[C@@H](c2ccccc2)N1Cc1ccccc1
decoy_2719,0.409171,0.485297,0.822017,0.862268,0.577391,0.605114,O=C1NC(C[NH+]2CCCC2)=C[C@@H](c2ccccc2)N1
decoy_272,0.404595,0.445177,0.782023,0.741662,0.544056,0.513757,C[C@H](C#N)CN1CCC[N@@H+]2CCC[C@@H]2C1
decoy_2720,0.400952,0.473783,0.828695,0.871033,0.56638,0.597811,O=C1NC(C[NH+]2CCCCC2)=C[C@@H](c2ccccc2)N1
decoy_2721,0.411524,0.470815,0.86266,0.879456,0.602615,0.582938,O=C1NC(C[NH+]2CCCCCC2)=C[C@@H](c2ccccc2)N1
decoy_2722,0.437499,0.526761,0.764626,0.769794,0.511528,0.517681,O=C1NC(CN2CCSCC2)=C[C@@H](c2ccccc2)N1
decoy_2723,0.41323,0.514379,0.745429,0.748185,0.478706,0.527464,O=C1NC(COC(=O)c2ccccc2)=C[C@@H](c2ccccc2)N1
decoy_2724,0.396014,0.490726,0.733804,0.756877,0.471396,0.495963,O=C1NC(COC(=O)/C=C/c2ccccc2)=C[C@@H](c2ccccc2)N1
decoy_2725,0.391951,0.496437,0.664482,0.696881,0.44084,0.491272,O=C1NC(CSc2ccccc2)=C[C@@H](c2ccccc2)N1
decoy_2726,0.396386,0.455367,0.715133,0.706425,0.490657,0.474538,O=C1N[C@H](c2ccccc2)C=C(CSc2ncccn2)N1C1CC1
decoy_2727,0.422711,0.531076,0.722549,0.737405,0.513737,0.521237,O=C1NC(CSc2nncs2)=C[C@@H](c2ccccc2)N1
decoy_2728,0.423289,0.511419,0.78646,0.781125,0.508066,0.51712,O=C1NC(CS(=O)(=O)c2ccccc2)=C[C@@H](c2ccccc2)N1
decoy_2729,0.432753,0.508265,0.784615,0.753235,0.505819,0.522009,O=C1NC(CS(=O)(=O)c2cccs2)=C[C@@H](c2ccccc2)N1
decoy_273,0.387484,0.428052,0.862241,0.820177,0.546094,0.529589,CCC[C@H]1CC[C@H](C#N)[C@H](N2CCC[N@@H+]3CCC[C@@H]3C2)C1
decoy_2730,0.454681,0.635223,0.726085,0.820737,0.501104,0.620394,O=C1C=C(/C=N/c2ccccc2)[C@@H](c2ccccc2)N1
decoy_2731,0.430153,0.614365,0.720975,0.798738,0.500215,0.598775,O=C1C=C(C(=O)c2ccccc2)[C@@H](c2ccccc2)N1
decoy_2732,0.398177,0.610057,0.694943,0.82172,0.479314,0.600511,O=C1C=C(C(=O)c2cccs2)[C@@H](c2ccccc2)N1
decoy_2733,0.442854,0.602163,0.751127,0.821871,0.514216,0.56491,O=C1C=C(C(=O)[C@@H]2C=CN=C2)[C@@H](c2ccccc2)N1
decoy_2734,0.468241,0.571835,0.769684,0.77317,0.507824,0.533345,O=C1C=C(C(=O)c2cncs2)[C@@H](c2ccccc2)N1
decoy_2735,0.428844,0.547141,0.743187,0.755563,0.497559,0.551775,O=C1NC(COC(=O)c2ccccc2)=C[C@@H](c2ccco2)N1
decoy_2736,0.46859,0.525347,0.753918,0.705583,0.519377,0.513283,O=C1N[C@@H](c2ccc3c(c2)OCC3)Nc2ccccc21
decoy_2737,0.36633,0.44201,0.850639,0.846979,0.560619,0.536394,O=C1N[C@@H]([C@H]2CC[N@H+](Cc3ccccc3)CC2)C(=O)N1CCc1cncs1
decoy_2738,0.391766,0.407105,0.7302,0.64314,0.478656,0.467294,O=c1nc2ncn(CCCOc3ccccc3)c2c[nH]1
decoy_2739,0.52227,0.559769,0.809326,0.768829,0.556029,0.551981,O=c1c2c3c(sc2ncn1CCc1ccccc1)CCCC3
decoy_274,0.49142,0.461136,0.750516,0.654641,0.522468,0.49141,CC(C)[C@@H](c1ccc([N+](=O)[O-])c2cnccc12)[C@@H](C)Cl
decoy_2741,0.438407,0.542902,0.759343,0.788571,0.517838,0.572356,O=C1N[C@@H](/C=C/C2=c3ccccc3=NC2)Nc2ccccc21
decoy_2742,0.416371,0.491473,0.675486,0.71012,0.447709,0.483883,O=C1NC=C[C@@H](c2ccc(-c3cccs3)s2)N1
decoy_2743,0.456951,0.529617,0.795248,0.749609,0.533356,0.525321,O=C1NCC=C(CN2CCC[C@H]2C2=NC=CC2)N1
decoy_2744,0.444284,0.508054,0.795365,0.771664,0.519883,0.510921,O=C1NCC=C(CN(CC2CCCCC2)C2CC2)N1
decoy_2745,0.458685,0.609726,0.762471,0.788961,0.500749,0.605587,O=C1NC=C(C(=O)c2ccccc2)[C@H](c2ccccc2)N1
decoy_2746,0.418207,0.524414,0.710574,0.732355,0.463622,0.510287,O=C1NC[C@@H](C(=O)c2ccccc2)[C@@H](c2ccccc2)N1
decoy_2747,0.455505,0.58237,0.749408,0.746672,0.491183,0.565571,O=C1NC[C@H](C(=O)c2cccs2)[C@H](c2ccccc2)N1
decoy_2748,0.481983,0.543436,0.830995,0.778822,0.523615,0.538082,O=C1NC=C(C(=O)OC2CCCC2)[C@H](c2ccccc2)N1
decoy_2749,0.442633,0.556874,0.784422,0.790493,0.499361,0.553434,O=C1NC=C(C(=O)OCc2ccccc2)[C@H](c2ccccc2)N1
decoy_275,0.399067,0.441966,0.802151,0.77123,0.506791,0.478438,CC[C@@H]1CC[C@@H](C(=O)[O-])[C@H]([N@@H+]2CCCC2(C)C)C1
decoy_2750,0.388796,0.510996,0.720654,0.757744,0.465993,0.532355,O=C1NC=C(C(=O)OC[C@H]2CCCO2)[C@H](c2ccccc2)N1
decoy_2751,0.409885,0.519353,0.819309,0.861706,0.580258,0.562623,O=c1nc(CNCc2ccccc2)[nH]c2scc(-c3ccccc3)c12
decoy_2752,0.447119,0.485355,0.830735,0.784747,0.54937,0.53163,O=C1/C(=N\O[C@@H]2CCCCO2)c2ccccc2N1CCOc1ccccc1
decoy_2753,0.399601,0.458297,0.82443,0.798104,0.483325,0.488548,O=C1/C(=N\NC(=S)Nc2ccccc2)c2ccccc2N1CN1CCCCC1
decoy_2754,0.386641,0.478699,0.69183,0.733733,0.501052,0.534985,O=C1N=CN=C2S[C@H]3CCCCC3=C12
decoy_2755,0.460553,0.517864,0.743361,0.703836,0.503428,0.492679,O=c1nc(NC(c2ccccc2)c2ccccc2)cn[nH]1
decoy_2756,0.288697,0.365778,0.513443,0.570926,0.382373,0.450709,O=c1[nH]c2ccc(Cc3ccccc3)cc2[nH]1
decoy_2757,0.295633,0.377418,0.509895,0.576204,0.383767,0.451368,O=c1[nH]c2ccc(Cc3ccccc3)cc2o1
decoy_2758,0.4453,0.472783,0.766538,0.725227,0.503967,0.474018,O=c1[nH]c2ccc(Cc3ccco3)cc2[nH]1
decoy_2759,0.311017,0.386891,0.555954,0.605965,0.393285,0.46542,O=c1[nH]c2ccc(Cc3cccs3)cc2o1
decoy_276,0.49998,0.529895,0.730334,0.718769,0.539218,0.521472,CC(C)c1ccc(C2(O)CCOCC2)cc1
decoy_2760,0.430753,0.441146,0.717299,0.663608,0.498206,0.470729,O=c1[nH]c2ccc(C[C@H]3CCOC3)cc2[nH]1
decoy_2761,0.34909,0.389794,0.571889,0.589218,0.428855,0.451247,O=c1[nH]c2ccc(CCCC3CCCCC3)cc2[nH]1
decoy_2762,0.35823,0.426318,0.698012,0.679092,0.461972,0.470219,O=c1[nH]c2ccc(S(=O)(=O)NCC3CCCCC3)cc2o1
decoy_2763,0.419031,0.484076,0.774071,0.755336,0.511578,0.527739,O=c1[nH]c2nc(Cc3ccccc3)[nH]c2c(=O)n1Cc1ccccc1
decoy_2764,0.474409,0.461627,0.841767,0.765034,0.524486,0.480381,O=c1[nH]c(-c2ccc3ncoc3c2)cs1
decoy_2765,0.463281,0.519,0.716591,0.685383,0.527804,0.505542,O=c1[nH]c(Cc2ccccc2)nc2sc3c(c12)CCC3
decoy_2766,0.449306,0.482316,0.729916,0.705204,0.503377,0.490732,O=c1[nH]ccc2c1[C@H](c1ccccc1)C=CO2
decoy_2767,0.421742,0.514068,0.737029,0.771051,0.490343,0.508842,O=c1[nH]ccc2c1[C@H](c1ccco1)C=CO2
decoy_2769,0.362181,0.464085,0.756327,0.852428,0.512177,0.582337,O=c1[nH]c(C[N@H+]2CC[C@H](c3cc[nH]n3)CC2)nc2ccccc12
decoy_277,0.40106,0.435755,0.634654,0.758177,0.52598,0.553229,CC(C)(C)c1ccc(C(F)(F)C(F)(F)F)cc1
decoy_2770,0.317812,0.338485,0.815769,0.75183,0.525954,0.477766,O=c1[nH]c(CN2CC[NH+](CC3CCCCC3)CC2)nc2ccccc12
decoy_2771,0.390456,0.485913,0.72363,0.83096,0.522689,0.585137,O=c1[nH]c(C[NH2+]C2CC2)nc2scc(-c3ccccc3)c12
decoy_2772,0.394368,0.457718,0.803197,0.784815,0.571482,0.521647,O=c1[nH]c(C[NH2+][C@H]2CCCc3ccccc32)nc2sccc12
decoy_2773,0.361609,0.417854,0.787117,0.828038,0.538687,0.510925,O=c1[nH]c(C[NH2+]C2CCCCC2)nc2scc(-c3ccccc3)c12
decoy_2774,0.344405,0.388692,0.777852,0.73555,0.471829,0.455445,O=c1[nH]c(C[NH2+]C(c2ccccc2)c2ccccc2)nc2ccccc12
decoy_2775,0.40235,0.427052,0.74554,0.736829,0.486244,0.468209,O=c1[nH]c(C[NH2+]Cc2ccccc2)nc2sc3c(c12)CCCC3
decoy_2776,0.374111,0.469962,0.7178,0.819423,0.50083,0.622913,O=c1[nH]c(C[NH2+]Cc2ccco2)nc2sc3c(c12)CCCC3
decoy_2777,0.361051,0.484988,0.733275,0.861986,0.532991,0.670864,O=c1[nH]c(C[NH2+]Cc2ccco2)nc2scc(-c3ccccc3)c12
decoy_2779,0.362854,0.475686,0.719115,0.787372,0.464901,0.532961,O=c1[nH]c(C[NH2+]CCCc2ccccc2)nc2sc3c(c12)CCC3
decoy_278,0.432808,0.475644,0.809106,0.765916,0.515055,0.507868,Cc1ccc(C2=C[C@H](C(=O)N(C)C3CCCCC3)N=N2)cc1C
decoy_2780,0.326191,0.39551,0.737566,0.765049,0.457152,0.471808,O=c1[nH]c(C[NH2+]CCCc2ccccc2)nc2scc(-c3ccccc3)c12
decoy_2781,0.33963,0.438578,0.767191,0.865844,0.504228,0.541527,O=c1[nH]c(C[NH2+]CCCOc2ccccc2)nc2sc3c(c12)CCCC3
decoy_2782,0.327713,0.384866,0.692507,0.709025,0.430213,0.451746,O=c1[nH]c(C[NH2+]CCCOc2ccccc2)nc2scc(-c3ccccc3)c12
decoy_2783,0.358341,0.434992,0.770972,0.874341,0.520433,0.678898,O=c1[nH]c(C[NH2+]CCCOCc2ccccc2)nc2sc3c(c12)CCC3
decoy_2784,0.315422,0.344172,0.654943,0.660509,0.401595,0.399094,O=c1[nH]c(C[NH2+]CCCOCc2ccco2)nc2scc(-c3ccccc3)c12
decoy_2785,0.370362,0.440923,0.790593,0.846874,0.501539,0.50409,O=c1[nH]c(C[NH2+]CCN2CCOCC2)nc2sc3c(c12)CCCC3
decoy_2786,0.376436,0.51107,0.734839,0.774056,0.525387,0.556528,O=c1[nH]c(CSc2n[nH]c(-c3ccccc3)n2)nc2ccccc12
decoy_2787,0.358832,0.425481,0.820274,0.789965,0.51712,0.492,O=c1[nH]cnc2sc3c(c12)CC[C@H]([NH2+]CCC1=CCCCC1)C3
decoy_2788,0.392452,0.410562,0.77041,0.707679,0.507764,0.49197,O=c1[nH]c(=O)c2c3c(sc2[nH]1)CCC3
decoy_2789,0.369724,0.417079,0.729221,0.667949,0.469377,0.458886,O=c1[n-]c2ncnc(SCc3ccccc3)c2c(=O)[nH]1
decoy_279,0.3533,0.409194,0.717078,0.686813,0.536826,0.485429,[O-]c1ccc[nH+]c1-c1ccc(OC(F)(F)F)cc1
decoy_2790,0.457135,0.527768,0.76943,0.795561,0.50599,0.541821,O=C1NC(=O)/C(=C\c2cccc3ccccc23)N1
decoy_2791,0.451242,0.552086,0.739531,0.758601,0.515335,0.552147,O=c1[nH]c(SCc2ncncn2)nc2sc3c(c12)CCCC3
decoy_2792,0.438653,0.455075,0.688833,0.693876,0.505412,0.497059,O=c1oc2ccccc2c2c1CCCC2
decoy_2793,0.430483,0.460214,0.70632,0.766831,0.50523,0.492717,O=c1oc2ccccc2c2c1CC=CO2
decoy_2794,0.457192,0.450231,0.688843,0.709227,0.498121,0.489874,O=c1occc2c1[C@H](c1ccccc1)C=CO2
decoy_2795,0.435738,0.432297,0.70732,0.626913,0.518182,0.462294,O=C1O[C@H](Nc2cc3c(s2)CCCC3)c2ccccc21
decoy_2796,0.370741,0.431375,0.720049,0.725678,0.454769,0.483003,O=C1[C@H]2N=NC(c3ccccc3)=C2[C@@H](c2ccccc2)N1CCc1ccccc1
decoy_2797,0.324144,0.43494,0.740093,0.829871,0.461377,0.513668,O=C1[C@@H]2[C@H](C(=O)N1c1ccccc1)[C@H](c1ccccc1)[NH2+][C@@H]2Cc1ccccc1
decoy_2798,0.312188,0.353527,0.770918,0.741268,0.461179,0.438509,O=C1[C@@H]2[C@H](C(=O)N1C1CCCCC1)[C@H](c1ccccc1)[NH2+][C@@H]2Cc1ccccc1
decoy_2799,0.393861,0.490095,0.729055,0.738309,0.478901,0.510784,O=C1[C@H]2[C@H](ON[C@H]2c2ccc(-c3ccccc3)o2)C(=O)N1c1ccccc1
decoy_28,0.443471,0.511918,0.681757,0.675041,0.487427,0.500566,CCOc1ccc2c(c1)-c1c(ssc1=S)C(C)(C)N2
decoy_280,0.377117,0.461436,0.705084,0.751848,0.458048,0.498963,O=c1cc[nH]c(-c2c(F)cccc2F)c1
decoy_2800,0.456409,0.502914,0.796125,0.747992,0.537198,0.497849,O=C1[C@H]2[C@H](c3ccccc3)c3sc(=O)[nH]c3S[C@@H]2C(=O)N1c1ccccc1
decoy_2802,0.44687,0.5263,0.786576,0.781553,0.520862,0.522772,O=C1C[C@@H](c2ccccc2)C2=C(C[C@@H](c3ccccc3)CC2=O)N1
decoy_2803,0.368812,0.443257,0.750585,0.754802,0.494989,0.499627,Oc1c(C(c2ccccc2)c2cnn(-c3ccccc3)c2O)cnn1-c1ccccc1
decoy_2804,0.358402,0.398737,0.601719,0.58416,0.441669,0.440489,O=C1C[C@H](c2ccccc2)c2cnn(-c3ccccc3)c2N1
decoy_2805,0.459622,0.466532,0.835672,0.733748,0.538988,0.496543,O=C1C[C@@H](c2ccccc2)[C@@H]2C(=O)N=C(SCc3ccccc3)N=C2N1
decoy_2806,0.457645,0.500699,0.69741,0.670433,0.49664,0.503618,O=C1C[C@H](c2ccccc2)c2scc(-c3ccccc3)c2N1
decoy_2807,0.411825,0.439888,0.689713,0.634677,0.497149,0.488853,O=C1C[C@H](c2ccccc2)c2snc(-c3ccccc3)c2N1
decoy_2808,0.429987,0.568209,0.762712,0.853261,0.519703,0.588981,O=C1C[C@H](c2ccccc2OCc2ccccc2)c2cn[nH]c2N1
decoy_2809,0.434895,0.558528,0.725862,0.73674,0.530451,0.573675,O=C1C[C@H](c2ccco2)c2cnn(-c3ccccc3)c2N1
decoy_281,0.528798,0.535978,0.822596,0.742395,0.60914,0.57157,CC1(C)CN(C[C@@H]2CCCCO2)CCO1
decoy_2810,0.45069,0.566112,0.756758,0.811395,0.51142,0.573132,O=C1C[C@H](c2cccc(OCc3ccccc3)c2)c2scnc2N1
decoy_2811,0.451622,0.484036,0.740623,0.731271,0.516877,0.509726,O=C1C[C@H](c2ccc(OC3CCCC3)cc2)c2scnc2N1
decoy_2812,0.44375,0.601813,0.73016,0.801965,0.510391,0.579544,O=C1C[C@@H](c2nc3c(s2)CCCC3)c2ccccc2N1
decoy_2813,0.322832,0.347181,0.547466,0.557288,0.407524,0.416448,O=C1C=C2CC[C@@H]3[C@@H]4CCC[C@@H]4CC[C@H]3[C@@H]2CC1
decoy_2814,0.409997,0.45469,0.845075,0.842462,0.537469,0.536521,O=C1CCc2cc(S(=O)(=O)N[C@H](c3ccccc3)c3cccs3)ccc2N1
decoy_2815,0.429937,0.557749,0.733316,0.788116,0.505943,0.541553,O=C1CCc2c(Nc3sc4c(c3Oc3ccccc3)CCC4=O)csc21
decoy_2816,0.395374,0.524523,0.770504,0.831291,0.484589,0.52456,O=C1CC[C@@H](C(=O)N(Cc2ccco2)Cc2cccc3ccccc23)N1
decoy_2817,0.424916,0.525722,0.773238,0.801063,0.492866,0.504352,O=C1CC[C@@H](C(=O)N(Cc2ccc3c(c2)OCO3)c2ccccc2)N1
decoy_2818,0.400115,0.496329,0.876063,0.933675,0.57782,0.631817,O=c1cc(C[NH2+]C2CCCC2)nc(-c2csc3c2CCCC3)[nH]1
decoy_2819,0.417566,0.492855,0.715196,0.693961,0.505169,0.494829,O=c1cc(CSc2nc3ccccc3[nH]2)c2ccccc2o1
decoy_282,0.368314,0.320182,0.683419,0.683364,0.450447,0.408512,C[C@@H]1CCCC(F)(F)C1
decoy_2820,0.318077,0.385542,0.693446,0.701509,0.428738,0.455658,O=C1CN(Cc2ccc(-c3nc(C4CCC4)cc(=O)[nH]3)cc2)CCCN1
decoy_2821,0.389395,0.415968,0.779068,0.72843,0.509018,0.491672,O=C(/C=C/c1ccc2c(c1)OCC2)NCc1ccc2c(c1)NC(=O)CO2
decoy_2822,0.39361,0.404428,0.739515,0.653041,0.543711,0.474233,O=C1CS/C(=N/N=C/C2=c3ccccc3=N[C@@H]2c2ccccc2)N1
decoy_2823,0.300469,0.37351,0.615494,0.653334,0.412075,0.438822,O=C1c2[nH]nc(-c3ccccc3)c2[C@@H](c2ccccc2)N1[C@H]1CCS(=O)(=O)C1
decoy_2824,0.420958,0.569056,0.743431,0.809207,0.501542,0.596358,O=C1C=C(C(=O)c2ccccc2)[C@@]2(N1)C(=O)Nc1ccccc12
decoy_2825,0.270837,0.392645,0.672907,0.787923,0.368079,0.494728,O=c1[nH]c2c(cc1C[NH2+]C1CCCCC1)c(-c1ccccc1)nn2-c1ccccc1
decoy_2827,0.355703,0.39549,0.840761,0.779387,0.545267,0.504474,O=C1NC(C[N@H+]2CCC[C@@H]2c2ccccc2)=C[C@@H](c2ccccc2)N1
decoy_2828,0.376092,0.487783,0.683505,0.718958,0.452908,0.4898,O=C1NC(Cn2cnc3ccccc32)=C[C@@H](c2ccccc2)N1
decoy_2829,0.387023,0.431946,0.767271,0.734747,0.492832,0.469499,O=C1NC(CN2CC=C(c3ccccc3)CC2)=C[C@@H](c2ccccc2)N1
decoy_283,0.290043,0.324776,0.528851,0.528057,0.409056,0.399379,O[C@@H]1CN(c2ncc(Cl)cn2)CC[C@H]1c1ccc2ccccc2c1
decoy_2830,0.391386,0.448213,0.759402,0.751855,0.468188,0.488692,O=C1NC(CN2CCN(c3ccccc3)CC2)=C[C@@H](c2ccccc2)N1
decoy_2831,0.335321,0.390278,0.821722,0.808107,0.476372,0.478146,O=C1NC(CN2CC[NH+](Cc3ccccc3)CC2)=C[C@@H](c2ccccc2)N1
decoy_2832,0.380492,0.4195,0.801638,0.763298,0.491154,0.468745,O=C1NC(CN2CCN(C(=O)c3ccccc3)CC2)=C[C@@H](c2ccccc2)N1
decoy_2833,0.416148,0.427845,0.863175,0.759111,0.502106,0.471138,O=C1NC(COC(=O)c2ccccc2N2CCCC2)=C[C@@H](c2ccccc2)N1
decoy_2834,0.403302,0.48168,0.790289,0.770096,0.501045,0.516894,O=C1NC(CSc2nncn2-c2ccccc2)=C[C@@H](c2ccccc2)N1
decoy_2835,0.426198,0.539388,0.765206,0.77285,0.506973,0.547214,O=C1NC(CSc2nc3ccccc3o2)=C[C@@H](c2ccccc2)N1
decoy_2836,0.38877,0.570843,0.710833,0.802994,0.48209,0.569661,O=C1C=C(C(=O)c2cnc3ccccn23)[C@@H](c2ccccc2)N1
decoy_2837,0.411054,0.539343,0.689052,0.742235,0.461129,0.519068,O=C1C=C(C(=O)c2ccc3c(c2)CCO3)[C@@H](c2ccccc2)N1
decoy_2838,0.337341,0.461739,0.718653,0.781354,0.455265,0.518604,O=C1C=C(C(=O)c2cccc(OCc3ccccc3)c2)[C@@H](c2ccccc2)N1
decoy_2839,0.417576,0.623546,0.729744,0.847893,0.495962,0.59316,O=C1C=C(C(=O)c2cn3ccccc3n2)[C@@H](c2ccccc2)N1
decoy_284,0.389081,0.431362,0.761468,0.840655,0.494949,0.542434,c1cc2c(cc1C1CCCCC1)[C@H]1CCC[C@@H]3[NH2+]CCN2[C@@H]31
decoy_2840,0.3528,0.492047,0.701975,0.777606,0.462085,0.536702,O=C1C=C(C(=O)c2cnc(Sc3ccccc3)s2)[C@@H](c2ccccc2)N1
decoy_2841,0.279459,0.322631,0.719004,0.721931,0.4065,0.426876,O=c1c2c3c(sc2ncn1Cc1ccccc1)C[C@@H]([NH2+]CC1CCCCC1)CC3
decoy_2842,0.421382,0.559207,0.80635,0.874617,0.523464,0.614439,O=C1c2sccc2N[C@H](SCC2N=c3ccccc3=N2)N1Cc1ccccc1
decoy_2843,0.37792,0.480365,0.725513,0.77126,0.459053,0.520467,O=C1c2[nH]nc(-c3ccccc3)c2[C@@H](c2ccccc2)N1Cc1cccnc1
decoy_2844,0.392951,0.497357,0.715325,0.756411,0.461482,0.543148,O=C1c2[nH]nc(-c3ccccc3)c2[C@@H](c2ccccc2)N1Cc1ccco1
decoy_2845,0.419239,0.472438,0.780792,0.75627,0.490728,0.499788,O=C1NC(CN2CCN(c3ccccc3)CC2)=C[C@@H](c2cccs2)N1
decoy_2846,0.414164,0.480667,0.786163,0.784749,0.492122,0.507315,O=C1N[C@H](c2ccc(OCc3ccccc3)cc2)c2c(-c3ccccc3)n[nH]c21
decoy_2847,0.402001,0.498103,0.752896,0.793587,0.478951,0.500191,O=C1C=C(C(=O)c2cccs2)[C@@H](c2ccc(OCc3ccccc3)cc2)N1
decoy_2849,0.412881,0.553579,0.729956,0.764526,0.470701,0.556542,O=C1NC=C[C@@H](c2cn(-c3ccccc3)nc2-c2ccccc2)N1
decoy_285,0.428542,0.443023,0.686907,0.640088,0.536312,0.51253,C[C@@H]1CC=CC[C@H]1COc1cc(C#N)c2ccccc2n1
decoy_2850,0.377297,0.44906,0.742823,0.752957,0.469285,0.480982,O=C1NCC=C(CSc2nnc(-c3ccccc3)n2-c2ccccc2)N1
decoy_2851,0.432371,0.48263,0.796416,0.75667,0.495949,0.489291,O=C1NC[C@@H](C(=O)c2ccccc2)[C@@H](c2ccc(-c3ccccc3)o2)N1
decoy_2852,0.419956,0.515726,0.861539,0.878468,0.559125,0.574407,O=C1NCCN(Cc2c[nH]nc2-c2cc3ccccc3o2)[C@H]1Cc1ccccc1
decoy_2853,0.387067,0.437644,0.840646,0.83445,0.569472,0.529736,O=C1NC(=O)[C@H]2[C@@H]1[C@@H](CC1CCCCC1)[NH2+][C@H]2c1ccccc1
decoy_2854,0.377731,0.469893,0.805316,0.812307,0.502573,0.505443,O=C1NC(=O)[C@H]2[C@@H]1[C@H](COCc1ccccc1)[NH2+][C@H]2c1ccccc1
decoy_2855,0.361175,0.426465,0.870087,0.864435,0.555051,0.517344,O=C1NC(=O)[C@](CCc2ccccc2)([C@H]2CC[N@H+](Cc3ccccc3)CC2)N1
decoy_2856,0.360181,0.423764,0.898446,0.913857,0.554647,0.548377,O=C1NC(=O)[C@](CCCc2ccccc2)([C@H]2CC[N@H+](Cc3ccccc3)CC2)N1
decoy_2857,0.408449,0.492959,0.644924,0.664144,0.483168,0.51435,O=c1[nH]c2ccccc2c2c1[C@H](c1ccccc1)C=CO2
decoy_2858,0.285454,0.415753,0.671768,0.788594,0.380662,0.510416,O=c1[nH]c2c(cc1C[NH2+]C1CCCC1)c(-c1ccccc1)nn2-c1ccccc1
decoy_2859,0.351289,0.482402,0.733498,0.790522,0.447998,0.567753,O=c1[nH]c2c(cc1CNc1ccccc1)c(-c1ccccc1)nn2-c1ccccc1
decoy_286,0.545254,0.483833,0.721531,0.702158,0.571503,0.487889,Cc1sc2nc(CC(C)(C)C)nc(Cl)c2c1C
decoy_2861,0.372124,0.439957,0.832212,0.804613,0.53128,0.522968,O=c1[nH]cc([C@H](c2ccccc2)[NH+]2CCN(c3ccccc3)CC2)c(=O)[nH]1
decoy_2862,0.33218,0.399662,0.661081,0.699944,0.422493,0.448573,O=c1[nH]c(C[NH2+]Cc2ccc3c(c2)OCC3)nc2scc(-c3cccs3)c12
decoy_2863,0.452558,0.467315,0.840464,0.775702,0.538018,0.497293,O=C(O[C@@H]1[C@@H]2CCC=C(CC(=O)[C@H]3CC[C@H]4OC[C@H]4[C@@H]13)C2)c1ccccc1
decoy_2864,0.357035,0.510997,0.665592,0.835057,0.475737,0.597813,[O-]C1=C2C=NN(C3N=c4ccccc4=N3)[C@H]2C[C@@H](c2ccccc2)C1
decoy_2865,0.319466,0.367073,0.775679,0.746778,0.474179,0.458377,O=C1NC(=O)[C@H]2[C@@H]1[C@H](c1ccccc1)[NH2+][C@H]2c1ccccc1OCc1ccccc1
decoy_2866,0.331351,0.368038,0.838324,0.777966,0.519669,0.473131,O=c1[nH]c2ccc(N3CC[NH+](CCC(c4ccccc4)c4ccccc4)CC3)cc2[nH]1
decoy_2867,0.459898,0.588474,0.787873,0.831842,0.541835,0.579354,O=C(C1CC1)N(Cc1conc1-c1ccccc1)CC1CC1
decoy_2868,0.537473,0.459776,0.776814,0.630527,0.567339,0.481398,O=C(C1CCCC1)N1CCCCC1
decoy_2869,0.400631,0.466171,0.730111,0.79647,0.554322,0.621753,O=C(C1CCCC1)N1CC[NH2+]CC1
decoy_287,0.379633,0.375326,0.757531,0.67197,0.491061,0.442189,Cn1c(-c2cc(Cl)cc(Cl)c2)[nH+]c2cc(C(=O)[O-])ccc21
decoy_2870,0.450982,0.474995,0.700604,0.785691,0.501756,0.477521,O=C(c1ccccc1)c1ccccc1
decoy_2871,0.412316,0.505006,0.709414,0.79892,0.488932,0.542846,O=C(c1ccccc1)c1cncnc1
decoy_2872,0.465482,0.616556,0.699773,0.758574,0.52582,0.558029,O=C(c1ccccc1)c1ccc(Nc2ccccc2)s1
decoy_2873,0.32988,0.521019,0.690071,0.85407,0.429779,0.540429,O=C(c1ccccc1)c1cc(S(=O)(=O)c2ccccc2)c(Nc2ccccc2)s1
decoy_2874,0.486408,0.459174,0.731708,0.624446,0.533712,0.504279,O=C(C1CCCCC1)N1CCCCC1
decoy_2875,0.377855,0.464214,0.833079,0.887749,0.575045,0.685473,O=C(C1CCCCC1)N1CCC2(CC[NH2+]CC2)C1
decoy_2876,0.311483,0.350448,0.58741,0.628499,0.406247,0.421622,O=C([C@H]1CC[NH2+]C1)N1CCCC1
decoy_2877,0.288794,0.314509,0.531432,0.566618,0.397494,0.39019,O=C([C@H]1CC[NH2+]C1)N1CCCCC1
decoy_2879,0.290157,0.336532,0.552311,0.596977,0.399527,0.412432,O=C(C1CC[NH2+]CC1)N1CCCC1
decoy_288,0.437908,0.527041,0.666191,0.674797,0.483423,0.518586,CCc1ccc([C@@H](O)c2cccc3cnccc23)o1
decoy_2880,0.419433,0.537257,0.736575,0.737575,0.4612,0.50486,O=C(c1cccs1)[C@@H]1CNC(=S)N[C@@H]1c1ccccc1
decoy_2881,0.494359,0.533534,0.79532,0.779001,0.537661,0.56228,O=C(C1=C(c2ccccc2)OC=C[C@H]1c1ccccc1)c1ccccc1
decoy_2882,0.468541,0.50853,0.753472,0.721974,0.520577,0.501923,O=C(CC1CC1)Nc1ccccc1
decoy_2883,0.459345,0.457946,0.760626,0.670501,0.566234,0.470797,O=C(CC1CC1)NCc1cccs1
decoy_2884,0.478003,0.499255,0.750406,0.676505,0.541445,0.501004,O=C(C[C@H]1C[C@@H]2CC[C@H]1C2)Nc1ccccc1
decoy_2885,0.429355,0.562738,0.750011,0.810103,0.525814,0.573331,O=C(C[C@H]1C[C@@H]2CC[C@H]1C2)OCc1csc(-c2ccccc2)n1
decoy_2886,0.495938,0.526143,0.76006,0.699255,0.539482,0.522248,O=C(C[C@@H]1C=CCC1)Nc1ccccc1
decoy_2887,0.395893,0.436058,0.764242,0.734316,0.494605,0.502397,O=C(CC1CCCC1)NC1CC[NH2+]CC1
decoy_2888,0.323927,0.439781,0.76971,0.897356,0.497832,0.605646,O=C(CC1CCCC1)N[C@H]1CC[N@H+](CCCOc2ccccc2)CC1
decoy_2889,0.386113,0.481911,0.811655,0.832305,0.516541,0.519355,O=C(CC1CCCC1)NC1CCN(C(=O)c2ccccc2)CC1
decoy_289,0.454959,0.468382,0.70415,0.765439,0.563593,0.507796,CCC[C@@H](C)[C@@H](O)C[C@@H]1CCCc2ccccc21
decoy_2890,0.388773,0.487233,0.859103,0.869282,0.519422,0.530754,O=C(CC1CCCC1)NC1CCN(C(=O)NCc2ccccc2)CC1
decoy_2891,0.389381,0.431067,0.907111,0.862049,0.547964,0.495992,O=C(CC1CCCC1)NC1CCN(C(=O)NCC2CCCCC2)CC1
decoy_2892,0.39954,0.485926,0.883243,0.900604,0.545625,0.540361,O=C(CC1CCCC1)NC1CCN(C(=O)NCc2cccnc2)CC1
decoy_2893,0.374174,0.462393,0.863898,0.881505,0.525828,0.530147,O=C(CC1CCCC1)NC1CCN(C(=O)NCCc2ccccc2)CC1
decoy_2894,0.32279,0.400081,0.827324,0.883943,0.493544,0.538615,O=C(CC1CCCC1)NC1CCN(C(=O)N[C@H]2CC[N@H+]3CCCC[C@H]23)CC1
decoy_2895,0.492306,0.507585,0.823233,0.743553,0.554209,0.526293,O=C(CC1CCCC1)NCC1CCCCC1
decoy_2896,0.274904,0.331394,0.513175,0.556905,0.391555,0.411238,O=C(CC1CCCC1)NCc1nnn[n-]1
decoy_2897,0.444315,0.523189,0.789062,0.781673,0.53948,0.525989,O=C(CC1CCCC1)NNC(=O)c1cc2c(s1)CCCC2
decoy_2898,0.396104,0.428156,0.874064,0.834668,0.516798,0.504466,O=C(C[C@H]1CCC[C@@H]2[C@@H]1CC[C@H]1O[C@H](COc3ccccc3)OC[C@@H]21)N1CCCC1
decoy_2899,0.397663,0.483931,0.818093,0.876579,0.521157,0.610636,O=C(Cc1ccccc1)N1CCC2(CC[NH2+]CC2)C1
decoy_29,0.379092,0.398349,0.590264,0.618152,0.455545,0.456585,CC[C@@H](O)/C=C/[C@H]1C(C)=CCCC1(C)C
decoy_290,0.502491,0.517932,0.760254,0.720646,0.569167,0.573462,FC(F)(F)[C@H]1CCC[C@H](Nc2ccc3c(c2)CCO3)C1
decoy_2900,0.324806,0.392798,0.826768,0.875929,0.470179,0.496099,O=C(NC1CCCCC1)[C@H]1CN(C(=O)Cc2ccccc2)CC12CC[NH2+]CC2
decoy_2901,0.307988,0.2977,0.855485,0.762056,0.467981,0.437362,O=C(NC1CCCCCC1)[C@H]1CN(C(=O)Cc2ccccc2)CC12CC[NH2+]CC2
decoy_2902,0.322679,0.396753,0.804103,0.857988,0.452927,0.489546,O=C(NCc1ccccc1)[C@H]1CN(C(=O)Cc2ccccc2)CC12CC[NH2+]CC2
decoy_2903,0.291232,0.388441,0.744849,0.845718,0.439884,0.490707,O=C(NCCc1ccccc1)[C@H]1CN(C(=O)Cc2ccccc2)CC12CC[NH2+]CC2
decoy_2904,0.485188,0.516332,0.742512,0.685657,0.559625,0.536226,O=C(Cc1ccccc1)NC1CCCCC1
decoy_2905,0.44954,0.439267,0.731884,0.633969,0.572615,0.469781,O=C(Cc1ccccc1)Nc1cc2c(s1)CCCC2
decoy_2906,0.319918,0.363029,0.59668,0.594724,0.415274,0.432855,O=C(Cc1ccccc1)Nc1cc2c(s1)C[NH2+]CC2
decoy_2907,0.397619,0.436995,0.922971,0.87794,0.561705,0.52261,O=C(CC1CCCCC1)NC1CCN(CC(=O)NC2CCCCC2)CC1
decoy_2908,0.371189,0.475032,0.862429,0.916134,0.536261,0.582713,O=C(CN1CCC(NC(=O)CC2CCCCC2)CC1)NCC1CCC1
decoy_2909,0.349464,0.363383,0.768646,0.684163,0.495951,0.455896,O=C(CC1CCCCC1)NC1CCN(C(=O)Nc2cccnc2)CC1
decoy_291,0.468586,0.569472,0.717099,0.750651,0.528575,0.56259,CCCn1nccc1-c1ccc2c(c1)CCCN2
decoy_2910,0.363458,0.449801,0.826737,0.82914,0.523425,0.509677,O=C(Cc1ccccc1)Nc1c(NCC2CCCCC2)c2ccccc2oc1=O
decoy_2911,0.480432,0.548504,0.764268,0.724817,0.554695,0.557224,O=C(Cc1ccccc1)NCc1ccccc1
decoy_2912,0.449534,0.472386,0.746567,0.669102,0.551959,0.489045,O=C(Cc1ccccc1)NCCc1ccccc1
decoy_2913,0.432619,0.507581,0.829365,0.825807,0.53729,0.530259,O=C(CC1CCCCC1)NCCCc1ccn(-c2ccccc2)n1
decoy_2914,0.406836,0.50327,0.791412,0.792957,0.560445,0.557579,O=C(Cc1ccccc1)NCS(=O)(=O)c1ccccc1
decoy_2915,0.427394,0.482673,0.751446,0.710523,0.509973,0.522397,O=C(CC1CCCCC1)NNC(=O)c1ccccc1
decoy_2916,0.241299,0.254758,0.530588,0.496793,0.375701,0.365104,O=C(CC1CCCCC1)NNC(=O)[C@@H]1Cc2ccccc2C(=O)O1
decoy_2917,0.42582,0.40675,0.816772,0.674989,0.532449,0.467735,O=C(CC1CCCCC1)NNS(=O)(=O)c1ccccc1
decoy_2918,0.458952,0.426417,0.746331,0.677498,0.524124,0.4764,O=C(Cc1ccccc1)Oc1ccc2c(c1)OC=C[C@H]2c1ccccc1
decoy_2919,0.441327,0.568976,0.746611,0.788907,0.494291,0.594501,O=C(Cc1ccccc1)OCC(=O)c1ccn(Cc2ccco2)c1
decoy_292,0.40523,0.466936,0.646232,0.734687,0.486612,0.525235,O=C(c1ccncn1)C1CCCC1
decoy_2920,0.470765,0.489244,0.79877,0.727071,0.53111,0.505924,O=C(CC1CCCCCC1)NC1CCCC1
decoy_2921,0.487964,0.465819,0.856379,0.740344,0.582766,0.501427,O=C(CC1CCCCCC1)NCCC1CCCC1
decoy_2922,0.379159,0.50452,0.782752,0.851197,0.533363,0.564958,O=C(C[C@H]1CCCCO1)NCC[C@@H](c1ccccc1)C1CC1
decoy_2923,0.378147,0.485906,0.691665,0.808923,0.535735,0.621095,O=C(C[C@H]1CCC[NH2+]1)Nc1ccccc1
decoy_2924,0.404228,0.533033,0.649346,0.823659,0.489411,0.609169,O=C(Cc1ccco1)c1ccccc1
decoy_2925,0.466876,0.49907,0.744317,0.680516,0.579314,0.503747,O=C(Cc1ccco1)NC1CCCCC1
decoy_2926,0.409212,0.569857,0.753841,0.831113,0.53767,0.579068,O=C(Cc1ccsc1)Nc1cn(Cc2ccccc2)c(=O)[nH]c1=O
decoy_2927,0.427533,0.435259,0.792265,0.71415,0.545735,0.523686,O=C(Cc1cnc2ccccn12)Nc1cc2c(s1)CCCC2
decoy_2928,0.459442,0.44231,0.764552,0.657971,0.539916,0.459239,O=C(Cc1coc2ccccc12)Nc1cccs1
decoy_2929,0.379845,0.474891,0.74263,0.817762,0.492303,0.58055,O=C(Cc1coc2ccccc12)NC1CC[NH2+]CC1
decoy_293,0.394622,0.436954,0.743948,0.72305,0.452982,0.490013,CC1(C)CCCN([C@@H]2CCCC[NH2+]C2)C1
decoy_2930,0.451243,0.532384,0.744267,0.73444,0.520413,0.513507,O=C(Cc1coc2ccccc12)NCc1ccccc1
decoy_2931,0.471032,0.46032,0.894133,0.789967,0.590252,0.515731,O=C(Cc1coc2ccccc12)NNC(=O)C[C@]12C[C@H]3C[C@H](C[C@H](C3)C1)C2
decoy_2932,0.403736,0.5461,0.674175,0.741829,0.501264,0.556694,O=C(Cc1coc2ccccc12)OCc1ncc2ccsc2n1
decoy_2933,0.448192,0.544548,0.714941,0.739224,0.526932,0.583336,O=C(C[C@@H]1C(=O)Nc2ccccc21)c1ccccc1
decoy_2934,0.412708,0.49656,0.737574,0.730997,0.522274,0.548856,O=C(Cc1cscn1)NCCC1=CCCCC1
decoy_2935,0.389223,0.526708,0.70687,0.769338,0.504701,0.566604,O=C(Cc1cscn1)N/N=C/c1ccccc1
decoy_2936,0.304236,0.411425,0.650517,0.710632,0.447172,0.478905,O=C(Cc1cscn1)N/N=C/c1ccc(OCc2ccccc2)cc1
decoy_2937,0.407712,0.449083,0.799224,0.730339,0.540013,0.485353,O=C(Cc1n[nH]c(=O)c2ccccc12)N[C@H](c1ccccc1)c1cccs1
decoy_2938,0.451059,0.507046,0.822709,0.791894,0.56136,0.555694,O=C(C[C@@H]1SC=NC1=O)Nc1cccs1
decoy_2939,0.447177,0.474818,0.785478,0.739901,0.514692,0.508557,O=C(C[C@@H]1c2ncsc2C[C@H]2CCCC[C@H]21)N1CCCCC1
decoy_294,0.349956,0.418739,0.563964,0.618539,0.466105,0.502472,CC(C)c1ccc([C@H]2C[C@@H](O)CCO2)cc1
decoy_2940,0.439389,0.527363,0.79739,0.811416,0.526828,0.540002,O=C(C[C@@H]1c2ncsc2C[C@H]2CCCC[C@H]21)N1CCOCC1
decoy_2941,0.391614,0.439365,0.883557,0.835271,0.526158,0.524882,O=C(CC1=c2ccccc2=NC1)NC1(C(=O)NC2CCCCC2)CCCCC1
decoy_2942,0.419968,0.459301,0.805106,0.750504,0.54075,0.529413,O=C(CC1=c2ccccc2=NC1)NC[C@H]1NNc2cccc[n+]21
decoy_2943,0.317189,0.420754,0.661835,0.728941,0.446971,0.473311,O=C(CC1=c2ccccc2=NC1)N/N=C/C1=CNN(Cc2ccccc2)C1
decoy_2944,0.276745,0.36513,0.718413,0.78877,0.386582,0.430512,O=C(CC1=c2ccccc2=N[C@H]1Sc1ccccc1)NCCN1CC[NH2+]CC1
decoy_2945,0.429043,0.584082,0.79491,0.843345,0.565573,0.592535,O=C(Cc1c(-c2ccccc2)nc2ccccn12)Nc1ccccc1
decoy_2946,0.411146,0.495357,0.787346,0.78923,0.534627,0.539362,O=C(C[C@H]1Cc2ccccc2OC1=O)NC1N=c2ccccc2=N1
decoy_2947,0.410865,0.511094,0.79811,0.82196,0.511792,0.55381,O=C(C[C@H]1Cc2ccccc2OC1=O)NCCC1=c2ccccc2=NC1
decoy_2948,0.482657,0.431005,0.840887,0.699624,0.534378,0.456642,O=C(C[C@H]1CC[C@H]2CCCC[C@@H]2C1)N1CCCCC1
decoy_2949,0.441445,0.451608,0.750839,0.700185,0.497428,0.512893,O=C(C[C@H]1CCC[C@H]2CCCC[C@H]21)N1CCCC1
decoy_295,0.37745,0.364461,0.566803,0.533159,0.490549,0.429859,C[C@H]1CC[C@]2(CC1)C[C@@H](O)CCO2
decoy_2950,0.454361,0.616855,0.749233,0.84232,0.533353,0.622767,O=C(Cc1ccc(-c2ccccc2)cc1)O[C@@H]1CCCCO1
decoy_2951,0.382358,0.482049,0.761306,0.788419,0.46423,0.50615,O=C(Cc1cccc(NCc2ccccc2)c1)NCc1ccccc1
decoy_2952,0.460659,0.457879,0.908347,0.815543,0.58615,0.525585,O=C(COC(=O)Cc1coc2cc3c(cc12)CCC3)Cc1nc2ccccc2[nH]1
decoy_2953,0.365338,0.401423,0.866858,0.806412,0.544492,0.495722,O=C(C[C@@H]1CS[C@H]2NC3=C(CCCC3)C(=O)N12)NCCC1=c2ccccc2=NC1
decoy_2954,0.394782,0.535966,0.75147,0.821138,0.507639,0.59831,O=C(Cc1csc(-c2nc[nH]n2)n1)NCCc1ccccc1
decoy_2955,0.481737,0.561275,0.794068,0.784389,0.545526,0.534163,O=C(Cc1csc(COc2ccccc2)n1)OCc1ccccc1
decoy_2956,0.376718,0.460179,0.823267,0.893983,0.521541,0.540198,O=C(C[C@H]1C(=O)NCC[N@@H+]1C1CCCC1)NCCc1ccccc1
decoy_2957,0.350996,0.440921,0.809621,0.84442,0.499402,0.519224,O=C(C[C@H]1C(=O)NCC[N@@H+]1C1CCCC1)NCCc1nccs1
decoy_2958,0.426706,0.49422,0.87124,0.85802,0.528879,0.538914,O=C(C[C@H]1C(=O)NCCN1Cc1ccccc1)NC1(c2ccccc2)CC1
decoy_2959,0.423934,0.516233,0.846106,0.854698,0.526555,0.547947,O=C(C[C@H]1C(=O)NCCN1Cc1ccccc1)NCc1ccccc1
decoy_296,0.387799,0.373678,0.578277,0.550229,0.49085,0.458686,C[C@]1(C2CCCC2)C[C@H](O)CCO1
decoy_2960,0.318798,0.41572,0.75177,0.82683,0.421216,0.499099,O=C(C[C@H]1C(=O)NCC[N@@H+]1C/C=C/c1ccccc1)NCCc1ccccc1
decoy_2961,0.327196,0.418271,0.821063,0.899263,0.541703,0.548012,O=C(C[C@@H]1Sc2ccccc2NC1=O)NC[C@@H](c1ccccc1)[NH+]1CCCC1
decoy_2962,0.313009,0.356745,0.799635,0.795935,0.514579,0.49573,O=C(C[C@@H]1Sc2ccccc2NC1=O)NC[C@H](c1cccs1)[NH+]1CCCCC1
decoy_2963,0.484127,0.579798,0.774807,0.764074,0.545767,0.550273,O=C(C[C@@H]1Sc2ccccc2NC1=O)OCc1ccsc1
decoy_2964,0.303537,0.306162,0.695892,0.598888,0.467482,0.393334,O=C(C[C@@H]1S/C(=N/N=C/c2ccccc2)NC1=O)Nc1cc2c(s1)CCCC2
decoy_2965,0.370794,0.401861,0.78335,0.74658,0.475946,0.46854,O=C(C[C@@H]1CC[C@H]2Cc3scnc3C[C@H]2C1)N1CC[NH2+]CC1
decoy_2966,0.462649,0.475556,0.806971,0.75502,0.517303,0.508593,O=C(C[C@@H]1CC[C@H]2Cc3scnc3C[C@H]2C1)N1CCOCC1
decoy_2967,0.46236,0.544045,0.804256,0.798151,0.512739,0.519555,O=C(C[C@@H]1CC[C@H]2Cc3scnc3C[C@H]2C1)NC1CC1
decoy_2968,0.264395,0.289602,0.716747,0.676029,0.391424,0.383067,O=C(CC1CCN(C(=O)[C@@H]2C=c3ccccc3=N2)CC1)NCC[NH+]1CCCCC1
decoy_2969,0.330167,0.360133,0.614975,0.592271,0.448453,0.430757,O=C(Cc1nc2sc3c(c2c(=O)[nH]1)CCCC3)Nc1ccccc1
decoy_297,0.393212,0.399416,0.606586,0.595332,0.464239,0.450653,O[C@H]1CCOC2(Cc3ccccc3C2)C1
decoy_2970,0.352701,0.493063,0.809447,0.89902,0.497641,0.573645,O=C(C[C@H]1C(=O)N[C@@H]2CCCC[C@H]2N1C(=O)c1ccccc1)Nc1ccccc1
decoy_2971,0.445036,0.510506,0.715799,0.692555,0.537183,0.516459,O=C(CC(C1CC1)C1CC1)NCc1ccsc1
decoy_2972,0.378201,0.389579,0.833106,0.744694,0.473777,0.477091,O=C(CCC1CCCC1)N1CCC2(CC[NH2+]CC2)C1
decoy_2973,0.489644,0.536012,0.803394,0.755781,0.568208,0.528134,O=C(CCC1CCCC1)NCc1ccccc1
decoy_2974,0.511815,0.539679,0.793362,0.72359,0.563831,0.522816,O=C(CCC1CCCC1)NCc1cccs1
decoy_2975,0.451564,0.509117,0.739398,0.728547,0.510369,0.511992,O=C(CCC1CCCC1)Oc1ccnn1-c1ccccc1
decoy_2976,0.514135,0.57017,0.704173,0.788477,0.515076,0.537372,O=C(CCc1ccccc1)c1ccccc1
decoy_2977,0.478455,0.578671,0.706224,0.755376,0.511396,0.56028,O=C(CC=Nc1ccccc1)CCc1ccccc1
decoy_2978,0.495128,0.566717,0.76896,0.731689,0.58124,0.554916,O=C(CCc1ccccc1)Nc1ccccc1
decoy_2979,0.499471,0.528234,0.789846,0.727546,0.583327,0.52485,O=C(CCc1ccccc1)NC1CCCCC1
decoy_298,0.45257,0.390599,0.681197,0.665483,0.576064,0.446042,CC(C)(C)[C@@H]1C[C@@H](Cl)CCO1
decoy_2980,0.412225,0.508982,0.758924,0.775376,0.495571,0.536832,O=C(CCc1ccccc1)N[C@H]1CCS(=O)(=O)C1
decoy_2981,0.492,0.542808,0.76427,0.712951,0.58785,0.542355,O=C(CCc1ccccc1)Nc1coc2ccccc12
decoy_2982,0.465916,0.502108,0.882057,0.833926,0.551104,0.587337,O=C(CCc1ccccc1)NC1CCN(C(=O)C2CC2)CC1
decoy_2983,0.30592,0.303675,0.701895,0.599518,0.455699,0.405754,O=C(CCc1ccccc1)NC1CCN(C(=O)Nc2ccccc2)CC1
decoy_2984,0.487899,0.561368,0.76282,0.736982,0.522946,0.525428,O=C(CCc1ccccc1)NCc1ccccc1
decoy_2985,0.483628,0.533224,0.813673,0.773746,0.564928,0.55084,O=C(CCC1CCCCC1)NCc1ccccc1
decoy_2986,0.464639,0.529657,0.81798,0.779946,0.563843,0.516923,O=C(CCc1ccccc1)N[C@H](c1ccccc1)c1cccs1
decoy_2987,0.396098,0.503705,0.775067,0.790239,0.489456,0.513321,O=C(/C=C/c1ccccc1)N(Cc1ccccc1)c1c[nH]c(=O)[nH]c1=O
decoy_2988,0.401658,0.493044,0.814095,0.81225,0.505148,0.513036,O=C(CCc1ccccc1)N(Cc1ccccc1)c1c[nH]c(=O)[nH]c1=O
decoy_2989,0.455119,0.521075,0.750987,0.722428,0.537028,0.519013,O=C(CCc1ccccc1)NC[C@H]1CCCO1
decoy_299,0.471625,0.499676,0.702514,0.756457,0.508743,0.488731,CCc1ccc(CC)c([C@H](Br)C2CC2)c1
decoy_2990,0.480383,0.538999,0.765054,0.744548,0.542906,0.544197,O=C(CCC1CCCCC1)NCc1ccco1
decoy_2991,0.469609,0.534436,0.807327,0.802501,0.533974,0.539864,O=C(CCC1CCCCC1)N(Cc1ccsc1)Cc1ccco1
decoy_2992,0.372033,0.493354,0.74526,0.854266,0.500152,0.544661,O=C(CCc1ccccc1)NCCc1cn2c([nH+]1)CCCC2
decoy_2993,0.447891,0.565219,0.749276,0.797742,0.511877,0.563719,O=C(CCc1ccccc1)NCCCc1ccccc1
decoy_2994,0.385979,0.444438,0.815513,0.787346,0.499911,0.494357,O=C(CCc1ccccc1)NCC(=O)Nc1cccc(N2CCCC2)c1
decoy_2995,0.448343,0.536371,0.770605,0.749541,0.498904,0.542581,O=C(CCc1ccccc1)NC(=S)Nc1ccccc1
decoy_2996,0.518052,0.572503,0.701793,0.745442,0.54019,0.591226,O=C(CCc1ccccc1)Oc1ccccc1
decoy_2997,0.470794,0.585993,0.86465,0.880721,0.572817,0.57495,O=C(CCc1ccccc1)Oc1ccccc1NC(=O)C1CC1
decoy_2998,0.331534,0.422361,0.581827,0.63786,0.429535,0.467826,O=C(CCc1ccccc1)OCc1ncc[nH]1
decoy_2999,0.445671,0.49919,0.743215,0.717757,0.523924,0.518561,O=C(CCc1ccccc1)OCc1ccc2ccccc2n1
decoy_3,0.402299,0.431386,0.645196,0.62413,0.476726,0.473131,CCOc1ccc2c(=O)c(-c3nc4ccccc4s3)coc2c1
decoy_30,0.408307,0.447626,0.773183,0.736684,0.509744,0.518323,Cc1ccc([C@H]2C[C@H](c3ccc(C(C)C)cc3)Nc3ncnn32)cc1
decoy_3000,0.36468,0.452106,0.701891,0.722781,0.448107,0.475549,O=C1NC(COC(=O)CCc2ccccc2)=C[C@@H](c2ccccc2)N1
decoy_3001,0.495605,0.578436,0.758215,0.790403,0.583888,0.557758,O=C(CCc1ccccc1)OCCOc1ccccc1
decoy_3002,0.445445,0.405961,0.844856,0.714906,0.550335,0.461785,O=C(CCc1ccccc1)OCC(=O)N1c2ccccc2OC[C@H]1c1ccccc1
decoy_3003,0.427423,0.439863,0.825445,0.757939,0.52161,0.482808,O=C(CCc1ccccc1)OCC(=O)N1c2ccccc2SC[C@H]1c1ccccc1
decoy_3004,0.387052,0.51085,0.747815,0.876545,0.550868,0.65231,O=C(CC[C@H]1CCCC[NH2+]1)Nc1ccccc1
decoy_3005,0.483576,0.583793,0.809569,0.818842,0.636908,0.611011,O=C(CCC1=CCC=N1)NCc1cccs1
decoy_3006,0.412795,0.458267,0.810217,0.786096,0.507086,0.511642,O=C(CCC1=CCC=N1)NCC[C@]12C[C@H]3C[C@H](C[C@H](C3)C1)C2
decoy_3007,0.417044,0.437221,0.819107,0.724279,0.515303,0.478945,O=C(CCc1ccc(=O)[nH]c1)N[C@H](c1ccccc1)c1cccs1
decoy_3008,0.469016,0.550129,0.672586,0.720595,0.491299,0.519185,O=C(/C=C/c1ccccc1)CCc1cccs1
decoy_3009,0.472622,0.487904,0.811142,0.721616,0.541149,0.506314,O=C(CCc1cccs1)N1C[C@@H]2C[C@H]3C[C@@H](C2)C[C@H]1C3
decoy_301,0.508877,0.520398,0.762498,0.812301,0.562524,0.546862,C#CC(C)(C)N[C@H](C)c1ccc(CC(C)C)cc1
decoy_3010,0.533097,0.584047,0.790549,0.752797,0.571175,0.555077,O=C(CCc1cccs1)Nc1ccccc1
decoy_3011,0.469013,0.538762,0.75574,0.715733,0.541234,0.536015,O=C(CCc1cccs1)NCc1ccccc1
decoy_3012,0.375505,0.474073,0.846894,0.903354,0.545852,0.577839,O=C(CCc1cccs1)NC[C@H]1CCC[N@@H+]1CC1CCCCC1
decoy_3013,0.478049,0.568886,0.775484,0.7536,0.569316,0.523409,O=C(CCc1cccs1)NCCc1ccccc1
decoy_3014,0.452737,0.545412,0.757572,0.750522,0.530784,0.519747,O=C(CCc1cccs1)NCCNc1ccccc1
decoy_3015,0.400953,0.571254,0.764108,0.843237,0.499202,0.584601,O=C(CCc1cccs1)NN=C(c1ccccc1)c1ccccc1
decoy_3016,0.407488,0.495484,0.733717,0.716808,0.557117,0.564545,O=C(CCc1cccs1)NNC(=O)c1ccccc1
decoy_3017,0.453538,0.481535,0.788835,0.727335,0.539632,0.508663,O=C(CCc1cccs1)NNC(=O)CC1CCCCC1
decoy_3018,0.436206,0.559496,0.756835,0.780699,0.525768,0.571164,O=C(CCc1cccs1)OCc1csc(Nc2ccccc2)n1
decoy_3019,0.355275,0.410603,0.773247,0.75747,0.495005,0.472757,O=C(C[C@@H](c1ccsc1)c1c[nH]c2ccccc12)NCC[NH+]1CCCC1
decoy_302,0.510105,0.581703,0.812437,0.808824,0.587225,0.60143,CC(C)c1ncc(Cl)c(C(=O)O[C@@H]2CCCC[C@H]2C)n1
decoy_3020,0.491493,0.617247,0.760494,0.790239,0.547126,0.648555,O=C(CCc1cncnc1)Oc1ccccc1
decoy_3021,0.418197,0.595078,0.755171,0.867679,0.517582,0.616654,O=C(CCc1cnc[nH]c1=O)OCCCc1ccccc1
decoy_3022,0.426883,0.534745,0.765384,0.765945,0.545815,0.543218,O=C(CCc1cn[nH]c1)N/N=C/c1ccccc1
decoy_3023,0.389983,0.47546,0.798837,0.873902,0.553014,0.586395,O=C(CCc1scnc1-c1cccs1)NCC[NH+]1CCCC1
decoy_3024,0.390406,0.404242,0.851015,0.760657,0.539121,0.468613,O=C(CCC1=c2ccccc2=NC1)NC[C@@H](C1=c2ccccc2=NC1)c1cccs1
decoy_3025,0.403075,0.532456,0.701556,0.758339,0.458996,0.514142,O=C(CCc1ccc(-c2ccccc2)o1)NCc1ccccc1
decoy_3026,0.379282,0.47818,0.825761,0.846461,0.493636,0.549978,O=C(CC[C@H]1CCCN(C(=O)Nc2ccccc2)C1)NCc1ccccc1
decoy_3027,0.196336,0.252884,0.648435,0.649779,0.338503,0.3608,O=C(CC[C@H]1CCCN(C(=O)Nc2ccccc2)C1)NCC[NH+]1CCCCC1
decoy_3028,0.324618,0.336459,0.828604,0.76526,0.463244,0.451634,O=C(CCc1ccc(S(=O)(=O)NC2CCCCC2)cc1)NCCC1=CCCCC1
decoy_3029,0.419583,0.465703,0.77145,0.718199,0.536893,0.510874,O=C(CCc1cnc2ccnn2c1)NC1CCCCC1
decoy_303,0.509131,0.573391,0.807892,0.804661,0.592052,0.601247,CC(C)c1ncc(Cl)c(C(=O)O[C@@H]2CCC[C@H](C)C2)n1
decoy_3030,0.397684,0.472956,0.754828,0.71883,0.514915,0.527155,O=C(CCc1cnc2[nH]ncc2c1)NCc1ccccc1
decoy_3031,0.368042,0.507027,0.719718,0.805768,0.472173,0.588069,O=C(CCc1nc(-c2ccccc2)no1)NCCSCc1ccccc1
decoy_3032,0.407461,0.520318,0.830968,0.864646,0.548766,0.60798,O=C(CCc1ncc(-c2ccccc2)o1)NCCNc1ccccc1
decoy_3033,0.368306,0.456493,0.736151,0.781931,0.474315,0.509153,O=C(CCc1ncc(-c2ccccc2)o1)OCC(=O)c1ccc2c(c1)CCCC2
decoy_3034,0.501883,0.532099,0.822288,0.757881,0.565914,0.540581,O=C(CCCc1ccccc1)N1CCCc2[nH]ncc21
decoy_3035,0.457095,0.467989,0.79294,0.718096,0.573409,0.500735,O=C(CCCc1ccccc1)NC1CCCCCC1
decoy_3036,0.390781,0.450648,0.818961,0.807101,0.567515,0.587766,O=C(CCCC1CCCCC1)NCc1nnc2ccccn12
decoy_3037,0.403539,0.529153,0.750003,0.787472,0.551635,0.595898,O=C(CCCc1ccccc1)N/N=C/c1ccccc1
decoy_3038,0.379729,0.422823,0.800778,0.761554,0.499194,0.496536,O=C(CCCc1ccccc1)N/N=C/c1ccccc1OCc1ccccc1
decoy_3039,0.38284,0.387953,0.784738,0.683213,0.527119,0.446497,O=C(CCCc1ccccc1)N/N=C/c1ccc(-c2ccccc2)o1
decoy_304,0.409373,0.43157,0.647787,0.59407,0.473792,0.45589,CC(=O)N[C@@H]1C[C@H]2C[C@@H]1[C@H]1CCC[C@H]21
decoy_3040,0.423678,0.444177,0.837153,0.764377,0.589336,0.516093,O=C(CCCC1CCCCC1)NNC(=O)COc1ccccc1
decoy_3041,0.371163,0.42094,0.627493,0.603352,0.482302,0.472536,O=C(CCCc1ncno1)N1CCCCC1
decoy_3042,0.442515,0.534949,0.858779,0.857861,0.57932,0.573092,O=C(CCCC1=c2ccccc2=NC1)N[C@@H]1CC2=C(CCC2)S1
decoy_3043,0.446454,0.446178,0.811976,0.768993,0.531884,0.486715,O=C(CCCCc1ccccc1)O[C@H]1Cc2ccccc2O[C@@H]1c1ccccc1
decoy_3044,0.502754,0.621764,0.738966,0.805955,0.547306,0.562205,O=C(CCCCc1ccccc1)OC[C@H]1CO1
decoy_3045,0.398929,0.479595,0.78364,0.812586,0.504852,0.53827,O=C(CCCCCc1ccccc1)C[C@H]1CC[C@H]([C@H]2CCCCO2)O1
decoy_3046,0.419398,0.471172,0.753359,0.725956,0.520147,0.502192,O=C(CCC/C=C/C[C@H]1CCCC1=O)Oc1ccccc1
decoy_3047,0.421409,0.489853,0.730943,0.725906,0.5212,0.508999,O=C(CCCCOc1ccccc1)O[C@@H]1CCCCO1
decoy_3048,0.4474,0.477333,0.844681,0.766392,0.577837,0.531388,O=C(CCCOc1ccccc1)Nc1ccnn1CC1CC1
decoy_3049,0.439623,0.632892,0.77269,0.88499,0.529462,0.658964,O=C(CCCOc1ccccc1)Nc1cc2c(s1)CCCC2
decoy_305,0.359736,0.482753,0.743062,0.773989,0.508164,0.515271,C#CCC[NH2+][C@@H](c1ccccc1)C1CCCCC1
decoy_3050,0.396636,0.544127,0.771322,0.827985,0.540565,0.581948,O=C(CCCOc1ccccc1)N/N=C/c1ccccc1
decoy_3051,0.467416,0.507704,0.858599,0.8085,0.583546,0.53229,O=C(CCCOc1ccccc1)NNC(=O)CCc1cccs1
decoy_3052,0.493569,0.561866,0.792191,0.757873,0.564279,0.544416,O=C(CCC(=O)c1cccs1)OCc1coc(-c2cccs2)n1
decoy_3053,0.418667,0.386955,0.815328,0.690639,0.501474,0.44012,O=C(CCCS(=O)(=O)c1ccccc1)Nc1cc2c(s1)CCCC2
decoy_3054,0.418045,0.545288,0.730044,0.844978,0.515004,0.622511,O=C(CC[NH+]1CCCCC1)c1ccccc1
decoy_3055,0.394863,0.506191,0.834159,0.916712,0.547478,0.613905,O=C1C[N@@H+](CCC(=O)Nc2cc3c(s2)CCCC3)CCN1
decoy_3056,0.35937,0.430169,0.885347,0.891658,0.564413,0.554359,O=C(CCN1CC[NH+](C2CCCCC2)CC1)NC1=c2ccccc2=NC1
decoy_3057,0.388921,0.485008,0.846294,0.941651,0.532593,0.579374,O=C(CCN1C(=O)[C@H]2CCCC[C@H]2C1=O)NC1CC[NH2+]CC1
decoy_3058,0.46437,0.528535,0.753654,0.730011,0.526404,0.557755,O=C(CC=Nc1ccccc1)[C@H]1C[C@H]1c1ccccc1
decoy_3059,0.368372,0.486857,0.719801,0.839268,0.49475,0.522892,O=C(CC[NH2+]C1CCCCC1)Nc1ccccc1
decoy_306,0.420782,0.41959,0.663636,0.608514,0.509203,0.460106,CC(C)(C)C(=O)N1CCO[C@H]2CCC[C@H]21
decoy_3060,0.369042,0.475092,0.806999,0.823227,0.501225,0.520528,O=C(CCNc1nc(-c2ccccc2)nc2ccccc12)NCc1ccccc1
decoy_3061,0.421601,0.515984,0.835299,0.853689,0.553002,0.570636,O=C(CCNc1nc(Cc2ccccc2)ns1)NC1CCCCC1
decoy_3062,0.344106,0.402794,0.777575,0.767459,0.508582,0.479118,O=C(CC[NH2+]Cc1ccc(-n2ccnc2)cc1)Nc1ccccc1
decoy_3063,0.352736,0.467529,0.779185,0.896748,0.526307,0.555469,O=C(CC[NH2+]C[C@H]1CNc2ccnn2C1)N1CCc2sccc2C1
decoy_3064,0.355699,0.453729,0.66705,0.772379,0.450149,0.48472,O=C(CC[NH2+]CCC1=CCCCC1)Nc1ccccc1
decoy_3065,0.406379,0.442336,0.87295,0.821368,0.540443,0.521347,O=C(CCNC(=O)[C@H]1C[C@H]1c1ccccc1)Nc1cccc(N2CCCC2)c1
decoy_3066,0.432267,0.549987,0.83654,0.864553,0.55477,0.571627,O=C(CCNC(=O)C1CCCC1)NCCc1ccccc1
decoy_3067,0.383528,0.47433,0.874209,0.934188,0.548114,0.568939,O=C(CCNC(=O)C1CCCC1)NCC[NH+]1CCCCCC1
decoy_3068,0.437774,0.500347,0.871934,0.833059,0.554929,0.517982,O=C(CCNC(=O)C1CCCCC1)NC1CCCCC1
decoy_3069,0.428653,0.477624,0.897333,0.865309,0.546998,0.529577,O=C(CCNC(=O)C1CCCCC1)N[C@H]1CCS(=O)(=O)C1
decoy_307,0.4233,0.428718,0.635038,0.650648,0.513786,0.513798,O=C(N1CCO[C@H]2CCCC[C@H]21)C(F)(F)F
decoy_3070,0.417273,0.506079,0.861738,0.870148,0.578013,0.574483,O=C(CCNC(=O)C1CCCCC1)NCCc1ccccc1
decoy_3071,0.426494,0.461542,0.880211,0.822416,0.545909,0.517359,O=C(CCNC(=O)C1CCCCC1)NCCC1CCCCC1
decoy_3072,0.470483,0.544993,0.826279,0.793505,0.54455,0.52424,O=C(CCNC(=O)C1CCCCC1)Oc1ccccc1
decoy_3073,0.354144,0.425982,0.80318,0.878658,0.521679,0.545249,O=C(CCNC(=O)N1CC[C@H]([NH+]2CCCC2)C1)Nc1ccccc1
decoy_3074,0.464461,0.590401,0.829609,0.859457,0.595449,0.658824,O=C(NNCCC(=O)[C@@H]1CC=CCC1)c1ccccc1
decoy_3075,0.380726,0.464841,0.799854,0.78692,0.485342,0.496399,O=C(CCNS(=O)(=O)c1ccccc1)NCCc1ccccc1
decoy_3076,0.347941,0.465599,0.812799,0.898713,0.526864,0.600538,O=C(CCNS(=O)(=O)c1ccccc1)NCC[NH+]1CCCCC1
decoy_3077,0.428669,0.492939,0.837527,0.784887,0.556946,0.532188,O=C(CCNS(=O)(=O)c1cccs1)NCc1ccccc1
decoy_3078,0.297075,0.368573,0.797177,0.83414,0.472324,0.503606,O=C(CCNS(=O)(=O)c1ccc2c(c1)CCCC2)NCC[NH+]1CCCCC1
decoy_3079,0.469007,0.517625,0.736306,0.701327,0.52296,0.531917,O=C(CCOc1ccccc1)N1CCOCC1
decoy_308,0.516614,0.482743,0.772202,0.689871,0.550236,0.499378,CC(C)[C@H]1C[C@](C#N)(N2CCCC2)CCO1
decoy_3080,0.488807,0.601179,0.796014,0.799686,0.564987,0.605518,O=C(CCOc1ccccc1)NC1CC1
decoy_3081,0.421066,0.518984,0.844565,0.840632,0.550237,0.545412,O=C(CC(=O)Nc1ccccc1)NCCC1=C2CCCC[C@@H]2N=N1
decoy_3082,0.368908,0.47156,0.817242,0.884537,0.582275,0.581854,O=C(CC(=O)Nc1ccccc1)NCC[NH+]1CCCCC1
decoy_3083,0.352094,0.386,0.877906,0.806307,0.588604,0.515293,O=C(CCSc1ccccc1)N1CC[NH+](C(c2ccccc2)c2ccccc2)CC1
decoy_3084,0.397661,0.510351,0.799363,0.830167,0.495713,0.558427,O=C(CCSc1ccccc1)N(Cc1ccccc1)c1c[nH]c(=O)[nH]c1=O
decoy_3085,0.487165,0.479749,0.875852,0.775442,0.575092,0.52773,O=C(CCSc1ccccc1)OCc1ncnc(Nc2ccccc2)n1
decoy_3086,0.464047,0.571126,0.802311,0.812793,0.557284,0.561007,O=C(CCSc1nc2ccccc2s1)NCCc1ccccc1
decoy_3087,0.397793,0.456779,0.849569,0.821159,0.53889,0.544942,O=C(CCSCc1nc2sc3c(c2c(=O)[nH]1)CCCC3)Nc1ccccc1
decoy_3088,0.435886,0.597288,0.806324,0.890531,0.581959,0.659396,O=C(CCS(=O)(=O)c1ccccc1)Nc1nc2ccccc2s1
decoy_3089,0.344634,0.446995,0.736407,0.759632,0.550062,0.524718,O=C(CCS(=O)(=O)Nc1ccccc1)Nc1ccccc1
decoy_309,0.57118,0.581035,0.757339,0.824004,0.589683,0.570823,C[C@@H]1COc2ccc([C@@H](Cl)[C@H]3C[C@H]3C)cc2OC1
decoy_3090,0.35247,0.453548,0.73996,0.817864,0.51533,0.537174,O=C(C[N@H+]1C[C@H]2CCC[C@@H]1C2)Nc1c[nH]c2ccccc12
decoy_3091,0.491013,0.480025,0.866896,0.761452,0.605404,0.5276,O=C(CN1CCc2ccccc21)NC[C@H]1CCCc2ccccc21
decoy_3092,0.337995,0.331482,0.805143,0.677426,0.517117,0.433256,O=C(CN1CCc2ccccc21)NC(=O)N[C@]12C[C@H]3C[C@H](C[C@H](C3)C1)C2
decoy_3093,0.463824,0.502107,0.784851,0.725887,0.544202,0.512211,O=C(Cn1ccc2ccsc21)NCCC1=CCCCC1
decoy_3094,0.455898,0.529112,0.807856,0.75692,0.568823,0.536877,O=C(CN1CCC[C@H]1c1ccccc1)Nc1cccs1
decoy_3095,0.410915,0.490183,0.734081,0.739561,0.557406,0.521902,O=C(C[N@@H+]1CCC[C@H]1c1ccsc1)Nc1cccs1
decoy_3096,0.386335,0.471181,0.840833,0.864056,0.525615,0.542194,O=C(C[N@@H+]1CCC[C@H]1C(=O)NC1CC1)NC1CCCCC1
decoy_3097,0.3207,0.466841,0.730529,0.872959,0.492571,0.542008,O=C(C[N@@H+]1CCC[C@H]1C(=O)Nc1ccccc1)Nc1ccccn1
decoy_3098,0.387115,0.501311,0.704878,0.823916,0.53315,0.57883,O=C(C[NH+]1CCCC1)Nc1ccccc1
decoy_3099,0.404365,0.499171,0.727764,0.816999,0.523565,0.579663,O=C(C[NH+]1CCCC1)NCc1ccccc1
decoy_31,0.30205,0.268659,0.731272,0.720232,0.54337,0.430886,C[C@H]1CC[C@@H]2C[C@H]1C2(C)C
decoy_310,0.404011,0.470891,0.811048,0.804007,0.528424,0.547389,Cc1ccsc1C[NH2+]CC[C@@H]1CCC[C@@H](C)C1
decoy_3100,0.415758,0.511543,0.728257,0.706457,0.513168,0.524766,O=C(CN1CCCc2ccccc21)Nc1cccs1
decoy_3101,0.437178,0.506376,0.776244,0.737366,0.540196,0.522406,O=C(CN1CCCc2ccccc21)NCc1ccccc1
decoy_3102,0.305255,0.433278,0.692215,0.802599,0.425668,0.511191,O=C(C[NH+]1CCCCC1)N1N=C(c2ccccc2)C[C@H]1c1ccccc1
decoy_3103,0.315775,0.438438,0.673299,0.75072,0.412909,0.501094,O=C(C[NH+]1CCCCC1)N1N=C(c2ccccc2)C[C@H]1c1ccco1
decoy_3104,0.309245,0.433934,0.728561,0.891659,0.48767,0.573643,O=C(C[NH+]1CCCCC1)N1N=C(c2ccc3ccccc3c2)C[C@H]1c1ccccc1
decoy_3105,0.401616,0.505136,0.732127,0.830626,0.546947,0.578941,O=C(C[NH+]1CCCCC1)Nc1ccccc1
decoy_3106,0.406768,0.468024,0.798515,0.851073,0.556109,0.54984,O=C(C[NH+]1CCCCC1)NC1CCCCC1
decoy_3107,0.384367,0.440052,0.811258,0.8113,0.565884,0.538314,O=C(C[NH+]1CCCCC1)N[C@H]1CCS(=O)(=O)C1
decoy_3108,0.385684,0.482756,0.736985,0.842123,0.540618,0.568788,O=C(C[NH+]1CCCCC1)Nc1c[nH]c2ccccc12
decoy_3109,0.398317,0.506521,0.74434,0.850656,0.515948,0.569522,O=C(C[NH+]1CCCCC1)/N=C1\CNc2ccccc21
decoy_311,0.523162,0.506291,0.770194,0.8124,0.56934,0.547466,Cl[C@@H]1CCCCC[C@H]1Cc1ccc2c(c1)CCC2
decoy_3110,0.377029,0.430154,0.757508,0.751986,0.552482,0.521265,O=C(C[NH+]1CCCCC1)[N-]c1nc2ccccc2s1
decoy_3111,0.283192,0.358682,0.687988,0.740149,0.384908,0.418244,O=C(C[NH+]1CCCCC1)Nc1sc2c(c1C(=O)c1ccccc1)CCCC2
decoy_3112,0.378014,0.433661,0.766378,0.754264,0.505035,0.511704,O=C(C[NH+]1CCCCC1)NC[C@H]1C[C@@H]2CC[C@H]1C2
decoy_3113,0.396998,0.471091,0.758869,0.75535,0.510486,0.540374,O=C(C[NH+]1CCCCC1)NCc1ccccc1
decoy_3114,0.414074,0.454407,0.808607,0.789074,0.508318,0.52744,O=C(C[NH+]1CCCCC1)NCC1CCCCC1
decoy_3115,0.376801,0.46006,0.747287,0.761476,0.499086,0.483665,O=C(C[NH+]1CCCCC1)N[C@H](c1ccccc1)c1cccs1
decoy_3116,0.337437,0.410581,0.791439,0.814445,0.470751,0.510017,O=C(C[NH+]1CCCCC1)N(Cc1ccccc1)[C@]12C[C@H]3C[C@H](C[C@H](C3)C1)C2
decoy_3117,0.403832,0.47145,0.741865,0.713792,0.538405,0.519867,O=C(C[NH+]1CCCCC1)NCc1cccs1
decoy_3118,0.37183,0.372835,0.847077,0.818789,0.563614,0.525295,O=C(C[NH+]1CCCCC1)NC(=O)N[C@]12C[C@H]3C[C@H](C[C@H](C3)C1)C2
decoy_3119,0.384497,0.437102,0.79368,0.748093,0.541493,0.506934,O=C(C[NH+]1CCCCC1)NC(=O)NCc1cccs1
decoy_312,0.454524,0.432004,0.657458,0.670653,0.504739,0.480713,CC[C@@H]1CCC[C@@](O)(C2CCCC2)C1
decoy_3120,0.348823,0.471015,0.641862,0.717266,0.505678,0.573458,O=C(Cn1cccn1)Nc1ccccc1
decoy_3121,0.398802,0.505763,0.759626,0.775351,0.531407,0.544975,O=C(CN1CCCN1)NCC1N=c2ccccc2=N1
decoy_3122,0.347305,0.423343,0.548937,0.61122,0.443357,0.468908,O=C(Cn1cccn1)OC1CCCCC1
decoy_3123,0.325094,0.411957,0.659638,0.71453,0.480433,0.498281,O=C(Cn1cccnc1=O)Nc1cccs1
decoy_3124,0.410758,0.437393,0.82454,0.815124,0.555677,0.50525,O=C(C[N@@H+]1CCCNCC1)NC1CCCCC1
decoy_3125,0.284681,0.412709,0.575841,0.74049,0.416653,0.538436,O=C(Cn1cc[nH+]c1)Nc1ccccc1
decoy_3126,0.381174,0.485508,0.710534,0.81631,0.5106,0.634468,O=C(CN1CC[NH2+]CC1)Nc1ccccc1
decoy_3127,0.387828,0.459947,0.766193,0.833446,0.525241,0.617455,O=C(CN1CC[NH2+]CC1)NC1CCCCC1
decoy_3128,0.379865,0.472259,0.734627,0.828171,0.543881,0.680577,O=C(CN1CC[NH2+]CC1)Nc1cccs1
decoy_3129,0.348993,0.415209,0.697957,0.766496,0.45826,0.504282,O=C(CN1CC[NH2+]CC1)Nc1cc2c(s1)CCCC2
decoy_313,0.437782,0.449805,0.655881,0.719349,0.486791,0.478647,CC[C@@H]1CCC[C@@]2(CO2)C1
decoy_3130,0.384538,0.475049,0.730828,0.819396,0.500776,0.545318,O=C(CN1CC[NH2+]CC1)NCc1ccccc1
decoy_3131,0.384387,0.465258,0.766568,0.778364,0.479466,0.505977,O=C(CN1CC[NH2+]CC1)N[C@H](c1ccccc1)c1cccs1
decoy_3132,0.480188,0.572426,0.797124,0.796902,0.567076,0.569896,O=C(CN1CCOc2ccccc21)NCc1ccccc1
decoy_3133,0.469214,0.547779,0.77482,0.755671,0.579606,0.564068,O=C(CN1CCOCC1)Nc1ccccc1
decoy_3134,0.455423,0.503741,0.865925,0.830303,0.598524,0.547656,O=C(CN1CCOCC1)NC(=O)NC1CCCCC1
decoy_3135,0.441924,0.509344,0.797424,0.758909,0.571112,0.534713,O=C(CN1CCSCC1)Nc1c[nH]c2ccccc12
decoy_3136,0.449466,0.471149,0.792742,0.722981,0.570857,0.525567,O=C(Cn1cnc2cncnc21)c1cccs1
decoy_3137,0.34345,0.433722,0.61759,0.658569,0.462353,0.491455,O=C(Cn1cncn1)NC1CCCCC1
decoy_3138,0.350992,0.454163,0.635442,0.70197,0.48352,0.494029,O=C(Cn1cncn1)NCc1ccccc1
decoy_3139,0.441056,0.475456,0.852283,0.788563,0.608633,0.552334,O=C(Cn1cnnc1-c1cccs1)NCCCc1ccccc1
decoy_314,0.517148,0.504842,0.78301,0.74977,0.559044,0.525176,C[C@@H]1CCC[C@@H]([C@]2(O)CCOC(C)(C)C2)C1
decoy_3140,0.351468,0.46084,0.714205,0.795763,0.498414,0.521472,O=C(Cn1cnnc1)Nc1cccs1
decoy_3141,0.359654,0.452642,0.636655,0.695614,0.46841,0.518734,O=C(Cn1cnnc1)Nc1cc(-c2ccccc2)cs1
decoy_3142,0.358255,0.547887,0.729754,0.89294,0.503813,0.640697,O=C(Cn1cnnc1)Nc1cc(-c2ccccc2)c(-c2ccccc2)o1
decoy_3143,0.410222,0.530904,0.762846,0.802751,0.511743,0.563567,O=C(Cn1cnnc1)N[C@H](c1cccs1)C1CCCC1
decoy_3144,0.405474,0.528121,0.724587,0.754172,0.491586,0.523245,O=C(Cn1cnnc1SCc1ccccc1)Nc1ccccc1
decoy_3145,0.357937,0.492113,0.716371,0.780219,0.470874,0.513771,O=C(Cn1cnnc1SCc1ccccc1)Nc1cc2c(s1)CCCC2
decoy_3146,0.359043,0.453874,0.711825,0.73893,0.472362,0.483803,O=C(Cn1cnnc1SCc1ccccc1)Nc1cc(-c2ccccc2)cs1
decoy_3147,0.415481,0.527565,0.778356,0.806631,0.517457,0.524019,O=C(Cn1cnnc1SCCc1ccccc1)Nc1ccccc1
decoy_3148,0.441016,0.578677,0.785638,0.84616,0.547358,0.635961,O=C(Cn1cnnc1SCCc1ccccc1)Nc1cccs1
decoy_3149,0.454195,0.596507,0.820741,0.885952,0.584293,0.637167,O=C(CN1C(=O)CNC1=O)Nc1ccccc1
decoy_315,0.428042,0.44097,0.674318,0.71195,0.507389,0.494817,C[C@@H]1CCC[C@H]([C@@H](O)[C@@H]2CCC[C@H](C)C2)C1
decoy_3150,0.429918,0.569588,0.778714,0.846226,0.567699,0.635725,O=C(CN1C(=O)CNC1=O)NCc1ccccc1
decoy_3151,0.414948,0.504533,0.844167,0.855815,0.574746,0.563507,O=C(CN1C(=O)CNc2ccccc21)NCCC1=c2ccccc2=NC1
decoy_3152,0.377946,0.564359,0.713269,0.830968,0.489058,0.588625,O=C(CN1C(=O)NC=C[C@H]1c1ccccc1)Nc1cccs1
decoy_3153,0.426681,0.568054,0.757155,0.817381,0.531077,0.606149,O=C(CN1CCc2ccccc2[C@@H]1c1ccccc1)Nc1cccs1
decoy_3154,0.440171,0.518669,0.802592,0.777545,0.531226,0.545119,O=C(CN1CCc2ccccc2C1)NC1=c2ccccc2=NC1
decoy_3155,0.349445,0.371932,0.755608,0.692218,0.463869,0.45008,O=C(CN1CCc2sccc2[C@H]1c1ccccc1)NC(=O)Nc1ccccc1
decoy_3156,0.373057,0.387101,0.799533,0.722245,0.49289,0.456831,O=C(CN1CCc2sccc2[C@H]1c1ccccc1)NC(=O)NC1CCCCC1
decoy_3157,0.464017,0.510202,0.790459,0.743581,0.538805,0.507813,O=C(CN1CCc2sccc2[C@H]1c1cccs1)Nc1ccccc1
decoy_3158,0.458505,0.504955,0.789298,0.727989,0.557064,0.502262,O=C(CN1CCc2sccc2[C@H]1c1cccs1)Nc1cccs1
decoy_3159,0.429274,0.536925,0.793255,0.815089,0.523891,0.532024,O=C(CN1CCc2sccc2[C@H]1c1cccs1)NCc1ccccc1
decoy_316,0.435811,0.444679,0.720654,0.792561,0.490728,0.507859,CC[C@@H]1CCC[C@@H]([C@@H]2CCCC[C@@H]2Br)C1
decoy_3160,0.451191,0.523467,0.757505,0.734659,0.508958,0.505098,O=C(CN1CCc2sccc2C1)Nc1cc2c(s1)CCC2
decoy_3161,0.360793,0.439251,0.763851,0.834255,0.490251,0.531705,O=C(C[N@H+]1CCC[C@H]2CCCC[C@@H]21)Nc1cc2c(s1)CCC2
decoy_3162,0.373161,0.466242,0.802803,0.845573,0.504001,0.511163,O=C(C[N@H+]1CC[C@H](c2ccccc2)CC1)NC1CCCCC1
decoy_3163,0.447134,0.590011,0.809648,0.871349,0.543832,0.647709,O=C(CN1CC=C(c2ccccc2)CC1)NC1=c2ccccc2=NC1
decoy_3164,0.408616,0.424062,0.827555,0.748325,0.537321,0.478322,O=C(CN1CC=C(c2ccccc2)CC1)N[C@H](c1ccccc1)c1cccs1
decoy_3165,0.333958,0.416862,0.767392,0.828265,0.496934,0.512646,O=C(C[N@H+]1CC[C@H](C(=O)Nc2ccccc2)CC1)Nc1ccccc1
decoy_3166,0.327499,0.436636,0.750752,0.87139,0.471148,0.531733,O=C(C[N@H+]1CC[C@@H](C(=O)Nc2ccccc2)CC1)NC1CCCCC1
decoy_3167,0.305763,0.316747,0.824127,0.730872,0.495233,0.459102,O=C(C[N@H+]1CC[C@H](C(=O)NC2CCCCC2)CC1)NC1CCCCC1
decoy_3169,0.376828,0.400323,0.841867,0.810062,0.528729,0.488997,O=C(C[N@H+]1CC[C@@H](C(=O)Nc2ccccn2)CC1)NC1CCCCC1
decoy_317,0.433956,0.403774,0.656668,0.629415,0.473189,0.459657,C[C@H]1CCC[C@@H](n2cncn2)C1
decoy_3170,0.294708,0.374406,0.787737,0.86422,0.461796,0.507742,O=C(C[N@H+]1CC[C@H](C(=O)NCc2ccccc2)CC1)NCc1ccc2c(c1)CCCC2
decoy_3171,0.295865,0.305218,0.77078,0.676223,0.42974,0.393928,O=C(CN1CCC(NC(=O)CC2CCCCC2)CC1)NCCc1ccsc1
decoy_3172,0.372525,0.441197,0.820007,0.828781,0.50433,0.504347,O=C(CN1CCC(NS(=O)(=O)c2cccs2)CC1)Nc1ccccc1
decoy_3173,0.475134,0.630921,0.779222,0.839878,0.549754,0.627642,O=C(CN1CCN(c2ccccc2)CC1)c1ccc[nH]1
decoy_3174,0.331165,0.444776,0.700489,0.817195,0.508656,0.55256,O=C(C[NH+]1CCN(c2ccccc2)CC1)Nc1ccccc1
decoy_3175,0.339269,0.456245,0.695771,0.813267,0.509461,0.574497,O=C(C[NH+]1CCN(c2ccccc2)CC1)Nc1cccs1
decoy_3176,0.430392,0.56867,0.776728,0.848655,0.514371,0.577974,O=C(CN1CCN(c2ccccc2)CC1)/N=C1\CNc2ccccc21
decoy_3177,0.349488,0.448269,0.783233,0.818389,0.491927,0.512632,O=C(C[NH+]1CCN(c2ccccc2)CC1)Nc1cc2c(s1)CCCC2
decoy_3178,0.369741,0.462072,0.716808,0.790353,0.467221,0.523323,O=C(C[NH+]1CCN(c2ccccc2)CC1)NCc1ccccc1
decoy_3179,0.396441,0.472293,0.847391,0.853186,0.532199,0.539934,O=C(C[NH+]1CCN(c2ccccc2)CC1)NCCc1ccccc1
decoy_318,0.48546,0.426416,0.701277,0.686301,0.564493,0.479003,CC[C@H]1CCCC[C@@]1(O)C1CCCC1
decoy_3180,0.313015,0.304853,0.822883,0.714012,0.470238,0.444091,O=C(C[NH+]1CCN(c2ccccc2)CC1)NC(=O)N[C@]12C[C@H]3C[C@H](C[C@H](C3)C1)C2
decoy_3181,0.356784,0.470054,0.77648,0.825,0.501645,0.512713,O=C(CN1CC[NH+](Cc2ccccc2)CC1)Nc1cc2c(s1)CCC2
decoy_3182,0.343828,0.399988,0.840985,0.832698,0.516998,0.527558,O=C(CN1CC[NH+](CC2CCCCC2)CC1)NC(=O)Nc1ccccc1
decoy_3183,0.356756,0.454697,0.747625,0.834514,0.506904,0.537715,O=C(CN1CC[NH+](Cc2ccco2)CC1)Nc1cccs1
decoy_3184,0.339039,0.428869,0.781874,0.80159,0.488249,0.5111,O=C(C[NH+]1CCN(CCOc2ccccc2)CC1)Nc1cc2c(s1)CCC2
decoy_3185,0.340466,0.361744,0.742174,0.746212,0.456102,0.453968,O=C(C[NH+]1CCN(CCOc2ccccc2)CC1)Nc1cc2c(s1)CCCC2
decoy_3186,0.371846,0.439603,0.84202,0.859798,0.49631,0.509472,O=C(CN1CC[NH+](CC(=O)N2CCCCC2)CC1)Nc1cc2c(s1)CCC2
decoy_3187,0.347766,0.413754,0.828914,0.864206,0.511127,0.522913,O=C(CN1CC[NH+](CC(=O)N[C@H]2C[C@@H]3CC[C@H]2C3)CC1)Nc1ccccc1
decoy_3188,0.337348,0.411221,0.806913,0.846533,0.500858,0.509076,O=C(CN1CC[NH+](CC(=O)NC2CCCCC2)CC1)Nc1ccccc1
decoy_3189,0.331154,0.444087,0.8216,0.920634,0.502715,0.578162,O=C(C[NH+]1CCN(CC(=O)Nc2ccccc2)CC1)NCc1ccccc1
decoy_319,0.398624,0.435297,0.60874,0.676519,0.459479,0.455159,CC[C@H]1CCCC/C1=C\C#N
decoy_3190,0.393485,0.477796,0.792553,0.805849,0.514747,0.517423,O=C(CN1CCN(S(=O)(=O)c2cccs2)CC1)Nc1cccs1
decoy_3191,0.44358,0.542282,0.815837,0.813851,0.533164,0.547854,O=C(CN1CCO[C@H](c2ccccc2)C1)Nc1ccccc1
decoy_3192,0.419163,0.459441,0.747166,0.716712,0.482344,0.48035,O=C(CN1C(=O)[C@@H](c2ccccc2)c2ccccc21)Nc1ccccc1
decoy_3193,0.394474,0.47023,0.785475,0.774567,0.490458,0.49733,O=C(CN1C(=O)/C(=C\c2ccccc2)Oc2ccccc21)N1CCCCC1
decoy_3194,0.467249,0.571759,0.800554,0.793058,0.526016,0.53283,O=C(Cn1c(=O)ccn(C2CC2)c1=O)Nc1ccccc1
decoy_3195,0.473914,0.490773,0.899668,0.810521,0.583258,0.519708,O=C(CN1C(=O)NC2(CCCCC2)C1=O)NC1CCCCC1
decoy_3196,0.460088,0.547184,0.827008,0.817225,0.567894,0.548976,O=C(CN1C(=O)N[C@@H](C2CC2)C1=O)NCc1ccccc1
decoy_3197,0.43046,0.525903,0.803297,0.804213,0.557617,0.541259,O=C(CN1C(=O)N[C@H](c2ccccc2)C1=O)Nc1ccccc1
decoy_3198,0.458117,0.561863,0.769095,0.770211,0.518851,0.559865,O=C(CN1C(=O)N[C@H](c2ccccc2)C1=O)Nc1cccs1
decoy_3199,0.447094,0.540028,0.814781,0.807887,0.535818,0.528855,O=C(CN1C(=O)N[C@H](c2ccccc2)C1=O)NCc1ccccc1
decoy_32,0.310932,0.257248,0.793986,0.749898,0.577263,0.4851,C1C[C@H]2CC[C@@H](C1)CC2
decoy_320,0.479842,0.493463,0.685181,0.730762,0.521406,0.501493,C=CCCC[C@@H]1C[C@H](CC)CC[C@@H]1O
decoy_3200,0.426354,0.423248,0.87817,0.769044,0.543128,0.484049,O=C(CN1C(=O)N[C@H](c2ccccc2)C1=O)N[C@H](c1ccccc1)c1cccs1
decoy_3201,0.4283,0.526158,0.78096,0.821667,0.514752,0.573844,O=C(CN1C(=O)N[C@H](c2ccccc2)C1=O)NCCc1ccccc1
decoy_3202,0.408364,0.523546,0.780121,0.798312,0.540363,0.572575,O=C(CN1C(=O)N/C(=C\c2ccccc2)C1=O)Nc1ccccc1
decoy_3203,0.405177,0.484994,0.751962,0.7238,0.534569,0.518206,O=C(Cn1nc(-c2ccccc2)ccc1=O)Nc1ccccc1
decoy_3204,0.361825,0.45127,0.677132,0.712831,0.43632,0.472696,O=C(Cn1nc(-c2ccccc2)ccc1=O)NCCc1ccccc1
decoy_3205,0.418693,0.537939,0.743614,0.783966,0.52363,0.570719,O=C(Cn1ncn(Nc2ccccc2)c1=S)c1ccccc1
decoy_3206,0.331933,0.381117,0.741437,0.739642,0.477752,0.479634,O=C(Cn1cc(N[C@H]2CC[N@@H+](C3CC3)C2)cn1)NC1CC1
decoy_3207,0.318216,0.38595,0.83191,0.873774,0.491228,0.538975,O=C(CN1CC[NH+](C(c2ccccc2)c2ccccc2)CC1)NC(=O)NC1CC1
decoy_3208,0.343626,0.382205,0.865944,0.861282,0.512409,0.507011,O=C(CN1CC[NH+](CC(=O)N[C@]23C[C@H]4C[C@H](C[C@H](C4)C2)C3)CC1)Nc1ccccc1
decoy_3209,0.382577,0.512365,0.71545,0.842795,0.516754,0.582882,O=C(C[NH2+]C1CC1)Nc1ccccc1
decoy_321,0.44038,0.444554,0.695278,0.714755,0.499147,0.496639,C=CCCC[C@@H]1CCCCC[C@@H]1Br
decoy_3210,0.334623,0.495539,0.720245,0.92261,0.453791,0.560939,O=C(C[NH2+]C1CC1)Nc1nc(-c2ccccc2)cn1-c1ccccc1
decoy_3211,0.371355,0.446951,0.68485,0.654973,0.482292,0.477883,O=C(CN[C@H]1CCc2ccccc21)Nc1cccs1
decoy_3212,0.39439,0.508434,0.728463,0.829783,0.547995,0.56568,O=C(C[NH2+]C1CCCC1)Nc1ccccc1
decoy_3213,0.448862,0.46431,0.77057,0.688037,0.548588,0.512722,O=C(CN[C@H]1CCCc2ccccc21)Nc1cccs1
decoy_3214,0.333552,0.373866,0.667643,0.643971,0.472855,0.477381,O=C(CN[C@H]1CCCc2ccccc21)Nc1ccc(-c2ccccc2)s1
decoy_3215,0.337947,0.401371,0.612222,0.626448,0.482513,0.48659,O=C(CNc1ccccc1)c1ccc[nH]1
decoy_3216,0.402111,0.47804,0.878752,0.84731,0.559107,0.54899,O=C(CN(C(=O)C1CCCC1)C1CCCCC1)NCc1ccc[nH]1
decoy_3217,0.445812,0.512738,0.835016,0.81426,0.582972,0.552834,O=C(CNc1ccccc1N1CCCCC1)NCc1ccccc1
decoy_3218,0.402265,0.514126,0.718835,0.733737,0.517895,0.543103,O=C(CNc1ccccc1-n1cccn1)NC1CC1
decoy_3219,0.398577,0.518489,0.729089,0.763506,0.484467,0.540019,O=C(CNc1ccccc1-n1cccn1)NCC1CC1
decoy_322,0.348177,0.369857,0.540681,0.569861,0.438976,0.465448,CC1(C)CCC2(CC1)C[C@@H](O)CCO2
decoy_3220,0.294106,0.379831,0.571274,0.633492,0.415744,0.474365,O=C(CNc1ccccc1)N1CCNC1=O
decoy_3221,0.429073,0.498676,0.766206,0.76081,0.498928,0.508082,O=C(CNc1ccccc1N1CCOCC1)Nc1ccccc1
decoy_3222,0.411311,0.514045,0.753909,0.784259,0.500798,0.534139,O=C(CNc1ccccc1)N1CCC(Cn2ccnn2)CC1
decoy_3223,0.46759,0.517825,0.776995,0.710686,0.58207,0.540225,O=C(CNc1ccccc1)NC1CCCC1
decoy_3224,0.399607,0.465336,0.79036,0.795181,0.525112,0.538814,O=C(C[NH2+]C1CCCCC1)NC1CCCC1
decoy_3225,0.38019,0.389626,0.655382,0.592097,0.489919,0.452158,O=C(CNc1ccccc1)Nc1ccccc1
decoy_3226,0.473081,0.506654,0.785638,0.711994,0.588017,0.53757,O=C(CNc1ccccc1)NC1CCCCC1
decoy_3227,0.341455,0.458879,0.668267,0.797925,0.483242,0.553673,O=C(C[NH2+]C1CCCCC1)Nc1ccccc1
decoy_3228,0.376688,0.432135,0.787515,0.779062,0.507264,0.491391,O=C(C[NH2+]C1CCCCC1)NC1CCCCC1
decoy_3229,0.480477,0.483739,0.760718,0.69137,0.55632,0.519906,O=C(CNc1ccccc1)Nc1cccs1
decoy_323,0.479831,0.441283,0.748214,0.693895,0.529029,0.481211,N#C[C@H]1CCCN1Cc1ccco1
decoy_3230,0.419026,0.506239,0.782779,0.774925,0.513676,0.544366,O=C(CNc1ccccc1)N[C@H]1CCS(=O)(=O)C1
decoy_3231,0.446068,0.521993,0.737537,0.723376,0.517186,0.529306,O=C(CNc1ccccc1)Nc1cc2c(s1)CCCC2
decoy_3232,0.352652,0.406901,0.733899,0.804568,0.489031,0.500343,O=C(C[NH2+]C1CCCCC1)Nc1cc2c(s1)CCCC2
decoy_3233,0.464129,0.490433,0.754617,0.714053,0.521808,0.51407,O=C(CNc1ccccc1)Nc1cc2c(s1)CCCCC2
decoy_3234,0.428136,0.561846,0.727699,0.784386,0.525458,0.540117,O=C(CNc1ccccc1)Nc1cc(-c2ccccc2)cs1
decoy_3235,0.4169,0.469185,0.767479,0.734242,0.514795,0.496373,O=C(C[NH2+]C1CCCCC1)NCC1CC1
decoy_3236,0.482283,0.540779,0.796707,0.733563,0.568832,0.543957,O=C(CNc1ccccc1)NCc1ccccc1
decoy_3237,0.464308,0.489609,0.811773,0.738874,0.551035,0.495442,O=C(CNc1ccccc1)NCC1(c2ccccc2)CCC1
decoy_3238,0.404592,0.486042,0.733096,0.751684,0.501359,0.496681,O=C(CNc1ccccc1)NCc1ccc2c(c1)CCCC2
decoy_3239,0.418914,0.451126,0.812049,0.742508,0.508778,0.49398,O=C(CNc1ccccc1)NCc1ccnc(OCC2CC2)c1
decoy_324,0.417354,0.395012,0.736011,0.751771,0.50468,0.47788,Cl[C@H]1CCCC[C@@H]1C1CC1
decoy_3240,0.40043,0.514767,0.724788,0.790181,0.500883,0.541007,O=C(CNc1ccccc1)NCCc1cccc2c1OCOC2
decoy_3241,0.446761,0.566061,0.713955,0.771554,0.515287,0.575295,O=C(CNc1ccccc1)NCCc1ccccc1
decoy_3242,0.431333,0.508565,0.724972,0.742371,0.507999,0.53511,O=C(CNc1ccccc1)NCCC1=CCCCC1
decoy_3243,0.423015,0.528285,0.761901,0.791259,0.546136,0.556467,O=C(CNc1ccccc1)N/N=C/c1cccc2ccccc12
decoy_3244,0.447216,0.613869,0.728909,0.799934,0.542499,0.618836,O=C(CNc1ccccc1)N/N=C/c1ccccc1
decoy_3245,0.404166,0.507857,0.747026,0.777872,0.536869,0.537792,O=C(CNc1ccccc1)N/N=C/c1ccc(-c2ccccc2)o1
decoy_3246,0.381794,0.471422,0.73991,0.752942,0.467567,0.497393,O=C(CNc1ccccc1OC[C@H]1CCCO1)Nc1ccccc1
decoy_3247,0.394576,0.328501,0.784877,0.604811,0.473131,0.407596,O=C(CN(c1ccccc1)S(=O)(=O)c1ccccc1)N1CCCCC1
decoy_3248,0.323411,0.375188,0.638368,0.621953,0.497545,0.449778,O=C(CNc1ccccn1)NC1CC1
decoy_3249,0.346833,0.400505,0.628137,0.617214,0.490126,0.472878,O=C(CNc1ccncn1)N1CCCCC1
decoy_325,0.423548,0.404028,0.717537,0.736595,0.488252,0.43787,Br[C@@H]1CCCCC[C@H]1C1CC1
decoy_3250,0.444363,0.493332,0.788513,0.729013,0.566952,0.535643,O=C(CNc1ncnc2sccc12)NC1CCCCC1
decoy_3251,0.349652,0.440008,0.826646,0.920743,0.547431,0.583632,O=C(CNc1ncnc2sccc12)NCc1ccccc1C[NH+]1CCCCC1
decoy_3252,0.437183,0.43981,0.848214,0.723451,0.526613,0.491583,O=C(CNC1=NS(=O)(=O)c2ccccc21)N1CCCCC1
decoy_3253,0.39953,0.471411,0.818369,0.79277,0.510756,0.512636,O=C(CNC1=NS(=O)(=O)c2ccccc21)NCCc1ccccc1
decoy_3254,0.407662,0.464145,0.802447,0.765496,0.57417,0.517032,O=C(CNC1(c2ncon2)CCCCC1)Nc1ccccc1
decoy_3255,0.478823,0.579818,0.795034,0.774808,0.545562,0.553615,O=C(CNc1ccc2c(c1)OCC2)Nc1ccccc1
decoy_3256,0.380702,0.490889,0.717452,0.767573,0.452756,0.503615,O=C(CNc1cccc2c1CCCC2)Nc1cc(-c2ccccc2)cs1
decoy_3257,0.361361,0.550985,0.71483,0.845635,0.488621,0.556879,O=C(CNc1cccc(C#Cc2ccccc2)c1)Nc1ccccc1
decoy_3258,0.37108,0.466892,0.810938,0.856459,0.507316,0.550096,O=C(CNc1cccc(S(=O)(=O)N2CCCCC2)c1)Nc1ccccc1
decoy_3259,0.425456,0.424535,0.763218,0.684021,0.492017,0.471946,O=C(CNc1ccc(N2CCCCC2)cc1)Nc1ccccc1
decoy_326,0.46643,0.494233,0.698259,0.75526,0.522975,0.549754,CC[C@@H]1CCCC[C@H]1[C@]1(O)CC[C@H](C)C1
decoy_3260,0.411533,0.530231,0.783749,0.821694,0.507942,0.573993,O=C(CNc1ccc(N2CCOCC2)cc1)Nc1ccccc1
decoy_3261,0.395752,0.477419,0.784114,0.781262,0.497388,0.51841,O=C(CNc1ccc(-n2cncn2)cc1)NC1CCCCCC1
decoy_3262,0.375541,0.452368,0.730872,0.738777,0.468739,0.501735,O=C(CNc1ccc(OC[C@H]2CCCO2)cc1)Nc1ccccc1
decoy_3263,0.395908,0.526292,0.704917,0.828774,0.535366,0.57249,O=C(C[NH2+]CC1CC1)Nc1ccccc1
decoy_3264,0.359669,0.506147,0.757958,0.882988,0.498389,0.559725,O=C(C[NH2+]CC1CC1)N(Cc1ccccc1)Cc1cccs1
decoy_3265,0.402935,0.451001,0.820743,0.866481,0.509359,0.54208,O=C(C[NH2+]CC1CCC1)NC1CCCCCCC1
decoy_3266,0.470055,0.647139,0.759616,0.836842,0.553417,0.690068,O=C(CN[C@H](c1ccccc1)c1cccs1)c1ccc[nH]1
decoy_3267,0.410974,0.545623,0.793913,0.849349,0.527916,0.586573,O=C(CN[C@H](c1ccccc1)c1cccs1)NC1CCCCC1
decoy_3268,0.383333,0.410552,0.77424,0.707956,0.494351,0.473385,O=C(CN[C@H](c1ccccc1)c1cccs1)Nc1ccc2c(c1)OCCO2
decoy_3269,0.389657,0.457141,0.808374,0.795627,0.497224,0.528319,O=C(CNCc1ccccc1N1CCCCC1)Nc1cc2c(s1)CCC2
decoy_327,0.462079,0.418094,0.666844,0.60048,0.548665,0.495823,C[C@@H]1CC[C@@](O)(C2CCOCC2)C1
decoy_3270,0.311757,0.419279,0.550759,0.635525,0.425133,0.499252,O=C(CNCc1ccccc1)NC1CC1
decoy_3271,0.497122,0.581711,0.782054,0.754334,0.597975,0.557448,O=C(CNCc1ccccc1)Nc1ccccc1
decoy_3272,0.414183,0.494206,0.747802,0.730496,0.56208,0.529362,O=C(CNCc1ccccc1)Nc1cccs1
decoy_3273,0.407474,0.540967,0.751485,0.794453,0.537978,0.62881,O=C(CNCc1ccccc1)Nc1ccno1
decoy_3274,0.421839,0.513076,0.775703,0.775696,0.541033,0.53616,O=C(CNCc1ccccc1)Nc1cc2c(s1)CCC2
decoy_3275,0.332008,0.424134,0.645212,0.700093,0.421283,0.457474,O=C(C[NH2+]Cc1ccccc1)Nc1nc(-c2ccccc2)cs1
decoy_3276,0.472799,0.561679,0.788133,0.766392,0.547913,0.561344,O=C(CNCc1ccccc1)NCc1ccccc1
decoy_3277,0.359231,0.441909,0.862476,0.897672,0.55349,0.565792,O=C(CNCc1ccccc1)NC[C@@H](c1ccccc1)[NH+]1CCCC1
decoy_3278,0.442058,0.53329,0.885405,0.890634,0.551703,0.540622,O=C(CN(Cc1ccco1)C(=O)c1ccccc1)NC1CCCCC1
decoy_3279,0.381175,0.460943,0.801956,0.810577,0.493699,0.520662,O=C(CN(Cc1ccco1)C(=O)C1CCCCC1)NC1CCCCC1
decoy_328,0.467606,0.458988,0.681457,0.664019,0.51681,0.49318,CC[C@H]1CC[C@@](O)(C2CCCCC2)C1
decoy_3280,0.403791,0.478578,0.756809,0.768182,0.517536,0.478458,O=C(C[NH2+]Cc1ccco1)NC1CCCCC1
decoy_3281,0.396365,0.476841,0.716138,0.754595,0.489785,0.504771,O=C(C[NH2+]Cc1cccs1)NC1CC1
decoy_3282,0.390333,0.486673,0.708534,0.738045,0.488735,0.535101,O=C(C[NH2+]Cc1cccs1)NCc1ccccc1
decoy_3283,0.352051,0.450929,0.708023,0.728652,0.489093,0.503824,O=C(CNCc1cc(=O)oc2ccccc12)Nc1ccccc1
decoy_3284,0.389224,0.516697,0.711222,0.815534,0.535749,0.596333,O=C(C[NH2+]Cc1ccsc1)Nc1ccccc1
decoy_3285,0.390078,0.51399,0.810638,0.912929,0.540305,0.623379,O=C(C[NH2+]Cc1cn[nH]c1)N1CCN(c2ccccc2)CC1
decoy_3286,0.410262,0.539932,0.749902,0.790964,0.547116,0.57618,O=C(CNCc1cscn1)Nc1ccccc1
decoy_3287,0.334376,0.384672,0.794867,0.768916,0.483094,0.470033,O=C(C[NH2+]CC1(c2ccccc2)CCOCC1)NCCc1ccccc1
decoy_3288,0.361355,0.525112,0.724663,0.836252,0.468827,0.538225,O=C(CN[C@H](c1ccc2c(c1)CCC2)c1cccs1)Nc1ccon1
decoy_3289,0.43651,0.552345,0.773681,0.838392,0.525628,0.559574,O=C(CNCc1ccc(C2CCCCC2)cc1)c1ccc[nH]1
decoy_329,0.394402,0.426001,0.568981,0.611267,0.451821,0.470863,CC[C@H]1CCC[C@@H]([C@@H]2CC[C@H](O)C2)C1
decoy_3290,0.33931,0.474381,0.655511,0.803951,0.465533,0.524885,O=C(C[NH2+]Cc1ccc(-c2ccccc2)o1)Nc1cccs1
decoy_3291,0.343191,0.430038,0.801931,0.809829,0.485775,0.527533,O=C(C[NH2+]CC1(N2CCSCC2)CCCC1)Nc1ccccc1
decoy_3292,0.348603,0.453746,0.689415,0.748185,0.440952,0.506421,O=C(C[NH2+]CCC1=CCCCC1)Nc1ccccc1
decoy_3293,0.393915,0.551996,0.770413,0.863329,0.504272,0.604562,O=C(CNC[C@@H](C1=c2ccccc2=NC1)c1ccccc1)c1ccc[nH]1
decoy_3294,0.382845,0.516364,0.740801,0.822477,0.515662,0.563304,O=C(CNCCC1=c2ccccc2=NC1)Nc1ccon1
decoy_3295,0.361826,0.454489,0.792663,0.813272,0.474688,0.508177,O=C(CN(CC(=O)Nc1ccccc1)c1ccc2c(c1)CCC2)Nc1ccccc1
decoy_3296,0.386595,0.544854,0.741469,0.806269,0.504093,0.555421,O=C(CNC(=O)C1CC1)Nc1ccnn1-c1ccccc1
decoy_3297,0.444542,0.556329,0.78612,0.791198,0.555574,0.541883,O=C(CNC(=O)C1CCC1)Nc1ccccc1
decoy_3298,0.384565,0.464302,0.712176,0.71075,0.527322,0.55034,O=C(CNC(=O)C1CCCC1)Nc1nccs1
decoy_3299,0.431353,0.551997,0.823481,0.86361,0.524652,0.567634,O=C(CNC(=O)C1CCCC1)Nc1ncc(Cc2ccccc2)s1
decoy_33,0.429781,0.406024,0.739254,0.783654,0.510414,0.492271,CC(C)(Cl)CCCCl
decoy_330,0.367769,0.406947,0.58807,0.650466,0.452963,0.482633,CC[C@@H]1CCC[C@@H](CC[C@H](O)C2CC2)C1
decoy_3300,0.254524,0.30849,0.52066,0.548448,0.359025,0.395799,O=C(NCC(=O)N1CC[NH2+]CC1)c1ccccc1
decoy_3301,0.425112,0.551863,0.766475,0.808715,0.556175,0.649998,O=C(NCC(=O)N1C(=O)c2ccccc2C1=O)c1ccccc1
decoy_3302,0.474791,0.565533,0.76588,0.742006,0.560889,0.54499,O=C(CNC(=O)c1ccccc1)Nc1ccccc1
decoy_3303,0.45762,0.549067,0.822641,0.81178,0.55718,0.578149,O=C(CNC(=O)c1ccccc1)NC1CCCCC1
decoy_3304,0.441494,0.509782,0.804741,0.762979,0.545389,0.506293,O=C(CNC(=O)C1CCCCC1)Nc1ccccc1
decoy_3305,0.388527,0.510151,0.782308,0.820538,0.541887,0.572364,O=C(CNC(=O)c1ccccc1)Nc1ccnn1-c1ccccc1
decoy_3306,0.370752,0.499961,0.754322,0.811136,0.524474,0.530335,O=C(CNC(=O)c1ccccc1)Nc1nnc(-c2ccccc2)s1
decoy_3307,0.461872,0.565183,0.776784,0.762189,0.531108,0.571435,O=C(CNC(=O)c1ccccc1)NCc1ccccc1
decoy_3308,0.412113,0.426698,0.821807,0.720186,0.545283,0.467153,O=C(CNC(=O)c1ccccc1)N[C@H](c1ccccc1)c1ccsc1
decoy_3309,0.477174,0.58045,0.816815,0.802001,0.568827,0.599571,O=C(CNC(=O)c1ccccc1)NCc1ccncc1
decoy_331,0.360004,0.378881,0.583604,0.662561,0.433541,0.445935,Cl[C@H]1CC[C@@H](C2CCCC2)C1
decoy_3310,0.499814,0.60393,0.78021,0.760058,0.553625,0.592485,O=C(CNC(=O)c1ccccc1)NCc1ccsc1
decoy_3311,0.431482,0.566059,0.769948,0.843875,0.544522,0.607401,O=C(CNC(=O)c1ccccc1)NCCc1ccccc1
decoy_3312,0.406578,0.475818,0.852065,0.8208,0.541706,0.525184,O=C(CNC(=O)c1ccccc1)N[C@@H](Cc1ccccc1)c1ccccc1
decoy_3313,0.410946,0.531715,0.778481,0.843199,0.520197,0.555689,O=C(CNC(=O)c1ccccc1)NCCC1=c2ccccc2=NC1
decoy_3314,0.40012,0.478378,0.827155,0.832353,0.545965,0.535633,O=C(CNC(=O)c1ccccc1)NCCC[NH+]1CCCC1
decoy_3315,0.370136,0.462944,0.794742,0.873572,0.524848,0.566162,O=C(CNC(=O)c1ccccc1)NCCC[NH+]1CCCCC1
decoy_3316,0.424392,0.582247,0.812594,0.901215,0.552976,0.635747,O=C(CNC(=O)c1ccccc1)NCCCOc1ccccc1
decoy_3317,0.328926,0.414274,0.783419,0.824196,0.476868,0.511203,O=C(CNC(=O)c1ccccc1)NC[C@@H](c1ccccc1)[NH+]1CCCC1
decoy_3318,0.321794,0.405617,0.76624,0.78163,0.472662,0.485155,O=C(CNC(=O)c1ccccc1)NC[C@@H](c1ccco1)[NH+]1CCCC1
decoy_3319,0.419576,0.559791,0.810113,0.866255,0.559023,0.603076,O=C(CNC(=O)c1ccccc1)NCCOc1ccccc1
decoy_332,0.376798,0.31252,0.630992,0.586374,0.447676,0.389557,CC(C)[C@@H]1CCC[C@@H](Cl)C1
decoy_3320,0.408316,0.543444,0.807012,0.868501,0.529116,0.555328,O=C(CNC(=O)c1ccccc1)NCCSCc1ccccc1
decoy_3321,0.380043,0.511826,0.799238,0.851549,0.548192,0.572502,O=C(CNC(=O)c1ccccc1)NCS(=O)(=O)c1ccccc1
decoy_3322,0.448281,0.620571,0.78965,0.884343,0.548347,0.64462,O=C(CNC(=O)c1ccccc1)N/N=C/c1ccccc1
decoy_3323,0.427144,0.559233,0.793848,0.830637,0.528404,0.559861,O=C(CNC(=O)c1ccccc1)N/N=C/C1=c2ccccc2=NC1
decoy_3324,0.408311,0.535043,0.774814,0.829591,0.509033,0.568287,O=C(CNC(=O)c1ccccc1)OCc1cc(=O)oc2ccccc12
decoy_3325,0.489537,0.597547,0.774456,0.756029,0.585325,0.594074,O=C(CNC(=O)c1ccccc1)OCc1ccsc1
decoy_3326,0.376494,0.490746,0.794368,0.847744,0.525007,0.531074,O=C(CNC(=O)c1ccccc1)OCc1ncc2c3c(sc2n1)CCCCC3
decoy_3327,0.456452,0.619985,0.802997,0.883995,0.556894,0.650876,O=C(CNC(=O)c1ccccc1)OCCOc1ccccc1
decoy_3328,0.447761,0.600831,0.809879,0.864932,0.556571,0.62699,O=C(CNC(=O)c1ccccc1)OCC(=O)c1ccccc1
decoy_3329,0.462626,0.597398,0.792267,0.795248,0.570126,0.588448,O=C(CNC(=O)c1ccccc1)OCC(=O)c1cccs1
decoy_333,0.37572,0.431803,0.577185,0.692856,0.469079,0.494829,Clc1ccc(C[C@H]2CCCC[C@H](Cl)C2)s1
decoy_3330,0.38316,0.501592,0.736497,0.790088,0.552327,0.641401,O=C(CNC(=O)c1ccco1)NC1CCCCC1
decoy_3331,0.385896,0.538607,0.752077,0.834367,0.531555,0.675738,O=C(CNC(=O)c1ccco1)NCCc1ccccc1
decoy_3332,0.351405,0.460548,0.758741,0.840579,0.490701,0.553331,O=C(CNC(=O)c1ccco1)NC[C@@H](c1ccccc1)[NH+]1CCCC1
decoy_3333,0.447912,0.598991,0.743742,0.828321,0.533189,0.617167,O=C(CNC(=O)c1cccs1)NCCc1ccccc1
decoy_3334,0.443536,0.594254,0.816786,0.869858,0.592685,0.630938,O=C(CNC(=O)c1ccoc1)NCCOc1ccccc1
decoy_3335,0.427908,0.529781,0.786474,0.793637,0.595688,0.577739,O=C(CNC(=O)C1CCOCC1)Nc1ccccc1
decoy_3336,0.358515,0.359111,0.846959,0.738783,0.48637,0.436198,O=C(CNC(=O)[C@]12C[C@H]3C[C@H](C[C@H](C3)C1)C2)NC(c1ccccc1)c1ccccc1
decoy_3337,0.419688,0.455046,0.85585,0.800078,0.520509,0.497803,O=C(CNC(=O)[C@]12C[C@H]3C[C@H](C[C@H](C3)C1)C2)NCCCn1cccn1
decoy_3338,0.388626,0.410901,0.901649,0.836264,0.560998,0.503177,O=C(CNC(=O)[C@]12C[C@H]3C[C@H](C[C@H](C3)C1)C2)NCCCOCC1CC1
decoy_3339,0.45189,0.556564,0.802263,0.7868,0.555061,0.557167,O=C(CNC(=O)[C@@H]1C=c2ccccc2=N1)NCc1ccco1
decoy_334,0.369184,0.384939,0.605,0.668024,0.434885,0.428745,Cl[C@H]1CCCC[C@H](C2CC2)C1
decoy_3340,0.382782,0.45409,0.855449,0.825143,0.549669,0.5165,O=C(CN(C(=O)c1ccc(-c2ccccc2)[nH]1)c1ccccc1)NC1CCCC1
decoy_3341,0.410335,0.451038,0.908787,0.84602,0.555499,0.507304,O=C(CN(C(=O)c1ccc(-c2ccccc2)[nH]1)c1ccccc1)NC1CCCCC1
decoy_3342,0.42152,0.474812,0.827596,0.82107,0.541449,0.551828,O=C(CNC(=O)Cc1ccccc1)NCCCOc1ccccc1
decoy_3343,0.442996,0.588811,0.789981,0.88269,0.523866,0.613864,O=C(CNC(=O)Cc1ccccc1)NCCOc1ccccc1
decoy_3344,0.428298,0.501864,0.783509,0.758343,0.586878,0.546692,O=C(Cc1cscn1)NCC(=O)NC1CCCC1
decoy_3345,0.347847,0.471467,0.67794,0.741926,0.523147,0.561758,O=C(/C=C/c1cccs1)NCC(=O)Nc1ccon1
decoy_3346,0.405043,0.455257,0.829801,0.865061,0.567518,0.553793,O=C(C[NH+]1CCCCC1)NCC(=O)Nc1ccccc1
decoy_3347,0.395556,0.512658,0.790535,0.813504,0.539998,0.546879,O=C(CNC(=O)COc1ccccc1)NCc1ccccc1
decoy_3348,0.448481,0.564766,0.803447,0.865965,0.55559,0.613055,O=C(COc1ccccc1)NCC(=O)N/N=C/c1ccccc1
decoy_3349,0.379216,0.495745,0.759811,0.791598,0.53742,0.526198,O=C(COC(=O)c1ccccc1)NCC(=O)Nc1ccccc1
decoy_335,0.459435,0.396468,0.767726,0.775864,0.523374,0.479233,C#CC[C@@H]1CCC[C@H](Br)C1
decoy_3350,0.443082,0.506995,0.816992,0.763998,0.550999,0.528424,O=C(NCC(=O)N1CCCCC1)C(=O)Nc1ccccc1
decoy_3351,0.417262,0.54792,0.737265,0.759027,0.51235,0.568527,O=C(CSc1nncs1)NCC(=O)Nc1ccccc1
decoy_3352,0.286651,0.31564,0.631371,0.588362,0.422229,0.424861,O=C(CNC(=O)N1CCC2=c3ccccc3=N[C@H]2C1)Nc1ccccc1
decoy_3353,0.432014,0.534472,0.797479,0.831161,0.580784,0.552344,O=C(NCC(=O)OCC1CCCCC1)NCc1ccco1
decoy_3354,0.450815,0.608203,0.810962,0.889595,0.574777,0.672671,O=C(CNC(=O)OCc1ccccc1)NCc1ccccc1
decoy_3355,0.404915,0.496544,0.792608,0.791361,0.523528,0.558926,O=C(CNC(=O)OCc1ccccc1)NCCSc1ccccc1
decoy_3356,0.40415,0.496962,0.806242,0.815684,0.533105,0.558434,O=C(CNC(=O)OCc1ccccc1)NCCSCc1ccccc1
decoy_3357,0.348056,0.463735,0.791719,0.866499,0.466864,0.519165,O=C(CNC(=S)N(Cc1ccccc1)Cc1ccccc1)NC[C@H]1CCCO1
decoy_3358,0.411922,0.530958,0.762899,0.85615,0.522851,0.593102,O=C(CNS(=O)(=O)c1ccccc1)NCCc1ccccc1
decoy_3359,0.430749,0.470244,0.839599,0.753347,0.559422,0.50286,O=C(CNS(=O)(=O)c1ccccc1)NCCc1ccsc1
decoy_336,0.462242,0.420495,0.732341,0.732155,0.500041,0.482332,Br[C@H]1CCCC[C@H](CC2CCCC2)C1
decoy_3360,0.380012,0.416138,0.877966,0.857048,0.557888,0.536722,O=C(CNS(=O)(=O)c1ccccc1)NCC[N@H+]1CCc2ccccc2C1
decoy_3361,0.443107,0.442127,0.774177,0.667933,0.527474,0.470947,O=C(CNS(=O)(=O)c1ccccc1)OCc1ccccc1
decoy_3362,0.284095,0.343891,0.822797,0.815441,0.533889,0.485578,O=C(CNS(=O)(=O)c1cccs1)NC[C@H]1CCC[N@@H+]1CC1CCCCC1
decoy_3363,0.40187,0.485774,0.819695,0.842478,0.49621,0.524371,O=C(CNS(=O)(=O)c1ccc(OC2CCCC2)cc1)NC1CC1
decoy_3364,0.466647,0.517524,0.765456,0.705728,0.573309,0.525753,O=C(COC1CCCC1)NNC(=O)c1cccs1
decoy_3365,0.395744,0.482901,0.718803,0.731545,0.498418,0.512248,O=C(COc1cccc2ccc(=O)[nH]c12)Nc1ccccc1
decoy_3366,0.374217,0.476043,0.808349,0.87368,0.527496,0.564211,O=C(COc1cccc2oc(=O)ccc12)NC1CC[NH2+]CC1
decoy_3367,0.37667,0.529515,0.771981,0.860525,0.517892,0.583004,O=C(COc1ccccc1-c1ccccc1)NNC(=O)c1ccccc1
decoy_3368,0.538072,0.604064,0.773413,0.866098,0.577374,0.604685,O=C(COc1ccccc1)c1cccs1
decoy_3369,0.396285,0.477583,0.678887,0.706554,0.460143,0.477755,O=C(COc1ccccc1)c1cc[nH]c1
decoy_337,0.392515,0.369914,0.719969,0.717869,0.453782,0.410246,C[C@H]1CCCC[C@@H](Br)C1
decoy_3370,0.506236,0.652733,0.797173,0.852713,0.590687,0.742747,O=C(COc1ccccc1)C1=NCC=C1
decoy_3371,0.403408,0.568421,0.712136,0.805349,0.489563,0.550837,O=C(COc1ccccc1Cc1ccccc1)OCc1csnn1
decoy_3372,0.388527,0.530173,0.783596,0.833406,0.488932,0.546804,O=C(COc1ccccc1C(=O)OCc1ccsc1)Nc1ccccc1
decoy_3373,0.525027,0.560009,0.74666,0.711024,0.548639,0.574396,O=C(COc1ccccc1)N1CCCCC1
decoy_3374,0.354682,0.450732,0.589151,0.715191,0.460337,0.511166,O=C(COc1ccccc1)n1cccn1
decoy_3375,0.335317,0.362054,0.700893,0.656874,0.445933,0.452047,O=C(COc1ccccc1)N1CCC2(CC[NH2+]CC2)C1
decoy_3376,0.482873,0.545229,0.797419,0.762206,0.540785,0.545248,O=C(COc1ccccc1)N1CCC2=c3ccccc3=N[C@H]2C1
decoy_3377,0.303202,0.383562,0.785729,0.903589,0.464887,0.487829,O=C(NC1CCCCC1)[C@H]1CN(C(=O)COc2ccccc2)CC12CC[NH2+]CC2
decoy_3378,0.307956,0.400485,0.830664,0.867615,0.455946,0.488972,O=C(NCc1ccccc1)[C@H]1CN(C(=O)COc2ccccc2)CC12CC[NH2+]CC2
decoy_3379,0.481427,0.546031,0.80995,0.770704,0.575691,0.55064,O=C(COc1ccccc1)NC1CC1
decoy_338,0.422716,0.402694,0.683511,0.681123,0.483423,0.458588,CC[C@@H](C)C[C@@H]1CCCC[C@H](Br)C1
decoy_3380,0.446242,0.493943,0.783907,0.723507,0.555032,0.50853,O=C(COc1ccccc1)Nc1cccc2c1C(=O)NC2=O
decoy_3381,0.32761,0.438635,0.59318,0.655181,0.496414,0.559468,O=C(COc1ccccc1)Nc1ccccc1
decoy_3382,0.461295,0.502914,0.774373,0.708565,0.57891,0.530354,O=C(COc1ccccc1)NC1CCCCC1
decoy_3383,0.375832,0.539758,0.842348,0.959129,0.561553,0.638311,O=C(COc1ccccc1)Nc1ccccc1C(=O)NC1CCCCC1
decoy_3384,0.31914,0.43511,0.584942,0.658596,0.456981,0.490524,O=C(COc1ccccc1)Nc1cccs1
decoy_3385,0.295073,0.405797,0.59278,0.678015,0.42395,0.497703,O=C(COc1ccccc1)Nc1cc[nH]n1
decoy_3386,0.280646,0.383255,0.556904,0.624408,0.404699,0.443016,O=C(COc1ccccc1)Nc1cnc[nH]c1=O
decoy_3387,0.297868,0.431543,0.57672,0.695606,0.423109,0.528558,O=C(COc1ccccc1)Nc1nccs1
decoy_3388,0.301975,0.432387,0.613982,0.736738,0.438566,0.544299,O=C(COc1ccccc1)Nc1nncs1
decoy_3389,0.445855,0.410255,0.717952,0.608205,0.498783,0.455276,O=C(COc1ccccc1)Nc1cc2c(s1)CCCC2
decoy_339,0.367746,0.385341,0.585821,0.643419,0.445666,0.437461,C=CCCC[C@@H]1CCCC[C@@H](Br)C1
decoy_3390,0.347793,0.410886,0.713707,0.768142,0.518064,0.612825,O=C(COc1ccccc1)Nc1cc2c(s1)C[NH2+]CC2
decoy_3391,0.481559,0.470974,0.775833,0.671927,0.561868,0.484157,O=C(COc1ccccc1)Nc1ccc2c(c1)CCC2
decoy_3392,0.432358,0.57522,0.702441,0.765351,0.52266,0.550695,O=C(COc1ccccc1)Nc1cc(-c2ccccc2)cs1
decoy_3393,0.414981,0.519913,0.655063,0.695046,0.460408,0.515659,O=C(COc1ccccc1)Nc1ccc(-c2ccco2)cc1
decoy_3394,0.464449,0.447648,0.687539,0.623151,0.495559,0.459317,O=C(COc1ccccc1)Nc1cccc(-c2ccco2)c1
decoy_3396,0.293371,0.350079,0.689301,0.77774,0.474578,0.571402,O=C(COc1ccccc1)Nc1ccc2nc(N3CC[NH2+]CC3)ccc2c1
decoy_3397,0.449578,0.540404,0.749317,0.736186,0.537165,0.564217,O=C(COc1ccccc1)NCc1ccccc1
decoy_3398,0.498728,0.574837,0.809011,0.782273,0.573305,0.537827,O=C(COc1ccccc1)N[C@H](c1ccccc1)c1cccs1
decoy_3399,0.50932,0.589256,0.77285,0.755551,0.5529,0.537073,O=C(COc1ccccc1)NCc1ccco1
decoy_34,0.352401,0.330972,0.716054,0.7612,0.444501,0.438771,C=CCC[C@@H](C)Br
decoy_340,0.408329,0.442587,0.822994,0.770037,0.582322,0.52874,C[C@H]1CCC[C@@H]1[NH2+][C@@H]1CCCC[C@@H]1C#N
decoy_3400,0.522243,0.592002,0.787362,0.754231,0.568979,0.540139,O=C(COc1ccccc1)NCc1cccs1
decoy_3401,0.320651,0.428785,0.628653,0.688358,0.460819,0.484165,O=C(COc1ccccc1)NCc1nncs1
decoy_3402,0.430798,0.494928,0.751074,0.753248,0.514935,0.523545,O=C(COc1ccccc1)NC[C@]12C[C@H]3C[C@H](C[C@H](C3)C1)C2
decoy_3403,0.470683,0.493836,0.830831,0.749722,0.57751,0.509368,O=C(COc1ccccc1)NCC1(c2ccccc2)CCC1
decoy_3404,0.413873,0.498892,0.714929,0.739696,0.485846,0.492908,O=C(COc1ccccc1)NCc1ccc2c(c1)CCCC2
decoy_3405,0.332275,0.443406,0.702903,0.738221,0.514164,0.501338,O=C(COc1ccccc1)NCc1nc2ccccc2[nH]1
decoy_3406,0.450164,0.553918,0.70122,0.733694,0.508112,0.558097,O=C(COc1ccccc1)NCCc1ccccc1
decoy_3407,0.395445,0.471169,0.760435,0.730569,0.547427,0.505185,O=C(COc1ccccc1)NCCC1=c2ccccc2=NC1
decoy_3408,0.428582,0.546107,0.715448,0.762576,0.508622,0.549264,O=C(COc1ccccc1)NCCCc1ccccc1
decoy_3409,0.44828,0.551726,0.792983,0.824951,0.552928,0.57511,O=C(COc1ccccc1)NCCCOc1ccccc1
decoy_341,0.392191,0.367269,0.662553,0.684319,0.442584,0.402137,C[C@@H]1CCC[C@H]1N=C=S
decoy_3410,0.45673,0.551954,0.768093,0.771889,0.538428,0.547379,O=C(COc1ccccc1)NCCNc1ccccc1
decoy_3411,0.336891,0.469442,0.685148,0.724549,0.495826,0.532056,O=C(COc1ccccc1)[N-]C(=S)Nc1ccccc1
decoy_3412,0.356024,0.426654,0.720487,0.692115,0.521269,0.500135,O=C(COc1ccccc1)[N-]C(=S)Nc1cccs1
decoy_3413,0.322372,0.406837,0.724861,0.729265,0.478218,0.477096,O=C(COc1ccccc1)[N-]C(=S)Nc1cc2c(s1)CCCC2
decoy_3414,0.432118,0.473492,0.770782,0.718462,0.536589,0.484917,O=C(COc1ccccc1)NNc1ccccn1
decoy_3415,0.447993,0.551132,0.735929,0.746514,0.552231,0.580474,O=C(COc1ccccc1)NNCc1ccccc1
decoy_3416,0.437531,0.574076,0.717187,0.765496,0.537443,0.56783,O=C(COc1ccccc1)N/N=C/c1ccccc1
decoy_3417,0.414096,0.560236,0.757575,0.832421,0.538836,0.580485,O=C(COc1ccccc1)N/N=C/c1cc2ccccc2[nH]c1=O
decoy_3418,0.281814,0.402791,0.538893,0.635413,0.412933,0.472753,O=C(COc1ccccc1)NNC(=O)C1CC1
decoy_3419,0.457536,0.552044,0.771479,0.754223,0.575361,0.574757,O=C(COc1ccccc1)NNC(=O)c1ccccc1
decoy_342,0.421985,0.479836,0.758399,0.804062,0.526939,0.572647,C[C@H]1CCN([C@@H]2CCC[C@@H]2C)CC[NH2+]1
decoy_3420,0.400142,0.533518,0.735147,0.781808,0.554229,0.646458,O=C(COc1ccccc1)NNC(=O)c1ccccn1
decoy_3421,0.47028,0.472859,0.864753,0.770084,0.584571,0.51341,O=C(COc1ccccc1)NNC(=O)[C@]12C[C@H]3C[C@H](C[C@H](C3)C1)C2
decoy_3422,0.456802,0.524786,0.800751,0.766382,0.611039,0.540924,O=C(COc1ccccc1)NNC(=O)Cc1ccccc1
decoy_3423,0.42756,0.478968,0.826233,0.78612,0.592775,0.523231,O=C(COc1ccccc1)NNC(=O)CN1CCCc2ccccc21
decoy_3424,0.436741,0.482913,0.824841,0.769501,0.584999,0.518726,O=C(COc1ccccc1)NNC(=O)CSCc1ccccc1
decoy_3425,0.330904,0.420305,0.699379,0.721668,0.457453,0.485754,O=C(COc1ccccc1)NNC(=S)/[NH+]=c1/ccc2cccoc-2c1
decoy_3426,0.445058,0.49236,0.680079,0.724072,0.510236,0.540602,O=C(COc1ccccc1)Oc1ccccc1
decoy_3427,0.355345,0.434578,0.600338,0.619508,0.449083,0.46983,O=C(COc1ccccc1)Oc1ccc2ccc(=O)oc2c1
decoy_3428,0.36446,0.424906,0.762123,0.744426,0.46458,0.469819,O=C(/C=C/c1ccc(OC(=O)COc2ccccc2)cc1)NCc1ccco1
decoy_3429,0.440505,0.442166,0.716018,0.694813,0.510226,0.470488,O=C(COc1ccccc1)Oc1ccc2c(c1)OC=C[C@H]2c1ccccc1
decoy_343,0.3508,0.388349,0.602087,0.622629,0.441988,0.436911,COC(=O)C#C[C@@H]1CCCOC1
decoy_3430,0.458299,0.471253,0.722366,0.709641,0.507658,0.471541,O=C(COc1ccccc1)Oc1ccc2c(c1)OC=C[C@H]2c1ccco1
decoy_3431,0.378924,0.454449,0.757565,0.748689,0.472095,0.49331,O=C1NC(COC(=O)COc2ccccc2)=C[C@@H](c2ccccc2)N1
decoy_3432,0.468796,0.546871,0.730678,0.775806,0.557155,0.608938,O=C(COc1ccccc1)OCCC1=CC[C@H]2C[C@@H]1C2
decoy_3433,0.48423,0.583339,0.765482,0.762508,0.577479,0.582791,O=C(COc1ccccc1)OCC(=O)c1ccccc1
decoy_3434,0.467784,0.534293,0.811035,0.784534,0.582269,0.53516,O=C(COc1ccccc1)OCC(=O)OC1CCCCC1
decoy_3435,0.496172,0.595898,0.797087,0.814566,0.567853,0.621748,O=C(COc1ccccc1)OCCSC(=O)Nc1ccccc1
decoy_3436,0.464651,0.590972,0.695921,0.742909,0.543034,0.581426,O=C(COc1ccccc1)O/N=C/c1ccccc1
decoy_3437,0.440664,0.558327,0.705013,0.735849,0.521263,0.542498,O=C(COc1ccccc1)O/N=C/Cc1ccccc1
decoy_3438,0.461814,0.538972,0.759012,0.729575,0.578649,0.564524,O=C(COC1CCOCC1)Nc1ccccc1
decoy_3439,0.443357,0.560247,0.825629,0.846406,0.547402,0.561501,O=C(COc1ccc2nc3n(c(=O)c2c1)CCC3)Nc1ccccc1
decoy_344,0.426899,0.458948,0.629737,0.690583,0.505158,0.482927,C[C@@H]1CCC[C@@H]1Nc1cccc(F)n1
decoy_3440,0.416554,0.486787,0.741397,0.710783,0.532535,0.520743,O=C(COC[C@H]1CCCCO1)Nc1ccccc1
decoy_3441,0.483557,0.584465,0.787751,0.772948,0.600866,0.551366,O=C(COCc1cccs1)Nc1ccccc1
decoy_3442,0.453166,0.51688,0.818949,0.784387,0.541119,0.522046,O=C(COC(=O)C1CCC1)Nc1cc2c(s1)CCCC2
decoy_3443,0.510193,0.55825,0.742489,0.727623,0.540965,0.574218,O=C(COC(=O)c1ccccc1)c1ccccc1
decoy_3444,0.499397,0.60732,0.788767,0.800106,0.570311,0.66867,O=C(OCC(=O)[C@@H]1C=CC=N1)c1ccccc1
decoy_3445,0.330102,0.41732,0.631666,0.660091,0.425026,0.477096,O=C(COC(=O)c1ccccc1)C1=c2ccccc2=N[C@@H]1c1ccccc1
decoy_3446,0.43132,0.62192,0.704007,0.825872,0.512854,0.656373,O=C(COC(=O)c1ccccc1)c1ccc2c(c1)CCN2
decoy_3447,0.454187,0.606922,0.731433,0.807587,0.512926,0.596895,O=C(COC(=O)c1ccccc1)c1ccn(-c2ccccc2)c1
decoy_3448,0.462383,0.56192,0.747695,0.751887,0.549106,0.556305,O=C(OCC(=O)N1CCc2ccccc21)c1ccccc1
decoy_3449,0.500833,0.556818,0.766412,0.722522,0.531776,0.552578,O=C(OCC(=O)N1CCCC1)c1ccccc1
decoy_345,0.484904,0.578053,0.740266,0.77876,0.540122,0.59625,CCc1nnc(Cl)n1[C@@H](C)c1ccc(Cl)s1
decoy_3450,0.484583,0.537161,0.825213,0.782635,0.582126,0.558943,O=C(OCC(=O)N1CCCCCCC1)c1ccccc1
decoy_3451,0.485715,0.555308,0.771812,0.745421,0.535788,0.554754,O=C(OCC(=O)N1CCc2sccc2C1)c1ccccc1
decoy_3452,0.48968,0.547444,0.757731,0.719938,0.538289,0.562462,O=C(COC(=O)c1ccccc1)NC1CCCC1
decoy_3453,0.468899,0.5524,0.723643,0.703086,0.53527,0.524974,O=C(COC(=O)c1ccccc1)Nc1ccccc1
decoy_3454,0.468998,0.542433,0.80828,0.780498,0.568596,0.568202,O=C(COC(=O)c1ccccc1)NC1CCCCC1
decoy_3455,0.426202,0.512855,0.803658,0.813319,0.549637,0.599267,O=C(COC(=O)c1ccccc1)Nc1ccccc1-c1ccccc1
decoy_3456,0.39084,0.495182,0.803338,0.822155,0.512617,0.514012,O=C(COC(=O)c1ccccc1)Nc1ccccc1C(=O)NC1CCCC1
decoy_3457,0.430816,0.516486,0.793194,0.796009,0.537949,0.55229,O=C(COC(=O)c1ccccc1)Nc1ccccc1N1CCOCC1
decoy_3458,0.376201,0.477312,0.678702,0.694162,0.507242,0.537776,O=C(COC(=O)c1ccccc1)Nc1ccccn1
decoy_3459,0.470039,0.545569,0.783627,0.755688,0.562426,0.559963,O=C(COC(=O)c1ccccc1)Nc1cccs1
decoy_346,0.54068,0.508507,0.764357,0.675439,0.553261,0.516955,O=C([C@H]1CCCCO1)N1CCC[C@H](Cl)C1
decoy_3460,0.452035,0.546884,0.724662,0.728832,0.519666,0.528619,O=C(COC(=O)c1ccccc1)Nc1cc2c(s1)CCC2
decoy_3461,0.438561,0.492408,0.751845,0.709986,0.528315,0.506491,O=C(COC(=O)c1ccccc1)Nc1ccc2c(c1)OCCO2
decoy_3462,0.487382,0.568144,0.768896,0.747189,0.534371,0.570698,O=C(COC(=O)c1ccccc1)NCc1ccccc1
decoy_3463,0.514708,0.617055,0.783367,0.773867,0.570792,0.608112,O=C(COC(=O)c1ccccc1)NCc1ccco1
decoy_3464,0.44054,0.543199,0.724061,0.758958,0.514671,0.560455,O=C(COC(=O)c1ccccc1)NCCc1ccccc1
decoy_3465,0.447668,0.543124,0.742777,0.777285,0.524852,0.560886,O=C(COC(=O)c1ccccc1)NCCC1=CCCCC1
decoy_3466,0.469448,0.587364,0.778896,0.813502,0.553238,0.579943,O=C(COC(=O)c1ccccc1)NCCOc1ccccc1
decoy_3467,0.438148,0.535073,0.84086,0.845048,0.5347,0.558267,O=C(COC(=O)[C@@H]1CC=CCC1)NC(=O)NC1CCCC1
decoy_3468,0.383068,0.40922,0.858003,0.810035,0.591164,0.498864,O=C(COC(=O)c1ccccc1)NC(=O)N[C@]12C[C@H]3C[C@H](C[C@H](C3)C1)C2
decoy_3469,0.453287,0.499908,0.718711,0.692702,0.543494,0.514075,O=C(COC(=O)c1ccccc1)OC1CCCCC1
decoy_347,0.459793,0.501828,0.692661,0.787101,0.488875,0.53089,Br[C@@H](c1ccccc1)C1CCCCCC1
decoy_3470,0.41128,0.600824,0.77449,0.865678,0.523192,0.580535,O=C(COC(=O)c1ccccc1OCc1ccccc1)C1=NC=CC1
decoy_3471,0.404382,0.577139,0.816176,0.924689,0.543621,0.620262,O=C(COC(=O)c1ccccc1OCc1ccccc1)NC1CCCC1
decoy_3472,0.412678,0.598118,0.805791,0.911086,0.558899,0.600491,O=C(COC(=O)c1ccccc1OCc1ccccc1)Nc1cccs1
decoy_3473,0.257668,0.331019,0.564535,0.583553,0.388534,0.423099,O=C(OCC(=O)N1CC[NH2+]CC1)c1ccccn1
decoy_3474,0.381735,0.452585,0.725702,0.707441,0.511177,0.495538,O=C(COC(=O)c1ccccn1)NC1CCCCC1
decoy_3475,0.404637,0.519124,0.73,0.771458,0.511981,0.577514,O=C(COC(=O)c1ccccn1)NCCc1ccccc1
decoy_3476,0.504988,0.618227,0.806768,0.820827,0.588217,0.664142,O=C(COC(=O)c1ccc[nH]1)c1ccccc1
decoy_3477,0.458993,0.575612,0.810846,0.846368,0.548085,0.58912,O=C(COC(=O)c1ccc[nH]1)Nc1cc2c(s1)CCCC2
decoy_3478,0.409399,0.538716,0.705887,0.763403,0.480463,0.534044,O=C(COC(=O)c1cccs1)c1ccn(C[C@H]2CCCO2)c1
decoy_3479,0.475803,0.562816,0.746216,0.734066,0.539764,0.527157,O=C(COC(=O)c1cccs1)Nc1ccccc1
decoy_348,0.522646,0.503954,0.750842,0.794547,0.550474,0.522515,CCc1ccc([C@@H](Br)[C@@H](C)CC)cc1
decoy_3480,0.478516,0.581873,0.77773,0.770711,0.541567,0.540934,O=C(COC(=O)c1cccs1)Nc1cc2c(s1)CCC2
decoy_3481,0.473726,0.593474,0.797538,0.807621,0.557242,0.567449,O=C(COC(=O)c1ccsc1)Nc1ccccc1
decoy_3482,0.419621,0.590347,0.714017,0.813817,0.502981,0.575523,O=C(COC(=O)c1cnccn1)c1ccn(-c2ccccc2)c1
decoy_3483,0.340101,0.309464,0.692737,0.576609,0.45598,0.403256,O=C(COC(=O)c1cncn1-c1ccccc1)Nc1cc2c(s1)CCCC2
decoy_3484,0.418551,0.479711,0.788716,0.789874,0.518569,0.537473,O=C(COC(=O)c1c[nH]c2ccccc12)NCCC1=CCCCC1
decoy_3485,0.469995,0.556799,0.793486,0.779425,0.563089,0.556279,O=C(COC(=O)c1cnsc1)NC1CCCCC1
decoy_3486,0.474488,0.648344,0.799917,0.879114,0.565813,0.706439,O=C(COC(=O)c1cscn1)c1ccccc1
decoy_3487,0.39701,0.493348,0.732747,0.743685,0.539477,0.562437,O=C(COC(=O)c1cscn1)NC1CCCCC1
decoy_3488,0.415464,0.43091,0.795112,0.720084,0.540771,0.476668,O=C(COC(=O)[C@]12C[C@H]3C[C@H](C[C@H](C3)C1)C2)Nc1ccccn1
decoy_3489,0.421797,0.479859,0.821592,0.783908,0.553101,0.521408,O=C(COC(=O)c1c2c(nc3ccccc13)CCC2)NCC1CC1
decoy_349,0.517912,0.491103,0.763509,0.803466,0.541261,0.498371,CC(C)c1ccc([C@@H](Br)C(C)(C)C)cc1
decoy_3490,0.40925,0.509478,0.693431,0.697266,0.491328,0.506884,O=C(COC(=O)c1cc2cccnc2s1)Nc1ccccc1
decoy_3491,0.42907,0.52971,0.7401,0.736126,0.517277,0.518688,O=C(COC(=O)c1ccc2ncsc2c1)Nc1ccccc1
decoy_3492,0.421653,0.446385,0.865229,0.79891,0.554502,0.518991,O=C(COC(=O)c1ccc2[nH]ccc2c1)N[C@]12C[C@H]3C[C@H](C[C@H](C3)C1)C2
decoy_3493,0.402172,0.435132,0.757556,0.710126,0.517678,0.482547,O=C(COC(=O)c1ccc2c(c1)NC(=O)CS2)Nc1ccccc1
decoy_3494,0.255182,0.292444,0.562705,0.537991,0.383958,0.384758,O=C(COC(=O)c1ccc(NC2CC2)cc1)Nc1ccccc1
decoy_3495,0.413599,0.541586,0.729518,0.771352,0.530233,0.563126,O=C(COC(=O)c1cnc2ccccc2c1)Nc1cccs1
decoy_3496,0.348432,0.460748,0.727704,0.766794,0.441878,0.519402,O=C(COC(=O)c1cn(-c2ccccc2)nc1-c1cccs1)Nc1ccccc1
decoy_3497,0.467133,0.60978,0.788678,0.816613,0.568779,0.586979,O=C(COC(=O)c1cnc(-c2ccsc2)s1)Nc1ccccc1
decoy_3498,0.420519,0.489564,0.708588,0.702108,0.471752,0.534869,O=C(COC(=O)c1csc2c1CCCC2)Nc1ccccc1
decoy_3499,0.398894,0.563967,0.719513,0.821846,0.499035,0.54875,O=C(COC(=O)c1cc2cnn(-c3ccccc3)c2s1)Nc1cccs1
decoy_35,0.345387,0.33376,0.628979,0.657422,0.401444,0.383426,S=C=N[C@H]1C[C@H]2C=C[C@@H]1C2
decoy_350,0.405064,0.425316,0.61093,0.663588,0.459327,0.458892,CC[C@@H]1CC[C@H](Cl)[C@H](CC)C1
decoy_3500,0.427005,0.504178,0.730436,0.730563,0.508753,0.50458,O=C(COC(=O)C[C@H]1C[C@@H]2CC[C@H]1C2)Nc1ccccc1
decoy_3501,0.439522,0.507816,0.766856,0.750224,0.567468,0.5186,O=C(COC(=O)CC1CCCCC1)Nc1cccs1
decoy_3502,0.432502,0.548376,0.707119,0.744971,0.504134,0.56037,O=C(COC(=O)Cc1ccccc1)Nc1cc2c(s1)CCC2
decoy_3503,0.431232,0.490825,0.802926,0.770366,0.533854,0.51473,O=C(COC(=O)Cc1ccccc1)NC(=O)NC1CCCCC1
decoy_3504,0.471916,0.538106,0.778255,0.7581,0.534005,0.531761,O=C(COC(=O)/C=C/c1ccccc1)NC1CCCC1
decoy_3505,0.440735,0.578381,0.739808,0.808388,0.531875,0.582893,O=C(COC(=O)/C=C/c1ccccc1)Nc1ccccc1
decoy_3506,0.424291,0.616502,0.75194,0.872942,0.502194,0.617039,O=C(COC(=O)/C=C/c1ccccc1)Nc1cc2c(s1)CCC2
decoy_3507,0.375939,0.456403,0.816353,0.792076,0.503476,0.496946,O=C(COC(=O)/C=C/c1ccccc1)NC(=O)NC1CCCCC1
decoy_3508,0.386058,0.426435,0.82399,0.797944,0.518021,0.512419,O=C(COC(=O)/C=C/c1cnn(Cc2ccccc2)c1)Nc1cc2c(s1)CCC2
decoy_3509,0.455175,0.574742,0.813497,0.847395,0.542439,0.571204,O=C(COC(=O)CCC(=O)c1ccccc1)Nc1ccccc1
decoy_351,0.449099,0.516686,0.69535,0.816026,0.491777,0.539433,CCC[C@@H]1CC[C@@H](Cl)[C@H](Cc2ccsc2)C1
decoy_3510,0.420744,0.554502,0.809082,0.850837,0.562882,0.561024,O=C(COC(=O)CNC(=O)c1ccccc1)Nc1ccccc1
decoy_3511,0.488815,0.463222,0.795258,0.681421,0.607013,0.489342,O=C(COC(=O)COc1ccccc1)Nc1ccccc1
decoy_3512,0.431875,0.535874,0.764665,0.784176,0.521273,0.523176,O=C(COC(=O)COc1ccccc1)NC1CCCCC1
decoy_3513,0.459919,0.542906,0.765035,0.774407,0.512336,0.539589,O=C(COC(=O)COc1ccccc1)Nc1cc2c(s1)CCC2
decoy_3514,0.433468,0.472251,0.847968,0.79737,0.620659,0.548077,O=C(COC(=O)COc1ccccc1)N[C@H](c1ccccc1)c1cccs1
decoy_3515,0.419605,0.498121,0.809312,0.809672,0.526016,0.511606,O=C(COC(=O)COc1cccc2c1OCC2)Nc1cc2c(s1)CCC2
decoy_3516,0.407111,0.548009,0.740907,0.78726,0.531639,0.559685,O=C(COC(=O)CSc1ccccc1)Nc1ccccc1
decoy_3517,0.370448,0.371685,0.813938,0.724964,0.491751,0.438456,O=C(CO/N=C1\C=C[C@H]2C(=C1)CC[C@@H]1[C@@H]3CCC[C@@H]3CC[C@H]12)N1CCCC1
decoy_3518,0.359205,0.403912,0.861912,0.832655,0.493782,0.49019,O=C(CO/N=C1\C=C[C@H]2C(=C1)CC[C@@H]1[C@@H]3CCC[C@@H]3CC[C@H]12)NCCc1ccccc1
decoy_3519,0.285518,0.309503,0.768717,0.746295,0.447088,0.429684,O=C(CO/N=C1/C=C2CC[C@@H]3[C@@H]4CCC[C@@H]4CC[C@H]3[C@@H]2CC1)NCCc1c[nH+]c[nH]1
decoy_352,0.380464,0.441336,0.628048,0.737833,0.468439,0.486697,CC[C@@H]1CC[C@@H](Br)[C@H](CCC(C)(C)C)C1
decoy_3520,0.389064,0.49528,0.742231,0.80748,0.486982,0.519169,O=C(CO/N=C/C1CCCC1)NC[C@]12C[C@H]3C[C@H](C[C@H](C3)C1)C2
decoy_3521,0.464361,0.556329,0.742818,0.723071,0.543689,0.529696,O=C(CO/N=C/c1ccccc1)Nc1ccccc1
decoy_3522,0.340206,0.449827,0.74646,0.808587,0.453114,0.498468,O=C(CO/N=C/c1ccccc1)Nc1ccccc1C(=O)NCCc1ccccc1
decoy_3523,0.461951,0.550928,0.794278,0.820421,0.511458,0.54819,O=C(CO/N=C/C1CCCCC1)NCCc1ccccc1
decoy_3524,0.379152,0.473942,0.776964,0.775286,0.52033,0.51438,O=C(CO/N=C/C1=CC2(CCCC2)NC1=O)Nc1ccccc1
decoy_3525,0.381306,0.502767,0.706553,0.753317,0.488384,0.530531,O=C(CO/N=C/Cc1ccccc1)NCC1CC1
decoy_3526,0.426348,0.499142,0.647005,0.757965,0.500463,0.503465,O=C(CSc1ccccc1)c1ccccc1
decoy_3527,0.515401,0.51137,0.69817,0.726041,0.546608,0.536095,O=C(CSC1CCCCC1)c1ccccc1
decoy_3528,0.429731,0.555329,0.755918,0.792485,0.508841,0.540622,O=C(CSc1ccccc1)c1cn(C2CC2)c(=O)[nH]c1=O
decoy_3529,0.447287,0.55193,0.743751,0.772707,0.508223,0.565165,O=C(CSc1ccccc1)N1CCC(n2ccnn2)CC1
decoy_353,0.420903,0.480189,0.652891,0.748503,0.471927,0.506779,CCC[C@H]1C[C@@H](C(C)C)CC[C@@H]1Br
decoy_3530,0.433379,0.505962,0.834902,0.79687,0.525104,0.525918,O=C(CSc1ccccc1)N(c1c[nH]c(=O)[nH]c1=O)C1CCCC1
decoy_3531,0.403885,0.474011,0.732142,0.814446,0.520556,0.684379,O=C(CSc1ccccc1)Nc1cc2c(s1)C[NH2+]CC2
decoy_3532,0.484031,0.502397,0.766822,0.713094,0.548543,0.50117,O=C(CSc1ccccc1)Nc1ncc(Cc2ccccc2)s1
decoy_3533,0.434991,0.534484,0.702931,0.70342,0.534273,0.523315,O=C(CSc1ccccc1)NCc1ccccc1
decoy_3534,0.41465,0.502798,0.835856,0.811265,0.532816,0.527546,O=C(CSc1ccccc1)N(Cc1ccccc1)c1c[nH]c(=O)[nH]c1=O
decoy_3535,0.452851,0.545994,0.692408,0.723776,0.507419,0.551987,O=C(CSc1ccccc1)NCCc1ccccc1
decoy_3536,0.470675,0.597462,0.72851,0.77882,0.512646,0.580797,O=C(CSc1ccccc1)NCCOc1ccccc1
decoy_3537,0.453647,0.611769,0.802326,0.890385,0.569954,0.65227,O=C(CSc1ccccc1)NN1C(=O)CNC1=O
decoy_3538,0.438905,0.537826,0.735093,0.733125,0.570194,0.557811,O=C(CSc1ccccc1)N/N=C/c1ccccc1
decoy_3539,0.475762,0.558704,0.778188,0.748769,0.581149,0.571762,O=C(CSc1ccccc1)NNC(=O)c1ccccc1
decoy_354,0.470584,0.473433,0.76295,0.70064,0.510985,0.494206,CC[C@H]1CCC[C@H](Oc2nc3c(cc2C#N)CCC3)C1
decoy_3540,0.484309,0.477694,0.878316,0.773562,0.591519,0.516577,O=C(CSc1ccccc1)NNC(=O)[C@]12C[C@H]3C[C@H](C[C@H](C3)C1)C2
decoy_3541,0.49615,0.630816,0.765432,0.805852,0.5625,0.639172,O=C(CSc1ccccc1)OCc1ncncn1
decoy_3542,0.348026,0.394188,0.645616,0.623544,0.455788,0.454258,O=C(CSc1ccccn1)NC1CC1
decoy_3543,0.414624,0.395226,0.736551,0.635899,0.518413,0.465592,O=C(CSc1ccccn1)Nc1ccccc1
decoy_3544,0.431376,0.458938,0.809527,0.749408,0.540157,0.507138,O=C(CSc1ccccn1)Nc1ccc(N2CCOCC2)cc1
decoy_3545,0.504808,0.604599,0.805817,0.796809,0.547441,0.555046,O=C(CSc1ccccn1)NCc1ccco1
decoy_3546,0.462679,0.604789,0.765754,0.791305,0.553247,0.607895,O=C(CSc1ccccn1)N/N=C/c1ccccc1
decoy_3547,0.45037,0.452181,0.827934,0.735223,0.53316,0.491085,O=C(CSc1c[nH]c2ccccc12)Nc1cc2c(s1)CCCCC2
decoy_3548,0.490488,0.537586,0.848857,0.805585,0.613438,0.576669,O=C(CSc1ncc2ccccn12)NC(=O)NC1CCCCC1
decoy_3549,0.459476,0.524031,0.849561,0.811587,0.550055,0.557699,O=C(CSC1=NCc2c(sc3c2CCOC3)N1)N1CCCCC1
decoy_355,0.496092,0.494453,0.717126,0.749441,0.531884,0.491004,CCCc1ccc2c(c1)[C@@H](Br)CCCC2
decoy_3550,0.414658,0.455061,0.668437,0.64869,0.484681,0.464297,O=C(CSc1ncccn1)C1=c2ccccc2=NC1
decoy_3551,0.389007,0.457787,0.642931,0.651488,0.456399,0.464071,O=C(CSc1ncccn1)N1CCc2ccccc2C1
decoy_3552,0.394895,0.528305,0.748222,0.806907,0.506843,0.566237,O=C(CSc1ncccn1)N1CCN(C(=O)c2ccccc2)CC1
decoy_3553,0.317811,0.429938,0.614172,0.680922,0.472095,0.525691,O=C(CSc1ncccn1)Nc1ccccc1
decoy_3554,0.309763,0.427088,0.575174,0.666509,0.433657,0.530592,O=C(CSc1ncccn1)NC1CCCCC1
decoy_3555,0.462678,0.599056,0.833355,0.883141,0.584098,0.645629,O=C(CSc1ncccn1)N[C@@H]1C=CC=N1
decoy_3556,0.251373,0.33886,0.506572,0.571949,0.381061,0.425792,O=C(CSc1ncccn1)Nc1cc2c(s1)CCCC2
decoy_3557,0.38454,0.498859,0.695774,0.73056,0.485162,0.536498,O=C(CSc1ncccn1)NCCc1ccccc1
decoy_3558,0.392339,0.475523,0.714532,0.72797,0.49202,0.497369,O=C(CSc1ncccn1)NCCC1CCCCC1
decoy_3559,0.374959,0.473755,0.689384,0.697628,0.504419,0.547939,O=C(CSc1ncccn1)N/N=C/c1ccccc1
decoy_356,0.346499,0.417362,0.593871,0.712025,0.443467,0.459468,CC[C@@H]1CCC[C@@H](Oc2ccc(C#CCCCl)cc2C)C1
decoy_3560,0.318046,0.429817,0.548661,0.626778,0.431451,0.527042,O=C(CSc1ncccn1)OC1CCCCC1
decoy_3561,0.352342,0.343538,0.70267,0.615304,0.457694,0.413409,O=C(CSc1nccc(=O)[nH]1)Nc1cc2c(s1)CCCCC2
decoy_3562,0.435554,0.530373,0.750969,0.767372,0.502926,0.526822,O=C(CSc1nccn1-c1ccccc1)N1CCc2ccccc21
decoy_3563,0.370946,0.486355,0.73532,0.763288,0.529049,0.517144,O=C(CSc1ncco1)NC(=O)Nc1ccccc1
decoy_3564,0.349714,0.446112,0.626001,0.671339,0.48352,0.536886,O=C(CSc1nccs1)Nc1ccccc1
decoy_3565,0.431544,0.538397,0.751604,0.748725,0.53587,0.562234,O=C(CSc1nccs1)NCCOc1ccccc1
decoy_3566,0.391456,0.467863,0.708553,0.714031,0.483121,0.498708,O=C(CSc1ncncn1)NCc1cccs1
decoy_3567,0.318198,0.458926,0.621013,0.746714,0.435395,0.573359,O=C(CSc1nc[nH]n1)c1ccccc1
decoy_3568,0.273458,0.301629,0.610785,0.595361,0.399657,0.382738,O=C(CSc1nc[nH]n1)c1cc[nH]c1
decoy_3569,0.394509,0.563172,0.693042,0.782319,0.472037,0.557049,O=C(CSc1nc[nH]n1)C1=CN(c2ccccc2)CC1
decoy_357,0.344076,0.357685,0.603603,0.557481,0.421463,0.407259,CC(C)(C)c1ccccc1-n1c(=S)[nH]c2c(F)cccc21
decoy_3570,0.419085,0.477137,0.702375,0.684283,0.503173,0.492896,O=C(CSc1nc[nH]n1)N1CCCc2ccccc21
decoy_3571,0.327606,0.393698,0.611411,0.620046,0.4598,0.453705,O=C(CSc1nc[nH]n1)NC1CCCCC1
decoy_3572,0.373833,0.471102,0.710078,0.722183,0.477061,0.5054,O=C(CSc1nc[nH]n1)NCc1ccccc1
decoy_3573,0.387237,0.512289,0.702364,0.747882,0.481115,0.556319,O=C(CSc1nc[nH]n1)NCCc1ccccc1
decoy_3574,0.376878,0.459089,0.720407,0.703374,0.524716,0.495198,O=C(CSc1nc[nH]n1)Nc1nc2c(s1)CCCC2
decoy_3575,0.372375,0.483351,0.730491,0.756239,0.505477,0.547785,O=C(CSc1nc[nH]n1)N/N=C/c1ccccc1
decoy_3576,0.307847,0.420803,0.596282,0.676607,0.454795,0.504009,O=C(CS[C@@H]1NC=NS1)Nc1nc2ccccc2s1
decoy_3577,0.367307,0.557848,0.72361,0.8546,0.45146,0.566684,O=C(CSc1nc(=O)ccn1-c1ccccc1)Nc1ccccc1
decoy_3578,0.383117,0.498222,0.741803,0.842449,0.492171,0.520735,O=C(CSC1=[NH+]C(=O)CC=N1)NC1CCCCC1
decoy_3579,0.324902,0.419857,0.672767,0.772681,0.403026,0.465386,O=C(CSC1=[NH+]C(=O)CC=N1)NCc1ccc2c(c1)CCCC2
decoy_358,0.340452,0.354195,0.59659,0.551997,0.418812,0.405371,CC(C)(C)c1ccccc1-n1c(=S)[nH]c2ccccc21
decoy_3580,0.372082,0.376984,0.703531,0.627757,0.47284,0.42493,O=C(CSc1nccc(=O)[nH]1)Nc1ccccc1
decoy_3581,0.329167,0.368152,0.605661,0.579129,0.443816,0.432526,O=C(CSc1nnc2c(n1)[nH]c1ccccc12)Nc1ccccc1
decoy_3582,0.398555,0.548993,0.724568,0.773526,0.493535,0.555433,O=C(CSc1nnc2c(n1)[nH]c1ccccc12)Nc1cc2c(s1)CCC2
decoy_3583,0.399234,0.558045,0.711454,0.788128,0.496348,0.574582,O=C(CSc1nncn1-c1ccccc1)Nc1cccs1
decoy_3584,0.347475,0.389806,0.73227,0.719613,0.454349,0.447886,O=C(CSC1=[NH+]NCN1c1ccccc1)NCCC1=c2ccccc2=NC1
decoy_3585,0.391087,0.476216,0.77624,0.779376,0.518178,0.538678,O=C(CSc1nncn1-c1ccccc1)NCCOc1ccccc1
decoy_3586,0.448599,0.499736,0.895919,0.859241,0.54945,0.53016,O=C(CSc1nncn1Cc1ccco1)N[C@]12C[C@H]3C[C@H](C[C@H](C3)C1)C2
decoy_3587,0.41118,0.481757,0.781871,0.752497,0.542207,0.50932,O=C(CSc1nncn1CCc1cccs1)Nc1ccccc1
decoy_3588,0.318415,0.366207,0.578553,0.578057,0.427259,0.428191,O=C(CSc1nc[nH]n1)[C@H]1[C@@H]2C[C@H]3C[C@@H](C2)C[C@@H]1C3
decoy_3589,0.376551,0.578883,0.729568,0.811465,0.479573,0.583559,O=C(CSc1nc[nH]n1)c1c(-c2ccccc2)[nH]c2ccccc12
decoy_359,0.438721,0.534469,0.681815,0.717248,0.525102,0.544786,Cc1cc(Cl)c(C(C)C)cc1Oc1cnc(C#N)cn1
decoy_3590,0.317971,0.421545,0.636016,0.69158,0.449825,0.519624,O=C(CSc1nc[nH]n1)Nc1ccccc1
decoy_3591,0.379784,0.600918,0.723636,0.881144,0.484688,0.607788,O=C(CSc1nc[nH]n1)Nc1ccccc1SCc1ccccc1
decoy_3592,0.314247,0.399811,0.656013,0.69189,0.431741,0.450637,O=C(CSc1nc[nH]n1)Nc1cccs1
decoy_3593,0.367479,0.544567,0.733949,0.872218,0.469991,0.544577,O=C(CSc1nnco1)NCCC(c1ccccc1)c1ccccc1
decoy_3594,0.339826,0.42365,0.60842,0.661324,0.429679,0.47061,O=C(CSc1nncs1)c1ccccc1
decoy_3595,0.32508,0.381581,0.672639,0.669138,0.431753,0.443953,O=C(CSc1nncs1)c1cc[nH]c1
decoy_3596,0.332239,0.385578,0.685076,0.664935,0.444139,0.441856,O=C(CSc1nncs1)N1CCNC1=O
decoy_3597,0.412701,0.518699,0.752334,0.756966,0.499128,0.523836,O=C(CSc1nncs1)N1CCN(c2ccccn2)CC1
decoy_3598,0.337411,0.440656,0.639237,0.693733,0.474106,0.53521,O=C(CSc1nncs1)Nc1ccccc1
decoy_3599,0.404558,0.443055,0.696596,0.641696,0.507763,0.479859,O=C(CSc1nncs1)NC1CCCCC1
decoy_36,0.456186,0.428489,0.847869,0.781756,0.558821,0.479588,N#Cc1ccc2c(c1)C(=O)OC2
decoy_360,0.383075,0.466553,0.775479,0.816816,0.499363,0.624211,CN(c1ccc(F)cc1S(=O)(=O)C(F)(F)F)[C@@H]1CC[NH2+]C1
decoy_3600,0.343257,0.420006,0.700625,0.709468,0.448425,0.459442,O=C(CSc1nncs1)Nc1cc2c(s1)C[NH2+]CC2
decoy_3601,0.396106,0.502278,0.717978,0.734393,0.49296,0.525334,O=C(CSc1nncs1)NCc1ccccc1
decoy_3602,0.396314,0.567357,0.736356,0.809397,0.49335,0.535683,O=C(CSc1nncs1)NC(c1ccccc1)c1ccccc1
decoy_3603,0.408659,0.605622,0.726398,0.8214,0.489197,0.605583,O=C(CSc1nncs1)N[C@H](c1ccccc1)c1cccs1
decoy_3604,0.405848,0.517821,0.711724,0.724237,0.495554,0.53526,O=C(CSc1nncs1)NCCc1ccccc1
decoy_3605,0.409154,0.433974,0.840521,0.782127,0.580407,0.507109,O=C(CSc1nncs1)NC(=O)N[C@]12C[C@H]3C[C@H](C[C@H](C3)C1)C2
decoy_3606,0.421554,0.459483,0.822316,0.779607,0.559803,0.523924,O=C(CSc1nncs1)N/N=C/c1ccc(OCc2ccccc2)cc1
decoy_3607,0.421145,0.488494,0.810503,0.792965,0.520703,0.529818,O=C(CSc1n[nH]c(=O)n1C1CC1)NC1CCCCCC1
decoy_3608,0.40661,0.426911,0.678669,0.619979,0.490426,0.451797,O=C(CSc1nnnn1-c1ccccc1)Nc1ccccc1
decoy_3609,0.444315,0.644089,0.772069,0.879893,0.542092,0.686287,O=C(CSc1nnnn1-c1ccccc1)NCc1ccccc1
decoy_3610,0.4015,0.542807,0.714837,0.795529,0.496868,0.571422,O=C(CSc1nnnn1-c1ccccc1)NCCc1ccccc1
decoy_3611,0.278819,0.356945,0.613323,0.646517,0.376241,0.407814,O=C(CSc1nnn[n-]1)Nc1cccs1
decoy_3612,0.391338,0.557659,0.71672,0.816771,0.490984,0.553199,O=C(CSC1=C[C@@H](c2ccccc2)C=CN1)Nc1ccccc1
decoy_3613,0.390641,0.546475,0.7027,0.795324,0.493304,0.531735,O=C(CSC1=C[C@@H](c2ccccc2)C=CN1)Nc1ccon1
decoy_3614,0.391639,0.557082,0.712749,0.812875,0.494718,0.539391,O=C(CSC1=C[C@@H](c2ccccc2)C=CN1)Nc1nccs1
decoy_3615,0.312966,0.472593,0.649323,0.77158,0.453635,0.567609,O=C1C[C@H](c2ccccc2)C=C(SCC(=O)Nc2ccccc2)N1
decoy_3616,0.35474,0.432874,0.66333,0.676891,0.435664,0.464433,O=C(CSc1ccc2ccccc2n1)c1ccc2[nH]c(=O)[nH]c2c1
decoy_3617,0.44813,0.491079,0.764942,0.720247,0.548933,0.499223,O=C(CSc1ccc2ccccc2n1)Nc1ccccc1
decoy_3618,0.383362,0.525058,0.81098,0.883192,0.533113,0.605223,O=C(COC(=O)CSc1ccc2ccccc2n1)Cc1nc2ccccc2[nH]1
decoy_3619,0.460289,0.600747,0.754913,0.804634,0.542695,0.647828,O=C(CSc1cc(-c2cccs2)ccn1)Nc1ccccc1
decoy_362,0.292446,0.352454,0.450214,0.553778,0.401733,0.435362,C1=C[C@H]2C[C@@H]1C[C@@H]2/C=C/c1ccc2c(c1)OCO2
decoy_3620,0.444795,0.421675,0.818409,0.68914,0.538797,0.466732,O=C(CSc1ccc(N2CCCCC2)nn1)Nc1ccccc1
decoy_3621,0.453499,0.597219,0.788723,0.827234,0.544937,0.568399,O=C(CSc1nc2c(c(=O)[nH]1)CCC2)Nc1ccccc1
decoy_3623,0.366915,0.554852,0.761455,0.888964,0.458773,0.58772,O=C(CSc1nc2ccccc2c(=O)n1-c1ccccc1)N1CCCCC1
decoy_3624,0.411413,0.48648,0.837366,0.81687,0.502778,0.508518,O=C(CSc1nc2c(c(=O)[nH]1)CCCC2)N[C@@H]1CC2=C(CCCC2)S1
decoy_3625,0.313851,0.428703,0.613822,0.72007,0.414802,0.47913,O=C(CSC1N=c2ccccc2=N1)NC1=[NH+]NCS1
decoy_3626,0.423127,0.565008,0.787798,0.85289,0.509262,0.589073,O=C(CSC1N=c2ccccc2=N1)N[C@H]1N=C(c2ccccc2)CS1
decoy_3627,0.413108,0.419523,0.836687,0.727667,0.570446,0.496305,O=C(CSC1N=c2ccccc2=N1)NC(=O)NC1CCCCC1
decoy_3628,0.415219,0.5019,0.775803,0.768722,0.527014,0.519433,O=C(CSc1nc2ccccc2[nH]1)c1cc[nH]c1
decoy_3629,0.465729,0.504555,0.799856,0.721692,0.570257,0.51742,O=C(CSc1nc2ccccc2[nH]1)N1CCCCC1
decoy_363,0.3958,0.384866,0.743948,0.773086,0.545737,0.482737,CC1=C[C@@]23CC=C[C@@]2(CCCC3)C1
decoy_3630,0.433912,0.532599,0.740563,0.743111,0.523956,0.534253,O=C(CSc1nc2ccccc2[nH]1)Nc1ccccc1
decoy_3631,0.43144,0.575723,0.737795,0.803289,0.493902,0.544817,O=C(CSc1nc2ccccc2[nH]1)N[C@H]1N=N[C@@H](c2ccccc2)S1
decoy_3632,0.395722,0.484198,0.788133,0.800002,0.536199,0.531738,O=C(CSc1nc2ccccc2[nH]1)NCc1ccc2c(c1)CCCC2
decoy_3633,0.46885,0.50289,0.860951,0.799229,0.585982,0.542733,O=C(CSc1nc2ccccc2o1)NNC(=O)CC1CCCCC1
decoy_3634,0.44886,0.535959,0.78301,0.762494,0.528344,0.531959,O=C(CSc1nc2sccc2c(=O)[nH]1)NC1CCCC1
decoy_3635,0.443224,0.480938,0.759661,0.720671,0.518186,0.48161,O=C(CSc1nc2sccc2c(=O)[nH]1)Nc1ccccc1
decoy_3636,0.425459,0.507706,0.789669,0.768336,0.526587,0.529002,O=C(CSc1nc2sccc2c(=O)[nH]1)NC1CCCCC1
decoy_3637,0.447476,0.546217,0.782054,0.765722,0.526385,0.54439,O=C(CSc1nc2sccc2c(=O)[nH]1)NCc1cccs1
decoy_3638,0.332314,0.42347,0.706354,0.734221,0.415867,0.474169,O=C(CSC1=NC2=C(C(=O)CCC2)[C@H](c2ccccc2)C1)Nc1ccccc1
decoy_3639,0.449656,0.526735,0.759218,0.73877,0.558005,0.546211,O=C(CSc1ncc2ccccc2n1)Nc1ccccc1
decoy_364,0.428691,0.410411,0.710026,0.730539,0.515707,0.451609,C=CC1=C[C@@H]2C=C[C@@H]3C=C[C@H]1[C@@H]32
decoy_3640,0.386413,0.47939,0.766155,0.793129,0.464854,0.493838,O=C(CSc1nc(-c2ccccc2)[nH]c1-c1ccccc1)NCc1ccco1
decoy_3641,0.464784,0.556103,0.812386,0.80379,0.561007,0.547403,O=C(CSc1n[nH]c(-c2ccccc2)n1)NC1CCCC1
decoy_3642,0.435867,0.602432,0.769248,0.831491,0.543659,0.570883,O=C(CSc1n[nH]c(-c2ccccc2)n1)Nc1ccccc1
decoy_3643,0.437607,0.603035,0.803307,0.873324,0.526872,0.618781,O=C(CSc1n[nH]c(-c2ccccc2)n1)NCc1ccccc1
decoy_3644,0.376435,0.491417,0.782031,0.828973,0.492389,0.533947,O=C(CSc1n[nH]c(-c2ccccc2)n1)NCCC1=CCCCC1
decoy_3645,0.381986,0.475096,0.790734,0.808763,0.515132,0.546436,O=C(CSc1ncc(S(=O)(=O)c2cccs2)cn1)Nc1ccccc1
decoy_3646,0.41321,0.543075,0.689458,0.746659,0.479451,0.514945,O=C(CSc1ncnc2sc(-c3ccccc3)cc12)c1ccccc1
decoy_3647,0.370121,0.458436,0.790922,0.809977,0.487721,0.4968,O=C(CSc1[nH]c(-c2ccccc2)nc1-c1ccccc1)NC[C@H]1CCCO1
decoy_3648,0.395068,0.492015,0.69302,0.730737,0.490167,0.511959,O=C(CSc1nnc2ccc3ccccc3n12)Nc1ccco1
decoy_3649,0.350896,0.328968,0.692465,0.581462,0.462407,0.404622,O=C(CSc1nnc2[nH]c3ccccc3n12)Nc1cc2c(s1)CCCC2
decoy_365,0.328834,0.295947,0.664713,0.695071,0.421323,0.396344,ClC[C@@H]1C[C@H]2C=C[C@@H]1C2
decoy_3650,0.429493,0.515414,0.838131,0.828537,0.529874,0.539564,O=C(CSc1nnc(C2CC2)n1C1CC1)N1CCCCC1
decoy_3651,0.439841,0.621055,0.767825,0.860385,0.579455,0.658008,O=C(CSc1n[nH]c(C2CC2)n1)Nc1ccccc1
decoy_3652,0.344831,0.48684,0.711564,0.766072,0.471032,0.497304,O=C(CSc1nnc(-c2ccccc2)c(=O)[n-]1)Nc1cc2c(s1)CCC2
decoy_3653,0.429147,0.551755,0.79129,0.826134,0.572728,0.556451,O=C(CSc1n[nH]c(-c2ccccc2)n1)N1CCCc2ccccc21
decoy_3654,0.41539,0.506697,0.816487,0.821925,0.570516,0.572759,O=C(CSc1n[nH]c(C2CCCCC2)n1)N1CCCCC1
decoy_3655,0.432925,0.55401,0.827649,0.862897,0.578647,0.567701,O=C(CSc1n[nH]c(-c2ccccc2)n1)NC1CCCCC1
decoy_3657,0.440185,0.569983,0.763098,0.791751,0.569899,0.585109,O=C(CSc1n[nH]c(-c2ccccc2)n1)Nc1cccs1
decoy_3658,0.415462,0.536785,0.748701,0.771219,0.51026,0.533048,O=C(CSc1n[nH]c(-c2ccccc2)n1)Nc1cc2c(s1)CCC2
decoy_3659,0.374432,0.487271,0.786984,0.839547,0.498747,0.52109,O=C(CSc1n[nH]c(-c2ccccc2)n1)N[C@H](c1ccccc1)c1cccs1
decoy_366,0.363242,0.349389,0.747867,0.814908,0.460736,0.434178,BrC[C@@H]1C[C@H]2C=C[C@@H]1C2
decoy_3660,0.38447,0.485174,0.7902,0.808196,0.513477,0.525226,O=C(CSc1n[nH]c(-c2ccccc2)n1)N(Cc1ccco1)C1=CCCCC1
decoy_3661,0.425241,0.609385,0.79551,0.897892,0.516425,0.634022,O=C(CSc1n[nH]c(-c2ccccc2)n1)NCCc1ccccc1
decoy_3662,0.465704,0.493653,0.748624,0.690626,0.538282,0.499303,O=C(CSc1nnc(-c2ccccc2)o1)N1CCCCC1
decoy_3663,0.413774,0.6,0.757147,0.860456,0.534099,0.663509,O=C(CSc1n[nH]c(-c2ccco2)n1)NCc1ccccc1
decoy_3664,0.474721,0.539839,0.844033,0.810696,0.545729,0.536624,O=C(CSc1nnc(-c2cccs2)n1C[C@H]1CCCO1)c1cccs1
decoy_3665,0.367484,0.397665,0.782258,0.712598,0.475513,0.456508,O=C(CSc1nnc(-c2cccs2)n1C[C@H]1CCCO1)Nc1ccccc1
decoy_3666,0.428432,0.607384,0.751748,0.828734,0.557354,0.588133,O=C(CSc1n[nH]c(-c2cccs2)n1)Nc1ccccc1
decoy_3667,0.431298,0.584443,0.764,0.838146,0.524754,0.601238,O=C(CSc1n[nH]c(-c2cccs2)n1)NC1CCCCC1
decoy_3668,0.387586,0.421027,0.750515,0.711718,0.497021,0.488644,O=C(CSc1nnc(-c2ccncc2)n1-c1ccccc1)Nc1cccs1
decoy_3669,0.385651,0.530335,0.767334,0.844293,0.504953,0.53527,O=C(CSc1n[nH]c(-c2ccoc2)n1)N[C@H]1CCCc2ccccc21
decoy_367,0.397626,0.436223,0.674971,0.716145,0.477257,0.458568,N#Cc1ccc(OC2COC2)cc1
decoy_3670,0.447902,0.60165,0.806192,0.87099,0.558581,0.587304,O=C(CSc1n[nH]c(-c2ccoc2)n1)NC1CCCCC1
decoy_3671,0.427008,0.641259,0.778598,0.916243,0.54009,0.648829,O=C(CSc1n[nH]c(-c2ccoc2)n1)NCCc1ccccc1
decoy_3672,0.369544,0.459506,0.794166,0.803989,0.514042,0.521497,O=C(CSc1nnc(Cc2cccs2)n1-c1ccccc1)Nc1ccccc1
decoy_3673,0.418384,0.542779,0.814583,0.865508,0.536424,0.559117,O=C(CSc1n[nH]c(CNC(=O)c2ccccc2)n1)c1ccccc1
decoy_3674,0.425652,0.578887,0.772624,0.839042,0.566962,0.638931,O=C(CSc1n[nH]c(COc2ccccc2)n1)c1ccccc1
decoy_3675,0.405765,0.513166,0.758057,0.776214,0.534174,0.57581,O=C(CSc1n[nH]c(COc2ccccc2)n1)c1ccc[nH]1
decoy_3676,0.3806,0.534534,0.779004,0.87197,0.520054,0.581408,O=C(CSc1n[nH]c(COc2ccccc2)n1)N1CCCc2ccccc21
decoy_3677,0.40337,0.531974,0.781669,0.82185,0.546098,0.550556,O=C(CSc1n[nH]c(COc2ccccc2)n1)Nc1ccccc1
decoy_3678,0.406655,0.53558,0.777712,0.805033,0.537874,0.570573,O=C(CSc1n[nH]c(COc2ccccc2)n1)Nc1cccs1
decoy_3679,0.358401,0.463469,0.787477,0.826467,0.528467,0.534793,O=C(CSc1n[nH]c(COc2ccccc2)n1)Nc1cc2c(s1)CCCC2
decoy_368,0.415811,0.487358,0.731044,0.732164,0.496541,0.505048,CC(C)c1ccc2c(c1)CCCN2C(=O)c1cccc2cn[nH]c12
decoy_3680,0.395745,0.50247,0.771995,0.785242,0.501807,0.544753,O=C(CSc1n[nH]c(COc2ccccc2)n1)NCc1ccccc1
decoy_3681,0.437137,0.5681,0.819227,0.858093,0.564614,0.610855,O=C(CSc1n[nH]c(COc2ccccc2)n1)NCc1cccs1
decoy_3682,0.461359,0.56904,0.827362,0.826881,0.539948,0.541392,O=C(CSc1nnc(N2CCCC2)s1)NCc1ccccc1
decoy_3683,0.360065,0.457022,0.810203,0.827215,0.494135,0.492422,O=C(CSc1nnc(N2CCCCC2)n1-c1ccccc1)Nc1ccccc1
decoy_3684,0.380621,0.496396,0.812857,0.857896,0.540193,0.53169,O=C(CSc1nnc(N2CCCCC2)n1-c1ccccc1)Nc1cccs1
decoy_3685,0.480357,0.56587,0.840278,0.824574,0.583761,0.605523,O=C(CSc1nnc(Nc2ccccc2)s1)NC1CCCC1
decoy_3686,0.443738,0.574117,0.806216,0.852838,0.562757,0.598058,O=C(CSc1nnc(Nc2ccccc2)s1)Nc1ccccc1
decoy_3687,0.431585,0.536047,0.831375,0.839321,0.545459,0.573783,O=C(CSc1nnc(Nc2ccccc2)s1)NC1CCCCC1
decoy_3688,0.403658,0.52976,0.815964,0.854962,0.554626,0.54016,O=C(CSc1nnc(NC2CCCCC2)s1)Nc1ccccc1
decoy_3689,0.371101,0.484839,0.828407,0.873488,0.537671,0.527247,O=C(CSc1nnc(NC2CCCCC2)s1)NC1CCCCC1
decoy_369,0.444683,0.513273,0.791072,0.788151,0.523398,0.512172,O=C(NC[C@H]1CC=CCC1)N1CCN(c2ccccc2Cl)CC1
decoy_3690,0.402138,0.454382,0.819919,0.801098,0.527264,0.510193,O=C(CSc1nnc(Nc2ccccc2)s1)NC1CCCCCCC1
decoy_3691,0.40598,0.444418,0.818053,0.781268,0.541158,0.521591,O=C(CSc1nnc(Nc2ccccc2)s1)N[C@]12C[C@H]3C[C@H](C[C@H](C3)C1)C2
decoy_3692,0.40819,0.490503,0.813493,0.812224,0.530885,0.531008,O=C(CSc1nnc(Nc2ccccc2)s1)NCc1cccc2ccccc12
decoy_3693,0.435785,0.527516,0.804089,0.802691,0.536017,0.529818,O=C(CSc1nnc(Nc2ccccc2)s1)NCc1ccccc1
decoy_3694,0.410435,0.503954,0.839107,0.838589,0.528066,0.563265,O=C(CSc1nnc(NC2CCCCC2)s1)NCc1ccccc1
decoy_3695,0.453702,0.566437,0.815782,0.824858,0.550336,0.604578,O=C(CSc1nnc(Nc2ccccc2)s1)NCc1cccs1
decoy_3696,0.405759,0.537107,0.799742,0.831628,0.516031,0.548391,O=C(CSc1nnc(Nc2ccccc2)s1)NCCc1ccccc1
decoy_3697,0.341905,0.387461,0.762945,0.711571,0.500994,0.466978,O=C(CSc1nnc(Nc2ccccc2)s1)NCCCc1ccccc1
decoy_3698,0.386808,0.517839,0.778166,0.804968,0.479226,0.534621,O=C(CSc1nnc(NCc2ccccc2)s1)Nc1ccccc1
decoy_3699,0.299119,0.337428,0.639925,0.602914,0.434453,0.407067,O=C(CSc1nnc(NCCc2ccccc2)s1)Nc1ccccc1
decoy_37,0.489013,0.476328,0.708088,0.729956,0.532295,0.48898,Cn1nc(C2CC2)c2c(C(F)(F)F)cc(C(C)(C)C)nc21
decoy_370,0.327321,0.383783,0.718411,0.745757,0.523515,0.508351,C[N@H+]1CCCC[C@@H]1c1ccc(=S)[nH]c1
decoy_3700,0.412112,0.578138,0.820288,0.907413,0.518569,0.626066,O=C(CSc1nnc(NCCc2cccs2)s1)NCc1ccccc1
decoy_3701,0.36224,0.536375,0.784989,0.887715,0.512534,0.612137,O=C(CSc1nnc(NC(=O)c2ccccc2)s1)Nc1cc2c(s1)CCC2
decoy_3702,0.370397,0.476307,0.756415,0.783424,0.506279,0.541827,O=C(CSc1n[nH]c(/C=C/c2cccs2)n1)NCCSc1ccccc1
decoy_3703,0.352129,0.411643,0.786084,0.752428,0.477185,0.492019,O=C(CSC1=C[C@@H](c2ccccc2)C2=C(CCCC2=O)N1)Nc1ccccc1
decoy_3704,0.327402,0.376721,0.762597,0.726954,0.543354,0.486616,O=C(CSC1=C[C@@H](c2ccco2)C=C(c2ccccc2)[N-]1)Nc1ccccc1
decoy_3705,0.352145,0.410912,0.729849,0.710227,0.466872,0.439781,O=C(CSc1nc(-c2cccs2)c(-c2cccs2)[nH]1)NC1CCCCC1
decoy_3706,0.424139,0.541695,0.789995,0.833778,0.55161,0.582376,O=C(CSc1ncc2c3c(sc2n1)CCCC3)NCc1ccccc1
decoy_3707,0.385023,0.552697,0.720857,0.81374,0.484364,0.587763,O=C(CS[C@@H]1N=N[C@H]([C@H]2C=C(c3ccccc3)N=N2)N1)c1ccccc1
decoy_3708,0.412168,0.500708,0.740685,0.759865,0.481743,0.50044,O=C(CSc1nc2sc3c(c2c(=O)[nH]1)CCCC3)Nc1ccccc1
decoy_3709,0.330093,0.412388,0.749653,0.755561,0.463444,0.495424,O=C(CS[C@H]1N[NH+]=C(C2=c3ccccc3=NC2)N1C1CC1)c1ccccc1
decoy_371,0.450486,0.47478,0.792991,0.740692,0.540057,0.490402,C[C@H](CC1CCCC1)C(=O)N1CCO[C@H]2CCCC[C@@H]21
decoy_3710,0.355541,0.462381,0.793532,0.847016,0.503884,0.540131,O=C(CS[C@H]1N[NH+]=C(C2=c3ccccc3=NC2)N1C1CC1)Nc1ccccc1
decoy_3711,0.338885,0.379589,0.811109,0.771838,0.488855,0.488611,O=C(CS[C@H]1N[NH+]=C(C2=c3ccccc3=NC2)N1C1CC1)NC1CCCCC1
decoy_3712,0.308792,0.372718,0.744105,0.729151,0.457205,0.47209,O=C(CS[C@H]1N[NH+]=C(C2=c3ccccc3=NC2)N1C1CC1)NCc1cccs1
decoy_3713,0.347271,0.378184,0.78324,0.728416,0.484487,0.455085,O=C(CS[C@H]1NN=C(C2=c3ccccc3=NC2)N1c1ccccc1)NC1CCCC1
decoy_3714,0.425174,0.547403,0.797055,0.801047,0.534911,0.550789,O=C(CS[C@H]1NN=C(C2=c3ccccc3=NC2)O1)Nc1ccccc1
decoy_3715,0.310221,0.375923,0.640618,0.681862,0.437771,0.449988,O=C(CS[C@H]1NN=C(C2=c3ccccc3=NC2)O1)NCCC1=CCCCC1
decoy_3716,0.490984,0.575622,0.759326,0.757849,0.53327,0.560219,O=C(CSCc1ccccc1)NC1CCCC1
decoy_3717,0.475393,0.557567,0.75367,0.720778,0.525655,0.529707,O=C(CSCc1ccccc1)Nc1ccccc1
decoy_3718,0.464879,0.534433,0.766456,0.743944,0.526776,0.513693,O=C(CSCc1ccccc1)NC1CCCCC1
decoy_3719,0.506868,0.597296,0.710833,0.753626,0.546063,0.602795,O=C(CSCc1ccccc1)Oc1ccccc1
decoy_372,0.524103,0.552255,0.740444,0.711291,0.538228,0.52712,CC(C)c1nc(C(=O)N2CCCC2)cs1
decoy_3720,0.511205,0.60552,0.786421,0.771776,0.580104,0.59895,O=C(CSCc1cccs1)NCc1cccs1
decoy_3721,0.481778,0.554707,0.811878,0.788865,0.556641,0.600512,O=C(CSCc1ncncn1)c1ccc[nH]1
decoy_3722,0.41015,0.457408,0.764694,0.714699,0.545289,0.499941,O=C(CSCc1ncncn1)NC1CC1
decoy_3723,0.508846,0.614118,0.80905,0.807667,0.600133,0.599981,O=C(CSCc1ncncn1)Nc1ccccc1
decoy_3724,0.433682,0.601027,0.726672,0.810388,0.536311,0.610618,O=C(CSCc1ncon1)OCCCc1ccccc1
decoy_3725,0.434133,0.551442,0.779108,0.825065,0.526883,0.550074,O=C(CSCc1nc2sccc2c(=O)[nH]1)NCc1ccccc1
decoy_3726,0.410077,0.504372,0.809973,0.829032,0.571636,0.548101,O=C(CSCC(=O)Nc1ccccc1)NCCOc1ccccc1
decoy_3727,0.424119,0.416575,0.772852,0.662344,0.521097,0.48696,O=C(CS(=O)(=O)Cc1ccccc1)NC1CCCCC1
decoy_3729,0.46581,0.547526,0.748295,0.738531,0.51034,0.540287,O=C(c1ccccc1)N1CCC2(CC1)NCCS2
decoy_373,0.331127,0.409638,0.726828,0.756316,0.477833,0.517974,Fc1cccc([C@H]2COCC[NH2+]2)c1F
decoy_3730,0.452436,0.45796,0.74179,0.726874,0.536217,0.493535,O=C(c1cccs1)N1CCCC1
decoy_3731,0.502421,0.554579,0.751593,0.71912,0.539915,0.54483,O=C(c1onc2ccccc12)N1CCC[C@H]1c1cccs1
decoy_3732,0.430983,0.445909,0.745868,0.709984,0.495462,0.466956,O=C(c1ccns1)N1CCCC1
decoy_3733,0.343888,0.390726,0.82909,0.806206,0.518798,0.496733,O=C(c1n[nH]c2c1C[C@@H]([NH2+]CC1CCCCC1)CC2)N1CCCC1
decoy_3734,0.478124,0.48486,0.711796,0.675507,0.50622,0.520656,O=C(c1ccccc1)N1CCCCC1
decoy_3735,0.436835,0.545785,0.72303,0.751687,0.472007,0.543414,O=C(c1ccccc1Nc1ccccc1)N1CCCCC1
decoy_3736,0.481249,0.491388,0.764855,0.689261,0.536502,0.510578,O=C(c1ccccn1)N1CCCCC1
decoy_3737,0.42022,0.498384,0.732884,0.741181,0.523331,0.531973,O=C(c1ccc[nH]1)N1CCCCC1
decoy_3738,0.391596,0.443451,0.699918,0.685079,0.466928,0.469426,O=C(c1cc[nH]c(=O)c1)N1CCCCC1
decoy_3739,0.369738,0.455972,0.674176,0.707072,0.483737,0.47986,O=C(c1cc[nH]n1)N1CCCCC1
decoy_374,0.491239,0.48635,0.746612,0.69819,0.551522,0.511693,C[C@@H]1COC[C@@H](C)N1C(=O)CC(C)(C)C
decoy_3740,0.432151,0.44378,0.699485,0.671142,0.482782,0.457092,O=C(c1ccoc1)N1CCCCC1
decoy_3741,0.409931,0.447792,0.697636,0.674614,0.472362,0.46152,O=C(c1cncs1)N1CCCCC1
decoy_3742,0.500254,0.559019,0.762943,0.733113,0.558693,0.565497,O=C(c1cc(C2CC2)n[nH]1)N1CCCCC1
decoy_3743,0.381296,0.404692,0.660044,0.606145,0.474111,0.437962,O=C(c1ccc2[nH]ncc2c1)N1CCCCC1
decoy_3744,0.37463,0.405865,0.767465,0.700036,0.466187,0.458879,O=C(c1cccc(S(=O)(=O)Nc2ccccc2)c1)N1CCCCC1
decoy_3745,0.426394,0.442442,0.805984,0.727842,0.506134,0.479093,O=C(c1ccc(NC(=S)Nc2cccs2)cc1)N1CCCCC1
decoy_3746,0.465842,0.440037,0.763306,0.644347,0.54659,0.470829,O=C(c1csc(Nc2ccccc2)n1)N1CCCCC1
decoy_3747,0.353554,0.432403,0.808274,0.9036,0.500909,0.531158,O=C(c1n[nH]c2c1C[C@@H]([NH2+]CC1CCCCC1)CC2)N1CCCCC1
decoy_3748,0.303321,0.337902,0.866414,0.837156,0.502037,0.484626,O=C(c1n[nH]c2c1C[C@@H]([NH2+]CC1(N3CCCCC3)CCCC1)CC2)N1CCCCC1
decoy_3749,0.368572,0.471883,0.652331,0.69508,0.437212,0.514771,O=C(c1cccn1C1CC1)N1CC[NH2+]CC1
decoy_375,0.503825,0.514589,0.761679,0.721502,0.593838,0.525309,C1CO[C@H](CN2CCO[C@H]3CCCC[C@H]32)C1
decoy_3750,0.440846,0.455797,0.705327,0.680133,0.500212,0.489382,O=C(c1ccccc1)N1CCOCC1
decoy_3751,0.448817,0.472742,0.735815,0.698102,0.534552,0.51314,O=C(c1ccccn1)N1CCOCC1
decoy_3752,0.402998,0.50829,0.752951,0.796365,0.507869,0.560182,O=C(c1cc[nH]n1)N1CCOCC1
decoy_3753,0.489961,0.552349,0.730021,0.71259,0.519819,0.53742,O=C(c1ccccc1)N1CCS[C@H]1c1ccccc1
decoy_3754,0.468261,0.545619,0.699024,0.696028,0.532635,0.547128,O=C(c1ccccc1)N1N=CC[C@H]1c1ccccc1
decoy_3755,0.409512,0.526791,0.681246,0.741092,0.479701,0.52299,O=C(c1cc[nH]n1)N1CC[C@H]2CCCC[C@H]2C1
decoy_3756,0.35936,0.474759,0.765067,0.850522,0.542483,0.671885,O=C(c1ccccc1)N1CCC2(CC[NH2+]CC2)C1
decoy_3757,0.304611,0.353043,0.620392,0.601193,0.418843,0.419177,O=C(c1ccc[nH]1)N1CCC2(CC[NH2+]CC2)C1
decoy_3758,0.301334,0.351072,0.625241,0.623074,0.432453,0.445998,O=C(c1ccn[nH]1)N1CCC2(CC[NH2+]CC2)C1
decoy_3759,0.326213,0.431156,0.724266,0.840439,0.520526,0.646367,O=C(c1ccc2ccccc2n1)N1CCC2(CC[NH2+]CC2)C1
decoy_376,0.443231,0.487579,0.790362,0.729602,0.572309,0.522565,Cc1ccc(C)c(OS(=O)(=O)c2ccc(F)c(C#N)c2)c1C
decoy_3760,0.400432,0.441622,0.784346,0.752058,0.479065,0.513992,O=C(c1ccc(-c2ccccc2)o1)N1CCC2(CC[NH2+]CC2)C1
decoy_3761,0.419253,0.516125,0.86937,0.890312,0.55835,0.575266,O=C(c1cccc2nc(C3CCC3)[nH]c12)N1CCC(Cc2cccs2)CC1
decoy_3762,0.41263,0.497441,0.790324,0.766075,0.530364,0.532277,O=C(c1ccncn1)N1CCC[C@H](Cn2cc[nH+]c2)C1
decoy_3763,0.470455,0.591862,0.826253,0.839222,0.576423,0.594595,O=C(c1cc[nH]c1)N1CCC[C@H](Nc2ccccc2)C1
decoy_3764,0.455087,0.548779,0.810389,0.785986,0.560764,0.590536,O=C(c1cc[nH]n1)N1CCC[C@H](Nc2ccccc2)C1
decoy_3765,0.398146,0.539813,0.717355,0.856741,0.492893,0.616505,O=C(c1ccccc1)N1CCC([NH+]2CCCC2)CC1
decoy_3766,0.335285,0.406129,0.769022,0.758711,0.54379,0.494485,O=C(c1coc(-c2ccccc2)n1)N1CCC([NH+]2CCCCC2)CC1
decoy_3767,0.403073,0.49281,0.726162,0.730696,0.476869,0.505992,O=C(c1ccccc1)N1CCC(Nc2ccncn2)CC1
decoy_3768,0.389337,0.522881,0.737809,0.815889,0.486694,0.557342,O=C(c1ccncn1)N1CCC2=c3ccccc3=N[C@H]2[C@H]1c1ccccc1
decoy_3769,0.349896,0.430626,0.895235,0.949939,0.506332,0.526322,O=C(C1=C[C@H]2N=CC=C2C=C1)N1CCC[C@H](CN2C[C@@H](C3CCCC3)N[NH2+]2)C1
decoy_377,0.504506,0.453577,0.808743,0.699196,0.554242,0.503938,CC1(C)[C@@H]2CC[C@@]1(C)[C@H](OC(=O)[C@@H]1CCCCO1)C2
decoy_3770,0.337022,0.430302,0.767818,0.829043,0.513066,0.521294,O=C(Nc1ccccc1)C(=O)N[C@H]1[C@@H]2CCC[C@H]1C[N@@H+](C1CC1)C2
decoy_3771,0.307154,0.396549,0.824567,0.882922,0.549622,0.513975,O=C(Nc1cccc(N2CCCC2=O)c1)N[C@H]1[C@@H]2CCC[C@H]1C[N@@H+](C1CC1)C2
decoy_3772,0.435982,0.475666,0.766893,0.727614,0.516769,0.528035,O=C(NC1CC1)c1ccccc1
decoy_3773,0.470266,0.600507,0.717593,0.754453,0.503991,0.562992,O=C(N[C@H]1C[C@@H]1c1ccccc1)c1ccccc1
decoy_3774,0.396627,0.468894,0.724155,0.689552,0.512025,0.491566,O=C(Nc1ccccc1)C(=O)N[C@H]1C[C@@H]1c1ccccc1
decoy_3775,0.451032,0.437307,0.771258,0.657497,0.542642,0.467091,O=C(N[C@H]1C[C@@H]1c1ccccc1)N1CCCCC1
decoy_3776,0.464379,0.558638,0.742037,0.724464,0.500287,0.57676,O=C(Nc1ccccc1)N[C@H]1C[C@@H]1c1ccccc1
decoy_3777,0.442264,0.608359,0.819092,0.88289,0.556489,0.576306,O=C(NC1CC1)[C@H]1[C@@H]2C=C[C@@]3(CN(c4ccccc4)C(=O)[C@@H]13)O2
decoy_3779,0.409644,0.477212,0.738209,0.734603,0.483747,0.491465,O=C(NC1CC1)c1ccc(NCCc2ccccc2)cc1
decoy_378,0.348482,0.352143,0.598524,0.67317,0.426706,0.440761,C[C@@H](CCl)CC(C)(C)C
decoy_3780,0.316436,0.357897,0.80915,0.807368,0.497488,0.500406,O=C(NC1CC1)[C@H]1CCCN(C(=O)NCCC[NH+]2CCCCC2)C1
decoy_3781,0.342232,0.40844,0.844722,0.87728,0.544336,0.565873,O=C(NC1CC1)[C@H]1CCCN(C(=O)NCC[NH+]2CCCCCC2)C1
decoy_3782,0.387555,0.441348,0.788097,0.754473,0.48083,0.475914,O=C(NC1CC1)C1CCN(C(=O)NCc2ccccc2)CC1
decoy_3783,0.393112,0.429403,0.809324,0.754859,0.493316,0.477296,O=C(NC1CC1)C1CCN(C(=O)NCCc2cccs2)CC1
decoy_3784,0.291728,0.406848,0.536763,0.625865,0.422716,0.526498,O=C(NC1CC1)c1cnn(-c2ccccc2)n1
decoy_3785,0.379038,0.475886,0.78108,0.791275,0.508445,0.53234,O=C(NC1CC1)c1ccc(NCc2cc(=O)n3ccccc3n2)cc1
decoy_3786,0.445535,0.616517,0.772778,0.836928,0.491211,0.586228,O=C(O[C@@H](C(=O)NC1CC1)c1ccccc1)c1ccccc1
decoy_3787,0.345872,0.453303,0.731312,0.755263,0.47136,0.501743,O=C(NC1CC1)[C@H](Sc1nc(COc2ccccc2)n[nH]1)c1ccccc1
decoy_3788,0.415046,0.479603,0.759663,0.732569,0.513991,0.501048,O=C(Nc1ccccc1)NC1CC1
decoy_3789,0.290281,0.315645,0.682172,0.603613,0.423526,0.39657,O=C(Nc1ccc(S(=O)(=O)N2CCCCC2)cc1)NC1CC1
decoy_379,0.44085,0.492124,0.723022,0.707337,0.515759,0.517999,CC[C@@H]1CCCN(c2nc(Cl)c(C(=O)OC)s2)CC1
decoy_3790,0.454447,0.633114,0.752905,0.851064,0.556601,0.629332,O=C(Nc1nnc(SCc2ccccc2)s1)NC1CC1
decoy_3791,0.431116,0.561348,0.791872,0.813946,0.554027,0.556893,O=C(NC1CC1)N(Cc1ccccc1)C[C@H]1CCCO1
decoy_3792,0.266948,0.298213,0.682706,0.630938,0.461907,0.419041,O=C(Nc1ccccc1)N[C@H]1C[C@H]2CCC[C@@H](C1)[N@@H+]2Cc1ccco1
decoy_3793,0.482208,0.49642,0.717963,0.697304,0.531976,0.544708,O=C(NC1CCCC1)c1ccccc1
decoy_3794,0.349335,0.416603,0.676897,0.75782,0.512493,0.61543,O=C(NC1CCCC1)C1CC[NH2+]CC1
decoy_3795,0.437197,0.506255,0.894437,0.869495,0.55923,0.553034,O=C(NC1CCCC1)[C@H]1CCCN(C(=O)NC2CCCCC2)C1
decoy_3796,0.499109,0.564618,0.731719,0.703239,0.522978,0.523955,O=C(NC1CCCC1)c1csc(-c2ccco2)n1
decoy_3797,0.395663,0.445971,0.839225,0.80405,0.520219,0.501259,O=C(NC1CCCC1)[C@@H](c1ccccc1)N(Cc1ccccc1)C(=O)c1ccco1
decoy_3798,0.428563,0.563521,0.862806,0.917011,0.569139,0.624032,O=C(NC1CCCC1)[C@@H](c1ccco1)N(C(=O)c1ccns1)c1ccccc1
decoy_3799,0.428945,0.544296,0.859035,0.896216,0.571735,0.641542,O=C(NC1CCCC1)[C@@H](c1cccs1)N(C(=O)c1ccns1)c1ccccc1
decoy_38,0.445263,0.474163,0.681187,0.641888,0.511347,0.473932,O=c1/c(=C\c2cccc([N+](=O)[O-])c2)c2cccc3cccc1c32
decoy_380,0.440249,0.532698,0.78452,0.782834,0.515597,0.538742,C[C@H](NC(=O)N1CCO[C@@H](c2ccccc2)C1)c1ccc(Cl)s1
decoy_3800,0.479469,0.573246,0.797038,0.781342,0.54196,0.553586,O=C(NC1CCCC1)[C@H](Sc1nncs1)c1ccccc1
decoy_3801,0.45397,0.509741,0.732898,0.694676,0.544796,0.532712,O=C(Nc1ccccc1)NC1CCCC1
decoy_3802,0.404832,0.445767,0.829636,0.776543,0.525391,0.496913,O=C(NC1CCCC1)N(CCc1nc2ccccc2[nH]1)c1ccccc1
decoy_3803,0.369061,0.468409,0.731102,0.762215,0.474889,0.520838,O=C(N[C@@H]1CCCc2ccccc21)[C@@H]1CCC[NH2+]1
decoy_3804,0.436488,0.438343,0.764421,0.676313,0.529227,0.489797,O=C(N[C@H]1CCCc2ccccc21)c1cn(-c2ccccc2)nn1
decoy_3805,0.445524,0.499843,0.871583,0.808073,0.567323,0.527434,O=C(N[C@H]1CCCc2[nH]ncc21)N(C[C@H]1CCOC1)C1CC1
decoy_3806,0.427929,0.438018,0.823479,0.733372,0.579052,0.505425,O=C(N[C@H]1CCCc2occc21)N1CC[C@@H](Nc2ccccc2)C1
decoy_3807,0.413775,0.518763,0.703797,0.787014,0.53287,0.600654,O=C(Nc1ccccc1)C1CC1
decoy_3808,0.482514,0.510485,0.735172,0.676651,0.546412,0.517032,O=C(Nc1ccccc1)[C@H]1C[C@H]1c1ccccc1
decoy_3809,0.486243,0.499304,0.736158,0.661544,0.571479,0.503606,O=C(Nc1ccccc1)[C@H]1C[C@@H]2CC[C@H]1C2
decoy_381,0.392893,0.43365,0.826842,0.819827,0.542719,0.52789,CC[C@@H]1CCC[N@@H+]([C@@H]2CCCCC[C@@H]2C#N)CC1
decoy_3810,0.466656,0.495264,0.759185,0.71432,0.534642,0.505054,O=C(Nc1ccccc1)C1CCC1
decoy_3811,0.487471,0.505419,0.751409,0.694073,0.558085,0.517507,O=C(Nc1ccccc1)C1CCCC1
decoy_3812,0.376682,0.419874,0.722975,0.678714,0.511077,0.469714,O=C(Nc1ccccc1)c1cccc2[nH]cnc12
decoy_3813,0.490837,0.52238,0.782528,0.739032,0.536853,0.535907,O=C(Nc1ccccc1)c1ccccc1
decoy_3814,0.470284,0.470593,0.685324,0.664621,0.554499,0.498507,O=C(Nc1ccccc1)C1CCCCC1
decoy_3815,0.503036,0.504,0.770584,0.684702,0.575375,0.513421,O=C(Nc1ccccc1)[C@@H]1CC=CCC1
decoy_3816,0.484721,0.492626,0.722459,0.655714,0.555967,0.528407,O=C(NC1CCCCC1)c1ccccc1
decoy_3817,0.446865,0.552139,0.845848,0.875535,0.536612,0.586357,O=C(Nc1ccccc1)c1ccccc1NS(=O)(=O)c1ccccc1
decoy_3818,0.340897,0.456632,0.662645,0.730952,0.473191,0.538407,O=C(Nc1ccccc1)c1ccccn1
decoy_3819,0.37546,0.476705,0.700794,0.824788,0.512886,0.631639,O=C(Nc1ccccc1)[C@@H]1CCC[NH2+]1
decoy_382,0.477563,0.532244,0.710423,0.820853,0.541134,0.553158,CCC[C@H]1CCCN(c2ccc(CCl)cc2F)CC1
decoy_3820,0.386803,0.475901,0.713079,0.808214,0.536522,0.639097,O=C(Nc1ccccc1)[C@H]1CCC[NH2+]C1
decoy_3821,0.494864,0.689069,0.795295,0.883516,0.563157,0.734947,O=C(Nc1ccccc1)c1cccnc1Nc1ccccc1
decoy_3822,0.375969,0.569092,0.669625,0.818595,0.49834,0.648134,O=C(Nc1ccccc1)c1ccc[nH]1
decoy_3823,0.374468,0.490667,0.685956,0.755335,0.494968,0.60122,O=C(Nc1ccccc1)c1ccco1
decoy_3824,0.361125,0.478896,0.711996,0.780592,0.479274,0.53732,O=C(Nc1ccccc1)c1ccc(=O)[nH]c1
decoy_3825,0.37875,0.439521,0.673796,0.663671,0.497697,0.482445,O=C(NC1CCCCC1)c1ccc(=O)[nH]n1
decoy_3826,0.510029,0.478659,0.827894,0.737262,0.553268,0.482998,O=C(Nc1ccccc1)c1cccs1
decoy_3827,0.442572,0.438658,0.696305,0.623664,0.513509,0.476684,O=C(NC1CCCCC1)c1cccs1
decoy_3828,0.35753,0.464074,0.692643,0.814235,0.512487,0.667352,O=C(Nc1ccccc1)[C@H]1CC[NH2+]C1
decoy_3829,0.364429,0.430952,0.6804,0.767046,0.483987,0.573326,O=C(NC1CCCCC1)[C@H]1CC[NH2+]C1
decoy_383,0.473372,0.462005,0.682318,0.632138,0.512627,0.472379,N#C[C@@H]1CCCCC[C@H]1Sc1ccc(Cl)cn1
decoy_3830,0.381944,0.528596,0.674391,0.772179,0.510975,0.618688,O=C(Nc1ccccc1)c1ccncc1
decoy_3831,0.378455,0.478504,0.699502,0.808855,0.522189,0.660502,O=C(Nc1ccccc1)C1CC[NH2+]CC1
decoy_3832,0.358739,0.471562,0.610467,0.677409,0.457187,0.526919,O=C(NC1CCCCC1)c1ccncc1
decoy_3833,0.388706,0.451498,0.737391,0.804411,0.535514,0.682958,O=C(NC1CCCCC1)C1CC[NH2+]CC1
decoy_3834,0.372112,0.529626,0.652425,0.790402,0.499255,0.629764,O=C(Nc1ccccc1)c1ccncn1
decoy_3835,0.336079,0.461288,0.680984,0.765592,0.471791,0.58562,O=C(Nc1ccccc1)c1cc[nH]n1
decoy_3836,0.37553,0.429046,0.673603,0.666529,0.473475,0.46127,O=C(Nc1ccccc1)c1cc(=O)[nH]c2ccccc12
decoy_3837,0.395221,0.49905,0.693177,0.764963,0.502011,0.604094,O=C(Nc1ccccc1)c1ccsc1
decoy_3838,0.480993,0.511821,0.814135,0.732753,0.571999,0.526055,O=C(Nc1ccccc1)C1=CNC=C[C@H]1c1ccccc1
decoy_3839,0.467837,0.464091,0.7008,0.642593,0.539643,0.514292,O=C(NC1CCCCC1)c1coc2ccccc12
decoy_384,0.521239,0.493207,0.869116,0.743984,0.601973,0.50904,C[C@H]1CCC[C@H](NC(=O)N(C)[C@@H](C)C2CC2)C1
decoy_3840,0.511809,0.628587,0.781358,0.778107,0.563599,0.621754,O=C(Nc1ccccc1)c1conc1-c1ccccc1
decoy_3841,0.36241,0.459955,0.714116,0.756611,0.480005,0.518587,O=C(Nc1ccccc1)c1ncncc1N(Cc1ccccc1)Cc1ccco1
decoy_3842,0.456329,0.557858,0.701344,0.724416,0.521906,0.549942,O=C(Nc1ccccc1)c1sccc1C1CC1
decoy_3843,0.476327,0.514559,0.750726,0.690297,0.562923,0.520953,O=C(Nc1ccccc1)C1(c2ccccc2)CCC1
decoy_3844,0.422565,0.557955,0.772126,0.827131,0.523311,0.565097,O=C(Nc1ccccc1)c1c(NCc2ccccc2)sc2c1CCCC2
decoy_3845,0.40735,0.57451,0.768504,0.851602,0.521773,0.590737,O=C(Nc1ccccc1)c1c(/N=C/c2ccccc2)sc2c1CCCC2
decoy_3846,0.456853,0.558209,0.781828,0.778589,0.558698,0.551233,O=C(Nc1ccccc1)[C@@H]1C=c2ccccc2=N1
decoy_3847,0.413704,0.497212,0.825383,0.848855,0.582261,0.54019,O=C(Nc1ccccc1)[C@@H]1C[C@H]2CCCC[C@H]2[NH2+]1
decoy_3848,0.446048,0.563746,0.837025,0.863556,0.571768,0.567991,O=C1N[C@H](c2ccccc2)[C@H](C(=O)Nc2ccccc2)c2ccccc21
decoy_3849,0.342315,0.432957,0.647338,0.659845,0.490848,0.468863,O=C(Nc1ccccc1)c1cc2ccccc2[nH]c1=O
decoy_385,0.469122,0.470751,0.770171,0.767253,0.557834,0.522483,C[C@@H]1CCc2ccccc2N1C[C@@H]1CC(C)(C)CC[C@@H]1O
decoy_3850,0.451632,0.493098,0.664111,0.637433,0.479025,0.496199,O=C(Nc1ccccc1)c1cc2c(s1)CCCC2
decoy_3851,0.413903,0.497037,0.814129,0.797527,0.541934,0.536617,O=C(Nc1ccccc1)[C@@H]1C[C@H]2CCCN2[C@@]12C(=O)Nc1ccccc12
decoy_3852,0.342419,0.431781,0.625856,0.65554,0.456257,0.493684,O=C(Nc1ccccc1)c1cc2cccnc2s1
decoy_3853,0.431598,0.43176,0.70382,0.611217,0.529846,0.484209,O=C(NC1CCCCC1)c1cc2cccnc2s1
decoy_3855,0.349318,0.465383,0.681192,0.750446,0.467871,0.528512,O=C(Nc1ccccc1)c1cc2cn[nH]c2s1
decoy_3856,0.29288,0.410396,0.602998,0.69084,0.444826,0.518993,O=C(Nc1ccccc1)c1cc2c(=O)[nH]cnc2s1
decoy_3857,0.48752,0.59285,0.804031,0.80996,0.562199,0.573308,O=C(Nc1ccccc1)c1cc2n(n1)CCCN2
decoy_3858,0.447395,0.445793,0.713883,0.625726,0.545453,0.487327,O=C(NC1CCCCC1)c1cc2scnc2s1
decoy_3859,0.472098,0.59094,0.812491,0.820367,0.61357,0.661987,O=C(Nc1ccccc1)c1cc(C2CC2)n[nH]1
decoy_386,0.442494,0.467349,0.701073,0.685865,0.488155,0.472883,CC(C)(C)c1ccc([C@H]2OCCC[C@@H]2C#N)cc1
decoy_3860,0.320417,0.390996,0.626329,0.621864,0.478518,0.446509,O=C(Nc1ccccc1)c1ccc(-c2ccccc2)[nH]c1=O
decoy_3861,0.435162,0.55602,0.667373,0.693595,0.484534,0.521765,O=C(Nc1ccccc1)c1ccc(-c2ccccc2)s1
decoy_3862,0.371246,0.471126,0.802513,0.845608,0.488085,0.527157,O=C(Nc1ccccc1)c1cccc(S(=O)(=O)NC2CCCCC2)c1
decoy_3863,0.304843,0.416499,0.545821,0.614347,0.448365,0.51726,O=C(Nc1ccccc1)c1ccc(-n2cccn2)cc1
decoy_3864,0.326795,0.408454,0.617699,0.623797,0.455264,0.4975,O=C(Nc1ccccc1)c1ccc(NC2CC2)nc1
decoy_3865,0.450948,0.58618,0.816913,0.856994,0.545434,0.566426,O=C(Nc1ccccc1)[C@H]1CCCN(C(=O)c2ccccc2)C1
decoy_3866,0.445982,0.485593,0.926959,0.868362,0.572654,0.54931,O=C(NC1CCCCC1)[C@H]1CCCN(C(=O)NC2CCCCC2)C1
decoy_3867,0.261993,0.278087,0.826548,0.732286,0.435555,0.411817,O=C(NC1CCCCC1)[C@H]1CCCN(C(=O)NCCC[NH+]2CCCCC2)C1
decoy_3868,0.418901,0.555882,0.854365,0.918804,0.526215,0.562054,O=C(Nc1ccccc1)[C@H]1CCCN(S(=O)(=O)Cc2ccccc2)C1
decoy_3869,0.325288,0.414011,0.564903,0.608418,0.432709,0.473253,O=C(Nc1ccccc1)c1ccn(-c2ccccc2)c1
decoy_387,0.352741,0.352832,0.687753,0.587616,0.47356,0.422225,CC(C)c1ccc([C@@H]2OCCC[C@@H]2C(=O)[O-])cc1
decoy_3870,0.424832,0.518068,0.747491,0.741732,0.514438,0.554774,O=C(Nc1ccccc1)[C@@H]1CCN(c2ccccc2)C1=O
decoy_3871,0.340512,0.379707,0.741708,0.742166,0.486171,0.467424,O=C(Nc1ccccc1)[C@H]1CC[N@@H+](CCSc2ccccc2)CC1
decoy_3872,0.369991,0.311057,0.839204,0.646609,0.489754,0.405685,O=C(NC1CCCCC1)C1CCN(C(=O)NC2CCCCC2)CC1
decoy_3873,0.334474,0.361911,0.902093,0.889831,0.58967,0.526404,O=C(NC1CCCCC1)C1CCN(C(=O)NCC[NH+]2CCCCC2)CC1
decoy_3874,0.370172,0.465296,0.788051,0.8135,0.486878,0.508328,O=C(Nc1ccccc1)C1CCN(S(=O)(=O)c2ccccc2)CC1
decoy_3875,0.368453,0.452463,0.706091,0.734663,0.484177,0.51495,O=C(Nc1ccccc1)C1=CNc2ncnn2[C@H]1c1ccccc1
decoy_3876,0.326207,0.458228,0.62065,0.716552,0.466041,0.573299,O=C(Nc1ccccc1)c1cnc2[nH]ncc2c1
decoy_3877,0.391864,0.508524,0.722071,0.77486,0.494291,0.51751,[O-]/C(Nc1ccccc1)=C1/C=Nc2scc[n+]2[C@H]1c1ccccc1
decoy_3878,0.451564,0.57165,0.723131,0.736198,0.497796,0.538751,O=C(Nc1ccccc1)c1cnc(-c2ccccc2)s1
decoy_3879,0.31667,0.386087,0.842969,0.902286,0.53415,0.53787,O=C(NCCC[NH+]1CCCCC1)C1=C[C@H](C(=O)NC2CCCCC2)C=N1
decoy_388,0.424665,0.503909,0.653937,0.668791,0.47239,0.479291,CC[C@H]1CC[C@@H](Nc2ccc([N+](=O)[O-])cc2Br)C1
decoy_3880,0.316795,0.439048,0.611457,0.679522,0.434425,0.469794,O=C(Nc1ccccc1)c1cnc(Nc2ccccc2)s1
decoy_3881,0.318944,0.408446,0.71628,0.763765,0.471465,0.490515,O=C(Nc1ccccc1)c1cnn(-c2ccccc2)c1C1CC[NH2+]CC1
decoy_3882,0.370406,0.485539,0.786481,0.904434,0.482703,0.551403,O=C(NC1CCCCC1)c1coc2cccc(C[NH+]3CCCCC3)c12
decoy_3883,0.352861,0.49389,0.765881,0.888987,0.515818,0.542582,O=C(Nc1ccccc1)c1coc2cccc(C[NH+]3CCNCC3)c12
decoy_3884,0.294674,0.346082,0.69293,0.667082,0.413191,0.429143,O=C(NC1CCCCC1)c1coc(CN2CC[NH2+]CC2)n1
decoy_3885,0.521975,0.560281,0.76661,0.704199,0.544242,0.555335,O=C(Nc1ccccc1)c1csc2c1CCCC2
decoy_3886,0.413704,0.52482,0.75502,0.769505,0.528011,0.552595,O=C(Nc1ccccc1)c1csc(COc2ccccc2)n1
decoy_3887,0.453231,0.527514,0.845873,0.834539,0.619284,0.556612,O=C(NC1CCCCC1)c1csc(COc2ccccc2)n1
decoy_3888,0.391906,0.556513,0.677569,0.763343,0.525153,0.577464,O=C(Nc1ccccc1)c1csc(Nc2ccccc2)n1
decoy_3889,0.452224,0.541824,0.791219,0.779613,0.547708,0.574086,O=C(NC1CCCCC1)c1csc(Nc2ccccc2)n1
decoy_389,0.40562,0.469265,0.795417,0.789723,0.571784,0.539268,COc1c(C)c[nH+]c(C[C@H]2CCC[C@@H](O)C2)c1C
decoy_3890,0.38909,0.550491,0.773813,0.830654,0.52133,0.532505,O=C(Nc1ccccc1[C@@H]1N=c2ccccc2=NC1=O)c1ccccc1
decoy_3891,0.457298,0.562726,0.838546,0.810888,0.521551,0.555598,O=C(Nc1ccccc1)c1ncn2c1C(=O)N(C1CC1)CC2
decoy_3892,0.444426,0.569565,0.757011,0.772275,0.582598,0.640189,O=C(Nc1ccccc1)C1=NN=C(c2ccccc2)C1
decoy_3893,0.341294,0.409511,0.681319,0.701681,0.46913,0.509506,O=C(Nc1ccccc1)[C@H]1Sc2nncn2N[C@@H]1c1ccccc1
decoy_3894,0.308666,0.331366,0.687274,0.704061,0.445975,0.446439,O=C(NC1CCCCC1)c1cc2cc3c(nc2s1)CC[NH2+]C3
decoy_3895,0.394232,0.413639,0.76086,0.675535,0.489767,0.457638,O=C(Nc1ccccc1)c1cc2n(n1)CC[C@@H](c1ccccc1)N2
decoy_3896,0.394232,0.413639,0.76086,0.675535,0.489767,0.457638,O=C(Nc1ccccc1)c1cc2n(n1)CC[C@@H](c1ccccc1)N2
decoy_3897,0.353717,0.336125,0.740171,0.616314,0.524978,0.440625,O=C(NC1CCCCC1)c1cc2n(n1)CC[C@@H](c1ccccc1)N2
decoy_3898,0.418867,0.504928,0.767917,0.758375,0.5229,0.512595,O=C(Nc1ccccc1)c1cc2n(n1)CC[C@@H](c1ccco1)N2
decoy_3899,0.37753,0.418687,0.774785,0.753738,0.490168,0.49496,O=C(Nc1ccccc1)c1cccc(S(=O)(=O)N2CCc3ccccc32)c1
decoy_39,0.387906,0.494994,0.775242,0.807938,0.526794,0.539078,FCCc1ccc(C2([NH+]3CCCCC3)CCCCC2)s1
decoy_390,0.538395,0.543768,0.782565,0.857256,0.579485,0.560687,CC(C)[C@H](O)CCCc1ccc2c(c1)CCC2
decoy_3900,0.345593,0.326498,0.72409,0.603354,0.483373,0.424558,O=C(NC1CCCCC1)c1ccc(NCc2cc(=O)n3ccsc3n2)cc1
decoy_3901,0.361535,0.412684,0.729159,0.721951,0.465334,0.464731,O=C(Nc1ccccc1)c1cc(C(=O)c2ccc3c(c2)CCCC3)n2ccccc12
decoy_3902,0.266221,0.299695,0.621054,0.628366,0.403378,0.411188,O=C(NC1CCCCC1)C1CCN(c2[nH]c3ccccc3[nH+]2)CC1
decoy_3903,0.313486,0.401375,0.639948,0.67959,0.462154,0.480183,O=C(Nc1ccccc1)C1=C/C(=N\Nc2ccccc2)c2ccccc2C1=O
decoy_3904,0.386405,0.561728,0.71183,0.828765,0.492084,0.582269,O=C(Nc1ccccc1)C1=NN(c2ccccc2)[C@H](c2ccccc2)C1
decoy_3905,0.490856,0.563646,0.752361,0.726329,0.538772,0.559832,O=C(/C=C/c1ccccc1)Nc1ccccc1
decoy_3906,0.376465,0.504363,0.77728,0.811286,0.528161,0.554521,O=C(Nc1ccccc1)C(=Cc1ccccc1)C(=O)Nc1ccccc1
decoy_3907,0.396339,0.497894,0.698112,0.731547,0.501488,0.517888,O=C(/C=C/c1c[nH]c2ccccc12)Nc1ccccc1
decoy_3908,0.37285,0.549337,0.804052,0.923895,0.527564,0.623743,O=C(N[C@@H](CC1=c2ccccc2=NC1)C(=O)Nc1ccccc1)c1ccccc1
decoy_3909,0.333854,0.485936,0.712148,0.903554,0.460101,0.550282,O=C(Nc1ccccc1CN1CCc2ccccc21)C1CC[NH2+]CC1
decoy_391,0.387682,0.436534,0.635484,0.641725,0.498035,0.478365,C[C@@H](O)c1csc(N(C)[C@H]2CCCC[C@@H]2C)n1
decoy_3910,0.385529,0.427969,0.881654,0.899093,0.527776,0.534859,O=C(Nc1ccccc1C[NH+]1CCSCC1)N[C@]12C[C@H]3C[C@H](C[C@H](C3)C1)C2
decoy_3911,0.417278,0.485467,0.782977,0.76257,0.499263,0.505184,O=C(NC1CCCCC1)[C@H](Nc1ccccc1)c1ccccc1
decoy_3912,0.385061,0.452971,0.852392,0.839679,0.532218,0.524576,O=C(NC1CCCCC1)[C@@H](c1ccccc1)N(Cc1ccco1)C(=O)c1ccccc1
decoy_3913,0.405256,0.499364,0.856524,0.854018,0.532709,0.518843,O=C(N[C@@H](C(=O)NC1CCCCC1)c1ccccc1)c1ccccc1
decoy_3914,0.395531,0.463584,0.870488,0.856563,0.527121,0.532043,O=C(NC1CCCCC1)[C@@H](c1ccccc1)N(C(=O)c1ccccc1)c1ccccc1
decoy_3915,0.40936,0.544275,0.839449,0.884813,0.552108,0.546694,O=C(NC1CCCCC1)/C(=C\c1ccco1)NC(=O)c1ccccc1
decoy_3916,0.399386,0.456618,0.869785,0.826541,0.535806,0.501552,O=C(NC1CCCCC1)[C@@H](c1ccccc1)N(C(=O)c1ccns1)c1ccccc1
decoy_3917,0.408113,0.540131,0.861038,0.923449,0.568814,0.606047,O=C(NC1CCCCC1)[C@@H](c1ccco1)N(C(=O)c1ccns1)c1ccccc1
decoy_3918,0.420591,0.554438,0.776192,0.81188,0.532002,0.536207,O=C(O[C@@H](C(=O)Nc1ccccc1)c1ccccc1)c1ccccc1
decoy_3919,0.40616,0.484395,0.771089,0.759181,0.518151,0.507361,O=C(Nc1ccccc1)C(=O)N1CCC[C@H]1C1CCCCC1
decoy_392,0.443458,0.462808,0.621664,0.620761,0.472894,0.470663,O[C@]1(c2ccco2)CCC[C@H](C2CC2)C1
decoy_3920,0.366022,0.472936,0.686232,0.803563,0.519538,0.710591,O=C(Nc1ccccc1)C(=O)N1CC[NH2+]CC1
decoy_3921,0.435103,0.49958,0.751457,0.712932,0.502655,0.495426,O=C(Nc1ccccc1)C(=O)NC1CCCCC1
decoy_3922,0.469296,0.500261,0.881765,0.799565,0.539802,0.523372,O=C(Nc1ccccc1N1CCCC1)C(=O)NC1CCCCC1
decoy_3923,0.419731,0.632195,0.800057,0.909375,0.564709,0.658608,O=C(Nc1ccccc1C(=O)Nc1ccccn1)c1ccccc1
decoy_3924,0.378217,0.508059,0.85769,0.908765,0.537565,0.542334,O=C(NCCC1=c2ccccc2=NC1)c1ccccc1NC(=O)N1CCCC1
decoy_3925,0.458848,0.550097,0.78472,0.77689,0.53044,0.551903,O=C(Nc1ccccc1)N1CCC2(CC1)NCCS2
decoy_3926,0.464097,0.540338,0.770773,0.750172,0.524524,0.534597,O=C(Nc1ccccc1)N1CCC[C@H]1C1CCCC1
decoy_3927,0.493292,0.526049,0.801228,0.730744,0.557268,0.517156,O=C(Nc1ccccc1)N1CCC[C@H]1c1ccccc1
decoy_3928,0.458299,0.471484,0.753681,0.688835,0.518018,0.484147,O=C(Nc1ccccc1)N1CCC[C@H]1C1CCCCC1
decoy_3929,0.456302,0.575089,0.800257,0.775342,0.53283,0.545618,O=C(Nc1ccccc1N1CCCC1)c1ccc[nH]1
decoy_393,0.443457,0.415149,0.795825,0.814058,0.541849,0.486324,C=C(C)C[C@@H]1CCC[C@H]1Br
decoy_3930,0.450255,0.527742,0.794539,0.772611,0.549292,0.533058,O=C(Nc1ccccc1N1CCCC1)C1=Cc2ccccc2OC1
decoy_3931,0.382336,0.431917,0.869901,0.811234,0.485093,0.495688,O=C(Nc1ccccc1N1CCCC1)C1CCN(C(=O)c2ccccc2)CC1
decoy_3932,0.483596,0.491886,0.743859,0.665089,0.567212,0.513818,O=C(Nc1ccccc1)N1CCCCC1
decoy_3933,0.478942,0.45467,0.779485,0.656757,0.561516,0.489209,O=C(NC1CCCCC1)N1CCCCC1
decoy_3934,0.497364,0.500885,0.766687,0.670008,0.558853,0.50755,O=C(Nc1ccccc1)N1CCCCCC1
decoy_3935,0.372641,0.480749,0.675999,0.800273,0.508933,0.659907,O=C(Nc1ccccc1)N1CCC[NH2+]CC1
decoy_3936,0.368826,0.475414,0.684574,0.808074,0.506449,0.665075,O=C(Nc1ccccc1)N1CC[NH2+]CC1
decoy_3937,0.512856,0.547907,0.773505,0.708713,0.559129,0.511263,O=C(Nc1ccccc1)N1CCc2sccc2C1
decoy_3938,0.447136,0.483085,0.752434,0.702384,0.529853,0.497904,O=C(Nc1ccccc1)N1CCC(c2ccccc2)CC1
decoy_3939,0.450314,0.51176,0.78817,0.74323,0.533799,0.554858,O=C(Nc1ccccc1)N1CCC[C@H](c2ccccc2)C1
decoy_394,0.394696,0.407446,0.692735,0.77496,0.495949,0.467992,C#CCC[C@H]1CCC[C@H]1Cl
decoy_3940,0.432772,0.498902,0.759915,0.741286,0.512086,0.49741,O=C(Nc1ccccc1)N1CCC(Cc2ccccc2)CC1
decoy_3941,0.388916,0.510772,0.771961,0.896947,0.547127,0.579343,O=C(Nc1ccccc1)N1CCC([NH+]2CCCCC2)CC1
decoy_3942,0.289055,0.294755,0.568724,0.511526,0.417195,0.375897,O=C(Nc1ccccc1)N1CCN(c2ccncn2)CC1
decoy_3943,0.361477,0.468225,0.754078,0.848025,0.486569,0.532107,O=C(Nc1ccccc1)N1CC[NH+](CC2CCCCC2)CC1
decoy_3944,0.472183,0.586007,0.828961,0.838018,0.551218,0.599883,O=C(Nc1ccccc1)N1CCN(C(=O)c2ccoc2)CC1
decoy_3945,0.444686,0.468848,0.740159,0.653606,0.566106,0.506423,O=C(Nc1ccccc1)NC1CCCCC1
decoy_3946,0.454524,0.435665,0.789568,0.66666,0.607345,0.502054,O=C(NC1CCCCC1)NC1CCCCC1
decoy_3947,0.455213,0.619807,0.796184,0.843167,0.570947,0.677642,O=C(Nc1ccccc1NC1CCCCC1)c1ccon1
decoy_3948,0.285482,0.36476,0.525973,0.565859,0.380813,0.42613,O=C(Nc1ccccc1)Nc1ccccc1[C@@H]1C=c2ccccc2=N1
decoy_3949,0.361334,0.438878,0.760272,0.74064,0.477135,0.492287,O=C(Nc1ccccc1[C@@H]1C=c2ccccc2=N1)NC1CCCCC1
decoy_395,0.491779,0.473287,0.726563,0.736105,0.553621,0.511354,CCC[C@@H](C)C[C@@H](O)CC(C)(C)C
decoy_3950,0.430823,0.46618,0.738427,0.663094,0.554064,0.513899,O=C(Nc1cccnc1)NC1CCCCC1
decoy_3951,0.414461,0.456951,0.805503,0.737843,0.529197,0.490262,O=C(NC1CCCCC1)N[C@@H]1CSC(=S)N1c1ccccc1
decoy_3952,0.423926,0.414109,0.747038,0.638535,0.526638,0.494736,O=C(Nc1nncs1)NC1CCCCC1
decoy_3953,0.415131,0.412656,0.734668,0.640451,0.521698,0.487102,O=C(Nc1ccccc1)N[C@]12C[C@H]3C[C@H](C[C@H](C3)C1)C2
decoy_3954,0.442473,0.522487,0.715368,0.694298,0.503938,0.490268,O=C(Nc1ccccc1)Nc1cc2c(s1)CCC2
decoy_3955,0.421325,0.559865,0.794456,0.831716,0.570622,0.595086,O=C(Nc1ccccc1)Nc1c(-c2ccccc2)nc2ccccn12
decoy_3956,0.429272,0.429323,0.758448,0.660725,0.575915,0.488074,O=C(Nc1ccc2c(c1)CCC2)NC1CCCCC1
decoy_3957,0.433489,0.509355,0.761941,0.723835,0.503331,0.518341,O=C(Nc1ccccc1)Nc1ccn(Cc2ccccc2)n1
decoy_3958,0.288291,0.301694,0.807998,0.733811,0.492257,0.452049,O=C(NC1CCCCC1)N[C@H]1CC[N@H+](CCCOc2ccccc2)CC1
decoy_3959,0.382553,0.431636,0.897884,0.85798,0.530452,0.512704,O=C(NC1CCCCC1)NC1CCN(CC(=O)N2CCCCC2)CC1
decoy_396,0.432752,0.450756,0.663844,0.678383,0.507736,0.470585,CCCC[C@@H](O)[C@@H]1CCCC[C@@H]1CC
decoy_3960,0.423443,0.523163,0.752787,0.749293,0.496164,0.512178,O=C(Nc1ccccc1)Nc1cnn(Cc2ccccc2)c1
decoy_3961,0.47611,0.554947,0.785304,0.734477,0.565029,0.559571,O=C(Nc1ccccc1)Nc1nc2c(s1)CCCC2
decoy_3962,0.438071,0.551527,0.791504,0.803434,0.610369,0.601022,O=C(Nc1ccccc1)Nc1nnc(C2CC2)s1
decoy_3963,0.250516,0.291534,0.557632,0.519843,0.444028,0.368498,O=C(Nc1nnc(C2CC2)s1)NC1CCCCC1
decoy_3964,0.427189,0.458125,0.806093,0.729017,0.588799,0.50039,O=C(Nc1ccccc1)Nc1nnc(CSc2ccccc2)s1
decoy_3965,0.301621,0.40198,0.67797,0.701019,0.432002,0.507735,O=C(Nc1ccccc1)Nc1nnc(CSCc2ccccc2)s1
decoy_3966,0.330751,0.316996,0.698403,0.583022,0.46802,0.436703,O=C(Nc1nnc(SCc2ccccc2)s1)NC1CCCCC1
decoy_3967,0.392651,0.522687,0.8359,0.940373,0.560501,0.614719,O=C(Nc1ccccc1)Nc1nnc(SCC[NH+]2CCCC2)s1
decoy_3968,0.258561,0.273206,0.734457,0.647871,0.414922,0.393364,O=C(Nc1nnc(SCC[NH+]2CCCCC2)s1)NC1CCCCC1
decoy_3969,0.424321,0.513036,0.838083,0.820407,0.565042,0.533932,O=C(Nc1ccccc1)Nc1ccc2c(c1)N(C(=O)C1CC1)CC2
decoy_397,0.411031,0.515265,0.770034,0.774398,0.540489,0.562852,C/C=C/C(=O)N1C[C@@H]2CCCC[N@H+]2C[C@@H]1C
decoy_3970,0.401164,0.477398,0.851265,0.8299,0.54582,0.515021,O=C(Nc1ccccc1)Nc1ccc2c(c1)N(C(=O)C1CCCC1)CC2
decoy_3971,0.380586,0.369919,0.780076,0.659524,0.486262,0.437077,O=C(Nc1ccccc1)Nc1ccc2nc(N3CCCCC3)ccc2c1
decoy_3972,0.346973,0.339438,0.763892,0.652646,0.46447,0.427486,O=C(Nc1ccc2c(c1)CCCN2C(=O)C1CC1)NC1CCCCC1
decoy_3973,0.329413,0.353342,0.668167,0.598505,0.416214,0.43915,O=C(Nc1ccccc1)Nc1ccc([C@@H]2C=c3ccccc3=N2)cc1
decoy_3974,0.285408,0.347621,0.602925,0.590294,0.392615,0.431592,O=C(Nc1ccccc1)Nc1cccc([C@@H]2C=c3ccccc3=N2)c1
decoy_3975,0.232849,0.288385,0.666995,0.689829,0.454121,0.456372,O=C(Nc1ccccc1)Nc1ccc([N@H+]2CC[C@H](Cc3ccccc3)CC2)cc1
decoy_3976,0.482158,0.619152,0.806223,0.820558,0.557464,0.577302,O=C(Nc1ccccc1)N(Cc1ccccc1)C1CC1
decoy_3977,0.346599,0.478793,0.712266,0.804389,0.448784,0.52776,O=C(Nc1ccccc1)N(Cc1ccccc1)C1CC[NH2+]CC1
decoy_3978,0.446491,0.526503,0.819641,0.80428,0.553014,0.532172,O=C(Nc1ccccc1)N(Cc1ccccc1)C[C@H]1CCCO1
decoy_3979,0.435868,0.526321,0.880094,0.889948,0.564848,0.56542,O=C(NC1CCCCC1)N(Cc1ccccc1)C[C@H]1CCCO1
decoy_398,0.444079,0.402145,0.849827,0.839784,0.577723,0.505888,C=C1CCC[C@H](C2CC2)C1
decoy_3980,0.380806,0.482418,0.805861,0.835454,0.506552,0.531692,O=C(Nc1ccccc1)N(Cc1cc2ccccc2[nH]c1=O)C[C@H]1CCCO1
decoy_3981,0.498722,0.619989,0.769958,0.769957,0.571722,0.578321,O=C(Nc1ccccc1)N(Cc1ccsc1)C1CC1
decoy_3983,0.35563,0.374584,0.796579,0.734677,0.468783,0.448396,O=C(Nc1ccccc1)O[C@H]1CC[C@@H]2[C@@H](CC(=O)N3CCCC3)CCC[C@@H]2C1
decoy_3984,0.316959,0.349428,0.74618,0.717826,0.446331,0.444084,O=C(Nc1ccccc1)O[C@H]1CC[C@@H]2[C@@H](CC(=O)N3CCCCC3)CCC[C@@H]2C1
decoy_3985,0.446432,0.551405,0.794802,0.815341,0.527792,0.562249,O=C(Nc1ccccc1)OCCNC(=O)c1cc2ccccc2s1
decoy_3986,0.464974,0.475839,0.72147,0.643475,0.562778,0.538379,O=C(NC1CCCCCC1)c1ccccc1
decoy_3987,0.379571,0.438657,0.730529,0.714951,0.494539,0.518214,O=C(NC1CCCCCC1)[C@H]1NC(C2=C[C@H]3N=CC=C3C=C2)=NO1
decoy_3988,0.333928,0.313489,0.801625,0.674499,0.492945,0.426889,O=C(NC1CCCCCCC1)NC1CCN(C(=O)C2CCCCC2)CC1
decoy_3989,0.374009,0.464776,0.7489,0.819836,0.534003,0.587642,O=C(Nc1ccccn1)C1CC[NH2+]CC1
decoy_399,0.417594,0.528334,0.657598,0.718361,0.483113,0.531915,O=C1C[C@]2(CCC[C@H](C3CC3)C2)N1
decoy_3990,0.313083,0.37832,0.596956,0.63237,0.445617,0.473229,O=C(Nc1cccnc1)c1ccccc1
decoy_3991,0.397994,0.441009,0.711192,0.674892,0.505413,0.477475,O=C(N[C@H]1CCC[NH2+]C1)c1csc(-c2ccccc2)n1
decoy_3992,0.408202,0.384318,0.73733,0.624717,0.483926,0.441677,O=C(Nc1cccnc1)N1CCC(Nc2ccccc2)CC1
decoy_3993,0.493171,0.470944,0.754135,0.651737,0.578633,0.507913,O=C(Nc1cccs1)[C@H]1C[C@@H]2CC[C@H]1C2
decoy_3994,0.506608,0.439763,0.838297,0.696269,0.556196,0.453115,O=C(Nc1cccs1)c1ccccc1
decoy_3995,0.371356,0.465093,0.711202,0.762801,0.510641,0.558287,O=C(Nc1cccs1)c1ccco1
decoy_3996,0.343777,0.438841,0.561449,0.612656,0.43387,0.481652,O=C(Nc1cccs1)c1ccc2c(c1)CCCC2
decoy_3997,0.405169,0.51452,0.826792,0.874626,0.51871,0.556291,O=C(Nc1cccs1)c1cccc(S(=O)(=O)NC2CCCCC2)c1
decoy_3998,0.424351,0.594867,0.75529,0.840659,0.521596,0.635407,O=C(Nc1cccs1)C(=O)N1CCO[C@H](c2ccccc2)C1
decoy_3999,0.435215,0.597862,0.755315,0.856945,0.545961,0.618106,O=C(Nc1cccs1)C(=S)N/N=C/c1ccccc1
decoy_4,0.481101,0.552172,0.779841,0.754278,0.51403,0.546612,O=C(C[C@H]1OC(=O)c2ccccc21)c1ccc(Cl)s1
decoy_40,0.403808,0.471155,0.640645,0.730565,0.498584,0.536548,C1COC([C@@H]2CC[C@H]3O[C@H]3C2)O1
decoy_400,0.448722,0.454551,0.714803,0.754584,0.515315,0.50118,CC[C@@H]1CCC[C@@H](C(C)(C)C[C@@H](C)Br)C1
decoy_4000,0.487463,0.461017,0.783773,0.666429,0.586505,0.51517,O=C(Nc1cccs1)N1CCCCC1
decoy_4001,0.379088,0.45153,0.734433,0.81536,0.519019,0.680992,O=C(Nc1cccs1)N1CC[NH2+]CC1
decoy_4003,0.384328,0.478783,0.725876,0.825449,0.516159,0.563564,O=C(Nc1cccs1)N[C@H]1CC[N@H+]2CCCC[C@H]12
decoy_4004,0.305839,0.391465,0.6532,0.751818,0.439619,0.473066,O=C(N[C@H]1CC[NH2+]C1)c1cncs1
decoy_4005,0.381966,0.445253,0.73249,0.783215,0.522317,0.570154,O=C(NC1CC[NH2+]CC1)C1CCC1
decoy_4006,0.384958,0.452337,0.741475,0.805787,0.525657,0.641134,O=C(NC1CC[NH2+]CC1)C1CCCCC1
decoy_4007,0.300642,0.355684,0.595577,0.65121,0.434954,0.443562,O=C(NC1CC[NH2+]CC1)c1ccco1
decoy_4008,0.365597,0.41252,0.67252,0.659984,0.462862,0.497818,O=C(NC1CC[NH2+]CC1)[C@@H]1CCCO1
decoy_4009,0.324511,0.422022,0.677467,0.7633,0.47877,0.531149,O=C(NC1CC[NH2+]CC1)c1cccs1
decoy_401,0.458181,0.444545,0.730441,0.679253,0.530457,0.490655,C[C@@H]1CC([C@]2(O)CCO[C@H](C)C2)C[C@@H](C)C1
decoy_4010,0.319994,0.377973,0.684499,0.651522,0.469193,0.472177,O=C(NC1CC[NH2+]CC1)c1ccncn1
decoy_4011,0.317774,0.403116,0.671544,0.723491,0.450979,0.49987,O=C(NC1CC[NH2+]CC1)c1cncs1
decoy_4012,0.403694,0.424222,0.808231,0.816391,0.531401,0.635273,O=C(NC1CC[NH2+]CC1)[C@]12C[C@H]3C[C@H](C[C@H](C3)C1)C2
decoy_4013,0.376766,0.425854,0.781536,0.786927,0.475667,0.507743,O=C(NC1CC[NH2+]CC1)N1CCC[C@@H]1CC1CCCCC1
decoy_4014,0.388547,0.464279,0.738093,0.807484,0.520416,0.669344,O=C(NC1CC[NH2+]CC1)N1CCCCC1
decoy_4015,0.369449,0.443683,0.838904,0.839187,0.506008,0.537175,O=C(NC1CC[NH2+]CC1)N(Cc1ccccc1)C[C@H]1CCCO1
decoy_4016,0.329821,0.384411,0.612024,0.629184,0.467871,0.513313,O=C(Nc1ccn[nH]1)C1CCCC1
decoy_4017,0.353316,0.381888,0.667621,0.65426,0.498117,0.511758,O=C(Nc1ccn[nH]1)c1ccccc1
decoy_4018,0.328194,0.338358,0.656898,0.621899,0.450617,0.469027,O=C(Nc1ccn[nH]1)c1ccco1
decoy_4019,0.333564,0.357678,0.670712,0.654218,0.477866,0.495619,O=C(Nc1ccn[nH]1)c1cccs1
decoy_402,0.366353,0.450824,0.590823,0.728319,0.445493,0.478116,C[C@@H]1C[C@H](C)C[C@H](CC[C@H](Br)C2CC2)C1
decoy_4020,0.482596,0.616732,0.779826,0.825543,0.555785,0.59532,O=C(N[C@H]1CCSc2ccccc21)c1cnon1
decoy_4021,0.418052,0.521672,0.753665,0.780233,0.520533,0.581487,O=C(/C=C/c1ccccc1)N[C@H]1CCS(=O)(=O)C1
decoy_4022,0.30273,0.394959,0.625392,0.704476,0.447194,0.52043,O=C(Nc1cnc[nH]c1=O)c1ccccc1
decoy_4023,0.436452,0.499837,0.754663,0.751931,0.513306,0.531226,O=C(Nc1c[nH]c2ccccc12)c1ccccc1
decoy_4024,0.475075,0.498839,0.849421,0.788498,0.571709,0.523084,O=C(Nc1c[nH]c2ncccc12)c1ccoc1
decoy_4025,0.367464,0.443039,0.765869,0.773193,0.496424,0.497443,O=C(Nc1cn[nH]c1)c1cccnc1
decoy_4026,0.467653,0.455491,0.78486,0.707287,0.548896,0.524897,O=C(Nc1cn[nH]c1)c1ccsc1-n1cccc1
decoy_4027,0.276335,0.389013,0.522216,0.621117,0.393426,0.458213,O=C(Nc1cn[nH]c1)c1cc2sc3ccccc3c2s1
decoy_4028,0.421952,0.512154,0.704991,0.758438,0.516025,0.554566,O=C(Nc1cn[nH]c1)N1CCC(Oc2ccccc2)CC1
decoy_4029,0.324282,0.420414,0.64066,0.712769,0.455701,0.542519,O=C(Nc1nccs1)c1ccccc1
decoy_403,0.366191,0.388745,0.596474,0.657246,0.435291,0.457562,C[C@@H]1C[C@H](C)C[C@H](C(C)(C)C[C@@H](C)Br)C1
decoy_4030,0.288882,0.368053,0.644471,0.705756,0.471186,0.503678,O=C(Nc1nccs1)[C@@H]1C[C@H]2CCCC[C@H]2[NH2+]1
decoy_4031,0.369868,0.57511,0.771139,0.910033,0.540616,0.678605,O=C(Nc1nccs1)c1cc2ccccc2o/c1=[NH+]\c1ccccc1
decoy_4032,0.292984,0.340505,0.543515,0.614327,0.426462,0.486305,O=C([N-]c1nccs1)C(=O)N1CCCCC1
decoy_4033,0.324808,0.430544,0.675053,0.766114,0.467714,0.562872,O=C(Nc1nncs1)c1ccccc1
decoy_4034,0.323499,0.386288,0.750614,0.748062,0.496491,0.466135,O=C(Nc1nncs1)c1ccc[nH]c1=O
decoy_4035,0.256941,0.336034,0.569575,0.626603,0.388681,0.41721,O=C([N-]c1nncs1)c1cc2cc3ccccc3nc2s1
decoy_4036,0.302749,0.442872,0.612142,0.735259,0.425191,0.525402,O=C(/C=C/c1ccccc1)Nc1nncs1
decoy_4037,0.439049,0.430338,0.826542,0.701964,0.588143,0.509556,O=C(Nc1nncs1)N1CCCCC1
decoy_4038,0.362993,0.424695,0.740695,0.73029,0.469384,0.463226,O=C(Nc1sccc1[C@H](Nc1cccc[nH+]1)c1ccccc1)c1ccco1
decoy_4039,0.374806,0.539352,0.783981,0.884426,0.529089,0.601359,O=C(Nc1sccc1[C@H](Nc1cccc[nH+]1)c1cccs1)c1ccco1
decoy_404,0.420184,0.428748,0.632555,0.667947,0.450946,0.449733,C[C@H]1CC(N=C=S)C[C@H](C)C1
decoy_4040,0.504417,0.431968,0.854261,0.681416,0.585183,0.474617,O=C(N[C@]12C[C@H]3C[C@H](C[C@H](C3)C1)C2)N1CCCCC1
decoy_4041,0.422893,0.522139,0.839601,0.866283,0.535192,0.532767,O=C(NC1(c2ccccc2)CCC1)N(Cc1ccccc1)C[C@H]1CCCO1
decoy_4042,0.451167,0.570482,0.793096,0.818206,0.579423,0.607721,O=C(NC1=c2ccccc2=NC1)Nc1ccccc1
decoy_4043,0.439304,0.418401,0.702738,0.602238,0.553769,0.472621,O=C(Nc1cc2c(s1)CCC2)C1CCCCC1
decoy_4044,0.411127,0.394934,0.678433,0.576693,0.492746,0.434812,O=C(/C=C/c1ccccc1)Nc1cc2c(s1)CCC2
decoy_4045,0.363992,0.458559,0.651737,0.774258,0.475254,0.628857,O=C(Nc1cc2c(s1)CCC2)N1CC[NH2+]CC1
decoy_4046,0.371077,0.435329,0.770326,0.806048,0.498217,0.506234,O=C(Nc1cc2c(s1)CCC2)N1CC[NH+](Cc2ccccc2)CC1
decoy_4047,0.343877,0.495382,0.572767,0.666656,0.493103,0.551725,O=C(Nc1cc2c(s1)CCCC2)c1ccccc1
decoy_4048,0.32921,0.493219,0.59106,0.716349,0.507389,0.618899,O=C(Nc1cc2c(s1)CCCC2)c1ccc[nH]1
decoy_4049,0.463999,0.547415,0.746179,0.736904,0.555839,0.567737,O=C(Nc1cc2c(s1)CCCC2)[C@@H]1CCCO1
decoy_405,0.289863,0.349447,0.612237,0.706885,0.447744,0.512577,C[C@@H]1CC[C@@](C#N)([NH2+]C2CCCC2)C[C@@H]1C
decoy_4050,0.307108,0.413796,0.583091,0.65024,0.425422,0.480014,O=C(Nc1cc2c(s1)CCCC2)c1cc[nH]n1
decoy_4051,0.420674,0.375213,0.765248,0.629608,0.504753,0.436401,O=C(Nc1cc2c(s1)CCCC2)[C@]12C[C@H]3C[C@H](C[C@H](C3)C1)C2
decoy_4052,0.428722,0.493625,0.783087,0.762064,0.509132,0.515524,O=C(N[C@H]1C[C@H]2CCCC[C@@H]2S1)[C@H]1C=C(c2ccccc2)N=N1
decoy_4053,0.408001,0.552653,0.819586,0.900806,0.571488,0.702402,O=C(N[C@H]1C[C@H]2CCCC[C@@H]2S1)C1=NN=C(c2ccccc2)C1
decoy_4054,0.373257,0.467932,0.696343,0.682162,0.486637,0.500974,O=C1Nc2ccccc2O/C1=C(/[O-])Nc1cc2c(s1)CCCC2
decoy_4055,0.381657,0.384961,0.656223,0.582502,0.480847,0.439766,O=C(/C=C/c1ccccc1)Nc1cc2c(s1)CCCC2
decoy_4056,0.444372,0.568944,0.793176,0.849538,0.50233,0.59416,O=C(/C=C/C1=c2ccccc2=NC1)N[C@@H]1CC2=C(CCCC2)S1
decoy_4057,0.418646,0.385905,0.677788,0.576177,0.49505,0.433235,O=C(Nc1cc2c(s1)CCCCC2)c1ccccc1
decoy_4058,0.427561,0.487276,0.718972,0.715742,0.518069,0.570393,O=C(Nc1cc2c(s1)CCCCCC2)[C@@H]1CCCO1
decoy_4059,0.379356,0.460253,0.687131,0.782184,0.490851,0.634688,O=C(Nc1cc2c(s1)C[NH2+]CC2)c1ccccc1
decoy_406,0.469505,0.458279,0.748486,0.693084,0.529801,0.512901,C[C@@H]1C[C@](O)([C@@H]2CC[C@@H](C)[C@@H](C)C2)CCO1
decoy_4060,0.369089,0.448641,0.841654,0.892315,0.470775,0.513011,O=C(Nc1cc2c(s1)C[NH2+]CC2)[C@@H]1CCCN1S(=O)(=O)c1ccccc1
decoy_4061,0.354238,0.373415,0.700194,0.675345,0.429284,0.43551,O=C(Nc1cc2c(s1)C[NH2+]CC2)c1ccc2c(c1)CCCC2
decoy_4062,0.306465,0.322015,0.756394,0.762434,0.486257,0.491506,O=C(Nc1cc2c(s1)C[NH2+]CC2)[C@H]1CCCN(S(=O)(=O)c2cccs2)C1
decoy_4063,0.275871,0.280576,0.729591,0.724468,0.460029,0.451114,O=C(Nc1cc2c(s1)C[NH2+]CC2)c1ccc(S(=O)(=O)N2CCCCC2)cc1
decoy_4064,0.362927,0.496061,0.745002,0.886218,0.461384,0.550101,O=C(Nc1cc2c(s1)C[NH2+]CC2)C(c1ccccc1)c1ccccc1
decoy_4065,0.435391,0.48312,0.708525,0.66937,0.511484,0.48039,O=C(Nc1cc(-c2ccccc2)cs1)c1csc2ccccc12
decoy_4067,0.451502,0.491463,0.742586,0.701595,0.514467,0.525097,O=C(Nc1ccc2ncsc2c1)c1ccccc1
decoy_4068,0.397311,0.406834,0.688685,0.598288,0.48958,0.47215,O=C(Nc1ccc2nc[nH]c2c1)C1CCCCC1
decoy_4069,0.45866,0.501384,0.761424,0.715313,0.524708,0.532358,O=C(Nc1ccc2ocnc2c1)c1ccccc1
decoy_407,0.344948,0.358839,0.580794,0.593247,0.43965,0.446963,CCC[C@H](O)CC[C@H]1CC[C@H](C)[C@H](C)C1
decoy_4070,0.448574,0.531334,0.788055,0.770583,0.549819,0.578248,O=C(Nc1ccc2c(c1)NCO2)C(=O)C1=c2ccccc2=NC1
decoy_4071,0.40898,0.509632,0.74775,0.739499,0.532883,0.535346,O=C(Nc1ccc2c(c1)NCS2)[C@@H]1C=c2ccccc2=N1
decoy_4072,0.449915,0.53098,0.720727,0.701134,0.523979,0.514403,O=C(Nc1cccc2c1CCCC2)c1ccccc1
decoy_4073,0.441204,0.484625,0.735775,0.683322,0.525591,0.503617,O=C(Nc1ccc(-c2ccccc2)s1)C(=O)c1ccccc1
decoy_4074,0.493917,0.601541,0.747628,0.740708,0.54376,0.541447,O=C(Nc1cccc(-c2ccco2)c1)c1ccccc1
decoy_4075,0.294319,0.395822,0.720055,0.792469,0.418985,0.473287,O=C(Nc1cccc(C[NH+]2CCCC2)c1)c1ccccc1OCc1ccccc1
decoy_4076,0.432129,0.684448,0.768157,0.904053,0.508685,0.639829,O=C(Nc1cccc(/N=C/c2ccccc2)c1)c1ccoc1
decoy_4077,0.461191,0.637143,0.765043,0.830542,0.550219,0.65509,O=C(Nc1cccc(OC2CCCC2)c1)c1cn[nH]c1
decoy_4078,0.428448,0.564632,0.849307,0.927147,0.540922,0.580192,O=C(Nc1cccc(S(=O)(=O)/N=C2\CCCN2)c1)c1ccccc1
decoy_4079,0.41013,0.424902,0.716825,0.642798,0.488991,0.476081,O=C(Nc1ccc(N2CCCC2)cc1)c1ccccc1
decoy_408,0.476999,0.498763,0.708489,0.739346,0.530477,0.523168,CC[C@H]1CC[C@H]([C@@H](O)CC(C)C)CC1
decoy_4080,0.444342,0.512975,0.79744,0.773959,0.508611,0.514727,O=C(/C=C/c1ccccc1)Nc1ccc(N2CCCCC2)nc1
decoy_4081,0.422477,0.448721,0.706435,0.64895,0.503469,0.497896,O=C(Nc1ccc(-n2cccn2)cc1)c1cccs1
decoy_4082,0.3065,0.350588,0.656936,0.635112,0.3923,0.435352,O=C(Nc1ccc(N2CC[NH2+]CC2)cc1)c1ccccc1
decoy_4083,0.35717,0.373878,0.700452,0.615762,0.473747,0.437257,O=C(Nc1ccc(NC(=O)c2cccs2)cc1)c1ccccc1
decoy_4084,0.338054,0.399644,0.713599,0.67353,0.490568,0.492389,O=C(Nc1ccc(NC(=O)[C@@H]2CCCO2)cc1)c1cccs1
decoy_4085,0.308845,0.338339,0.667398,0.602361,0.430909,0.418007,O=C(Nc1ccc(NC(=O)N2CCCCC2)cc1)C1CC1
decoy_4086,0.41412,0.441679,0.758903,0.694925,0.551466,0.534017,O=C(Nc1ccc(Sc2ccccc2)cc1)N1CCOCC1
decoy_4087,0.406995,0.5017,0.710156,0.808651,0.51612,0.553353,O=C(N[C@H]1CC[N@@H+](C2CC2)C1)c1cccs1
decoy_4088,0.398561,0.505226,0.724607,0.817484,0.477081,0.536203,O=C(Nc1ccccc1)N[C@H]1CC[N@H+](C2CC2)CC1
decoy_409,0.46829,0.474163,0.713881,0.762145,0.53823,0.508145,CCC[C@H](C)[C@H](O)[C@H]1CC[C@H](CC)CC1
decoy_4090,0.424426,0.437362,0.790417,0.69701,0.548808,0.488377,O=C(Nc1ccn(-c2ccccc2)n1)C(=O)N1CCCCC1
decoy_4091,0.462862,0.579234,0.795147,0.812521,0.534149,0.5534,O=C(NC1CCN(c2ccccn2)CC1)c1ccccc1
decoy_4092,0.415888,0.473678,0.749532,0.7279,0.490205,0.491163,O=C(Nc1ccccc1)NC1CCN(c2ccccn2)CC1
decoy_4093,0.388677,0.426409,0.878343,0.904025,0.550886,0.557767,O=C(NC1CCN(c2ccccn2)CC1)N[C@H]1CC[N@H+]2CCCC[C@H]12
decoy_4094,0.394273,0.480673,0.717719,0.73109,0.484088,0.497958,O=C(Nc1ccccc1)NC1CCN(c2ncccn2)CC1
decoy_4095,0.352734,0.432208,0.851296,0.882126,0.584201,0.547345,O=C(Nc1nccs1)C(=O)N[C@H]1CC[N@H+](CC2CCCC2)CC1
decoy_4096,0.378248,0.494748,0.767789,0.854418,0.494966,0.552723,O=C(Nc1ccccc1)N[C@H]1CC[N@H+](CC2CCCC2)CC1
decoy_4097,0.354466,0.410543,0.831494,0.809689,0.544389,0.522107,O=C(Nc1ccccc1)C(=O)N[C@H]1CC[N@H+](CC2CCCCC2)CC1
decoy_4099,0.368069,0.519771,0.766734,0.917219,0.540878,0.693158,O=C(N[C@H]1CC[N@H+](CCCOc2ccccc2)CC1)c1ccsc1
decoy_41,0.398134,0.386531,0.615829,0.608981,0.458972,0.443579,CC1=CCC[C@]2(C)[C@H](OC=O)[C@@H](C)CC[C@]12C
decoy_410,0.509338,0.4569,0.735227,0.719995,0.55038,0.490706,CCC[C@H](C)[C@@H](O)[C@H]1CC[C@H](C)CC1
decoy_4100,0.44456,0.555701,0.83424,0.837379,0.538009,0.540759,O=C(NC1CCN(C(=O)Nc2ccccc2)CC1)C1CCC1
decoy_4101,0.332527,0.310486,0.804084,0.66319,0.482874,0.419388,O=C(NC1CCN(C(=O)NC2CCCCCC2)CC1)C1CCCCC1
decoy_4102,0.386791,0.429604,0.822529,0.796717,0.501851,0.501634,O=C(NC1CCN(C(=O)NCCc2ccccc2)CC1)C1CCC1
decoy_4103,0.346313,0.381199,0.936591,0.90589,0.576554,0.527982,O=C(NC1CCN(C(=O)NCCCC[NH+]2CCCCC2)CC1)C1CCC1
decoy_4104,0.374426,0.432328,0.814218,0.762636,0.515153,0.485961,O=C(Nc1ccccc1-c1ccccc1)N[C@H]1CC(=O)N(c2ccccc2)C1
decoy_4105,0.412995,0.586252,0.730642,0.803988,0.507446,0.602444,O=C(Nc1cn(Cc2ccccc2)c(=O)[nH]c1=O)c1cccs1
decoy_4106,0.383065,0.525139,0.746756,0.846969,0.48569,0.540985,O=C(Nc1coc2ccccc2/c1=[NH+]\C1CCCC1)c1ccccc1
decoy_4107,0.363276,0.454571,0.665413,0.782238,0.497719,0.61472,O=C(Nc1nc2c(s1)C[NH2+]CC2)c1ccccc1
decoy_4108,0.326255,0.481769,0.628982,0.748584,0.501058,0.570307,O=C(Nc1nc2ccccc2s1)c1ccccc1
decoy_4109,0.359452,0.464396,0.730509,0.776714,0.500859,0.525099,O=C(Nc1nc(C[NH+]2CCCCC2)cs1)c1ccccc1
decoy_411,0.474399,0.445453,0.714412,0.681757,0.532003,0.474571,CC[C@H]1CC[C@@](O)([C@H]2CC[C@H](C)CC2)C1
decoy_4110,0.471113,0.560958,0.772196,0.762424,0.580516,0.561416,O=C(Nc1nnc(-c2ccccc2)s1)[C@@H]1CCCO1
decoy_4111,0.315233,0.437328,0.6262,0.687424,0.528197,0.625959,O=C(Nc1nnc([C@@H]2CCCO2)s1)[C@H]1CNCS1
decoy_4113,0.400497,0.563934,0.806939,0.88165,0.524012,0.584794,O=C(Nc1sc2c(c1C(=O)NC1CCCC1)CCC2)c1ccco1
decoy_4114,0.350528,0.49102,0.83609,0.911564,0.49715,0.532742,O=C(Nc1sc2c(c1C(=O)N[C@H]1CCS(=O)(=O)C1)CCCC2)c1ccccc1
decoy_4115,0.363729,0.453173,0.831754,0.837745,0.495562,0.509692,O=C(/C=C/c1ccccc1)Nc1sc2c(c1C(=O)NC[C@H]1CCCO1)CCCC2
decoy_4116,0.302872,0.247672,0.68827,0.510587,0.402977,0.330452,O=C(Nc1ccc([C@H]2C=c3ccccc3=N2)cc1)N[C@@H]1C=C2CCCC[C@H]2S1
decoy_4117,0.368626,0.388729,0.8197,0.794001,0.511025,0.500815,O=C(N[C@H]1C[C@]2(CC[N@H+](Cc3ccccc3)CC2)c2ccccc21)c1ccco1
decoy_4118,0.418009,0.457678,0.802375,0.745379,0.530054,0.510029,O=C(Nc1ccc2c(c1)Cc1ccccc1-2)C(=O)N1CCCCC1
decoy_4119,0.348227,0.417376,0.739934,0.730971,0.474434,0.478158,O=C(Nc1ccc2nc(Nc3ccccc3)ccc2c1)[C@@H]1C=c2ccccc2=N1
decoy_412,0.326738,0.34419,0.523719,0.553052,0.416613,0.423423,CC[C@H]1CC[C@H](CC[C@@H](O)C2CC2)CC1
decoy_4120,0.419448,0.589507,0.796255,0.868459,0.54503,0.596631,O=C(Nc1cccc(NCc2cc(=O)oc3ccccc23)c1)C1CC1
decoy_4121,0.366241,0.43056,0.832971,0.80123,0.484979,0.491255,O=C(NCc1ccc(NC(=O)C2CC2)cc1)c1ccccc1N1CCCCC1
decoy_4122,0.395197,0.513501,0.786469,0.844129,0.501198,0.564498,O=C(Nc1ncc(Cc2ccccc2)s1)c1ccc(NC(=O)C2CC2)cc1
decoy_4123,0.330749,0.43609,0.809356,0.855118,0.479102,0.508725,O=C(Nc1ccccc1)c1cc(NC(=O)C2CCCCC2)ccc1N1CCOCC1
decoy_4124,0.280837,0.275052,0.657996,0.576825,0.416949,0.38924,O=C(Nc1ccc(N2CCc3ccccc3C2)cc1)N[C@]12C[C@H]3C[C@H](C[C@H](C3)C1)C2
decoy_4125,0.336761,0.45142,0.801554,0.936396,0.530697,0.578367,O=C(Nc1ccc(N2CCC[C@H](C[NH+]3CCCC3)C2)nc1)c1ccccc1
decoy_4126,0.234963,0.237929,0.680118,0.586323,0.364609,0.32767,O=C(Nc1ccc(N2CCC(CC[NH+]3CCCCC3)CC2)nc1)c1cccs1
decoy_4127,0.303332,0.316042,0.739559,0.662421,0.442738,0.428833,O=C(Nc1ccc(N2CCN(c3cccc[nH+]3)CC2)cc1)C1CCC1
decoy_4128,0.314402,0.431143,0.620515,0.724928,0.38193,0.470781,O=C(Nc1ccccc1)N[C@H]1CC[N@H+](Cc2ncc(-c3cccs3)o2)C1
decoy_4129,0.302462,0.399713,0.605556,0.655861,0.459066,0.49203,O=C(Nc1nc2c(s1)C[C@@H]1CCCC[C@@H]1C2)c1ccco1
decoy_413,0.308379,0.320396,0.531198,0.581073,0.404693,0.401815,C[C@H]1CC[C@H](S)[C@H](C)C1
decoy_4130,0.315881,0.375803,0.804981,0.829843,0.492339,0.491118,O=C(Nc1cccc(N2CCC([NH2+]CCC3=CC[C@H]4C[C@@H]3C4)CC2)c1)C1CC1
decoy_4131,0.453564,0.466032,0.776195,0.709377,0.531158,0.475959,O=C(NCC1CC1)c1cccs1
decoy_4132,0.38151,0.520833,0.748867,0.834044,0.492834,0.548179,O=C(NCC1CC1)[C@H]1CC[NH2+][C@H]1c1ccccc1
decoy_4133,0.388078,0.460497,0.725987,0.738759,0.523662,0.520029,O=C(NCC1CC1)c1ccnnc1
decoy_4134,0.424928,0.522212,0.788444,0.808108,0.499173,0.516721,O=C(N[C@H](c1ccc2c(c1)OCCO2)C1CC1)N1CCCCC1
decoy_4135,0.461882,0.525788,0.870287,0.834395,0.604524,0.55323,O=C(NCC1CC1)C1CCN(C(=O)NC2CC2)CC1
decoy_4136,0.362302,0.383205,0.790899,0.700789,0.515174,0.468072,O=C(NCC1CC1)C1CCN(C(=O)NCc2ccco2)CC1
decoy_4137,0.446845,0.537798,0.759855,0.739502,0.548891,0.53141,O=C(NCc1ccccc1)NCC1CC1
decoy_4139,0.4012,0.421095,0.842199,0.781302,0.546388,0.508743,O=C(NC[C@H]1C[C@H]2CC[N@@H+]1CC2)NC1CCCCC1
decoy_414,0.486823,0.423781,0.704816,0.606807,0.531957,0.471277,CC(C)N[C@@]1(C#N)CCC[C@H](C)[C@H]1C
decoy_4140,0.467899,0.523274,0.756515,0.751807,0.550482,0.561722,O=C(NC[C@H]1CC[C@H]2C[C@@H]1C2)c1cocn1
decoy_4141,0.418822,0.489632,0.775432,0.745797,0.540586,0.511072,O=C(Nc1ccccc1)C(=O)N[C@H](c1cccs1)C1CCCC1
decoy_4142,0.44098,0.511459,0.792797,0.738114,0.568142,0.525867,O=C(Nc1ccno1)N[C@H](c1cccs1)C1CCCC1
decoy_4143,0.389353,0.439912,0.788417,0.73995,0.541598,0.50542,O=C(Nc1ccc2c(c1)OCCO2)N[C@H](c1cccs1)C1CCCC1
decoy_4144,0.365792,0.418978,0.798411,0.764268,0.505446,0.494934,O=C(Nc1ccc(N2CCOCC2)nc1)N[C@H](c1cccs1)C1CCCC1
decoy_4145,0.421766,0.4666,0.819195,0.777207,0.536902,0.514058,O=C(NCC1CCCC1)C(=O)Nc1cccc2c1CCCC2
decoy_4146,0.390103,0.456054,0.784511,0.766008,0.499623,0.507041,O=C(NCC1CCCC1)C(=O)Nc1ccc2c(c1)Cc1ccccc1-2
decoy_4147,0.495156,0.502198,0.752555,0.679711,0.540517,0.49505,O=C(NCC1CCCC1)N1CCCC1
decoy_4148,0.489842,0.477183,0.794938,0.682972,0.547917,0.496983,O=C(NCC1CCCC1)N1CCCCC1
decoy_4149,0.456731,0.529821,0.773891,0.758618,0.520969,0.521416,O=C(NCC1CCCC1)N1CCc2ccccc2C1
decoy_415,0.370758,0.463991,0.785291,0.804909,0.509443,0.518827,C[C@H]1CC[C@H](C)[C@@](C#N)([NH2+]C2CCCC2)C1
decoy_4150,0.460381,0.516068,0.750778,0.694726,0.586369,0.525484,O=C(NCC1CCCC1)Nc1ccccc1
decoy_4151,0.463134,0.472499,0.812296,0.713077,0.589249,0.500116,O=C(NCC1CCCC1)NC1CCCCC1
decoy_4152,0.439911,0.490235,0.771778,0.715258,0.558908,0.522757,O=C(NCc1cccnc1)NCC1CCCC1
decoy_4153,0.396148,0.442274,0.790703,0.749951,0.518779,0.503999,O=C(NCC1CCCC1)NC[C@H]1CCS(=O)(=O)C1
decoy_4154,0.445286,0.49301,0.86416,0.820442,0.582756,0.532406,O=C(NCC1CCCC1)NCC1(c2ccccc2)CCOCC1
decoy_4155,0.390804,0.577395,0.742614,0.889505,0.485858,0.603484,O=C(NC[C@H]1CCC[C@H]2c3ccccc3CC[C@@H]12)c1cocn1
decoy_4156,0.406825,0.405964,0.69497,0.621458,0.491569,0.464949,O=C(NC[C@H]1CCCc2ccccc21)Nc1ccccc1
decoy_4157,0.441365,0.463705,0.883813,0.805898,0.59674,0.521743,O=C(NC[C@H]1CCCc2ccccc21)Nc1ccccc1Cn1cccn1
decoy_4158,0.406131,0.453838,0.855223,0.80232,0.560135,0.50521,O=C(NC[C@H]1CCCc2ccccc21)Nc1ccccc1N1CCCC1
decoy_4159,0.431797,0.480692,0.818259,0.773076,0.564426,0.521026,O=C(NCc1ccccc1)NC[C@H]1CCCc2ccccc21
decoy_416,0.399516,0.38432,0.564704,0.578193,0.48387,0.435334,C[C@@H]1[C@@H](C)CCC[C@]1(O)c1ccco1
decoy_4160,0.429999,0.483001,0.8219,0.784396,0.562133,0.533357,O=C(NCc1ccncc1)NC[C@H]1CCCc2ccccc21
decoy_4161,0.347193,0.423634,0.749342,0.77008,0.51291,0.497647,O=C(NCc1nc(C2CC2)no1)NC[C@H]1CCCc2ccccc21
decoy_4162,0.488205,0.547759,0.770987,0.761033,0.516379,0.534899,O=C(NCc1ccccc1)C1CC1
decoy_4163,0.493255,0.455699,0.739679,0.624112,0.520226,0.464661,O=C(NC[C@@H]1C=CCCC1)C1CC1
decoy_4164,0.397987,0.464553,0.620089,0.637638,0.501648,0.516105,O=C(NCC1CCCCC1)C1CC1
decoy_4166,0.474123,0.444691,0.829642,0.69323,0.573723,0.476175,O=C(NCc1ccccc1)[C@@H]1C[C@H]2CCC[C@@H](C1)C2=O
decoy_4167,0.484224,0.540983,0.762599,0.723928,0.551236,0.568883,O=C(NCc1ccccc1)c1ccccc1
decoy_4168,0.490392,0.518695,0.750793,0.691327,0.542957,0.502805,O=C(NCc1ccccc1)C1CCCCC1
decoy_4169,0.490241,0.636166,0.756997,0.82142,0.515171,0.56313,O=C(c1ccccc1)N(Cc1ccccc1)c1ccccc1
decoy_417,0.466481,0.458031,0.738787,0.671136,0.49874,0.476106,O=C1C[C@@]2(CCC[C@H](C(F)(F)F)C2)N1
decoy_4170,0.463882,0.5886,0.77661,0.824175,0.514789,0.583296,O=C(c1ccccc1)N(Cc1ccccc1)C1CCCCC1
decoy_4171,0.43595,0.534253,0.761056,0.777946,0.519908,0.536147,O=C(N[C@H](c1ccccc1)C1CCCCC1)c1ccccc1
decoy_4172,0.443487,0.637113,0.716643,0.822438,0.510876,0.621575,O=C(c1cccnc1)N(Cc1ccccc1)c1ccccc1
decoy_4173,0.474752,0.690417,0.713615,0.833832,0.498111,0.627585,O=C(c1ccns1)N(Cc1ccccc1)c1ccccc1
decoy_4174,0.470923,0.549198,0.76655,0.752149,0.536696,0.534242,O=C(NCc1ccccc1)c1cccnc1
decoy_4175,0.440448,0.492428,0.780265,0.727917,0.549271,0.538508,O=C(NCc1ccccc1)c1ccc[nH]1
decoy_4176,0.479234,0.499591,0.764596,0.713227,0.548027,0.520053,O=C(NCc1ccccc1)c1ccco1
decoy_4177,0.426273,0.452874,0.842445,0.769475,0.556139,0.498252,O=C(N[C@H](c1ccccc1)c1ccco1)N1CC[C@@H](Nc2ccccc2)C1
decoy_4178,0.463312,0.575677,0.794164,0.825797,0.54131,0.573266,O=C(NCc1ccccc1)c1ccc(=O)[nH]c1
decoy_4179,0.46491,0.4975,0.775844,0.718892,0.544417,0.511888,O=C(NCc1ccccc1)c1cccs1
decoy_418,0.445131,0.422343,0.676487,0.678993,0.50425,0.464663,C[C@H]1CC[C@@H](C(C)(C)C2CCCC2)[C@H](O)C1
decoy_4180,0.489081,0.582935,0.788805,0.766774,0.573689,0.579695,O=C(N[C@H](c1ccccc1)c1cccs1)c1ccccc1
decoy_4181,0.420612,0.482819,0.808835,0.767773,0.552981,0.494146,O=C(N[C@H](c1ccccc1)c1cccs1)C1=NN(c2ccccc2)CC1
decoy_4182,0.377535,0.431673,0.69529,0.661011,0.479439,0.518545,O=C(NCc1ccccc1)C1CC[NH2+]CC1
decoy_4183,0.335971,0.451536,0.651057,0.732904,0.463731,0.527631,O=C(NCc1ccccc1)c1cc[nH]n1
decoy_4184,0.48564,0.548644,0.78471,0.76131,0.532937,0.523434,O=C(NCc1ccccc1)c1ccsc1
decoy_4185,0.428021,0.542179,0.807666,0.810173,0.516927,0.566408,O=C(c1ccccc1)N(Cc1ccccc1)c1c[nH]c(=O)[nH]c1=O
decoy_4186,0.385469,0.499938,0.763512,0.771565,0.476434,0.527586,O=C(c1cc2ccccc2s1)N(Cc1ccccc1)c1c[nH]c(=O)[nH]c1=O
decoy_4187,0.33423,0.459767,0.59373,0.688418,0.433752,0.499635,O=C(NCc1ccccc1)c1cscn1
decoy_4188,0.307338,0.446036,0.602065,0.727063,0.438701,0.557852,O=C(NCc1ccccc1)c1ncn[nH]1
decoy_4189,0.494568,0.504436,0.763188,0.681686,0.564172,0.508406,O=C(NCc1ccccc1)[C@H]1C[C@H]2C[C@H](C2)C1
decoy_419,0.409458,0.363075,0.723346,0.710571,0.52651,0.452598,C=CCCC(C)(C)[C@H]1CC[C@@H](C)C[C@H]1Br
decoy_4190,0.432871,0.483374,0.764316,0.700942,0.51958,0.496209,O=C(NCc1ccccc1)c1cc2ccccc2c(=O)[nH]1
decoy_4191,0.492027,0.584792,0.753361,0.751302,0.530587,0.555156,O=C(NCc1ccccc1)C1=Cc2ccccc2OC1
decoy_4192,0.469445,0.522484,0.73827,0.706618,0.521977,0.489643,O=C(NCc1ccccc1)c1cc2c(s1)CCCC2
decoy_4193,0.433755,0.523795,0.667028,0.685729,0.468422,0.516045,O=C(NCc1ccccc1)c1ccc2ccccc2c1
decoy_4194,0.374172,0.433203,0.721951,0.658274,0.471822,0.516918,O=C(NCc1ccccc1)c1ccc2c[nH]c(=S)nc2c1
decoy_4195,0.384817,0.554386,0.741888,0.812001,0.480027,0.535822,O=C(N[C@@H](c1ccccc1)c1ccc2nc[nH]c2c1)C1=CCCO1
decoy_4196,0.389816,0.478139,0.792738,0.807969,0.52118,0.533355,O=C(NCc1ccccc1)[C@H]1CC[C@H](c2ccccc2)[NH2+]C1
decoy_4197,0.351851,0.339523,0.811121,0.683594,0.486287,0.456375,O=C(NCC1CCCCC1)c1cccc(S(=O)(=O)NC2CCCC2)c1
decoy_4198,0.418085,0.468178,0.719378,0.671556,0.525703,0.535244,O=C(NCc1ccccc1)c1ccc(-n2cccn2)cc1
decoy_4199,0.485888,0.481339,0.87614,0.755898,0.597916,0.521797,O=C(NCc1ccccc1)[C@H]1CCCN(c2cccnn2)C1
decoy_42,0.401156,0.410619,0.635102,0.608568,0.475452,0.462074,C=C[C@@H]1OC[C@@]2(CO)[C@H](C)C=C(C)[C@@H]1[C@H]2C
decoy_420,0.385704,0.399978,0.585843,0.622772,0.464042,0.45942,CC[C@@H]1CCCC[C@H]1[C@@H]1CC[C@H](O)[C@@H]1C
decoy_4200,0.440848,0.530965,0.872077,0.878687,0.570066,0.568546,O=C(NCc1ccccc1)[C@H]1CCCN(C(=O)Nc2ccccc2)C1
decoy_4201,0.385642,0.463833,0.841591,0.826629,0.509768,0.50138,O=C(NCc1ccccc1)C1CCN(S(=O)(=O)c2cc[nH]c2)CC1
decoy_4202,0.367517,0.472068,0.731193,0.788511,0.462352,0.526355,O=C(NCc1ccccc1)[C@@H]1C[NH2+]C[C@@H](c2ccccc2)C1
decoy_4203,0.323951,0.418789,0.828211,0.898968,0.474171,0.504731,O=C(NCc1ccccc1)[C@H]1CN(C(=O)c2ccccc2)CC12CC[NH2+]CC2
decoy_4204,0.334676,0.391227,0.878459,0.854338,0.500719,0.514627,O=C(NCc1ccccc1)[C@H]1CN(C(=O)C2CCCCC2)CC12CC[NH2+]CC2
decoy_4205,0.41325,0.54218,0.816563,0.856922,0.531736,0.541202,O=C(NCc1ccccc1)c1cnn2c1N[C@H](c1ccccc1)CC2
decoy_4206,0.432216,0.477783,0.847031,0.806576,0.598516,0.541685,O=C(NCC1CCCCC1)c1coc(COc2ccccc2)n1
decoy_4207,0.427782,0.559078,0.76079,0.795343,0.480773,0.547062,O=C(NCc1ccccc1)c1cc2ccc(-c3ccncc3)nc2s1
decoy_4208,0.351861,0.377031,0.740132,0.667149,0.462434,0.457958,O=C(NCc1ccccc1)c1ccc(-c2cc(-c3ccccc3)n[nH]2)cc1
decoy_4209,0.441074,0.573463,0.769342,0.807386,0.524784,0.543922,O=C(NCc1ccccc1)C(c1ccccc1)c1ccccc1
decoy_421,0.359689,0.355504,0.602752,0.668065,0.441611,0.43763,CCC[C@@H]1CC[C@@H](Br)[C@@H]1C
decoy_4210,0.439753,0.603596,0.709809,0.7886,0.474859,0.583284,O=C(c1ccccc1)N(Cc1ccccc1)Cc1ccco1
decoy_4211,0.467536,0.546585,0.790839,0.787847,0.521483,0.524191,O=C(c1ccccc1)N(Cc1ccco1)CC1CCCCC1
decoy_4212,0.460472,0.638422,0.722276,0.796118,0.503161,0.609726,O=C(c1ccns1)N(Cc1ccccc1)Cc1ccco1
decoy_4213,0.449975,0.525561,0.772566,0.729639,0.525552,0.513802,O=C(/C=C/c1cc[nH]c1)NCc1ccccc1
decoy_4214,0.455691,0.415898,0.840944,0.701659,0.599081,0.484176,O=C(NCc1ccccc1Cn1cncn1)Nc1ccccc1
decoy_4215,0.456054,0.546936,0.786644,0.757102,0.580582,0.594909,O=C(NCc1ccccc1)C(=O)Nc1ccccc1
decoy_4216,0.463226,0.517738,0.783018,0.740599,0.542623,0.522344,O=C(NCC1CCCCC1)C(=O)Nc1ccccc1
decoy_4217,0.402969,0.454042,0.776542,0.744024,0.511976,0.502243,O=C(NCC1CCCCC1)C(=O)Nc1ccccc1-n1cccn1
decoy_4218,0.422741,0.531662,0.780545,0.786085,0.546964,0.539454,O=C(NCc1ccccc1)C(=O)N/N=C/c1ccccc1
decoy_4219,0.434002,0.502958,0.817872,0.821852,0.50227,0.5036,O=C(c1ccccc1)c1csc2c1CCN(C(=O)NCc1ccccc1)C2
decoy_422,0.469592,0.408603,0.700052,0.662922,0.50984,0.465523,CC[C@@](O)(C1CC1)[C@H]1CC[C@H](C)[C@H](C)C1
decoy_4220,0.472089,0.515969,0.746012,0.694718,0.521571,0.491972,O=C(NCc1ccccc1)N1CCCC1
decoy_4221,0.439062,0.468079,0.804935,0.722901,0.576354,0.501643,O=C(NCc1ccccc1N1CCCC1)Nc1ccccc1
decoy_4222,0.499807,0.515603,0.772422,0.686515,0.548105,0.518416,O=C(NCc1ccccc1)N1CCCCC1
decoy_4223,0.45967,0.547572,0.789863,0.767621,0.529207,0.532153,O=C(NCc1ccccc1-n1cccn1)Nc1ccccc1
decoy_4224,0.370906,0.435792,0.676751,0.650855,0.473541,0.527084,O=C(NCc1ccccc1)N1CC[NH2+]CC1
decoy_4225,0.39651,0.435398,0.769321,0.727066,0.49905,0.533005,O=C(NCC1CCCCC1)N1CC[NH2+]CC1
decoy_4226,0.368915,0.493079,0.728954,0.863853,0.494895,0.559301,O=C(NCc1ccccc1N1CC[NH2+]CC1)c1ccccc1
decoy_4227,0.461574,0.502588,0.755343,0.690137,0.564837,0.538774,O=C(NCc1ccccc1)N1CCOCC1
decoy_4228,0.358205,0.362631,0.818091,0.721985,0.525551,0.465651,O=C(NCc1ccccc1)N[C@H]1[C@@H]2CCC[C@H]1C[N@@H+](C1CC1)C2
decoy_4229,0.453018,0.541263,0.785431,0.772088,0.544029,0.525523,O=C(NCc1ccccc1)NC1CC1
decoy_423,0.408271,0.428879,0.778451,0.716402,0.526771,0.462861,C#CC(C)(C)N1C[C@H](C(C)(C)C)[NH2+]C[C@H]1C
decoy_4230,0.45114,0.496138,0.765732,0.701413,0.58376,0.524738,O=C(NCc1ccccc1)Nc1ccccc1
decoy_4231,0.448177,0.50116,0.785211,0.728733,0.573951,0.518001,O=C(NCc1ccccc1)NC1CCCCC1
decoy_4232,0.404514,0.405535,0.765788,0.6688,0.525461,0.464454,O=C(NCc1ccccc1)Nc1ccccc1Cn1cccn1
decoy_4233,0.437954,0.445431,0.84253,0.73616,0.544413,0.479053,O=C(NCc1ccccc1)Nc1ccccc1N1CCCCC1
decoy_4234,0.437728,0.523621,0.781323,0.751462,0.55621,0.544581,O=C(NCc1ccccc1)Nc1cccnc1
decoy_4235,0.424419,0.490502,0.812931,0.764465,0.579646,0.552508,O=C(NCc1ccccc1)Nc1ccon1
decoy_4236,0.421965,0.483991,0.812093,0.761727,0.580524,0.541831,O=C(NCc1ccccc1)Nc1nccs1
decoy_4237,0.398911,0.459866,0.811851,0.76204,0.563787,0.5346,O=C(NCc1ccccc1)Nc1nncs1
decoy_4238,0.417853,0.490345,0.821398,0.793429,0.558317,0.515112,O=C(NCc1ccccc1)NC1(c2ccccc2)CCOCC1
decoy_4239,0.412521,0.481122,0.723059,0.682273,0.532384,0.508329,O=C(NCc1ccccc1)Nc1ccc2c(c1)OCO2
decoy_424,0.390167,0.395876,0.703514,0.650285,0.478227,0.464948,C[C@@H]1CN(C2(C)CCCC2)CCC[NH2+]1
decoy_4240,0.420163,0.482159,0.743342,0.722994,0.480511,0.494639,O=C(NCc1ccccc1)Nc1cccc2c1CCCC2
decoy_4241,0.430354,0.559869,0.819596,0.856962,0.553053,0.608805,O=C(NCc1ccccc1)Nc1cccc(COCC2CC2)c1
decoy_4242,0.414467,0.507933,0.797512,0.809231,0.487619,0.508661,O=C(NCc1ccccc1)Nc1cccc(COCc2ccco2)c1
decoy_4243,0.368193,0.381159,0.830449,0.749806,0.512488,0.500326,O=C(NCC1CCCCC1)N[C@H]1CC[N@H+](C2CC2)CC1
decoy_4244,0.303301,0.331342,0.737296,0.684849,0.4509,0.445002,O=C(NCc1ccccc1)N[C@H]1CC[N@H+](CC2CCCC2)CC1
decoy_4245,0.390143,0.448501,0.884099,0.869313,0.534107,0.522321,O=C(NCC1CCCCC1)NC1CCN(C(=O)C2CCCCC2)CC1
decoy_4246,0.458461,0.51392,0.789728,0.742627,0.555666,0.535685,O=C(NCC1CCCCC1)NCC1CC1
decoy_4247,0.437031,0.524082,0.759655,0.741041,0.545833,0.526291,O=C(NCc1ccccc1)NCc1ccccc1
decoy_4248,0.482475,0.518431,0.823388,0.745819,0.605733,0.547598,O=C(NCc1ccccc1)NC[C@@H]1CC=CCC1
decoy_4249,0.427995,0.48944,0.781827,0.754975,0.549078,0.525857,O=C(NCc1ccccc1)NCC1CCCCC1
decoy_425,0.382904,0.457419,0.706431,0.690214,0.506199,0.535071,C#CCN1CC2(CCCCC2)[NH2+]C[C@@H]1C
decoy_4250,0.487208,0.556563,0.800331,0.772891,0.574655,0.528315,O=C(NCc1ccccc1)N(Cc1ccccc1)C1CC1
decoy_4251,0.374325,0.449866,0.748906,0.732375,0.516643,0.484468,O=C(NCc1ccccc1)NCc1ccccc1-n1cccn1
decoy_4252,0.410866,0.482311,0.813817,0.784145,0.53933,0.524423,O=C(NCc1ccccc1)NCc1ccccc1-n1ccnc1
decoy_4253,0.430057,0.508408,0.778177,0.749466,0.548398,0.526725,O=C(NCc1ccccc1)NCc1ccccn1
decoy_4254,0.425236,0.520901,0.755529,0.741433,0.53678,0.548856,O=C(NCc1ccccc1)NCc1cccnc1
decoy_4255,0.378313,0.471048,0.785748,0.796413,0.495793,0.498432,O=C(NCc1ccccc1)NCc1cccnc1N1CCOCC1
decoy_4256,0.476643,0.549021,0.787467,0.744159,0.56959,0.526277,O=C(NCc1ccccc1)NCc1cccs1
decoy_4257,0.451754,0.549273,0.77257,0.762169,0.553581,0.540449,O=C(NCc1ccccc1)NCc1ccoc1
decoy_4258,0.460281,0.495343,0.818331,0.745535,0.572341,0.519005,O=C(NCc1ccccc1)NCC1(c2ccccc2)CC1
decoy_4259,0.444348,0.499868,0.855716,0.813006,0.557455,0.524693,O=C(NCc1ccccc1)NCC1(c2ccccc2)CCOCC1
decoy_426,0.446954,0.494053,0.725467,0.702857,0.515458,0.516159,CC(C)c1nc2c(s1)CCC[C@H]2O
decoy_4260,0.424461,0.542231,0.784038,0.810438,0.552261,0.568415,O=C(NCc1ccccc1)NCc1cc2ccccc2o1
decoy_4261,0.368824,0.430909,0.773386,0.73725,0.53379,0.488831,O=C(NCc1ccccc1)NCc1ccc2c(c1)OCCCO2
decoy_4262,0.399469,0.522443,0.765407,0.801642,0.485642,0.51718,O=C(NCc1ccccc1)NCc1ccnc(OCC2CC2)c1
decoy_4263,0.46713,0.551678,0.825303,0.800306,0.562116,0.534929,O=C(NCc1ccccc1OC1CCCC1)c1ccccc1
decoy_4264,0.493637,0.553834,0.760262,0.726683,0.559453,0.554917,O=C(NCc1ccccc1)Oc1ccccc1
decoy_4265,0.489961,0.547137,0.755064,0.729318,0.571294,0.542219,O=C(NCC1CCCCCC1)c1cccs1
decoy_4266,0.395836,0.502463,0.730397,0.832166,0.555741,0.677576,O=C(NC[C@H]1CCCC[NH2+]1)c1ccccc1
decoy_4267,0.302049,0.393768,0.750265,0.815001,0.476378,0.49464,O=C(NC[C@H]1CCCC[N@@H+]1Cc1ccccc1)C1=NN(c2ccccc2)CC1
decoy_4268,0.405712,0.517512,0.844335,0.841447,0.548647,0.571586,O=C(NCc1ccccn1)Nc1ccccc1OC[C@H]1CCCO1
decoy_4269,0.345034,0.427185,0.746902,0.743457,0.510237,0.496303,O=C(NCc1ccccn1)Nc1cccc(N2CCCC2=O)c1
decoy_427,0.413426,0.479724,0.696226,0.816442,0.527534,0.511614,ClCc1nc(C2CCC2)no1
decoy_4270,0.442453,0.486293,0.781555,0.730069,0.560722,0.527037,O=C(NC[C@H]1CCCCO1)C1CCCCC1
decoy_4271,0.454643,0.550575,0.76809,0.755036,0.514157,0.546598,O=C(NCc1cccn1Cc1ccccc1)c1cccs1
decoy_4272,0.311689,0.418934,0.824657,0.92087,0.513095,0.54988,O=C(NCC(=O)N1CCCC1)NC[C@H]1CCC[N@@H+]1CC1CCCCC1
decoy_4273,0.443681,0.56712,0.746011,0.766219,0.503243,0.562239,O=C(NCc1cccnc1)C1=NN(c2ccccc2)CC1
decoy_4274,0.44295,0.559557,0.784167,0.787217,0.58459,0.612295,O=C(NCc1cccnc1)C(=O)Nc1ccccc1
decoy_4275,0.427725,0.465925,0.837876,0.788354,0.529057,0.504439,O=C(NCc1cccnc1N1CCOCC1)NC1CCCCC1
decoy_4276,0.415984,0.452604,0.767952,0.700683,0.559146,0.493971,O=C(NCc1cccnc1)NC1CC1
decoy_4277,0.411682,0.515871,0.746462,0.743257,0.528458,0.537563,O=C(NCc1cccnc1)Nc1ccccc1
decoy_4278,0.333132,0.370803,0.731788,0.672335,0.48125,0.442746,O=C(NCc1cccnc1)Nc1ccc(Cn2ccccc2=O)cc1
decoy_4279,0.431297,0.494697,0.777275,0.738363,0.545613,0.521659,O=C(NCc1cccnc1)NCc1cccs1
decoy_428,0.516934,0.484314,0.773751,0.814383,0.601059,0.558606,CC(C)[C@H](CBr)CO[C@@H]1CC[C@@H](C)[C@@H](C)C1
decoy_4280,0.428035,0.482378,0.800958,0.74801,0.578735,0.520257,O=C(NCc1cccnc1OC1CCCC1)Nc1ccccc1
decoy_4281,0.482103,0.547974,0.792932,0.76388,0.562235,0.581481,O=C(NCc1ccco1)c1ccccc1
decoy_4282,0.38143,0.454749,0.671534,0.664104,0.507361,0.487843,O=C(NC[C@H]1CCCO1)c1ccccc1
decoy_4283,0.470316,0.535101,0.71298,0.721441,0.492343,0.50072,O=C(c1ccccc1)N(Cc1ccco1)c1ccccc1
decoy_4284,0.464919,0.600647,0.67541,0.753999,0.494749,0.556334,O=C(c1ccns1)N(Cc1ccco1)c1ccccc1
decoy_4285,0.381723,0.454462,0.694686,0.682822,0.522853,0.518258,O=C(NC[C@H]1CCCO1)c1cccnc1
decoy_4286,0.433837,0.585462,0.743742,0.814323,0.500627,0.560474,O=C(c1cc[nH]n1)N(C[C@H]1CCCO1)[C@H]1CCSC1
decoy_4287,0.468499,0.532139,0.7721,0.734263,0.548004,0.514296,O=C(NCc1ccco1)c1cc2ccccc2[nH]1
decoy_4288,0.37124,0.573858,0.775227,0.927839,0.548489,0.657212,O=C(NCc1ccco1)c1cc2ccccc2o/c1=[NH+]\c1ccccc1
decoy_4289,0.344633,0.505917,0.771234,0.857029,0.549958,0.578967,O=C(NC[C@H]1CCCO1)c1cc2ccccc2o/c1=[NH+]\c1ccccc1
decoy_429,0.443745,0.474818,0.665699,0.740522,0.49047,0.502744,Cl[C@H](Cc1ccsc1)C1CCCCCCC1
decoy_4290,0.386198,0.464136,0.831518,0.840687,0.519245,0.515183,O=C(NCc1ccco1)c1cccc(S(=O)(=O)NC2CCCCC2)c1
decoy_4291,0.445673,0.54487,0.773943,0.785907,0.528152,0.554823,O=C(NC[C@H]1CCCO1)c1cc2cc3ccccc3nc2s1
decoy_4292,0.358933,0.494596,0.753553,0.859149,0.48125,0.531115,O=C(NCc1ccco1)[C@H]1CCCN(c2[nH]c3ccccc3[nH+]2)C1
decoy_4293,0.36785,0.481564,0.786423,0.85007,0.518163,0.557582,O=C(NC[C@H]1CCCO1)[C@@H]1CSC[C@@H](c2ccc3c(c2)CCCC3)N1
decoy_4294,0.315167,0.363905,0.77402,0.751288,0.480599,0.467232,O=C(NC[C@H]1CCCO1)c1cc2c3c(c(N4CCCC4)[nH+]c2s1)CCCC3
decoy_4295,0.423343,0.532411,0.808477,0.816029,0.560882,0.543836,O=C(NC[C@H]1CCCO1)[C@H](Nc1ccccc1)c1ccccc1
decoy_4296,0.480821,0.592254,0.784045,0.790475,0.567688,0.59998,O=C(NCc1ccco1)C(=O)N/N=C/c1ccccc1
decoy_4297,0.466395,0.502913,0.753151,0.687011,0.570488,0.526619,O=C(NCc1ccco1)N1CCCCC1
decoy_4298,0.40005,0.468225,0.732604,0.704193,0.564424,0.50519,O=C(NC[C@H]1CCCO1)Nc1ccccc1
decoy_4299,0.419967,0.509408,0.754319,0.750896,0.548865,0.519349,O=C(NCc1ccco1)NC(c1ccccc1)c1ccccc1
decoy_43,0.451336,0.474275,0.708372,0.672787,0.49512,0.473168,C=C(C)COc1ccc2c3c(c(=O)oc2c1)CCCC3
decoy_430,0.553111,0.575918,0.809572,0.737448,0.605976,0.587487,CCc1cc(N[C@H]2CCCC[C@@H]2Cl)ncn1
decoy_4300,0.463573,0.431957,0.784673,0.674093,0.556259,0.453122,O=C(NCc1cccs1)C1CC1
decoy_4301,0.492627,0.548734,0.785288,0.752126,0.547083,0.56366,O=C(NCc1cccs1)c1ccccc1
decoy_4302,0.484511,0.491932,0.732972,0.650403,0.540931,0.505063,O=C(NCc1cccs1)C1CCCCC1
decoy_4303,0.485412,0.662742,0.70913,0.800776,0.501262,0.588862,O=C(c1ccns1)N(Cc1cccs1)c1ccccc1
decoy_4304,0.48029,0.522201,0.803816,0.758017,0.541642,0.537654,O=C(NCc1cccs1)c1cccnc1
decoy_4305,0.316524,0.435207,0.65713,0.75749,0.455423,0.545337,O=C(NCc1cccs1)c1cc[nH]n1
decoy_4306,0.398122,0.431492,0.690982,0.668245,0.483195,0.465384,O=C(NCc1cccs1)[C@H]1CCOC1
decoy_4307,0.477937,0.542121,0.753468,0.719809,0.528055,0.506622,O=C(NCc1cccs1)c1cc2c(s1)CCCC2
decoy_4308,0.479761,0.54292,0.768267,0.735803,0.562727,0.54191,O=C(NCc1cccs1)C1=NN(c2ccccc2)CC1
decoy_4309,0.484665,0.571428,0.809605,0.77564,0.593648,0.595079,O=C(NCc1cccs1)C(=O)Nc1ccccc1
decoy_431,0.438722,0.563632,0.77004,0.79179,0.492184,0.541429,O=c1c2ccccc2nc(/C=C\c2ccccc2O)n1-c1ccccc1
decoy_4310,0.459625,0.543693,0.791988,0.765351,0.569874,0.529453,O=C(NCc1cccs1)Nc1ccccc1
decoy_4311,0.456775,0.476463,0.785061,0.691473,0.576448,0.498818,O=C(NCc1cccs1)NC1CCCCC1
decoy_4312,0.388856,0.442806,0.759851,0.703625,0.539399,0.480103,O=C(NCc1cccs1)Nc1ccccc1N1CCOCC1
decoy_4313,0.409905,0.473939,0.846564,0.800253,0.572575,0.534758,O=C(NCc1cccs1)Nc1nncs1
decoy_4314,0.382443,0.44199,0.762467,0.712111,0.518845,0.486895,O=C(NCc1cccs1)Nc1ccc(N2CCCC2=O)cc1
decoy_4315,0.450058,0.594469,0.772419,0.819486,0.574109,0.655636,O=C(NCc1ccncc1)c1cc(C2CC2)n[nH]1
decoy_4316,0.439453,0.512412,0.792204,0.759413,0.547299,0.537162,O=C(NCc1ccncc1)NCc1cccnc1
decoy_4317,0.453199,0.514785,0.80902,0.772345,0.52651,0.510579,O=C(c1cc(C2CC2)n[nH]1)N(C[C@H]1CCOC1)C1CC1
decoy_4318,0.508414,0.533587,0.79042,0.72315,0.581851,0.550423,O=C(NC[C@H]1CCOC1)c1cccn1C1CC1
decoy_4319,0.489661,0.506389,0.80762,0.716701,0.561396,0.536971,O=C(NC[C@H]1CCOC1)c1cc(C2CC2)n[nH]1
decoy_432,0.489363,0.522944,0.684188,0.724029,0.522221,0.525311,c1ccc2c(c1)C[C@@H](CCc1ccsc1)N2
decoy_4320,0.453057,0.547313,0.793539,0.778231,0.570414,0.548486,O=C(NCc1ccoc1)Nc1ccccc1
decoy_4321,0.405151,0.453182,0.803465,0.744959,0.5609,0.533127,O=C(NC[C@H]1CCOC1)Nc1nncs1
decoy_4322,0.41832,0.572465,0.778392,0.83423,0.561331,0.629897,O=C(NCc1ccon1)N[C@H](c1ccccc1)C1CC1
decoy_4323,0.379175,0.463807,0.724339,0.749829,0.51645,0.49581,O=C(NCc1ccsc1)c1ccncn1
decoy_4324,0.50098,0.631608,0.711949,0.772919,0.531674,0.612132,O=C(c1ccccc1)N(Cc1ccsc1)c1nccs1
decoy_4325,0.444848,0.523092,0.776653,0.734068,0.572526,0.531599,O=C(NCc1ccsc1-n1cccc1)Nc1ccccc1
decoy_4326,0.412298,0.467507,0.819756,0.751565,0.542567,0.533489,O=C(NCc1cccnc1)NC[C@H]1CCS(=O)(=O)C1
decoy_4327,0.379557,0.467776,0.717849,0.701312,0.518462,0.511691,O=C(NCc1cncs1)Nc1ccc(-n2cccn2)cc1
decoy_4328,0.428357,0.551341,0.748066,0.797723,0.539365,0.564788,O=C(NCc1cnns1)c1cc(-c2ccccc2)n[nH]1
decoy_4329,0.341382,0.395384,0.713886,0.705584,0.487751,0.450622,O=C(NCc1cscn1)c1cc[nH]n1
decoy_433,0.408611,0.418974,0.635769,0.602745,0.513057,0.47622,c1ccc2c(c1)CC[C@@H](C[C@H]1CCCO1)N2
decoy_4330,0.350726,0.451474,0.789726,0.859401,0.534565,0.552167,O=C(NCc1cscn1)NCC1([NH+]2CCCCC2)CCCCC1
decoy_4331,0.389083,0.477146,0.763911,0.760504,0.546285,0.498625,O=C(NCc1nccs1)Nc1ccccc1
decoy_4332,0.37313,0.473453,0.731486,0.756408,0.512356,0.521431,O=C(NCc1ncno1)Nc1ccccc1
decoy_4333,0.424781,0.459349,0.800152,0.758309,0.56134,0.520018,O=C(NCc1ncno1)NC[C@]12C[C@H]3C[C@H](C[C@H](C3)C1)C2
decoy_4334,0.402007,0.508033,0.785396,0.800109,0.539812,0.535804,O=C(NCC1=NN=CC1)N[C@H](c1cccs1)C1CCCC1
decoy_4335,0.363928,0.478681,0.791255,0.855803,0.540638,0.573733,O=C(NCc1nnc[nH]1)c1ccccn1
decoy_4336,0.412998,0.5037,0.78715,0.784084,0.590252,0.568813,O=C(NCc1noc2ccccc12)NC1CCCCC1
decoy_4337,0.468264,0.44826,0.780512,0.68401,0.494265,0.463033,O=C(NC[C@]12C[C@H]3C[C@H](C[C@H](C3)C1)C2)c1ccccc1
decoy_4338,0.41537,0.493387,0.819835,0.824317,0.510167,0.53698,O=C(Nc1ccc(C(=O)NC[C@]23C[C@H]4C[C@H](C[C@H](C4)C2)C3)s1)c1ccco1
decoy_4339,0.381709,0.377584,0.696971,0.619255,0.478426,0.459923,O=C(NC[C@]12C[C@H]3C[C@H](C[C@H](C3)C1)C2)Nc1ccccc1
decoy_434,0.450092,0.47186,0.695709,0.701284,0.516382,0.501843,C[C@@H]1C[C@H](C)C[C@H]([C@]2(O)CCCOCC2)C1
decoy_4340,0.419113,0.41999,0.830584,0.730867,0.546848,0.495912,O=C(NCC1(c2ccccc2)CC1)N1CC[C@H](Nc2ccccc2)C1
decoy_4341,0.380173,0.440561,0.744828,0.725936,0.489419,0.480453,O=C(NCC1(c2ccccc2)CCC1)C1=NN(c2ccccc2)CC1
decoy_4342,0.395707,0.45139,0.754328,0.724097,0.508277,0.480339,O=C(NCC1(c2ccccc2)CCCC1)C(=O)Nc1ccccc1
decoy_4343,0.427627,0.584443,0.757631,0.84049,0.513914,0.583108,O=C(NCc1cc2ccccc2[nH]c1=O)c1cnoc1
decoy_4344,0.497902,0.527132,0.786234,0.724627,0.564053,0.508261,O=C(NCc1cc2ccccc2o1)C1CCCCC1
decoy_4345,0.469831,0.525264,0.782372,0.732408,0.53325,0.528034,O=C(NCc1cc2ccccc2o1)N1CCCCC1
decoy_4346,0.399941,0.437413,0.723206,0.683316,0.512212,0.481723,O=C(NCc1ccc2c(c1)CCCC2)C(=O)Nc1ccccc1
decoy_4347,0.378249,0.393663,0.693611,0.611802,0.512636,0.44697,O=C(NCc1ccc2ccccc2c1)Nc1ccccc1
decoy_4348,0.443731,0.489757,0.791189,0.723582,0.614607,0.523768,O=C(NCc1ccc2c(c1)CCCC2)Nc1ccccc1
decoy_4349,0.509056,0.560963,0.859451,0.802269,0.581817,0.571393,O=C(NCc1ccc2c(c1)OCCO2)N1CCCCC1
decoy_435,0.366151,0.362711,0.613233,0.677444,0.441863,0.428004,C[C@H]1CCC[C@H](S)CC1
decoy_4350,0.335553,0.442267,0.752344,0.860962,0.514588,0.55572,O=C(NCc1cccc(C[NH+]2CCCC2)c1)Nc1ccccc1
decoy_4351,0.442366,0.544909,0.837469,0.86668,0.547079,0.554604,O=C(NCc1ccc(N2CCCC2=O)cc1)NC1CC1
decoy_4352,0.386005,0.497132,0.727473,0.73932,0.492849,0.534791,O=C(NCc1ccc(-n2ccnc2)cc1)Nc1ccccc1
decoy_4353,0.418401,0.380969,0.758551,0.618509,0.512312,0.445659,O=C(NCc1ccc(-n2ccnc2)cc1)Nc1cccnc1
decoy_4354,0.262112,0.294605,0.712307,0.677556,0.455887,0.435882,O=C(NCc1ccc(N2CCOCC2)cc1)N[C@H]1CC[N@H+](C2CC2)CC1
decoy_4355,0.417462,0.533395,0.774699,0.814757,0.503634,0.572106,O=C(NCc1ccc(N2CCOCC2)nc1)Nc1ccccc1
decoy_4356,0.369002,0.432461,0.698711,0.716818,0.472582,0.504539,O=C(NCc1ccc(OCc2cccnc2)cc1)NC1CC1
decoy_4357,0.362441,0.442537,0.740767,0.797241,0.470031,0.511086,O=C(NC[C@H]1CC[N@H+](C2CCCC2)CC1)Nc1ccccc1
decoy_4358,0.447642,0.525807,0.815244,0.792838,0.578139,0.567758,O=C(NC[C@H]1CCN(c2ccccc2)C1)Nc1ccccc1
decoy_4359,0.416301,0.517099,0.816842,0.828554,0.516181,0.563691,O=C(NCc1ccccc1)NC[C@H]1CCN(c2ccccc2)C1
decoy_436,0.352896,0.342034,0.543926,0.577427,0.425078,0.422282,CC[C@H]1CCC[C@H](S)CC1
decoy_4360,0.270602,0.314128,0.67221,0.680234,0.489253,0.459371,O=C(NC[C@H]1CC[N@H+](Cc2cccs2)CC1)Nc1nncs1
decoy_4361,0.425512,0.564335,0.801044,0.834744,0.522138,0.593651,O=C(NCc1ccnc(OCC2CC2)c1)Nc1ccccc1
decoy_4362,0.401488,0.536343,0.767021,0.885937,0.52952,0.55801,O=C(NCc1cn2c([nH+]1)CCCC2)Nc1ccccc1
decoy_4363,0.36627,0.462705,0.834938,0.867905,0.475968,0.51352,O=C(c1cc2c([nH]c1=O)CCCC2)N(Cc1cnc2ccccc2c1)Cc1ccco1
decoy_4364,0.348909,0.436309,0.840555,0.862613,0.553962,0.528405,O=C(NCC1([NH+]2CCCCC2)CCCCC1)Nc1ccccc1
decoy_4365,0.369507,0.462782,0.83221,0.877751,0.542336,0.550387,O=C(NCC1([NH+]2CCOCC2)CCCCC1)Nc1ccccc1
decoy_4366,0.370573,0.460397,0.821576,0.8946,0.575695,0.621441,O=C(NCC1([NH+]2CCSCC2)CCCC1)Nc1ccccc1
decoy_4367,0.4432,0.55483,0.783234,0.780979,0.56946,0.578674,O=C(NCc1nc2ccccc2c(=O)[nH]1)c1ccccc1
decoy_4368,0.356234,0.411757,0.758027,0.730815,0.517617,0.483645,[O-]C(=CC1=N[C@@H](n2cccc2)SC1)NCC1N=c2ccccc2=N1
decoy_4369,0.395528,0.497798,0.75362,0.783523,0.552479,0.572141,O=C(NCc1nnc2n1CCC2)Nc1ccccc1
decoy_437,0.550722,0.440694,0.7616,0.696115,0.579544,0.488014,CC[C@@H]1CCC[C@@](O)(C2CCCC2)CC1
decoy_4370,0.402748,0.4561,0.807173,0.753626,0.555779,0.496344,O=C(NCc1ccc2c(c1)=C1CCCC[C@@H]1N=2)Nc1ccccc1
decoy_4371,0.30461,0.320913,0.719027,0.67316,0.419383,0.398052,O=C(NCc1ccc2c(c1)=C[C@H](c1ccccc1)N=2)[C@H]1CCC[NH2+]C1
decoy_4372,0.391303,0.531067,0.808814,0.871178,0.509601,0.551344,O=C(NCc1cccc(-c2nc(-c3ccccc3)c[nH]2)c1)c1ccccc1
decoy_4373,0.36023,0.450319,0.847754,0.842612,0.556571,0.529767,O=C(NC[C@H]1CCCN(CC2=c3ccccc3=NC2)C1)[C@H]1NN=C2C=CC=C[C@@H]21
decoy_4374,0.320773,0.350092,0.771304,0.757914,0.479511,0.49072,O=C(NC[C@H]1CC[N@H+](C2Cc3ccccc3C2)CC1)c1n[nH]c2c1CCC2
decoy_4375,0.461063,0.473608,0.764411,0.681327,0.580854,0.490784,O=C(NCC[C@H]1C[C@@H]2CC[C@H]1C2)Nc1ccccc1
decoy_4376,0.451843,0.444712,0.80498,0.71482,0.5449,0.484452,O=C(NCCC1CCC1)OCC1c2ccccc2-c2ccccc21
decoy_4377,0.502056,0.581157,0.742828,0.729098,0.546543,0.551147,O=C(NCCc1ccccc1)c1ccccc1
decoy_4378,0.394781,0.473578,0.848365,0.84839,0.536329,0.570718,O=C(NCC(c1ccccc1)c1ccccc1)[C@@H]1CSC[C@@H](c2ccccc2)N1
decoy_4379,0.435239,0.473133,0.79702,0.768228,0.491055,0.471897,O=C(c1ccccc1)N(Cc1ccco1)CC(c1ccccc1)c1ccccc1
decoy_438,0.481389,0.513383,0.724931,0.699659,0.520695,0.532864,CC[C@@H]1CCC[C@](O)(c2cccnc2)CC1
decoy_4380,0.428154,0.544651,0.798734,0.81453,0.530078,0.54198,O=C(N[C@@H](Cc1ccccc1)c1ccccc1)N1CCOCC1
decoy_4381,0.45122,0.537142,0.752475,0.753466,0.527736,0.510167,O=C(N/C=C/c1ccccc1)c1ccco1
decoy_4382,0.375804,0.48731,0.686774,0.820224,0.475629,0.546237,O=C(NCCc1ccccc1)C1CC[NH2+]CC1
decoy_4383,0.407861,0.537727,0.851485,0.920015,0.532853,0.580879,O=C(NCCc1ccccc1)c1cccc(S(=O)(=O)NC2CC2)c1
decoy_4384,0.425565,0.556146,0.806084,0.83612,0.534145,0.585886,O=C(Nc1ccc(C(=O)NCCc2ccccc2)s1)c1ccco1
decoy_4385,0.345078,0.36017,0.786323,0.725126,0.470362,0.448448,O=C(NCCC1=CCCCC1)[C@H]1CCCN(C(=O)NC2CCCCC2)C1
decoy_4386,0.37683,0.369718,0.838311,0.706653,0.495831,0.452651,O=C(NCCc1ccccc1)C1CCN(S(=O)(=O)c2cc[nH]c2)CC1
decoy_4387,0.313494,0.383912,0.829526,0.818867,0.466102,0.481285,O=C(NCCc1ccccc1)[C@H]1CN(C(=O)c2ccccc2)CC12CC[NH2+]CC2
decoy_4388,0.307653,0.384783,0.823262,0.865704,0.450455,0.488737,O=C(NCCc1ccccc1)[C@H]1CN(C(=O)C2CCCCC2)CC12CC[NH2+]CC2
decoy_4389,0.337035,0.372768,0.802431,0.767171,0.453044,0.45662,O=C(NCCc1ccccc1)[C@H]1CN(C(=O)c2cccs2)CC12CC[NH2+]CC2
decoy_439,0.481583,0.498799,0.707049,0.772265,0.532086,0.518908,C#CCC[C@]1(O)CCC[C@@H](C(C)C)CC1
decoy_4390,0.376436,0.400964,0.734326,0.665218,0.52693,0.47138,O=C(NCCC1=CCCCC1)c1csc(Nc2ccccc2)n1
decoy_4391,0.41284,0.516319,0.809242,0.807554,0.564744,0.517552,O=C(N/C(=C/c1ccccc1)c1nc2ccccc2[nH]1)c1ccccc1
decoy_4392,0.463677,0.552628,0.812206,0.808305,0.634558,0.590527,O=C(NCCc1ccccc1)c1n[nH]c2c1CCCC2
decoy_4393,0.372304,0.474073,0.764328,0.805006,0.488496,0.520769,O=C(NCCc1ccccc1)[C@@H]1CSC[C@@H](c2cnc(-c3cnccn3)s2)N1
decoy_4394,0.40432,0.480252,0.796315,0.78876,0.520575,0.509228,O=C(NCCc1ccccc1)[C@H]1NC(C2=CC3=CC=N[C@@H]3C=C2)=NO1
decoy_4395,0.491613,0.539782,0.808672,0.76814,0.570089,0.55096,O=C(NCCc1ccccc1)[C@@H](c1ccccc1)C1CC1
decoy_4396,0.432251,0.482275,0.789566,0.742174,0.543587,0.519201,O=C(/C=C/c1c[nH]c2ccccc12)NCCc1ccccc1
decoy_4397,0.452135,0.545054,0.769525,0.752705,0.551749,0.551286,O=C(NCCc1ccccc1)C(=O)Nc1ccccc1
decoy_4398,0.40512,0.453325,0.74274,0.699911,0.510785,0.491486,O=C(NCCC1CCCCC1)C(=O)Nc1ccccc1
decoy_4399,0.43063,0.494767,0.745593,0.697086,0.54741,0.506079,O=C(NCCc1ccccc1)Nc1ccccc1
decoy_44,0.416054,0.531667,0.677765,0.711154,0.501271,0.527435,O=[N+]([O-])c1ccc([C@H]2Nc3c(Cl)cccc3[C@H]3C=CC[C@H]32)cc1
decoy_440,0.43842,0.455782,0.762229,0.847501,0.53285,0.563333,C=C1CCC[C@H](CCC)CC1
decoy_4400,0.409914,0.376938,0.775046,0.644243,0.529282,0.44283,O=C(NCCc1ccccc1)Nc1ccccc1Cn1cccn1
decoy_4401,0.386599,0.447305,0.769504,0.751962,0.502657,0.491234,O=C(NCCc1ccccc1)Nc1ccccc1N1CCCCC1
decoy_4402,0.395757,0.426974,0.783095,0.708114,0.552919,0.495636,O=C(NCCc1ccccc1)Nc1nncs1
decoy_4403,0.421499,0.517519,0.815976,0.810322,0.519261,0.546917,O=C(NCCc1ccccc1)Nc1cccc(N2CCCC2=O)c1
decoy_4404,0.342418,0.344401,0.784616,0.68318,0.500617,0.437387,O=C(NCCC1CCCCC1)Nc1ccc(C(=O)N2CCCCC2)cc1
decoy_4405,0.379708,0.413736,0.785067,0.728839,0.517213,0.493102,O=C(NCCC1=CCCCC1)Nc1ccc(N2CCOCC2)nc1
decoy_4406,0.408704,0.461082,0.795324,0.745338,0.541484,0.508126,O=C(NCCC1=CCCCC1)Nc1ccc(-n2cncn2)cc1
decoy_4407,0.351938,0.385279,0.751407,0.678873,0.49968,0.483244,O=C(NCCc1ccccc1)Nc1ccc(Oc2ccccc2)nc1
decoy_4408,0.348857,0.402846,0.731921,0.686446,0.499449,0.481394,O=C(NCCc1ccccc1)Nc1ccc(Oc2ncccn2)cc1
decoy_4409,0.299078,0.315465,0.768327,0.695145,0.467368,0.448815,O=C(NCCc1ccccc1)N[C@H]1CC[N@H+](CC2CCCC2)CC1
decoy_441,0.53685,0.51433,0.715706,0.737657,0.556733,0.520253,CCC[C@H]1CC[C@](O)(c2ccsc2)CC1
decoy_4410,0.357169,0.405703,0.732679,0.683776,0.493473,0.484233,O=C(NCCc1ccccc1)Nc1ccc2oc(C3CC3)nc2c1
decoy_4411,0.438928,0.49461,0.818229,0.76361,0.550496,0.506513,O=C(NCCc1ccccc1)N[C@H](c1ccccc1)C1CC1
decoy_4412,0.409467,0.42783,0.803445,0.723475,0.554092,0.495273,O=C(NCCc1ccccc1)NC[C@H]1CCCc2ccccc21
decoy_4413,0.416018,0.501255,0.745009,0.720793,0.550405,0.535982,O=C(NCCc1ccccc1)NCc1ccccc1
decoy_4414,0.416034,0.525556,0.773809,0.78247,0.559804,0.534877,O=C(NCCc1ccccc1)NCc1cccnc1
decoy_4415,0.494671,0.594906,0.798086,0.781939,0.567888,0.563088,O=C(NCCc1ccccc1)NCc1cccs1
decoy_4416,0.414788,0.541754,0.746447,0.780253,0.549575,0.556737,O=C(NCCc1ccccc1)NCc1ncno1
decoy_4417,0.462148,0.42716,0.86752,0.732507,0.587021,0.495388,O=C(NCCc1ccccc1)NC[C@]12C[C@H]3C[C@H](C[C@H](C3)C1)C2
decoy_4418,0.394239,0.494676,0.789999,0.808814,0.502274,0.527207,O=C(NCCc1ccccc1)NCc1ccc2c(c1)OCCCO2
decoy_4419,0.318435,0.346225,0.796416,0.75015,0.452763,0.453652,O=C(NCCc1ccccc1)NCc1ccc(C[NH+]2CCCCC2)cc1
decoy_442,0.559599,0.520586,0.756914,0.718857,0.598062,0.53745,CC[C@H]1CCC[C@](O)(c2csc(C)c2)C1
decoy_4420,0.391272,0.499783,0.786674,0.831047,0.492746,0.510632,O=C(NCCc1ccccc1)NC[C@H]1CCN(c2ccccc2)C1
decoy_4421,0.386071,0.454722,0.777776,0.751046,0.545143,0.509238,O=C(NCCc1ccccc1)NCCc1cccc2c1OCOC2
decoy_4422,0.430476,0.499679,0.754614,0.71593,0.565966,0.505235,O=C(NCCc1ccccc1)NCCc1cccs1
decoy_4423,0.373425,0.468678,0.712231,0.785025,0.504404,0.520866,O=C(NCCc1ccccc1)NCCn1cc[nH+]c1
decoy_4424,0.429238,0.442898,0.77719,0.708059,0.571551,0.488337,O=C(NCCc1ccccc1)OCC1c2ccccc2-c2ccccc21
decoy_4425,0.426007,0.537085,0.739132,0.780067,0.503154,0.527977,O=C(NCCc1ccco1)N1CC=C(c2ccccc2)CC1
decoy_4426,0.47281,0.554603,0.797167,0.763634,0.585193,0.546501,O=C(NCCc1ccco1)Nc1ccccc1
decoy_4427,0.398441,0.475426,0.722714,0.694769,0.533754,0.510455,O=C(NCC[C@H]1CCCO1)Nc1ccccc1
decoy_4428,0.366959,0.38849,0.759071,0.679511,0.547641,0.490808,O=C(NCCc1ccco1)Nc1ccc(N2CCOCC2)cc1
decoy_4429,0.374979,0.423712,0.779706,0.734751,0.523253,0.485057,O=C(NCCc1ccco1)Nc1ccc(N2CCc3ccccc32)cc1
decoy_443,0.42985,0.443139,0.751237,0.719167,0.446247,0.478254,C[C@H]1C[NH2+]CC2(CCC(C)(C)CC2)O1
decoy_4430,0.35665,0.370991,0.771085,0.695722,0.516481,0.46169,O=C(NCCc1ccco1)NC[C@@H](c1cccs1)[NH+]1CCCC1
decoy_4431,0.482518,0.533576,0.785433,0.731239,0.592466,0.541949,O=C(NCCc1cccs1)Nc1ccccc1
decoy_4432,0.442688,0.521854,0.738586,0.708292,0.553836,0.524678,O=C(NCCc1cccs1)NCc1ccccc1
decoy_4433,0.433757,0.543662,0.765155,0.770844,0.544693,0.567444,O=C(NCCc1cccs1)NCc1cccnc1
decoy_4434,0.301732,0.341322,0.701639,0.654171,0.456037,0.420553,O=C(NC[C@@H](c1cccs1)S(=O)(=O)c1ccccc1)C(=O)Nc1ccccc1
decoy_4435,0.516793,0.493211,0.84661,0.73221,0.55973,0.507971,O=C(NCCc1ccsc1)[C@]12C[C@H]3C[C@H](C[C@H](C3)C1)C2
decoy_4436,0.505714,0.556057,0.784071,0.726575,0.584905,0.546009,O=C(NCCc1ccsc1)C(=O)Nc1ccccc1
decoy_4437,0.492004,0.530294,0.781743,0.71345,0.545413,0.53996,O=C(NCCc1ccsc1)N1CCCCC1
decoy_4438,0.474033,0.542026,0.790732,0.742456,0.586595,0.546707,O=C(NCCc1ccsc1)Nc1ccccc1
decoy_4439,0.431178,0.437502,0.835666,0.730005,0.53715,0.478638,O=C(NCCc1ccsc1)Nc1ccccc1N1CCCCC1
decoy_4440,0.409887,0.448857,0.818651,0.758785,0.562801,0.500221,O=C(NCCc1ccsc1)Nc1ccccc1N1CCOCC1
decoy_4441,0.435114,0.501035,0.758143,0.708122,0.575424,0.520781,O=C(NCCc1ccsc1)NCc1ccccc1
decoy_4442,0.386435,0.48016,0.835195,0.857735,0.552805,0.541022,O=C(NCCc1ccsc1)NCCc1nnc2n1CCCCC2
decoy_4443,0.326244,0.372676,0.695032,0.698205,0.440394,0.44898,O=C(NCCc1c[nH+]c[nH]1)OCC1c2ccccc2-c2ccccc21
decoy_4444,0.457876,0.537545,0.822291,0.826319,0.564441,0.587107,O=C(NCCc1nccs1)c1ccncn1
decoy_4445,0.419413,0.491813,0.798552,0.803126,0.541326,0.526078,O=C(NCC[C@]12C[C@H]3C[C@H](C[C@H](C3)C1)C2)C(=O)Nc1ccccc1
decoy_4446,0.474714,0.598302,0.802998,0.816164,0.577993,0.621537,O=C(NCCC1=c2ccccc2=NC1)c1ccccc1
decoy_4447,0.393351,0.596324,0.772093,0.918157,0.518627,0.617559,O=C(NC[C@@H](C1=c2ccccc2=NC1)c1ccccc1)C1=CNOC1
decoy_4448,0.374292,0.508987,0.818537,0.882716,0.552236,0.555223,O=C(NC[C@@H](C1=c2ccccc2=NC1)c1ccccc1)NC1=NOCC1
decoy_4449,0.33548,0.337565,0.737927,0.629793,0.446166,0.41503,O=C(NC[C@@H](C1=c2ccccc2=NC1)c1cccs1)c1cc(=O)[nH]c2ccccc12
decoy_445,0.319507,0.352735,0.626681,0.570977,0.424368,0.446222,C[C@@H]1[C@@H](C)CCC[C@]12C[NH2+]CCO2
decoy_4450,0.407228,0.569583,0.77982,0.883385,0.511669,0.618772,O=C(NC[C@@H](C1=c2ccccc2=NC1)c1cccs1)C1=CNOC1
decoy_4451,0.469542,0.503706,0.892211,0.831405,0.591316,0.561382,O=C(NCCC1=c2ccccc2=NC1)[C@]12C[C@H]3C[C@H](C[C@H](C3)C1)C2
decoy_4452,0.357847,0.438915,0.786183,0.767997,0.517239,0.511724,O=C(NCCC1=c2ccccc2=NC1)[C@H]1CN[C@@H]2SCCN2C1=O
decoy_4453,0.358648,0.414566,0.817827,0.782419,0.522776,0.495611,O=C(NCCC1=c2ccccc2=NC1)C1=CNN(c2ccccc2)[C@@H]1n1cccc1
decoy_4454,0.385986,0.454971,0.823298,0.8108,0.496919,0.516327,O=C(NCCC1=c2ccccc2=NC1)[C@@H]1CCCN([C@@H]2Nc3ccccc3S2)C1
decoy_4455,0.379657,0.462422,0.797612,0.794229,0.514465,0.517902,O=C(NCCC1=c2ccccc2=NC1)C1=CNN2C=CC(c3ccccc3)=N[C@@H]12
decoy_4456,0.374192,0.449058,0.757888,0.742045,0.496442,0.503971,[O-]C(=CC1=NO[C@H](c2ccccc2)C1)NCCC1=c2ccccc2=NC1
decoy_4457,0.376755,0.459668,0.840901,0.828316,0.54426,0.523203,O=C(NCCC1=c2ccccc2=NC1)/C(=C\c1ccccc1)NC(=O)c1ccccc1
decoy_4458,0.443737,0.560675,0.782708,0.803441,0.545717,0.562851,O=C(NCCC1=c2ccccc2=NC1)OCc1ccccc1
decoy_4459,0.394831,0.551123,0.758817,0.904088,0.495463,0.576428,O=C(NCCc1cn2c([nH+]1)CCCC2)Nc1ccccc1
decoy_446,0.355452,0.407583,0.683286,0.721664,0.493007,0.56807,C[C@@H]1CCC[C@@]2(C[NH2+]C[C@H](C)O2)[C@@H]1C
decoy_4460,0.468392,0.578877,0.825594,0.833437,0.57796,0.590062,O=C(NCCc1nc(-c2ccccc2)no1)C1CCCC1
decoy_4461,0.393634,0.504176,0.804174,0.846778,0.533876,0.563455,O=C(NCCc1nnc2n1CCCCC2)Nc1ccccc1
decoy_4462,0.298763,0.317339,0.788055,0.732574,0.451757,0.447403,O=C(NCCCc1ccccc1)[C@H]1CN(C(=O)c2cccs2)CC12CC[NH2+]CC2
decoy_4463,0.410768,0.452768,0.771565,0.710707,0.532467,0.489443,O=C(NCCCc1ccccc1)c1csc(-c2ccccc2)n1
decoy_4464,0.522413,0.605344,0.788121,0.778625,0.561364,0.539327,O=C(NCCCc1ccccc1)N1CCCC1
decoy_4465,0.434959,0.539033,0.752755,0.779494,0.504339,0.541239,O=C(NCCCc1ccccc1)N1CCCCC1
decoy_4466,0.439526,0.524751,0.751745,0.727474,0.546048,0.515052,O=C(NCCCc1ccccc1)Nc1ccccc1
decoy_4467,0.379931,0.466673,0.741441,0.738239,0.504129,0.507539,O=C(NCCCc1ccccc1)Nc1ccccc1-n1cccn1
decoy_4468,0.461146,0.61707,0.78153,0.865752,0.567394,0.648549,O=C(NCCCc1ccccc1)NCc1ccon1
decoy_4469,0.293966,0.394526,0.748583,0.863425,0.472756,0.561053,O=C(NCCCc1ccccc1)NC[C@@H](c1ccco1)[NH+]1CCCCC1
decoy_447,0.376966,0.391679,0.688923,0.653222,0.410671,0.457593,C[C@H]1CC[C@@]2(C[NH2+]C[C@H](C)O2)[C@H](C)C1
decoy_4470,0.467257,0.556097,0.7559,0.730612,0.568728,0.536088,O=C(NCCCc1ccco1)Nc1ccccc1
decoy_4471,0.460164,0.552319,0.817315,0.806786,0.569979,0.552881,O=C(NCCCc1ccn(-c2ccccc2)n1)c1ccccc1
decoy_4472,0.401115,0.540149,0.808864,0.876719,0.527673,0.570456,O=C(NCCCc1nc2c(s1)CCCC2)NCc1ccccc1
decoy_4473,0.394047,0.500046,0.832581,0.86946,0.534666,0.563284,O=C(NCCCc1nnc2n1CCCCC2)Nc1ccccc1
decoy_4474,0.401255,0.43353,0.839554,0.769818,0.529471,0.502995,O=C(NCCCc1nnc2n1CCCCC2)NC1CCCCC1
decoy_4475,0.357681,0.483435,0.747681,0.790536,0.477746,0.518525,O=C(NCCCC1=[NH+]N[C@@H]2C=CC=CN12)[C@@H]1C=c2ccccc2=N1
decoy_4476,0.405449,0.467647,0.776892,0.733331,0.531199,0.509982,O=C(NCCCCc1nccs1)NCc1ccccc1
decoy_4477,0.377917,0.52628,0.81322,0.94727,0.551209,0.599419,O=C(NCCCC[NH+]1CCCCC1)Nc1ccccc1
decoy_4478,0.305293,0.340076,0.862596,0.868835,0.487132,0.503004,O=C(NCCCC[NH+]1CCCCC1)N[C@H]1CC[N@H+](C2CCOCC2)CC1
decoy_4479,0.292675,0.380331,0.720201,0.755389,0.427975,0.467536,O=C(NCCC[NH+]1CCCC1)c1cc(-c2ccccc2)nc2ccccc12
decoy_448,0.359196,0.414438,0.696041,0.739493,0.493096,0.567632,C[C@@H]1CC[C@H](C)[C@]2(C[NH2+]C[C@H](C)O2)C1
decoy_4480,0.304193,0.420243,0.783169,0.882206,0.493361,0.540653,O=C1N=c2ccccc2=C2S[C@H](C(=O)NCCC[NH+]3CCCCC3)C=C12
decoy_4481,0.361266,0.44014,0.844407,0.883195,0.530787,0.556014,O=C(NCCC[NH+]1CCCCC1)N1CC=C(c2c[nH]c3ncccc23)CC1
decoy_4482,0.394256,0.519619,0.757535,0.871699,0.518969,0.57157,O=C(NCCC[NH+]1CCCCC1)Nc1ccccc1
decoy_4483,0.396356,0.470855,0.86233,0.862845,0.576757,0.566113,O=C(NCCC[NH+]1CCCCC1)NC1CCCCC1
decoy_4484,0.31664,0.39675,0.809835,0.842488,0.474637,0.480013,O=C(NCCC[NH+]1CCCCC1)Nc1ccccc1N1CCCC1=O
decoy_4485,0.31452,0.390641,0.767827,0.823786,0.498108,0.521825,O=C(NCCC[NH+]1CCCCC1)Nc1cccc(OC2CCCC2)c1
decoy_4486,0.390807,0.469071,0.833042,0.834107,0.57001,0.560615,O=C(NCCC[NH+]1CCCCC1)NCc1ccccc1
decoy_4487,0.32776,0.421823,0.785285,0.842964,0.466,0.508799,O=C(NCCC[NH+]1CCCCC1)N[C@H](c1ccccc1)[C@H]1CCCO1
decoy_4488,0.383506,0.482089,0.757679,0.825033,0.520595,0.554402,O=C(NCCC[NH+]1CCCCC1)NCc1cccs1
decoy_4489,0.311391,0.355856,0.772103,0.764202,0.439972,0.454073,O=C(NCCC[NH+]1CCCCC1)NCC1(c2ccccc2)CCC1
decoy_4490,0.403004,0.493678,0.729599,0.706474,0.542703,0.515278,O=C(NCCCn1cccn1)Nc1ccccc1
decoy_4491,0.395091,0.448585,0.744033,0.703313,0.510199,0.496086,O=C(NCCCn1cccn1)Nc1ccc2c(c1)CCC2
decoy_4492,0.268814,0.304323,0.75766,0.733841,0.446123,0.447423,O=C(NCCCn1cccn1)N[C@H]1CC[N@H+](CC2CCCCC2)CC1
decoy_4493,0.425086,0.54298,0.819132,0.846443,0.535509,0.539923,O=C(NCCCn1cccn1)N(Cc1ccccc1)CC1CC1
decoy_4494,0.389518,0.437016,0.793062,0.751601,0.54542,0.493516,O=C(NCCCn1cccn1)NC[C@H]1CCCc2ccccc21
decoy_4495,0.389159,0.459964,0.756591,0.7181,0.529861,0.495412,O=C(NCCCn1cccn1)NCc1cccnc1
decoy_4496,0.4316,0.511828,0.773454,0.759764,0.538655,0.543707,O=C(NCCCn1cccn1)NCCc1ccsc1
decoy_4497,0.422407,0.540889,0.798617,0.832502,0.551943,0.594081,O=C(NCCCn1cccn1)NCCOc1ccccc1
decoy_4498,0.392745,0.49533,0.703439,0.778141,0.49508,0.558825,O=C(NCCCn1cc[nH+]c1)c1ccccc1
decoy_4499,0.372654,0.410567,0.776174,0.757251,0.522724,0.495805,O=C(NCCCn1cc[nH+]c1)NCC1(c2ccccc2)CC1
decoy_45,0.464486,0.610225,0.731901,0.768839,0.529018,0.568334,C[C@H](OC(=O)c1ccc(C#N)cc1)c1nc2ccccc2s1
decoy_4500,0.450291,0.543692,0.840689,0.811027,0.59621,0.542898,O=C(NCCCOC1CCCC1)Nc1ccccc1
decoy_4501,0.409658,0.479296,0.82714,0.793036,0.573707,0.528437,O=C(NCCCOC1CCCC1)Nc1ccccc1-n1cccn1
decoy_4502,0.481889,0.616187,0.798065,0.818882,0.558763,0.621056,O=C(NCCCOc1ccccc1)c1ccccc1
decoy_4503,0.418443,0.570701,0.770931,0.830446,0.568862,0.603756,O=C(NCCCOc1ccccc1)C(=O)Nc1ccccc1
decoy_4504,0.461776,0.621795,0.812617,0.86671,0.60172,0.624053,O=C(NCCCOc1ccccc1)NC1CC1
decoy_4505,0.439351,0.591857,0.762098,0.84134,0.545614,0.618473,O=C(NCCCOc1ccccc1)Nc1ccccc1
decoy_4506,0.457984,0.508072,0.846404,0.793849,0.592377,0.542227,O=C(NCCCOc1ccccc1)NC1CCCCC1
decoy_4507,0.368235,0.444381,0.788285,0.798759,0.494477,0.494921,O=C(NCCCOc1ccccc1)NC1CCN(c2ccccn2)CC1
decoy_4508,0.373868,0.44707,0.766984,0.751221,0.500764,0.497744,O=C(NCCCOc1ccccc1)N[C@H](c1ccccc1)C1CC1
decoy_4509,0.446335,0.567496,0.806114,0.831627,0.551778,0.598201,O=C(NCCCOc1ccccc1)NCc1ccccc1
decoy_4510,0.454779,0.526431,0.802842,0.763271,0.57088,0.557988,O=C(NCCCOc1ccccc1)NCc1cccs1
decoy_4511,0.463944,0.594185,0.794699,0.822751,0.553083,0.606524,O=C(NCCCOc1ccccc1)NCc1ccsc1
decoy_4512,0.44554,0.508513,0.838164,0.800755,0.570957,0.546478,O=C(NCCCOc1ccccc1)NCc1csc2ccccc12
decoy_4513,0.347074,0.421235,0.778984,0.779281,0.461019,0.510792,O=C(NCCCOc1ccccc1)NCc1ccnc(OC2CCCC2)c1
decoy_4514,0.42644,0.547222,0.82731,0.874538,0.590251,0.631816,O=C(NCCCOc1ccccc1)NCCc1ccccc1
decoy_4515,0.41538,0.544748,0.77729,0.816963,0.53861,0.555344,O=C(NCCCOc1ccccc1)NCCc1ccsc1
decoy_4516,0.409063,0.537658,0.796342,0.841548,0.540981,0.591503,O=C(NCCCOc1ccccc1)NCCOc1ccccc1
decoy_4517,0.446772,0.442551,0.883184,0.767233,0.600893,0.507551,O=C(NCCCOc1ccccc1)NCCSCc1ccccc1
decoy_4518,0.427714,0.530968,0.831308,0.882831,0.561443,0.605968,O=C(NCCCOc1ccc2c(c1)OCO2)NCCc1ccccc1
decoy_4519,0.388979,0.470797,0.798539,0.807738,0.507407,0.517292,O=C(NCCCOCC1CC1)C1CCN(c2ccccc2)CC1
decoy_452,0.530645,0.473332,0.816482,0.741128,0.583982,0.521298,CC(C)CSC[C@@H](O)[C@@H]1CC[C@H](C)[C@@H](C)C1
decoy_4520,0.371578,0.441709,0.708995,0.68385,0.505451,0.494614,O=C(NCCCOCC1CC1)Nc1ccccc1
decoy_4521,0.384129,0.42956,0.809973,0.769377,0.529532,0.494995,O=C(NCCCOCC1CC1)NCC1(c2ccccc2)CC1
decoy_4522,0.471761,0.570156,0.826431,0.829019,0.569273,0.60779,O=C(NCCCOCc1ccccc1)Nc1ccccc1
decoy_4523,0.410226,0.511456,0.811416,0.80072,0.580791,0.559992,O=C(NCCCOC[C@H]1CCCO1)Nc1nccs1
decoy_4524,0.406118,0.497145,0.806232,0.799783,0.499425,0.552361,O=C(NCCCOC[C@H]1CCCO1)NCc1ccccc1
decoy_4525,0.419916,0.526825,0.774939,0.77322,0.539784,0.519857,O=C(NCCC(=O)N1CCCCC1)Nc1ccccc1
decoy_4526,0.367127,0.485144,0.824127,0.92538,0.565014,0.612784,O=C(NC[C@@H](c1ccccc1)[NH+]1CCCC1)c1cccc2nc[nH]c12
decoy_4527,0.376685,0.53388,0.79496,0.92914,0.567851,0.638692,O=C(NC[C@@H](c1ccccc1)[NH+]1CCCC1)c1ccccc1
decoy_4528,0.359507,0.48954,0.742694,0.769211,0.486891,0.500393,O=C(NC[C@@H](c1ccccc1)[NH+]1CCCC1)c1cccs1
decoy_4529,0.352615,0.454717,0.76687,0.869738,0.531869,0.573495,O=C(NC[C@@H](c1ccccc1)[NH+]1CCCC1)c1n[nH]c2ccccc12
decoy_453,0.438964,0.53513,0.636552,0.760211,0.488963,0.543945,CCC[C@@H](C)C[C@@](C)(O)c1ccc(F)cc1
decoy_4530,0.317576,0.372861,0.801462,0.78295,0.465333,0.464491,O=C(NC[C@@H](c1ccccc1)[NH+]1CCCC1)N1CC[C@H](Nc2ccccc2)C1
decoy_4531,0.307088,0.364792,0.727396,0.746563,0.447774,0.448555,O=C(NC[C@@H](c1ccccc1)[NH+]1CCCC1)Nc1cccc2c1OCCO2
decoy_4532,0.379153,0.459136,0.842521,0.891405,0.564005,0.561302,O=C(NC[C@@H](c1ccccc1)[NH+]1CCCC1)Nc1ccccc1
decoy_4533,0.365203,0.445281,0.823318,0.876152,0.555396,0.548258,O=C(NC[C@@H](c1ccccc1)[NH+]1CCCC1)Nc1nncs1
decoy_4534,0.293064,0.360737,0.719561,0.710908,0.462188,0.464685,O=C(NCc1ccccn1)NC[C@@H](c1ccccc1)[NH+]1CCCC1
decoy_4535,0.294728,0.374299,0.719099,0.739291,0.463375,0.466824,O=C(NCc1ccon1)NC[C@@H](c1ccccc1)[NH+]1CCCC1
decoy_4536,0.334206,0.346299,0.804452,0.760623,0.482773,0.470977,O=C(NCC(=O)N1CCCCC1)NC[C@@H](c1ccccc1)[NH+]1CCCC1
decoy_4537,0.317082,0.393718,0.78136,0.811944,0.511344,0.499413,O=C(NC[C@@H](c1ccco1)[NH+]1CCCC1)c1cccc(NC(=O)c2cccs2)c1
decoy_4538,0.396209,0.499417,0.810001,0.850228,0.523232,0.534046,O=C(NC[C@@H](c1ccco1)[NH+]1CCCC1)C(=O)Nc1ccccc1
decoy_4539,0.393072,0.478521,0.825891,0.894365,0.551191,0.590145,O=C(NC[C@@H](c1ccco1)[NH+]1CCCC1)N1CCCCC1
decoy_454,0.483135,0.451124,0.693521,0.688161,0.60051,0.504417,CC(C)(C)CC[C@H](O)[C@@H]1CC=CCC1
decoy_4540,0.388348,0.497508,0.755519,0.797907,0.512775,0.511731,O=C(NC[C@@H](c1ccco1)[NH+]1CCCC1)Nc1ccccc1
decoy_4541,0.344599,0.377761,0.770424,0.755794,0.481587,0.482564,O=C(NCc1ccccc1)NC[C@@H](c1ccco1)[NH+]1CCCC1
decoy_4542,0.371365,0.491424,0.751329,0.860676,0.549074,0.609243,O=C(NC[C@@H](c1cccs1)[NH+]1CCCC1)c1ccccc1
decoy_4543,0.316162,0.411591,0.795457,0.881461,0.522324,0.54827,O=C(NC[C@@H](c1cccs1)[NH+]1CCCC1)N1CC[C@@H](Nc2ccccc2)C1
decoy_4544,0.365927,0.465722,0.797695,0.875663,0.564489,0.568328,O=C(NC[C@@H](c1cccs1)[NH+]1CCCC1)Nc1ccccc1
decoy_4545,0.377925,0.473847,0.778028,0.830098,0.508582,0.546415,O=C(NCc1ccccc1)NC[C@@H](c1cccs1)[NH+]1CCCC1
decoy_4546,0.379585,0.494666,0.803424,0.882644,0.537096,0.558527,O=C(NC[C@@H](c1ccsc1)[NH+]1CCCC1)Nc1ccccc1
decoy_4547,0.395372,0.511695,0.781612,0.882701,0.576661,0.620463,O=C(NCC[NH+]1CCCC1)C(=O)Nc1ccccc1
decoy_4548,0.398952,0.476602,0.821248,0.877393,0.562544,0.574617,O=C(NCC[NH+]1CCCC1)N1CCN(c2ccccc2)CC1
decoy_4549,0.405458,0.51142,0.738766,0.852299,0.539104,0.576847,O=C(NCC[NH+]1CCCC1)Nc1ccccc1
decoy_455,0.448282,0.466436,0.679326,0.703442,0.51582,0.503956,CCCCC[C@@]1(O)CCC[C@H](CC)C1
decoy_4550,0.465917,0.542404,0.838132,0.799939,0.580579,0.545858,O=C(NCCN1CCCC1=O)NCc1cccs1
decoy_4551,0.411609,0.54269,0.719991,0.836068,0.482495,0.609565,O=C(NCC[NH+]1CCCCC1)c1ccccc1
decoy_4552,0.32352,0.365421,0.782585,0.780268,0.470604,0.470227,O=C(NC[C@@H](c1ccccc1)[NH+]1CCCCC1)NC1CCCCC1
decoy_4553,0.331499,0.377436,0.798476,0.795854,0.484487,0.482063,O=C(NC[C@@H](c1ccccc1)[NH+]1CCCCC1)NC1CCOCC1
decoy_4554,0.349656,0.453562,0.783605,0.870422,0.548857,0.545568,O=C(NC[C@@H](c1ccco1)[NH+]1CCCCC1)C(=O)Nc1ccccc1
decoy_4555,0.38576,0.506819,0.786819,0.851242,0.547005,0.555834,O=C(NC[C@@H](c1ccco1)[NH+]1CCCCC1)Nc1ccccc1
decoy_4556,0.323084,0.384222,0.774322,0.803623,0.478294,0.488166,O=C(NCc1cccnc1)NC[C@@H](c1ccco1)[NH+]1CCCCC1
decoy_4557,0.385091,0.489261,0.679484,0.766356,0.490759,0.541775,O=C(NCC[NH+]1CCCCC1)c1cccs1
decoy_4558,0.361883,0.507868,0.737918,0.838709,0.514362,0.544192,O=C(NC[C@@H](c1cccs1)[NH+]1CCCCC1)c1ccccc1
decoy_4559,0.361366,0.49377,0.713451,0.852757,0.460967,0.537731,O=C(NC[C@@H](c1cccs1)[NH+]1CCCCC1)Nc1ccccc1
decoy_456,0.492283,0.464214,0.734336,0.730292,0.546146,0.510179,CC1(C)CCC[C@@](O)(CC2CCCC2)CC1
decoy_4560,0.333938,0.369317,0.748677,0.719432,0.481057,0.454777,O=C(NCc1ccccc1)NC[C@@H](c1cccs1)[NH+]1CCCCC1
decoy_4561,0.305152,0.313315,0.79816,0.692945,0.491643,0.455361,O=C(NCc1ccc2c(c1)OCCO2)NC[C@@H](c1cccs1)[NH+]1CCCCC1
decoy_4562,0.359228,0.438188,0.825536,0.85565,0.480944,0.529442,O=C(NCC[NH+]1CCCCC1)c1ccc2cnc([S-])nc2c1
decoy_4563,0.344863,0.45986,0.807835,0.879776,0.502013,0.542185,O=C(NCC[NH+]1CCCCC1)c1cccc(NC(=O)c2ccco2)c1
decoy_4564,0.386737,0.514329,0.72718,0.841251,0.494022,0.550117,O=C(/C=C/c1ccccc1)NCC[NH+]1CCCCC1
decoy_4565,0.346388,0.430123,0.775565,0.841724,0.524113,0.579843,O=C(NCC[NH+]1CCCCC1)C(=O)Nc1cccc2ncccc12
decoy_4566,0.395413,0.52139,0.772844,0.89304,0.539822,0.599035,O=C(NCC[NH+]1CCCCC1)C(=O)Nc1ccccc1
decoy_4567,0.373925,0.409475,0.787234,0.74039,0.581016,0.493823,O=C(NCC[NH+]1CCCCC1)C(=O)Nc1cccnc1
decoy_4568,0.346598,0.399537,0.783013,0.810898,0.507829,0.506843,O=C(NCC[NH+]1CCCCC1)C(=O)Nc1ccc(N2CCCC2)cc1
decoy_4569,0.40423,0.461752,0.801953,0.787955,0.552464,0.519374,O=C(NCC[NH+]1CCCCC1)N1CCCCC1
decoy_457,0.399059,0.46944,0.65916,0.827293,0.462231,0.502381,Cl[C@H]1C=C(Cc2ccsc2)CCC1
decoy_4571,0.402719,0.517452,0.744953,0.849886,0.527583,0.57109,O=C(NCC[NH+]1CCCCC1)Nc1ccccc1
decoy_4572,0.344536,0.44273,0.747929,0.845178,0.484704,0.532668,O=C(NCC[NH+]1CCCCC1)Nc1ccccc1Cn1cccn1
decoy_4573,0.32709,0.414374,0.788509,0.833506,0.472025,0.486084,O=C(NCC[NH+]1CCCCC1)Nc1ccccc1N1CCCC1=O
decoy_4574,0.339729,0.417385,0.770242,0.849574,0.490282,0.522025,O=C(NCC[NH+]1CCCCC1)Nc1ccc(N2CCOCC2)cc1
decoy_4576,0.357316,0.416065,0.858959,0.902451,0.550738,0.548416,O=C(NCC[NH+]1CCCCC1)NC1CCN(c2ccccn2)CC1
decoy_4577,0.395744,0.512433,0.743106,0.862759,0.509084,0.572232,O=C(NCC[NH+]1CCCCC1)NCc1ccccc1
decoy_4578,0.389631,0.477491,0.810725,0.838902,0.55061,0.537253,O=C(NCC[NH+]1CCCCC1)NCc1cccnc1
decoy_4579,0.316171,0.427638,0.731867,0.870554,0.485943,0.52895,O=C(NCC[NH+]1CCCCC1)NC[C@H]1CCN(c2ccccc2)C1
decoy_458,0.513807,0.533838,0.775168,0.872947,0.543653,0.534418,C[C@@H](Cl)c1ncc(-c2ccc(Cl)s2)o1
decoy_4580,0.38512,0.469473,0.828719,0.810642,0.553985,0.529286,O=C(NCC[NH+]1CCCCC1)NCc1cn2ccsc2n1
decoy_4581,0.296715,0.375181,0.753184,0.834204,0.479472,0.514812,O=C(NC[C@@H](c1ccccc1)[NH+]1CCCCCC1)NC1CCOCC1
decoy_4582,0.347489,0.452925,0.795757,0.888784,0.54012,0.540395,O=C(NC[C@@H](c1ccsc1)[NH+]1CCCCCC1)C(=O)Nc1ccccc1
decoy_4583,0.315211,0.338016,0.7803,0.701867,0.497655,0.464909,O=C(NC[C@@H](c1ccsc1)[NH+]1CCCCCC1)Nc1ccccc1
decoy_4584,0.385164,0.4711,0.821526,0.855765,0.533097,0.555069,O=C(NCC[NH+]1CCCCCC1)NCc1cccnc1
decoy_4586,0.343942,0.413212,0.680337,0.728899,0.460115,0.460842,O=C(NCCn1cc[nH+]c1)c1ccccn1
decoy_4587,0.300478,0.3709,0.622255,0.67254,0.453746,0.468927,O=C(NCCn1cc[nH+]c1)C(=O)Nc1ccccc1
decoy_4588,0.361828,0.436593,0.722315,0.763478,0.498673,0.513586,O=C(NCCn1cc[nH+]c1)N[C@H]1CCCc2occc21
decoy_4590,0.341206,0.413032,0.726801,0.778642,0.489799,0.497816,O=C(NCCn1cc[nH+]c1)NC[C@H]1CCCc2ccccc21
decoy_4593,0.338449,0.357982,0.891411,0.829616,0.52708,0.50141,O=C(NCCN1CCOCC1)N[C@H]1CC[N@H+](CC2CCCC2)CC1
decoy_4594,0.449491,0.526727,0.829914,0.821497,0.60216,0.573245,O=C(NCCN1CCOCC1)NCc1ccccc1
decoy_4595,0.461074,0.566032,0.835114,0.861773,0.582052,0.613408,O=C(NCCc1ccccc1)NCCN1CCOCC1
decoy_4596,0.442875,0.520711,0.760211,0.723752,0.569657,0.566232,O=C(NCCn1ncc2cncnc21)c1ccccc1
decoy_4597,0.334778,0.385878,0.817697,0.790385,0.55171,0.487434,O=C(NC[C@@H](c1ccccc1)[N@@H+]1CCc2ccccc2C1)Nc1ccccc1
decoy_4598,0.368564,0.461388,0.802388,0.834926,0.515898,0.558857,O=C(NCC[N@H+]1CCc2ccccc2C1)c1cc2ccccc2c(=O)[nH]1
decoy_4599,0.342416,0.445647,0.759426,0.839399,0.477981,0.555477,O=C(NCC[N@@H+]1CCc2ccccc2C1)c1cccc(Nc2ncccn2)c1
decoy_46,0.395337,0.408287,0.792702,0.725125,0.540904,0.497257,CS(=O)(=O)c1ccc(C(F)(F)F)cn1
decoy_4600,0.350183,0.422588,0.792694,0.833421,0.465639,0.512275,O=C(NCC[N@@H+]1CCc2ccccc2C1)N1CC[C@H](Nc2ccccc2)C1
decoy_4601,0.370982,0.501554,0.704216,0.813047,0.455191,0.524578,O=C(NCC[N@@H+]1CCc2ccccc2C1)Nc1ccccc1
decoy_4602,0.368523,0.465367,0.732973,0.817369,0.504613,0.53139,O=C(NCC[N@H+]1CCc2ccccc2C1)NCc1ccccc1
decoy_4603,0.320888,0.400287,0.732891,0.802594,0.445492,0.510748,O=C(NCC[N@H+]1CCc2sccc2C1)Nc1ccc(N2CCCCC2)nc1
decoy_4604,0.337184,0.432054,0.763073,0.82451,0.466348,0.492674,O=C(NC[C@@H](c1cccs1)[NH+]1CCN(c2ccccc2)CC1)Nc1ccccc1
decoy_4605,0.511734,0.57735,0.795492,0.744241,0.60534,0.556229,O=C(NCCNc1ccccc1)c1ccccc1
decoy_4606,0.415085,0.527968,0.746897,0.762579,0.531719,0.546028,O=C(NCCNc1ccccc1)[C@@H]1CC=CCC1
decoy_4607,0.398019,0.416781,0.779387,0.721265,0.491952,0.497015,O=C(NCCNc1cccc[nH+]1)N1CCCCC1
decoy_4608,0.40359,0.502663,0.753969,0.787234,0.506282,0.532892,O=C(NCCNc1cccc[nH+]1)N1CCOCC1
decoy_4609,0.486529,0.601781,0.777301,0.774075,0.559489,0.603392,O=C(NCCOc1ccccc1)c1ccccc1
decoy_461,0.406573,0.44132,0.753957,0.726751,0.439875,0.495041,CC[C@@H]1CC[C@@]2(C[NH2+]CC3(CCCC3)O2)C1
decoy_4610,0.479063,0.575501,0.816142,0.80591,0.583673,0.593464,O=C(NCCOc1ccccc1)C1CCCCC1
decoy_4611,0.481371,0.579304,0.808656,0.80676,0.571977,0.588954,O=C(NCCOC1CCCCC1)c1cccs1
decoy_4612,0.281414,0.377303,0.728844,0.833467,0.425704,0.471867,O=C(NCCOc1ccccc1)[C@H]1CN(C(=O)c2ccccc2)CC12CC[NH2+]CC2
decoy_4613,0.312717,0.389579,0.834288,0.881318,0.458462,0.4998,O=C(NCCOc1ccccc1)[C@H]1CN(C(=O)[C@@H]2CC=CCC2)CC12CC[NH2+]CC2
decoy_4614,0.38847,0.504216,0.784718,0.823296,0.530823,0.541789,O=C(NCCOc1ccccc1)c1csc(COc2ccccc2)n1
decoy_4615,0.483424,0.56486,0.811201,0.786957,0.55319,0.583426,O=C(NCCOc1ccccc1)N1CCCCC1
decoy_4616,0.431185,0.553194,0.756117,0.767887,0.567046,0.574703,O=C(NCCOc1ccccc1)Nc1ccccc1
decoy_4617,0.438373,0.509846,0.863336,0.843566,0.580901,0.553849,O=C(NCCOC1CCCCC1)NC1CCCCC1
decoy_4618,0.374685,0.462329,0.817526,0.799947,0.52268,0.48733,O=C(NCCOc1ccccc1)Nc1ccccc1N1CCCC1=O
decoy_4619,0.39996,0.505547,0.773555,0.783505,0.542144,0.559832,O=C(NCCOc1ccccc1)Nc1ccccc1-n1cccn1
decoy_462,0.377996,0.36787,0.742983,0.806202,0.471432,0.461493,ClC[C@@H]1[C@H]2CCC[C@@H]12
decoy_4620,0.407884,0.458548,0.845733,0.806446,0.579288,0.544049,O=C(NCCOc1ccccc1)NC1CCN(c2ccccn2)CC1
decoy_4621,0.428752,0.540445,0.780663,0.788472,0.582892,0.578202,O=C(NCCOc1ccccc1)NCc1ccccc1
decoy_4622,0.445269,0.594985,0.791804,0.852977,0.560584,0.623651,O=C(NCCOc1ccccc1)NCc1ccncn1
decoy_4623,0.426422,0.533344,0.793412,0.798617,0.549352,0.555158,O=C(NCCOc1ccccc1)NCCc1ccccc1
decoy_4624,0.409639,0.546652,0.770828,0.815257,0.538078,0.575959,O=C(NCCOc1ccccc1)NCCn1cccn1
decoy_4625,0.368892,0.452344,0.747231,0.762241,0.501215,0.522091,O=C(NCC(=O)c1ccc[nH]1)OCC1c2ccccc2-c2ccccc21
decoy_4626,0.407509,0.511181,0.788802,0.812491,0.590487,0.588537,O=C(NCC(=O)N1CCc2ccccc21)Nc1ccccc1
decoy_4627,0.40173,0.469377,0.775303,0.750664,0.562058,0.530309,O=C(NCC(=O)N1CCCCC1)Nc1ccccc1
decoy_4628,0.395041,0.476246,0.761003,0.760888,0.560081,0.534331,O=C(NCC(=O)N1CCOCC1)Nc1ccccc1
decoy_4629,0.430745,0.505586,0.786974,0.759196,0.552888,0.519172,O=C(NCC(=O)N1CCSCC1)Nc1ccccc1
decoy_463,0.418151,0.390901,0.641495,0.559295,0.483021,0.435727,C[C@H]1CC[C@@H](C(C)(C)C#N)[C@H](O)C1
decoy_4630,0.415445,0.505342,0.870505,0.869462,0.508455,0.551692,O=C(N[C@@H](C(=O)NC1CCCCC1)c1ccccc1)C1CCCCC1
decoy_4631,0.336641,0.375438,0.797757,0.751817,0.47384,0.433218,O=C(NCC(=O)N(Cc1ccccc1)Cc1ccco1)NC1CCCCC1
decoy_4632,0.405421,0.44595,0.699806,0.654941,0.500722,0.469743,O=C(NCCSc1ccccc1)N1CCCCC1
decoy_4633,0.438541,0.547177,0.8011,0.803345,0.566711,0.564635,O=C(NCCSc1ccccc1)NCCc1ccsc1
decoy_4634,0.465274,0.525492,0.812961,0.769142,0.57349,0.562991,O=C(NCCSCc1ccccc1)NCc1cccs1
decoy_4635,0.407512,0.503887,0.853308,0.864571,0.580654,0.556393,O=C(NCCS(=O)(=O)N1CCc2ccccc21)N1CCCCC1
decoy_4636,0.486806,0.542197,0.788745,0.734456,0.567398,0.515114,O=C(NCNc1ccccc1)c1ccccc1
decoy_4637,0.464745,0.552028,0.786964,0.762888,0.540019,0.541559,O=C(NCNc1ccccn1)c1ccccc1
decoy_4638,0.503509,0.546209,0.81001,0.756045,0.566479,0.534209,O=C(NCNc1cccs1)c1ccccc1
decoy_4639,0.447362,0.547301,0.786918,0.794311,0.527896,0.54306,O=C(NCNc1cc2c(s1)CCCCC2)c1ccccc1
decoy_464,0.493485,0.54144,0.797973,0.755304,0.597716,0.593832,CCc1nsc(N[C@@H]2CCC[C@H](C)[C@@H]2C)n1
decoy_4640,0.373548,0.500818,0.674746,0.730931,0.475375,0.50347,O=C(NC[NH2+]Cc1ccccc1)c1ccccc1
decoy_4641,0.403635,0.53589,0.690542,0.783254,0.529261,0.579408,O=C(NC[NH2+]Cc1ccco1)c1ccccc1
decoy_4642,0.34897,0.455237,0.709084,0.784571,0.48048,0.50222,O=C(NC[NH2+]CCC1=c2ccccc2=NC1)c1ccccc1
decoy_4643,0.339264,0.433693,0.790479,0.79334,0.524908,0.466151,O=C(/[NH+]=C(/NCCC1=c2ccccc2=NC1)Nc1ccccc1)c1ccccc1
decoy_4644,0.400136,0.560705,0.772817,0.837465,0.517474,0.55979,O=C(NC(NC(=O)c1ccccc1)c1ccccc1)c1ccccc1
decoy_4645,0.434496,0.447453,0.762712,0.69857,0.511585,0.483941,O=C(NCO/N=C/Cc1ccccc1)C1CCCCC1
decoy_4646,0.375704,0.465492,0.694078,0.688987,0.50834,0.476832,O=C([N-]C(=S)Nc1ccccc1)c1ccccc1
decoy_4647,0.41859,0.544259,0.781146,0.826002,0.512343,0.520695,O=C([N-]C(=S)Nc1ccccc1)c1cccs1
decoy_4648,0.363653,0.457557,0.712732,0.675156,0.455407,0.487603,O=C([N-]C(=S)Nc1ccccc1N1CCCC1)c1ccccc1
decoy_4649,0.330243,0.399386,0.663384,0.629279,0.445257,0.448922,O=C([N-]C(=S)Nc1ccccc1N1CCCCC1)c1ccccc1
decoy_465,0.522409,0.523914,0.757913,0.708227,0.586354,0.555635,CC(C)c1nsc(N[C@@H]2C[C@H]3CC[C@@H]2C3)n1
decoy_4650,0.357886,0.443271,0.721647,0.696204,0.460313,0.481867,O=C([N-]C(=S)Nc1ccccc1N1CCOCC1)c1ccccc1
decoy_4651,0.297886,0.344826,0.751161,0.703609,0.43321,0.434226,O=C([N-]C(=S)Nc1ccccc1N1CCOCC1)c1ccc(N2CCCC2)cc1
decoy_4652,0.385654,0.477895,0.734988,0.716896,0.508965,0.495778,O=C([N-]C(=S)Nc1ccccn1)c1ccccc1
decoy_4653,0.397997,0.40384,0.706799,0.626928,0.453738,0.467401,O=C(NC(=S)Nc1cccs1)[C@]12C[C@H]3C[C@H](C[C@H](C3)C1)C2
decoy_4654,0.397933,0.465711,0.732893,0.683483,0.504543,0.499287,O=C(NC(=S)/N=c1\[nH]ccs1)c1ccc(-c2ccccc2)o1
decoy_4655,0.385487,0.50992,0.64866,0.709319,0.463661,0.507725,O=C([N-]C(=S)Nc1cc2c(s1)CCC2)c1ccccc1
decoy_4656,0.377378,0.49327,0.704384,0.730064,0.464046,0.50756,O=C([N-]C(=S)Nc1cc2c(s1)CCCC2)c1ccccc1
decoy_4657,0.333081,0.423258,0.634113,0.703306,0.421518,0.470796,O=C([N-]C(=S)Nc1cc2c(s1)CCCC2)c1ccc(N2CCOCC2)cc1
decoy_4658,0.367675,0.476937,0.678742,0.746876,0.46392,0.520404,O=C([N-]C(=S)Nc1cc2c(s1)CCCCC2)c1ccccc1
decoy_4659,0.37603,0.50996,0.619535,0.744926,0.478493,0.53635,O=C([N-]C(=S)Nc1cc(-c2ccccc2)cs1)c1cccs1
decoy_466,0.437443,0.530158,0.743802,0.777658,0.521695,0.569264,CC(=O)c1cnc(N2CCC[C@H](C(C)(C)C)CC2)s1
decoy_4660,0.299225,0.375822,0.735467,0.72745,0.457449,0.46663,O=C([N-]C(=S)Nc1ccc(-c2ccco2)cc1)c1ccccc1N1CCCCC1
decoy_4661,0.317468,0.398783,0.603017,0.597021,0.408854,0.438598,O=C([N-]C(=S)Nc1cccc(-c2ccco2)c1)c1ccccc1
decoy_4662,0.328383,0.403495,0.733953,0.700017,0.467789,0.468989,O=C([N-]C(=S)Nc1cccc(-c2ccco2)c1)c1ccccc1N1CCCC1
decoy_4663,0.308615,0.39889,0.645799,0.720915,0.40572,0.462971,O=C([N-]C(=S)Nc1cccc(C(=O)N2CCOCC2)c1)c1ccccc1
decoy_4664,0.317796,0.409595,0.70717,0.717876,0.454696,0.489541,O=C([N-]C(=S)Nc1ccc2oc(-c3ccccc3)nc2c1)c1ccccc1
decoy_4665,0.314393,0.389966,0.702198,0.709959,0.459533,0.44243,O=C([N-]C(=S)Nc1ccc2oc(Cc3ccccc3)nc2c1)c1cccs1
decoy_4666,0.31278,0.403913,0.675926,0.720105,0.450103,0.482009,O=C([N-]C(=S)Nc1cccc(-c2nc3ccccc3o2)c1)c1cccs1
decoy_4667,0.414666,0.53637,0.764566,0.804818,0.555844,0.564809,O=C(NC(=S)NCc1ccccc1)c1ccccc1
decoy_4668,0.427208,0.538299,0.781284,0.798218,0.552535,0.585962,O=C(NC(=S)NC[C@H]1CCCO1)c1ccccc1
decoy_4669,0.385796,0.480655,0.85723,0.842696,0.525694,0.517932,O=C(NCS(=O)(=O)c1ccccc1)[C@H](NCc1ccco1)c1ccccc1
decoy_467,0.311911,0.318425,0.499281,0.521823,0.42035,0.425667,C=CCC[C@@H](O)[C@H]1CC[C@H](CC)CC1
decoy_4670,0.364633,0.462639,0.857824,0.893867,0.534802,0.560309,O=C(N[C@@H](C(=O)NCS(=O)(=O)c1ccccc1)c1ccccc1)c1ccccc1
decoy_4671,0.345109,0.480199,0.635303,0.737984,0.451248,0.522646,O=C(NNc1ccccc1)c1ccccc1
decoy_4672,0.451527,0.508969,0.738139,0.699272,0.559357,0.570947,O=C(NNC1=CCCCC1)c1ccccc1
decoy_4673,0.4574,0.530175,0.834525,0.820299,0.55826,0.583683,O=C(NNc1ccccc1)[C@@H]1CCCCN1Cc1ccccc1
decoy_4675,0.422406,0.525396,0.775728,0.785415,0.530439,0.574791,O=C(NNc1ccccc1)[C@@H]1CCN(c2ccccc2)C1=O
decoy_4676,0.415168,0.407061,0.721367,0.617814,0.508406,0.446292,O=C(/C=C/c1cnc2sccn12)NNc1ccccc1
decoy_4677,0.457712,0.521889,0.790346,0.740118,0.550329,0.554489,O=C(NNc1ccccc1)C(=O)N1CCCCC1
decoy_4678,0.445547,0.491977,0.848887,0.785495,0.572242,0.536988,O=C(NN=C1CCCCC1)C(=O)NN=C1CCCCC1
decoy_4679,0.43587,0.444914,0.790302,0.695507,0.525944,0.495729,O=C(NN=C1CCCCCC1)C(=O)Nc1ccccc1
decoy_468,0.466824,0.470649,0.738212,0.739798,0.53838,0.51082,CC(C)CC[C@H](O)[C@H]1CC[C@H](C(C)C)CC1
decoy_4680,0.339868,0.357207,0.645245,0.632688,0.476491,0.468003,O=C(NNc1ccncn1)c1ccccc1
decoy_4681,0.444228,0.476737,0.852318,0.786754,0.587136,0.549153,O=C(NNc1ncccn1)C1CC1
decoy_4682,0.366743,0.431395,0.710529,0.724906,0.503391,0.50678,O=C(NNc1ncccn1)c1ccccc1C(=O)c1cccs1
decoy_4683,0.44058,0.513032,0.745303,0.717299,0.539631,0.552222,O=C(N/N=C/c1ccccc1)c1ccccc1
decoy_4684,0.453505,0.539921,0.783835,0.754358,0.587784,0.5875,O=C(NNCc1ccccc1)c1ccccc1
decoy_4685,0.394773,0.531392,0.736123,0.785428,0.519786,0.567833,O=C(N/N=C/c1ccccc1)[C@@H]1C=C(c2ccccc2)N=N1
decoy_4686,0.410882,0.564109,0.662092,0.747266,0.460055,0.54869,O=C(N/N=C/c1ccccc1)c1ccc(-c2ccccc2)s1
decoy_4687,0.45844,0.552636,0.754734,0.759974,0.540133,0.56483,O=C(N/N=C/c1ccccc1)c1[nH]nc2c1CCCC2
decoy_4688,0.249952,0.266756,0.526028,0.482791,0.38577,0.35713,O=C(N/N=C/c1ccccc1)C(=O)Nc1cc2c(s1)CCC2
decoy_4689,0.466471,0.505822,0.837212,0.758552,0.582581,0.521256,O=C(N/N=C/c1cccn1-c1ccccc1)Nc1ccccc1
decoy_469,0.461311,0.462284,0.631501,0.651854,0.509738,0.478517,CCc1c(Cl)nc([C@H]2CC[C@@H](C)C2)nc1Cl
decoy_4690,0.363238,0.439035,0.762931,0.754567,0.53867,0.488992,O=C(N/N=C/c1ccco1)[C@H]1CCc2cc3c(cc2[C@H]1c1ccccc1)OCO3
decoy_4691,0.333699,0.366637,0.630896,0.57133,0.465963,0.453033,O=C(N/N=C/c1cccs1)c1cc(-c2ccccc2)n[nH]1
decoy_4692,0.432603,0.553538,0.825756,0.867333,0.555403,0.602567,O=C(N/N=C/c1c[nH]nc1-c1ccccc1)C1CCCCC1
decoy_4693,0.321181,0.427631,0.658591,0.713609,0.418634,0.463316,O=C(N/N=C/C1=c2ccccc2=NC1)[C@@H]1N=c2ccccc2=C1c1ccccc1
decoy_4694,0.314971,0.43994,0.736015,0.766517,0.524411,0.50091,O=C([N-]/N=C/C1=c2ccccc2=NC1)/C(=C\c1cccs1)NC(=O)c1ccccc1
decoy_4695,0.321956,0.405618,0.723035,0.774737,0.466841,0.534336,O=C(N/N=C/c1cccc(NC(=O)C2CCCC2)c1)C1CCCCC1
decoy_4696,0.326362,0.36469,0.681059,0.643725,0.474956,0.428664,O=C([N-]/N=C/c1cnc(Nc2ccccc2)s1)C1=c2ccccc2=NC1
decoy_4697,0.346376,0.401412,0.713207,0.697871,0.509914,0.470615,O=C([N-]/N=C/C1=CNN(c2ccccc2)C1)C1=c2ccccc2=NC1
decoy_4698,0.425819,0.463608,0.781164,0.73826,0.539842,0.523244,O=C(N/N=C/c1ccc(SC2N=c3ccccc3=N2)o1)c1ccccc1
decoy_4699,0.407926,0.495018,0.753123,0.738489,0.53883,0.536255,O=C(N/N=C/COc1ccccc1)c1conc1-c1ccccc1
decoy_47,0.500184,0.627514,0.766211,0.811259,0.576215,0.617073,c1ccc([C@@H]2Oc3ccccc3[C@@H]3CC(c4ccco4)=NN32)cc1
decoy_470,0.499609,0.499444,0.790875,0.703978,0.59072,0.521875,C[C@H]1CC[C@@H](c2nsc(NC(C)(C)C)n2)C1
decoy_4700,0.437982,0.544648,0.748719,0.768095,0.524962,0.554847,O=C(NNC(=O)[C@H]1C[C@H]1c1ccccc1)c1ccccc1
decoy_4701,0.467229,0.545928,0.783155,0.751829,0.571317,0.585197,O=C(NNC(=O)c1ccccc1)c1ccccc1
decoy_4702,0.41968,0.541338,0.801397,0.833353,0.544249,0.566394,O=C(NNC(=O)C1CCN(c2ccccn2)CC1)c1ccccc1
decoy_4703,0.447491,0.522184,0.754598,0.725399,0.540304,0.543325,O=C(NNC(=O)[C@H]1C[C@H]1c1ccco1)c1cccs1
decoy_4704,0.439071,0.569941,0.795508,0.834157,0.564993,0.623197,O=C(NNC(=O)c1cccs1)c1ccccc1
decoy_4705,0.490776,0.469168,0.866668,0.738301,0.589863,0.520138,O=C(NNC(=O)[C@]12C[C@H]3C[C@H](C[C@H](C3)C1)C2)c1ccccc1
decoy_4706,0.457202,0.547166,0.764296,0.7386,0.521773,0.516388,O=C(NNC(=O)c1cc2ccccc2s1)c1ccccc1
decoy_4707,0.43528,0.570345,0.769434,0.84768,0.53052,0.57791,O=C(NNC(=O)c1cc2c(s1)CCCCC2)c1cnsn1
decoy_4708,0.434282,0.605841,0.70959,0.810944,0.525202,0.623023,O=C(NNC(=O)c1ccc(-c2ccccc2)s1)c1ccco1
decoy_4709,0.397592,0.54817,0.787882,0.886283,0.496841,0.572304,O=C(NNC(=O)c1ccc(SCc2ccccc2)cc1)c1ccccc1
decoy_471,0.442606,0.489075,0.609443,0.670002,0.48772,0.486721,CC[C@H]1CC[C@H](c2nc(Cl)c(C)c(Cl)n2)C1
decoy_4710,0.410183,0.558735,0.757691,0.826979,0.4989,0.584245,O=C(NNC(=O)c1cnc(-c2ccccc2)s1)c1ccccc1
decoy_4711,0.438311,0.54057,0.748998,0.76107,0.563259,0.583911,O=C(NNC(=O)c1csc2c1CCCC2)c1ccco1
decoy_4712,0.375012,0.553154,0.764617,0.879176,0.519193,0.585092,O=C(NNC(=O)c1nn(-c2ccccc2)c2c1CCC2)c1ccccc1
decoy_4713,0.409718,0.547193,0.805571,0.845825,0.571266,0.618201,O=C(NNS(=O)(=O)c1ccccc1)c1ccco1
decoy_4714,0.392398,0.533075,0.788029,0.835519,0.564721,0.607175,O=C(NNS(=O)(=O)c1ccccc1)c1cccs1
decoy_4715,0.404077,0.493627,0.764072,0.750867,0.497964,0.524177,O=C(NNS(=O)(=O)c1ccccc1)C1=c2ccccc2=NC1
decoy_4716,0.407268,0.478503,0.733259,0.710981,0.475259,0.484612,O=C(NNS(=O)(=O)c1ccccc1)c1cc2c(s1)CCC2
decoy_4717,0.36728,0.379536,0.743396,0.677702,0.47251,0.449404,O=C(NNS(=O)(=O)c1ccccc1)c1cc2c(s1)CCCCCC2
decoy_4718,0.411696,0.377,0.722544,0.615923,0.548115,0.443748,O=C(NO[C@@H]1CCCCO1)c1c[nH]cc1-c1cccs1
decoy_4719,0.372871,0.515098,0.597185,0.820385,0.465885,0.667615,O=C(Oc1ccccc1)c1ccccc1
decoy_472,0.291498,0.309823,0.479355,0.523311,0.405409,0.409136,C=CCCC[C@@H](O)[C@@H]1CC[C@H](CC)C1
decoy_4720,0.494013,0.501433,0.69128,0.68631,0.531122,0.512091,O=C(OC1CCCCC1)c1ccccc1
decoy_4721,0.463746,0.471948,0.724949,0.795724,0.489048,0.4874,O=C(Oc1ccccc1)c1cccs1
decoy_4722,0.377279,0.462157,0.661724,0.771848,0.468574,0.529134,O=C(Oc1ccccc1)c1cncs1
decoy_4723,0.391935,0.48116,0.752934,0.741521,0.464005,0.496303,O=C(OC1CCCCC1)C1=CNC(=S)N[C@H]1c1ccccc1
decoy_4724,0.283715,0.385992,0.494814,0.578595,0.399866,0.477593,O=C(Oc1ccccc1)c1cc(C2CC2)n[nH]1
decoy_4725,0.358936,0.419005,0.719224,0.706295,0.469661,0.456436,O=C(Oc1ccccc1)c1cccc(S(=O)(=O)N2CCCCC2)c1
decoy_4726,0.427035,0.469179,0.655255,0.676608,0.503289,0.490992,O=C(Oc1ccccc1)c1ccc(/N=N/c2ccccc2)cc1
decoy_4727,0.438134,0.509892,0.720823,0.717704,0.482571,0.513344,O=C(OC1CCCCC1)c1cc2cc3ccccc3nc2s1
decoy_4728,0.431354,0.441453,0.674731,0.616174,0.489272,0.448129,O=C(Oc1ccccc1)c1cc2ccc(-c3ccco3)nc2s1
decoy_4729,0.293989,0.395919,0.65785,0.701657,0.408121,0.446907,O=C(Oc1ccccc1)c1cc2c(-c3ccccc3)c3c(nc2s1)CC[NH2+]C3
decoy_473,0.418196,0.481466,0.698823,0.81937,0.53769,0.555937,C[C@H]1C[C@H]1c1noc(CCl)n1
decoy_4730,0.482981,0.43836,0.683097,0.648678,0.559208,0.495435,O=C(/C=C/c1ccccc1)OC1CCCCC1
decoy_4731,0.483239,0.502349,0.743236,0.677098,0.543762,0.535532,O=C(O[C@@H]1CCCCO1)c1ccc2ccccc2c1
decoy_4732,0.478924,0.631723,0.687686,0.793833,0.528588,0.596975,O=C(Oc1ccnn1-c1ccccc1)c1ccccc1
decoy_4733,0.428669,0.543163,0.674519,0.710454,0.488502,0.538346,O=C(/C=C/c1ccccc1)Oc1ccc2ccc(=O)oc2c1
decoy_4734,0.475847,0.516968,0.755437,0.726359,0.518312,0.523659,O=C(O[C@@H]1C/C=C\CCC[C@H]2O[C@@H]2C1)c1ccccc1
decoy_4735,0.339817,0.304251,0.694989,0.56525,0.403504,0.352972,O=C(Oc1ccc(/C=N/NC(=S)Nc2ccccc2)cc1)c1ccccc1
decoy_4736,0.405849,0.43994,0.801636,0.771704,0.482935,0.490231,O=C(Oc1ccc(C(=O)c2ccccc2)cc1)c1ccc(OC[C@H]2CCCO2)cc1
decoy_4737,0.410757,0.494498,0.741779,0.709164,0.480157,0.497837,O=C(Oc1ccn(S(=O)(=O)c2ccccc2)n1)c1ccccc1
decoy_4738,0.462501,0.538298,0.730988,0.753997,0.509577,0.529241,O=C(O[C@H]1C[C@H]2O[C@@H]2C[C@H]2CCC[C@H]21)c1ccccc1
decoy_4739,0.456393,0.418997,0.721844,0.650505,0.531985,0.450992,O=C(Oc1ccc2c(c1)OC=C[C@H]2c1ccccc1)c1ccccc1
decoy_474,0.468302,0.479136,0.697113,0.671324,0.529414,0.470992,C[C@@H]1C[C@@H]1c1nc2c(s1)CCC[C@@H]2O
decoy_4740,0.437263,0.379102,0.738472,0.643949,0.530185,0.435993,O=C(Oc1ccc2c(c1)OC=C[C@H]2c1ccccc1)C1CCCCC1
decoy_4741,0.42932,0.372446,0.693683,0.624742,0.550884,0.441335,O=C(Oc1ccc2c(c1)OC=C[C@H]2c1cccs1)C1CCCCC1
decoy_4742,0.446214,0.468745,0.697376,0.666298,0.510519,0.509606,O=C(Oc1ccc([C@H]2C=CO[C@H]3N=NC=C32)cc1)c1cccs1
decoy_4743,0.373216,0.464582,0.71109,0.763135,0.477561,0.52817,O=C(Oc1ccc([C@@H](C2=CN=NC2)c2cn[nH]c2)cc1)c1ccccc1
decoy_4744,0.253021,0.282923,0.550061,0.58702,0.334233,0.38332,O=C(Oc1ccc([C@H]2Nc3sc4c(c3C=[NH+]2)CC[NH2+]C4)cc1)c1ccccc1
decoy_4745,0.529246,0.551562,0.75887,0.821327,0.523662,0.52614,O=C(OCc1ccccc1)C1CC1
decoy_4746,0.513738,0.579313,0.728056,0.797798,0.526525,0.570256,O=C(OCc1ccccc1)c1ccccc1
decoy_4747,0.48793,0.646826,0.76731,0.838407,0.562255,0.682355,O=C(OCc1ccccc1)c1ccccn1
decoy_4748,0.470558,0.532216,0.734522,0.734319,0.522768,0.572239,O=C(OCc1cccnc1)c1ccccc1
decoy_4749,0.444118,0.524167,0.740376,0.724487,0.500344,0.515255,O=C(/C=C/c1cc[nH]c1)OCc1cccnc1
decoy_475,0.390923,0.465448,0.655701,0.763094,0.461647,0.476164,C[C@H](O)c1cc2c(F)cc(F)cc2o1
decoy_4750,0.533251,0.578813,0.758847,0.779902,0.57127,0.618265,O=C(OC[C@H]1CCCO1)c1ccccc1
decoy_4751,0.471576,0.568811,0.803876,0.807648,0.537844,0.573989,O=C(OC[C@H]1CCCO1)C1=CN[C@@H]2c3ccccc3C(=O)[C@H]12
decoy_4752,0.410433,0.54032,0.716829,0.783047,0.500699,0.543521,O=C(OC[C@H]1CCCO1)c1cccc(COc2ccccc2)c1
decoy_4753,0.400141,0.464588,0.714804,0.721028,0.463447,0.463881,O=C(OCc1ccsc1)c1cc[nH]c1
decoy_4754,0.487818,0.626056,0.70998,0.849857,0.522881,0.564933,O=C(OCc1ccsc1)C(c1ccccc1)c1ccccc1
decoy_4755,0.500927,0.618327,0.787259,0.857897,0.551054,0.679921,O=C(OCc1cscn1)c1ccccc1
decoy_4756,0.457067,0.497526,0.736813,0.711403,0.483913,0.490679,O=C(OCC1c2ccccc2-c2ccccc21)N1CCCC1
decoy_4757,0.422253,0.365783,0.651958,0.583447,0.523417,0.438514,O=C(OCc1ccc2c(c1)OCO2)C1CC1
decoy_4758,0.422074,0.535884,0.70971,0.74472,0.483251,0.505171,O=C(OCc1cc(=O)oc2ccc3ccccc3c12)c1ccccc1
decoy_4759,0.390219,0.496866,0.737027,0.768274,0.505491,0.527611,O=C(OCc1nc2sccc2c(=O)[nH]1)c1ccc[nH]1
decoy_476,0.372253,0.42293,0.702441,0.781941,0.437883,0.559275,C[NH2+][C@H](C)c1csc(N2CCC(C)(C)CC2)n1
decoy_4760,0.448454,0.539345,0.743459,0.727819,0.555116,0.56477,O=C(OCc1ncc2ccccc2n1)c1cccnc1
decoy_4761,0.430333,0.436788,0.671828,0.638485,0.503749,0.497389,O=C(OCCC1CCCCC1)c1ccccc1
decoy_4762,0.439964,0.534255,0.674495,0.749144,0.499827,0.559039,O=C(OCCCc1ccccc1)c1cc2ccccc2o1
decoy_4763,0.441681,0.501187,0.718501,0.695105,0.530935,0.551665,O=C(OCCOc1ccccc1)c1cnc2ccccc2c1
decoy_4764,0.413637,0.523781,0.847277,0.86637,0.542968,0.547485,O=C(OCCOc1ccccc1)C1(S(=O)(=O)c2ccccc2)CCCC1
decoy_4765,0.446564,0.613962,0.699501,0.779614,0.494536,0.557642,O=C(/C=C/c1cc[nH]c1)OCC(=O)c1ccccc1
decoy_4766,0.465691,0.548109,0.762572,0.747903,0.523701,0.54738,O=C(/C=C/c1cnc2sccn12)OCC(=O)c1ccccc1
decoy_4767,0.507822,0.504547,0.762775,0.672003,0.550145,0.509034,O=C(O/N=C1\C[C@@H]2CC[C@H]1C2)c1ccccc1
decoy_4768,0.400146,0.536653,0.699603,0.780871,0.503273,0.634064,O=C(O/N=C/c1ccccc1)c1csnn1
decoy_4769,0.459535,0.5472,0.690771,0.722216,0.530772,0.515799,O=C(O/N=C/c1ccccc1)c1ccc2ccccc2c1
decoy_477,0.425028,0.463741,0.655784,0.705309,0.489882,0.491693,CC[C@@H]1CCC[C@@H]([C@H](O)CCC2CC2)C1
decoy_4770,0.419777,0.557727,0.698708,0.771013,0.49171,0.53603,O=C(O/N=C/c1ncon1)c1cc2ccccc2s1
decoy_4771,0.434373,0.480483,0.65988,0.671239,0.508686,0.501104,O=C(O/N=C/C1(c2ccccc2)CC1)c1ccccc1
decoy_4772,0.478345,0.57752,0.741258,0.734547,0.587126,0.584013,O=C(O/N=C/COc1ccccc1)c1ccccc1
decoy_4773,0.354308,0.432864,0.597981,0.697604,0.436329,0.478311,O=C(Sc1ccccc1)c1cccnc1
decoy_4774,0.328331,0.403859,0.667697,0.704401,0.418025,0.469956,O=P1(NCCc2ccccc2)C=C(c2ccccc2)SC(c2ccccc2)=C1
decoy_4775,0.406285,0.46878,0.886288,0.879729,0.515466,0.512002,O=[P@@]1(Cc2ccccc2)NN2C[C@H]3C=C(Cc4ccccc4)C=C[C@H]3C[C@@H]2CO1
decoy_4776,0.404232,0.442697,0.880779,0.808374,0.494499,0.502403,O=[P@]1(Nc2ccccc2)C2=C(N3CCCCC3)CCC=C2NN1c1ccccc1
decoy_4777,0.253219,0.279334,0.619518,0.630922,0.365347,0.367519,O=S1(=O)CCCC1
decoy_4778,0.283794,0.302564,0.645972,0.635991,0.441509,0.419878,O=S1(=O)CC[C@H](c2nc[nH]n2)C1
decoy_4779,0.369403,0.389326,0.790348,0.731529,0.554544,0.47939,O=S1(=O)CC[C@H](Cc2nnc[nH]2)C1
decoy_4780,0.3258,0.380102,0.695822,0.729129,0.558912,0.524213,O=S1(=O)CC[C@H]([NH2+]C2CCCC2)C1
decoy_4781,0.362583,0.445703,0.674986,0.70988,0.457027,0.50232,O=S1(=O)CC[C@H](Nc2ccccc2)C1
decoy_4782,0.354107,0.406417,0.673571,0.721248,0.484502,0.499644,O=S1(=O)CC[C@H](NS(=O)(=O)c2ccccc2)C1
decoy_4783,0.384025,0.463887,0.684137,0.711259,0.494587,0.527856,O=S1(=O)Nc2ccccc2C2=C1[C@H](c1ccccc1)C=CO2
decoy_4785,0.390729,0.439387,0.674461,0.645372,0.462944,0.475335,O=S1(=O)CCN(C2CCCCC2)c2cnccc21
decoy_4786,0.418476,0.460795,0.819204,0.759168,0.524183,0.498634,O=S1(=O)C2=C(OC=C[C@H]2c2ccccc2)c2ccccc2N1Cc1ccccc1
decoy_4787,0.320645,0.4378,0.69665,0.758564,0.535585,0.528878,O=S1(=O)N=C(NC[C@H]2CCCO2)Nc2ccccc21
decoy_4788,0.437261,0.458831,0.753035,0.689378,0.501062,0.445344,O=[S@@](Cc1ccccc1)c1ccccc1
decoy_4789,0.476534,0.521169,0.755083,0.701168,0.514115,0.519476,O=[S@@](CCc1ccccc1)c1ccccc1
decoy_479,0.412085,0.454093,0.623893,0.600816,0.479737,0.503549,C[C@H]1CCCCC[C@@H]1Nc1nccs1
decoy_4792,0.377019,0.529335,0.770742,0.920599,0.490674,0.571436,O=S(=O)(c1ccccc1)n1cc(C2=CC[NH2+]CC2)c2ccccc21
decoy_4793,0.370169,0.442553,0.756519,0.751784,0.476028,0.471666,O=S(=O)(c1ccccc1)[C@H]1CN(c2ccc(-c3ccccc3)cc2)CCN1
decoy_4794,0.293605,0.331076,0.542987,0.638045,0.393093,0.434897,O=S(=O)(Cc1ccccc1)c1ncc[n-]1
decoy_4795,0.315793,0.446642,0.622551,0.722259,0.456903,0.545649,O=S(=O)(Cc1ccccc1)Cc1ncncn1
decoy_4796,0.43267,0.51745,0.778831,0.745717,0.583216,0.523608,O=S(=O)(Cc1ccccc1)Nc1ccccc1
decoy_4797,0.430181,0.527728,0.801199,0.788271,0.58457,0.524687,O=S(=O)(Cc1ccccc1)Nc1ccccn1
decoy_4798,0.401745,0.464123,0.702476,0.669183,0.495281,0.523982,O=S(=O)(CC1CCCCC1)Nc1cccnc1
decoy_4799,0.400603,0.499888,0.767331,0.839603,0.517319,0.638882,O=S(=O)(Cc1ccccc1)N[C@H]1CC[NH2+]C1
decoy_48,0.443429,0.54839,0.68997,0.733562,0.498641,0.543415,O=[N+]([O-])c1cccc2c1N[C@@H](c1ccc(Cl)cc1)[C@@H]1CC=C[C@H]21
decoy_480,0.395617,0.481959,0.629574,0.681638,0.494654,0.549896,Cn1ncnc1C[C@H]1CCC[C@@H](Cl)C1
decoy_4800,0.399974,0.474121,0.718423,0.714251,0.481159,0.501986,O=S(=O)(CC1CCCCC1)NCc1ccccc1
decoy_4801,0.370814,0.475392,0.729778,0.767348,0.535054,0.559029,O=S(=O)(Cc1ccccn1)c1ccncc1
decoy_4802,0.379732,0.496199,0.789061,0.875168,0.549276,0.697084,O=S(=O)(C[C@H]1CCC[NH2+]C1)Nc1ccccc1
decoy_4803,0.352568,0.439144,0.787351,0.787236,0.535129,0.520118,O=S(=O)(C[C@H]1CCCO1)[N-]c1nc2c(s1)C[NH2+]CC2
decoy_4804,0.318976,0.434786,0.661534,0.734338,0.482243,0.53858,O=S(=O)(Cc1ccon1)Nc1ccccc1
decoy_4805,0.372325,0.473519,0.7333,0.774556,0.511476,0.51989,O=S(=O)(Cc1ncncn1)c1ccccc1
decoy_4806,0.32848,0.444042,0.807745,0.921578,0.50007,0.548001,O=S(=O)(Cc1ccc2c(c1)CC[NH2+]CC2)c1ccc(Nc2ccccc2)nc1
decoy_4807,0.399035,0.476306,0.827662,0.853365,0.584842,0.597259,O=S(=O)(CC[C@H]1CCCC[NH2+]1)[N-]c1cccnc1
decoy_4808,0.425645,0.503298,0.791203,0.764199,0.551735,0.51978,O=S(=O)(CCCOc1ccccc1)Cc1ccccc1
decoy_4809,0.356837,0.446081,0.884708,0.920635,0.566634,0.574859,O=S(=O)(c1ccccc1)N1CCC2(CC1)NCC[NH+]=C2NCc1ccccc1
decoy_481,0.455089,0.50335,0.795717,0.769953,0.537948,0.536064,C/C(=N\NC(=O)c1cc2c(s1)CCCCCC2)c1scnc1C
decoy_4810,0.442535,0.502047,0.776264,0.726365,0.537481,0.536623,O=S(=O)(c1ccccc1)N1CCCC1
decoy_4811,0.389302,0.416437,0.725503,0.634858,0.529043,0.460349,O=S(=O)(c1cn[nH]c1)N1CCC[C@H]1c1ccccc1
decoy_4812,0.378034,0.428136,0.720821,0.689658,0.533555,0.501922,O=S(=O)(c1ccccc1)N1CCC[C@H]1c1ccc[nH]1
decoy_4813,0.443562,0.497071,0.74984,0.694054,0.526576,0.533059,O=S(=O)(c1ccccc1)N1CCCCC1
decoy_4814,0.430639,0.456144,0.743867,0.672874,0.502492,0.480842,O=S(=O)(c1cccs1)N1CCCCC1
decoy_4815,0.318539,0.297298,0.748609,0.630437,0.446827,0.401569,O=S(=O)(c1ccc(/C=N/NC(=S)Nc2ccccc2)cc1)N1CCCCC1
decoy_4816,0.443879,0.480455,0.724258,0.661946,0.499435,0.487648,O=S(=O)(c1ccccc1)N1CCCCCC1
decoy_4817,0.315012,0.404207,0.703803,0.777089,0.50145,0.524146,O=S(=O)(c1cccnc1)N1CC[NH2+]CC1
decoy_4818,0.377907,0.418231,0.781393,0.79426,0.528129,0.63947,O=S(=O)(c1cc2c(s1)C[NH2+]CC2)N1CCOCC1
decoy_4819,0.418706,0.501427,0.798316,0.774462,0.56194,0.5572,O=S(=O)(NC1CC1)c1ccccc1
decoy_482,0.537709,0.477892,0.751553,0.693216,0.55237,0.479327,N#Cc1ccccc1N[C@H]1CC=CCC1
decoy_4820,0.298847,0.348096,0.56313,0.555134,0.417932,0.430923,O=S(=O)(N[C@H]1C[C@@H]1c1ccccc1)c1cn[nH]c1
decoy_4821,0.38073,0.44024,0.73325,0.761357,0.505857,0.522845,O=S(=O)(NC1CC1)c1cccnc1
decoy_4822,0.428836,0.481353,0.778904,0.750192,0.520753,0.532723,O=S(=O)(NC1CC1)c1ccc2ncccc2c1
decoy_4823,0.254229,0.30786,0.677888,0.660066,0.411751,0.447762,O=S(=O)(NC1CC1)c1ccc(C[NH2+]Cc2ccccc2)cc1
decoy_4824,0.437964,0.496461,0.764851,0.711001,0.576471,0.55033,O=S(=O)(NC1CCCC1)c1ccccc1
decoy_4825,0.435877,0.460443,0.774317,0.684264,0.540463,0.488797,O=S(=O)(NC1CCCC1)c1ccncc1
decoy_4828,0.455568,0.493736,0.766359,0.686035,0.540041,0.54748,O=S(=O)(NC1CCCCC1)c1ccccc1
decoy_4829,0.396954,0.527646,0.756063,0.807952,0.486915,0.524082,O=S(=O)(Nc1ccccc1)c1ccccc1N/N=C/c1ccccc1
decoy_483,0.350368,0.329831,0.682001,0.612901,0.445088,0.411826,c1ccc2c(c1)OCC[C@]21CC[NH2+]1
decoy_4831,0.370469,0.486161,0.752624,0.829352,0.551241,0.629907,O=S(=O)(Nc1ccccc1)[C@H]1CCC[NH2+]C1
decoy_4832,0.422369,0.457095,0.740234,0.661288,0.549776,0.502471,O=S(=O)(NC1CCCCC1)c1cccnc1
decoy_4835,0.451464,0.46721,0.762292,0.671916,0.535093,0.497749,O=S(=O)(NC1CCCCC1)c1cccs1
decoy_4837,0.44494,0.465224,0.751699,0.66332,0.547949,0.488963,O=S(=O)(NC1CCCCC1)c1ccsc1
decoy_4839,0.432024,0.46547,0.758351,0.675411,0.566832,0.509047,O=S(=O)(NC1CCCCC1)c1cncnc1
decoy_484,0.44506,0.450146,0.821644,0.724323,0.545407,0.489398,Cc1ccccc1CS(=O)(=O)[C@H]1CCCCC[C@H]1C#N
decoy_4841,0.431323,0.513582,0.835855,0.837249,0.585793,0.573006,O=S(=O)(Nc1ccccc1)C1=CN=NC1
decoy_4843,0.452423,0.552563,0.775402,0.76477,0.532225,0.545432,O=S(=O)(Nc1ccccc1)c1cccc(-c2cnoc2)c1
decoy_4844,0.392489,0.503435,0.830126,0.926137,0.528403,0.621913,O=S(=O)(Nc1ccccc1)c1cccc(N2CC[NH2+]CC2)c1
decoy_4845,0.395773,0.474096,0.785821,0.790503,0.482072,0.529619,O=S(=O)(Nc1ccccc1)c1ccc(N/N=C/C2=CC[C@H]3C[C@@H]2C3)cc1
decoy_4846,0.346712,0.387043,0.776768,0.753558,0.437672,0.45366,O=S(=O)(NC1CCCCC1)c1ccc2c(c1)[C@@H]1C=CC[C@H]1[C@H](c1ccccc1)N2
decoy_4847,0.340783,0.411434,0.750973,0.786522,0.492478,0.496296,O=S(=O)(Nc1ccccc1CNc1cccc[nH+]1)c1ccccc1
decoy_4848,0.445518,0.48353,0.750366,0.687987,0.517299,0.497505,O=S(=O)(Nc1ccccc1)N1CCCCC1
decoy_4849,0.449377,0.456285,0.792353,0.696614,0.531613,0.487385,O=S(=O)(NC1CCCCC1)N1CCCCC1
decoy_485,0.364305,0.436118,0.595407,0.657214,0.458076,0.487971,COC(=O)[C@@H]1O[C@]12CC[C@@H](C)C2
decoy_4850,0.464248,0.494382,0.785481,0.701227,0.57781,0.517157,O=S(=O)(Nc1ccccc1)N1CCCCCC1
decoy_4851,0.385832,0.476203,0.807159,0.878146,0.538184,0.61194,O=S(=O)(Nc1ccccc1N1CC[NH2+]CC1)c1ccccc1
decoy_4852,0.332241,0.427693,0.859235,0.91481,0.542038,0.527981,O=S(=O)(Nc1ccccc1N1CC[NH2+][C@@H](Cc2ccccc2)C1)c1ccccc1
decoy_4853,0.387508,0.514999,0.731238,0.766367,0.466005,0.518937,O=S(=O)(Nc1ccccc1/N=C/c1ccccc1)c1ccccc1
decoy_4854,0.397131,0.440145,0.6879,0.650544,0.48317,0.479888,O=S(=O)(NC1CCCCCC1)c1ccccc1
decoy_4855,0.422002,0.449486,0.709665,0.645469,0.501187,0.496504,O=S(=O)(NC1CCCCCC1)c1cccs1
decoy_4856,0.402554,0.391837,0.736702,0.620831,0.534881,0.467367,O=S(=O)(NC1CCCCCCC1)c1cncnc1
decoy_4857,0.397569,0.417515,0.710346,0.639378,0.506064,0.479223,O=S(=O)(NC1CCCCCCC1)c1cn[nH]c1
decoy_486,0.392512,0.395267,0.674576,0.711446,0.464923,0.442882,CC[C@H]1CCCC[C@H]1CCl
decoy_4861,0.401521,0.485321,0.822347,0.874691,0.569021,0.586632,O=S(=O)(N[C@H]1CC[N@H+]2CCCC[C@H]12)c1cccnc1
decoy_4862,0.400015,0.450138,0.827089,0.81813,0.576666,0.533033,O=S(=O)(N[C@H]1CC[N@H+]2CCCC[C@H]12)c1cn[nH]c1
decoy_4863,0.38727,0.491374,0.760209,0.849176,0.544377,0.705975,O=S(=O)(N[C@H]1CC[NH2+]C1)c1ccccc1
decoy_4864,0.388239,0.482414,0.758554,0.824144,0.529292,0.649701,O=S(=O)(NC1CC[NH2+]CC1)c1ccccc1
decoy_487,0.43791,0.4414,0.690177,0.675908,0.501656,0.480169,C[C@@H](Cc1ccc(C(C)(C)C)cc1)C[C@H](C)O
decoy_4871,0.407502,0.402176,0.7322,0.639767,0.501534,0.453709,O=S(=O)([N-]c1cnoc1)N1CCCCC1
decoy_4873,0.394112,0.47241,0.821802,0.856635,0.545294,0.602959,O=S(=O)([N-]c1nccs1)c1ccc(C[NH2+]C2CC2)cc1
decoy_4874,0.443984,0.45806,0.732139,0.649364,0.504921,0.477087,O=S(=O)(Nc1cc2c(s1)CCCC2)c1ccccc1
decoy_4875,0.425258,0.432854,0.698268,0.621625,0.490317,0.456431,O=S(=O)(Nc1cc2c(s1)CCCC2)c1cccs1
decoy_4876,0.402148,0.423536,0.711753,0.634092,0.502848,0.470543,O=S(=O)(Nc1ccc2c(c1)CCC2)c1cn[nH]c1
decoy_4877,0.391221,0.418225,0.806621,0.83492,0.524423,0.63611,O=S(=O)(Nc1ccc(N2CC[NH2+]CC2)cc1)c1ccccc1
decoy_4878,0.425675,0.431018,0.849521,0.782211,0.615729,0.529895,O=S(=O)(N[C@H]1CC[N@@H+](C2CC2)C1)c1ccncc1
decoy_4879,0.360481,0.508116,0.730735,0.785344,0.470373,0.522807,O=S(=O)(Nc1cc(SCc2ccco2)cc2ccccc12)c1ccccc1
decoy_488,0.482216,0.494229,0.807681,0.738039,0.571349,0.534354,CC(C)c1cc(NC2C[C@@H](C)C[C@H](C)C2)ncn1
decoy_4880,0.315471,0.440299,0.714253,0.749783,0.429507,0.468485,O=S(=O)(/N=C1\N=c2ccccc2=N[C@@H]1Nc1ccccc1)c1ccccc1
decoy_4881,0.357374,0.475568,0.80406,0.838078,0.488437,0.512537,O=S(=O)(/N=C1\N=c2ccccc2=N[C@@H]1NCc1ccccc1)c1ccccc1
decoy_4882,0.468741,0.43874,0.78525,0.66439,0.517654,0.459141,O=S(=O)(/N=c1\[nH]c2c(s1)CCC2)c1ccccc1
decoy_4883,0.401309,0.456469,0.743798,0.696658,0.477564,0.470108,O=S(=O)(/N=c1\[nH]c(C2CC2)cs1)c1cccs1
decoy_4884,0.441694,0.51531,0.794534,0.75467,0.568466,0.560098,O=S(=O)(NCC1CC1)c1ccccc1
decoy_4885,0.439723,0.531887,0.787697,0.769841,0.561881,0.552381,O=S(=O)(NCC1CC1)Oc1ccccc1
decoy_4886,0.316315,0.331212,0.889737,0.829178,0.592037,0.492059,O=S(=O)(NC[C@H]1C[C@H]2CC[N@@H+]1C[C@H]2C[NH2+]Cc1ccccc1)c1cccs1
decoy_4887,0.456222,0.528424,0.798064,0.746144,0.558501,0.558471,O=S(=O)(NCc1ccccc1)c1ccccc1
decoy_4888,0.449576,0.486074,0.77622,0.695072,0.528957,0.526651,O=S(=O)(NC[C@@H]1C=CCCC1)c1ccccc1
decoy_4889,0.423537,0.455082,0.743926,0.66795,0.515896,0.490892,O=S(=O)(NCC1CCCCC1)c1ccccc1
decoy_489,0.322897,0.336799,0.664147,0.575172,0.49232,0.4395,C[C@H]1CC[C@@](C(=O)[O-])(C2CCCC2)CC1
decoy_4890,0.374524,0.427752,0.736035,0.674816,0.55461,0.471765,O=S(=O)(NCc1ccccc1)c1cccnc1
decoy_4891,0.429446,0.473374,0.749998,0.69171,0.504695,0.518469,O=S(=O)(NCC1CCCCC1)c1cccnc1
decoy_4892,0.368262,0.407836,0.719971,0.657293,0.53196,0.457017,O=S(=O)(NCc1ccccc1)c1cccs1
decoy_4893,0.422217,0.432531,0.724307,0.623573,0.533968,0.471912,O=S(=O)(NCC1CCCCC1)c1cccs1
decoy_4894,0.386554,0.418537,0.734258,0.66583,0.544926,0.483868,O=S(=O)(NCc1ccccc1)c1ccncc1
decoy_4895,0.414429,0.452209,0.788884,0.710191,0.529441,0.493555,O=S(=O)(NCc1ccccc1)c1cc[nH]c1
decoy_4896,0.342702,0.408935,0.703798,0.676169,0.53907,0.490647,O=S(=O)(NCc1ccccc1)c1cncnc1
decoy_4897,0.390846,0.401343,0.795388,0.734781,0.564645,0.506002,O=S(=O)(NCc1ccccc1)c1c[nH]cn1
decoy_4898,0.359875,0.385417,0.744436,0.665283,0.551375,0.462732,O=S(=O)(NCc1ccccc1)c1cn[nH]c1
decoy_4899,0.419491,0.429506,0.763691,0.656563,0.54924,0.498776,O=S(=O)(NCC1CCCCC1)c1cn[nH]c1
decoy_49,0.374879,0.334386,0.647124,0.639344,0.46254,0.409983,N#CC1=CCCCCC1
decoy_490,0.415684,0.39337,0.789702,0.804648,0.4978,0.463032,C=CC[C@@H](C)[C@H](C)Br
decoy_4900,0.38954,0.48303,0.764712,0.808613,0.477118,0.516588,O=S(=O)(NCc1ccccc1)c1ccc(C2CCCCC2)cc1
decoy_4901,0.430371,0.571811,0.823159,0.858888,0.520566,0.577332,O=S(=O)(c1ccccc1)N(Cc1ccccc1)Cc1cn[nH]c1
decoy_4902,0.444732,0.511373,0.814817,0.778632,0.585736,0.566393,O=S(=O)(NCc1ccccn1)c1ccccc1
decoy_4903,0.406138,0.490504,0.813371,0.86901,0.578824,0.673791,O=S(=O)(NC[C@H]1CCCC[NH2+]1)c1ccccc1
decoy_4904,0.430733,0.4917,0.765844,0.717351,0.503261,0.503513,O=S(=O)(NC[C@H]1CCCCO1)c1ccccc1
decoy_4905,0.41198,0.455265,0.746831,0.683907,0.558066,0.503147,O=S(=O)(NC[C@H]1CCCCO1)c1cccs1
decoy_4906,0.376153,0.471824,0.759844,0.815517,0.59837,0.726633,O=S(=O)(NC[C@H]1CCC[NH2+]1)c1ccccc1
decoy_4907,0.454273,0.58418,0.828546,0.8668,0.547309,0.592408,O=S(=O)(c1ccccc1)N(Cc1ccc[nH]1)Cc1cccs1
decoy_4908,0.345226,0.458152,0.659967,0.748984,0.496024,0.529964,O=S(=O)(NCc1ccco1)c1ccccc1
decoy_4909,0.422223,0.504,0.758564,0.730558,0.576535,0.563457,O=S(=O)(NC[C@H]1CCCO1)c1ccccc1
decoy_491,0.440397,0.403036,0.718861,0.696153,0.532773,0.457882,Cl[C@H]1CCC[C@@H]1CC1CCCC1
decoy_4910,0.417195,0.465743,0.773101,0.722629,0.567259,0.513015,O=S(=O)(NC[C@H]1CCCO1)c1cccs1
decoy_4911,0.355508,0.452519,0.702033,0.7358,0.525531,0.52623,O=S(=O)(NCc1ccco1)c1cnc2sccn12
decoy_4912,0.40463,0.477228,0.754054,0.714832,0.565755,0.552982,O=S(=O)(NC[C@H]1CCCOC1)c1ccccc1
decoy_4913,0.394679,0.446241,0.74511,0.684991,0.588421,0.540545,O=S(=O)(NC[C@H]1CCCOC1)c1cncnc1
decoy_4914,0.443785,0.51194,0.801572,0.754583,0.550259,0.538548,O=S(=O)(NCc1cccs1)c1ccccc1
decoy_4915,0.447243,0.495866,0.8083,0.75145,0.569169,0.544146,O=S(=O)(NCc1cccs1)c1cccnc1
decoy_4916,0.441655,0.47423,0.821316,0.745018,0.558457,0.502718,O=S(=O)(NCc1cccs1)c1cccs1
decoy_4917,0.448628,0.497322,0.805638,0.747872,0.571009,0.541008,O=S(=O)(NCc1cccs1)c1ccncc1
decoy_4918,0.349656,0.424047,0.732496,0.717812,0.548575,0.49364,O=S(=O)(NCc1cccs1)c1cncnc1
decoy_4919,0.374047,0.394938,0.776502,0.694748,0.557485,0.449601,O=S(=O)(NCc1cccs1)c1cn[nH]c1
decoy_492,0.408697,0.40989,0.602477,0.599391,0.49803,0.481743,C[C@@H]1CCCC[C@]1(O)[C@@H]1CCOC1
decoy_4920,0.393516,0.493428,0.772482,0.835802,0.538049,0.735768,O=S(=O)(NC[C@H]1CC[NH2+]C1)c1ccccc1
decoy_4921,0.368793,0.4225,0.714523,0.695544,0.517017,0.491207,O=S(=O)(NCc1ccncc1)c1ccccc1
decoy_4922,0.368557,0.414379,0.739139,0.686193,0.537494,0.479929,O=S(=O)(NCc1ccncc1)c1cccnc1
decoy_4923,0.356349,0.422732,0.721283,0.720431,0.528412,0.489373,O=S(=O)(NCc1ccncn1)c1ccccc1
decoy_4924,0.341525,0.450892,0.698697,0.772795,0.505337,0.565317,O=S(=O)(NCc1cc[nH]n1)c1ccccc1
decoy_4925,0.409606,0.491953,0.740629,0.716783,0.567568,0.547405,O=S(=O)(NC[C@H]1CCOC1)c1ccccc1
decoy_4926,0.351401,0.428781,0.708531,0.716288,0.509501,0.50614,O=S(=O)(NCc1ccoc1)c1cccnc1
decoy_4927,0.425705,0.506949,0.799826,0.780873,0.56993,0.572797,O=S(=O)(NCc1ccon1)c1ccccc1
decoy_4928,0.4255,0.537935,0.796306,0.806221,0.578234,0.595584,O=S(=O)(NCc1cnccn1)c1ccccc1
decoy_4929,0.427874,0.501916,0.819863,0.801419,0.560438,0.538526,O=S(=O)(NCc1cnccn1)c1cccs1
decoy_493,0.494191,0.46692,0.745832,0.700044,0.540273,0.490569,CC[C@@H](Cl)c1cnn(C2C[C@@H](C)C[C@H](C)C2)c1
decoy_4930,0.347361,0.383841,0.689854,0.642598,0.506154,0.461229,O=S(=O)(NCc1c[nH]c2ccccc12)c1ccccc1
decoy_4931,0.426952,0.530612,0.821266,0.83502,0.590565,0.602191,O=S(=O)(NCc1cn[nH]c1)c1ccccc1
decoy_4932,0.329625,0.423667,0.62885,0.674397,0.481658,0.514864,O=S(=O)(NC[C@H]1COCCO1)c1ccccc1
decoy_4933,0.439654,0.548043,0.822778,0.832972,0.57921,0.603875,O=S(=O)(NCc1cscn1)c1ccccc1
decoy_4934,0.397281,0.5044,0.808495,0.818206,0.511703,0.540475,O=S(=O)(NCc1[nH+]ccn1Cc1ccccc1)c1ccccc1
decoy_4935,0.391416,0.505498,0.817933,0.889744,0.569079,0.61169,O=S(=O)(NCc1[nH]cc[nH+]1)c1ccccc1
decoy_4936,0.324173,0.436106,0.697498,0.786641,0.490337,0.540736,O=S(=O)(NCc1nnc[nH]1)c1ccccc1
decoy_4938,0.387617,0.45913,0.8727,0.89663,0.594151,0.577539,O=S(=O)(NC[C@H]1CC[N@H+](Cc2ccoc2)CC1)c1ccccc1
decoy_4939,0.414006,0.460979,0.742325,0.675613,0.49324,0.46838,O=S(=O)(NCC1N=c2ccccc2=N1)c1ccccc1
decoy_494,0.39059,0.447796,0.623763,0.682208,0.461006,0.499264,CC(C)c1c(Cl)ncnc1O[C@@H]1C[C@H](C)C[C@H](C)C1
decoy_4940,0.44177,0.524129,0.803834,0.752301,0.556947,0.5249,O=S(=O)(NCc1nc(-c2ccccc2)cs1)c1ccccc1
decoy_4941,0.43326,0.510738,0.761513,0.719093,0.54917,0.56148,O=S(=O)(NCCC1CC1)c1ccccc1
decoy_4942,0.440505,0.473187,0.772072,0.694692,0.521868,0.515594,O=S(=O)(NCCC1CCCC1)c1ccncc1
decoy_4943,0.407121,0.478525,0.738266,0.697935,0.506609,0.505574,O=S(=O)(NCCC1=CCCCC1)c1ccccc1
decoy_4944,0.451514,0.490439,0.760406,0.693201,0.516573,0.506331,O=S(=O)(NCCc1ccccc1)c1cccs1
decoy_4945,0.426377,0.45382,0.758217,0.67713,0.528758,0.499265,O=S(=O)(NCCc1ccccc1)c1cn[nH]c1
decoy_4946,0.458981,0.538186,0.796195,0.803573,0.5513,0.58554,O=S(=O)(NCCc1ccccc1)NC1CCCC1
decoy_4947,0.377644,0.481211,0.825132,0.827798,0.498511,0.546641,O=S(=O)(NC[C@@H](c1ccccc1)S(=O)(=O)c1ccccc1)c1ccccc1
decoy_4948,0.410458,0.496007,0.7376,0.711043,0.537098,0.545804,O=S(=O)(NCCc1ccco1)c1ccccc1
decoy_4949,0.387463,0.463045,0.727304,0.695063,0.528085,0.524693,O=S(=O)(NCC[C@H]1CCCO1)c1ccccc1
decoy_495,0.488764,0.49282,0.718794,0.685204,0.508674,0.490282,C[C@@H]1CC[C@H](Nc2ccc(C#N)cc2Br)C[C@@H]1C
decoy_4950,0.410489,0.450728,0.796302,0.768198,0.508322,0.511912,O=S(=O)(NCC[C@H]1CCCO1)c1ccc2c(c1)CCN2
decoy_4951,0.430776,0.475856,0.771215,0.707,0.504588,0.488188,O=S(=O)(NCCc1cccs1)c1cccs1
decoy_4952,0.445387,0.496067,0.776103,0.708196,0.524172,0.517033,O=S(=O)(NCCc1ccsc1)c1ccccc1
decoy_4953,0.432007,0.456741,0.790705,0.704629,0.522601,0.500459,O=S(=O)(NCCc1ccsc1)c1cn[nH]c1
decoy_4954,0.375787,0.472224,0.736034,0.728001,0.514045,0.537819,O=S(=O)(NCCc1c[nH]cn1)c1ccccc1
decoy_4955,0.382678,0.497643,0.751933,0.778502,0.536879,0.569391,O=S(=O)(NCCc1ncc[nH]1)c1ccccc1
decoy_4956,0.391321,0.48335,0.737947,0.724834,0.546314,0.540983,O=S(=O)(NCCc1nccs1)c1ccccc1
decoy_4957,0.404466,0.57192,0.810505,0.94239,0.540018,0.630792,O=S(=O)(NC[C@@H](C1=c2ccccc2=NC1)c1ccccc1)C1=CNOC1
decoy_4958,0.413079,0.508232,0.787346,0.814544,0.533008,0.542925,O=S(=O)(NCCC1=c2ccccc2=NC1)C1=CNOC1
decoy_4959,0.419621,0.516184,0.765632,0.772364,0.506355,0.52093,O=S(=O)(NCCc1ccc2c(c1)CCN2)c1ccccc1
decoy_496,0.522751,0.522655,0.746309,0.750784,0.55174,0.514486,Cc1nc([C@H]2C[C@H]3CC[C@@H]2O3)nc(Cl)c1F
decoy_4960,0.417396,0.497592,0.750831,0.718061,0.56301,0.533194,O=S(=O)(NCCCc1ccccc1)c1ccccc1
decoy_4961,0.415458,0.485502,0.842735,0.814508,0.593388,0.536374,O=S(=O)(NCCCc1ccn(-c2ccccc2)n1)c1cccc2ccccc12
decoy_4962,0.354047,0.457533,0.762558,0.811228,0.460064,0.512156,O=S(=O)(NCCCCCc1cc(-c2ccccc2)n[nH]1)c1cccs1
decoy_4963,0.368114,0.435962,0.846655,0.881204,0.530112,0.545219,O=S(=O)(NCCCCNc1cc[nH+]c2ccccc12)c1ccccc1
decoy_4964,0.451373,0.52916,0.833269,0.799121,0.592063,0.562253,O=S(=O)(NCCCCOc1ccccc1)c1ccccc1
decoy_4965,0.39122,0.484626,0.827667,0.880816,0.599025,0.577844,O=S(=O)(NCCC[NH+]1CCCCC1)c1cccs1
decoy_4966,0.38539,0.456326,0.814248,0.843913,0.542826,0.561376,O=S(=O)(NCCC[NH+]1CCCCC1)c1cn[nH]c1
decoy_4967,0.393491,0.501736,0.805244,0.872757,0.587412,0.597817,O=S(=O)(NCC[NH+]1CCCC1)c1ccccc1
decoy_4968,0.411392,0.523155,0.801688,0.871225,0.544853,0.582274,O=S(=O)(NCC[NH+]1CCCCC1)c1ccccc1
decoy_4969,0.310559,0.361441,0.817718,0.808557,0.51434,0.515754,O=S(=O)(NC[C@@H](c1ccccc1)[NH+]1CCCCC1)NC1CCCC1
decoy_497,0.39982,0.39342,0.634745,0.622117,0.476195,0.45676,CC(C)c1c(Cl)ncnc1O[C@H]1CC[C@@H](C)[C@@H](C)C1
decoy_4970,0.396802,0.492152,0.740964,0.729026,0.537924,0.542631,O=S(=O)(NCCn1cccn1)c1ccccc1
decoy_4971,0.396945,0.484549,0.758195,0.739159,0.558906,0.542001,O=S(=O)(NCCn1cccn1)c1cccnc1
decoy_4972,0.381215,0.457404,0.741473,0.714628,0.529302,0.503238,O=S(=O)(NCCn1ccnc1)c1ccccc1
decoy_4973,0.42742,0.510138,0.804976,0.777041,0.567142,0.562761,O=S(=O)(NCCn1ccnc1)c1cccnc1
decoy_4974,0.407944,0.516117,0.801651,0.850935,0.526405,0.570181,O=S(=O)(NCCNc1cnc2ccccc2n1)c1ccccc1
decoy_4975,0.392258,0.482093,0.812603,0.815697,0.526149,0.531335,O=S(=O)(NCC[NH2+]Cc1ccccc1)c1ccccc1
decoy_4976,0.415303,0.519527,0.792953,0.792467,0.551847,0.561065,O=S(=O)(NCC[NH2+]Cc1cccs1)c1ccsc1
decoy_4977,0.411097,0.517305,0.75484,0.744719,0.58595,0.553768,O=S(=O)(NCCOc1ccccc1)c1ccccc1
decoy_4978,0.416617,0.488441,0.744079,0.704104,0.570077,0.497501,O=S(=O)(NCCOc1ccccc1)c1cccs1
decoy_498,0.372876,0.407442,0.623616,0.703915,0.503426,0.493341,Cc1cc(C#CCCCl)ccc1O[C@H]1CC[C@H](C)[C@H](C)C1
decoy_4980,0.390828,0.465741,0.735132,0.752801,0.484219,0.532882,O=S(=O)(N/N=C1/CCC[C@H](c2ccccc2)C1)c1ccccc1
decoy_4981,0.441906,0.519246,0.766218,0.724843,0.528537,0.543543,O=S(=O)(N/N=C/c1ccccc1)c1ccccc1
decoy_4982,0.407264,0.515814,0.782238,0.802307,0.544362,0.558959,O=S(=O)(N/N=C/c1c[nH]c2ccccc12)c1ccccc1
decoy_4983,0.439803,0.552509,0.807492,0.80667,0.580163,0.59366,O=S(=O)(NN=CNCc1ccccc1)c1ccccc1
decoy_4985,0.345347,0.447169,0.836225,0.915352,0.547879,0.617585,O=S(=O)(Oc1ccccc1)c1ccccc1N1CC[NH2+][C@H](c2ccccc2)C1
decoy_4987,0.438883,0.477288,0.720261,0.679987,0.496652,0.488632,O=S(=O)(Oc1ccccc1)c1cccc(-c2ccccc2)c1
decoy_4988,0.340108,0.389402,0.690847,0.685178,0.425585,0.43018,O=S(=O)(Oc1ccccc1)c1cccc(-c2ccccc2)c1Cc1ccccc1
decoy_4989,0.377281,0.423125,0.736266,0.718932,0.454648,0.466716,O=S(=O)(Oc1ccccc1)c1cccc(Cc2ccccc2)c1-c1ccccc1
decoy_499,0.435745,0.47543,0.60206,0.672714,0.485029,0.502361,CC(C)[C@@H](CO)CCc1ccsc1
decoy_4990,0.372317,0.509396,0.827798,0.908962,0.544358,0.569228,O=S(=O)(Oc1ccccc1)[C@H]1C[N@@H+](Cc2ccccc2)CCN1
decoy_4991,0.437647,0.558972,0.77429,0.789783,0.501148,0.555655,O=S(=O)(Oc1ccccc1)C1=C2Nc3ccccc3CN2CC1
decoy_4992,0.355866,0.44976,0.778112,0.791751,0.51689,0.504428,O=S(=O)(Oc1ccccc1)[C@H]1CN(c2ccccc2-c2ccccc2)CCN1
decoy_4993,0.372961,0.461317,0.798739,0.808772,0.495025,0.516631,O=S(=O)(OCC/C=C/CCCO[C@@H]1CCCCO1)c1ccccc1
decoy_4994,0.501799,0.455454,0.830632,0.851196,0.607906,0.523222,C1=NN2C(=CS[C@H]2c2ccccc2)S1
decoy_5,0.422389,0.491398,0.775189,0.731631,0.506083,0.498713,C#C[C@H]1CCCC[C@@H]1/[NH+]=C/c1cc(Cl)cc(Cl)c1[O-]
decoy_50,0.323503,0.360531,0.696573,0.737035,0.45705,0.464233,CC(C)C1=CC2=CC[C@H]3[C@@](C)(CCC[C@]3(C)C(=O)[O-])[C@@H]2CC1
decoy_500,0.302908,0.313634,0.539426,0.584622,0.412462,0.390532,CCC1(CCl)CCCCC1
decoy_501,0.376587,0.435282,0.668279,0.652963,0.439346,0.458294,CC[C@@H]1CCC[C@H](n2c(C(C)C)n[nH]c2=S)C1
decoy_502,0.428551,0.454022,0.631234,0.63833,0.496211,0.471361,Cn1cc(N[C@H]2CCCC[C@H]2C(F)(F)F)cn1
decoy_503,0.446437,0.459109,0.656509,0.69706,0.490064,0.502034,C[C@H]1CC[C@@H](C(C)(C)c2ccnn2C)[C@H](Cl)C1
decoy_504,0.470745,0.499608,0.745073,0.71029,0.532264,0.508506,O[C@H]1CCC[C@@H](Cc2ccn(C3CCCC3)n2)C1
decoy_505,0.325433,0.378595,0.630472,0.632001,0.449313,0.454423,CC[NH2+][C@@]1(C(F)(F)F)CCCC[C@@H]1C
decoy_506,0.394205,0.45503,0.576079,0.649299,0.454203,0.4715,ClCc1ncc(-c2ccc3c4c(cccc24)CC3)o1
decoy_507,0.347334,0.373332,0.634883,0.632419,0.442297,0.457692,C[C@@H]1CC[NH2+]C[C@H]1N1CCCCC[C@@H]1C
decoy_508,0.430649,0.457386,0.605527,0.655316,0.501577,0.473632,CC1(C)CCC[C@H](Nc2ccsc2)C1
decoy_509,0.470968,0.481904,0.667924,0.711455,0.543155,0.499128,C[C@@H]1CCC[C@H](Nc2ccsc2)CC1
decoy_51,0.413542,0.486594,0.653545,0.721209,0.477688,0.528243,CCCC[C@H](CC)C[C@H]1CCCC[C@@H]1O
decoy_510,0.427866,0.503544,0.613889,0.720545,0.499458,0.517458,C[C@H]1CCC[C@@H](Nc2ccsc2)C1
decoy_511,0.448907,0.484824,0.726505,0.731889,0.481483,0.479006,N#C[C@@H]1CCC[C@H]1Nc1ccsc1
decoy_512,0.406328,0.416974,0.638283,0.710209,0.468032,0.466224,CC[C@@H]1CCCC[C@@H]1[C@@H](C)Cl
decoy_513,0.358257,0.374899,0.656394,0.778574,0.473079,0.548072,C[C@H]1CC[C@@H](CBr)C[C@@H]1C
decoy_514,0.403048,0.369755,0.68781,0.67744,0.47677,0.430426,C[C@H]1CC[C@H](CBr)[C@H](C)C1
decoy_515,0.432414,0.444592,0.655904,0.727785,0.49933,0.495485,CC(C)[C@H]1CCC[C@H]([C@@H](C)Br)CC1
decoy_516,0.30337,0.284133,0.516174,0.531575,0.391986,0.374476,C[C@H](Br)[C@@H]1CCCC[C@@H]1C(C)(C)C
decoy_517,0.430837,0.42457,0.675923,0.730896,0.498465,0.493599,C[C@H](Br)[C@@H]1CCC[C@H](C(C)(C)C)CC1
decoy_518,0.372541,0.394566,0.593531,0.677443,0.451955,0.470711,CCC[C@H]1CCC[C@@H]([C@@H](C)Br)CC1
decoy_519,0.420425,0.379411,0.641439,0.564208,0.510589,0.443051,CC[C@@](C)(C#N)C1(O)CCCCCC1
decoy_52,0.437233,0.530111,0.684997,0.729659,0.485813,0.55664,Cc1ccc(/C=C/C2=N/C(=C\c3ccc(C)o3)C(=O)O2)cc1
decoy_520,0.399529,0.39648,0.603413,0.576721,0.469082,0.436392,CC[C@H]1CCCC[C@]1(O)C(C)(C)C#N
decoy_521,0.479131,0.459526,0.684093,0.646066,0.527831,0.506173,C[C@@H]1C[C@@H](C)CC(O)([C@@H](C)C#N)C1
decoy_522,0.395781,0.433566,0.617544,0.611539,0.466507,0.455719,CC[C@@H](C#N)[C@@]1(O)C[C@H](C)C[C@H](C)C1
decoy_523,0.430552,0.413618,0.660846,0.599072,0.487369,0.46214,C[C@H]1CC[C@@](O)(C2(C#N)CCC2)[C@H](C)C1
decoy_524,0.437023,0.440185,0.649466,0.63616,0.493199,0.484585,CC[C@@H](C#N)[C@]1(O)C[C@H](C)CC[C@@H]1C
decoy_525,0.411845,0.417827,0.624892,0.615962,0.468562,0.457961,C[C@H]1CCC[C@@]1(O)C1(C#N)CCC1
decoy_526,0.412262,0.453718,0.61667,0.634265,0.489802,0.505267,C[C@@H]1CCC[C@@](O)([C@@H](C)C#N)CC1
decoy_527,0.471788,0.469181,0.698328,0.664949,0.511026,0.504657,CC[C@@H](C#N)[C@@]1(O)CCC[C@H](C)CC1
decoy_528,0.454348,0.419124,0.687092,0.631401,0.515099,0.472536,CC[C@@H]1CCC[C@](O)(C(C)(C)C#N)CC1
decoy_529,0.458123,0.464761,0.724006,0.671188,0.498757,0.490242,CC(C)[C@H]1CC[C@](C#N)(C2(O)CCC2)CC1
decoy_53,0.371178,0.506582,0.623827,0.69314,0.452265,0.500397,O=[N+]([O-])c1cc(Cl)c2c(c1)[C@H]1C=CC[C@@H]1[C@@H](c1cccc(F)c1)N2
decoy_530,0.399709,0.425249,0.605599,0.60662,0.436917,0.454091,C[C@@H]1[C@@H](C)CC[C@H]1Nc1ccc([N+](=O)[O-])cc1Br
decoy_531,0.437639,0.504484,0.636735,0.692106,0.532711,0.536907,CC[C@@H](Nc1ccc(C(F)(F)F)cc1)C1CC1
decoy_532,0.384764,0.367496,0.648777,0.663246,0.473164,0.426363,CC[C@@H](Cl)C1CCC(C)(C)CC1
decoy_533,0.329249,0.35724,0.511924,0.586953,0.420751,0.429395,CC[C@H](Cl)[C@H]1CCC[C@H](C)CC1
decoy_534,0.406931,0.413955,0.686943,0.699891,0.460759,0.458962,CC[C@@H](Br)[C@H]1CCCC[C@@H]1C(C)(C)C
decoy_535,0.473487,0.453227,0.714882,0.698206,0.501415,0.471307,CC[C@@H]1CCC[C@@H]([C@H](Br)CC)CC1
decoy_536,0.360056,0.474739,0.737308,0.865922,0.512888,0.565557,CC(C)C[C@@H]1CN(c2cccc3ccccc23)[C@@H](C)C[NH2+]1
decoy_537,0.353965,0.478244,0.781513,0.832983,0.520945,0.564103,CC[C@@H]1C[NH2+]C2(CCCCC2)CN1c1ccc(F)cc1F
decoy_538,0.313211,0.333231,0.509826,0.546949,0.420898,0.442948,CC[C@@H]1CCC[C@@H]([C@H](O)C(C)C)CC1
decoy_539,0.439723,0.433861,0.700693,0.699438,0.479801,0.464705,CCC[C@H]1CC[C@H]([C@H](Br)C(C)C)CC1
decoy_54,0.466215,0.482037,0.759477,0.709572,0.557004,0.536273,CSc1nc2c(cc1C#N)C(=O)CCC2
decoy_540,0.463455,0.454397,0.714157,0.736154,0.523029,0.501289,CCC[C@@H]1C[C@@]1(O)C[C@@H](C)CC(C)(C)C
decoy_541,0.396307,0.442266,0.618684,0.726084,0.447211,0.484997,C[C@@H]1CCC[C@@H](/C=C/CCl)C1
decoy_542,0.415605,0.457118,0.619372,0.67855,0.469971,0.474347,C/C(=C/[C@@H]1CCC[C@H](C)C1)CCl
decoy_543,0.385472,0.464478,0.826877,0.818018,0.544262,0.546778,CC[C@H]1CN[C@@](C)(c2ccccc2)C[N@H+]1C1CCCCC1
decoy_544,0.396121,0.470237,0.801614,0.798892,0.518316,0.535866,CC[C@@]1(C)C[N@@H+](C2CCCCC2)[C@H](c2ccccc2)CN1
decoy_545,0.366254,0.486782,0.775312,0.847221,0.512334,0.545274,C[C@H]1CCCC[C@@H]1[N@H+]1C[C@@](C)(c2ccccc2)NC[C@@H]1C
decoy_546,0.397797,0.508442,0.709562,0.813089,0.512268,0.548802,CCc1ccc(/C=C(/C)C[NH2+]C2CC2)s1
decoy_547,0.386926,0.475726,0.795671,0.859061,0.567885,0.60407,CC(C)(C)[C@@H]1CN(c2cccc3ccccc23)CCC[NH2+]1
decoy_548,0.474217,0.506982,0.663475,0.72473,0.539896,0.504862,CCC[C@H](C)C[C@H](O)c1cc(Cl)cs1
decoy_549,0.441983,0.415168,0.674085,0.617534,0.549938,0.499743,O=C1CCCC[C@H]1[C@@H]1CCCCC[C@H]1O
decoy_55,0.41383,0.473407,0.737587,0.732617,0.482076,0.485037,Cc1cccc([C@@H]2Nc3ccc([N+](=O)[O-])cc3[C@H]3[C@H]4CC[C@H](C4)[C@H]32)c1
decoy_550,0.427351,0.404142,0.695874,0.58425,0.52671,0.467929,O=C1CCCC[C@H]1[C@H]1CCCC[C@@H]1O
decoy_551,0.361717,0.377353,0.579256,0.605834,0.444507,0.450897,CCC[C@@H](O)C[C@H]1CC[C@H](C)[C@H](C)C1
decoy_552,0.431883,0.444497,0.632941,0.664949,0.525721,0.51157,CC(C)[C@H]1CC[C@H](O)[C@H](CC(F)F)C1
decoy_553,0.311839,0.333034,0.510059,0.552472,0.412466,0.437728,CC[C@H](O)[C@@H](C)[C@H]1CC[C@H](CC)CC1
decoy_554,0.513721,0.432826,0.718917,0.68833,0.585759,0.493526,CC[C@H](C)[C@@]1(O)CCC[C@H](C(F)(F)F)C1
decoy_555,0.466281,0.524384,0.856947,0.816101,0.596359,0.533022,C[C@@H]1Cc2ccccc2[C@@H]1NC(=O)N(C1CC1)[C@@H](C)c1ccco1
decoy_556,0.364868,0.488129,0.654374,0.690461,0.463626,0.481613,CC[NH2+][C@@H]1CCCc2sc(-c3ccco3)nc21
decoy_557,0.364202,0.479685,0.65089,0.684086,0.442468,0.470549,C#Cc1cccc(NC2=[NH+]CCCC2)c1
decoy_558,0.459658,0.480081,0.738784,0.806241,0.532595,0.516936,CC(C)[C@@H]1CC[C@H](C)C[C@H]1OCC(C)(C)CBr
decoy_559,0.484526,0.495463,0.711639,0.769134,0.572099,0.545743,CC(C)(C)[C@H](CBr)CN1CCCc2ccccc21
decoy_56,0.460392,0.577208,0.687061,0.817228,0.542982,0.702766,COC(=O)[C@@H]1CCC=C2[C@H]1C[C@H]1C[C@@H]2C1(C)C
decoy_560,0.417245,0.449412,0.650943,0.746682,0.476653,0.498459,C/C(=C/CCCl)C1CCCC1
decoy_561,0.38237,0.418063,0.626648,0.734267,0.468452,0.488813,C/C(=C\CCCl)C(C)(C)C
decoy_562,0.471338,0.589572,0.679544,0.852987,0.517239,0.574985,C/C(=C\CCBr)C[C@@H]1Cc2ccccc21
decoy_563,0.543569,0.524888,0.815266,0.716545,0.637226,0.523879,CC(C)c1cc(N[C@H]2CCCC[C@@H]2Cl)ncn1
decoy_564,0.415629,0.459187,0.645836,0.676476,0.497894,0.502218,Clc1ncc(Cl)c(NCC2CCCC2)n1
decoy_565,0.505415,0.511821,0.767821,0.701269,0.57067,0.49657,C[C@H]1CN/C(=N/c2cc(Cl)c(Cl)cc2Cl)SC1
decoy_566,0.471019,0.554405,0.738466,0.733149,0.513463,0.517907,CCc1ccc(-c2nc3cc(C#N)ccc3n2C2CC2)s1
decoy_567,0.380382,0.447019,0.732765,0.803165,0.527668,0.551788,CN1CC[N@@H+](C)C[C@H]1C(=O)C1CCCCC1
decoy_568,0.461364,0.487296,0.759551,0.686669,0.548009,0.518276,Cc1nc(Sc2nnc(Cl)c(C)c2C)nc(C)c1C
decoy_569,0.485667,0.458131,0.778064,0.676713,0.582414,0.496936,Cc1nn(C(C)C)c(C)c1N[C@@H]1CCC[C@@H]1C
decoy_57,0.370266,0.428588,0.586149,0.710325,0.44878,0.446357,N#C[C@@H]1CC[C@@H]2[C@H]3CC[C@H](C3)[C@H]21
decoy_570,0.481251,0.519664,0.689905,0.790207,0.530786,0.521263,CCC(C)(C)[C@H](Cl)c1cc(C)c(F)cc1F
decoy_571,0.439394,0.467164,0.67414,0.773485,0.514459,0.542234,Cc1cc([C@@H](Cl)CC(C)(C)C)c(F)cc1F
decoy_572,0.547049,0.50796,0.755627,0.748414,0.559184,0.529502,CC(C)(C)[C@@H](O)[C@@H]1CCCc2cccnc21
decoy_573,0.521872,0.505717,0.767341,0.667496,0.571459,0.504455,C[C@@H]1OCC[C@@H]1C(=O)N1CCC[C@H](Cl)C1
decoy_574,0.288464,0.327979,0.693602,0.693357,0.426302,0.446948,CC(C)(C)[C@H]1CC[C@H]([N@H+]2CC[C@H](C(=O)[O-])C2)CC1
decoy_575,0.427795,0.39361,0.655685,0.625123,0.522337,0.463945,CC1(C)CCCC[C@@]1(O)C1CCOCC1
decoy_576,0.388845,0.332918,0.652385,0.670718,0.471248,0.427348,CC1(C)CCCC[C@H]1CBr
decoy_577,0.429045,0.36094,0.72225,0.686089,0.500992,0.420926,C[C@@H](Cl)[C@@H]1CCCC1(C)C
decoy_578,0.333328,0.413824,0.575296,0.627385,0.459438,0.483266,CC1(C)CCC[C@@]12CC(=O)NC2(C)C
decoy_579,0.41607,0.391431,0.618575,0.576863,0.489146,0.442986,OC[C@H]1CCOC2(CCCCC2)C1
decoy_58,0.409554,0.318047,0.653151,0.583962,0.496659,0.395653,C[C@@H]1CC[C@H]2C[C@]1(S)C2(C)C
decoy_580,0.512548,0.502402,0.755891,0.6975,0.549906,0.531958,O[C@@H]1CCC[C@H]1[C@@H]1CCOC2(CCC2)C1
decoy_581,0.411517,0.445193,0.787634,0.744006,0.519119,0.518492,C1COC[C@H](CN2CC[N@@H+]3CCC[C@H]3C2)C1
decoy_582,0.415934,0.397504,0.703173,0.645399,0.49954,0.461018,CCC[C@H]1CCC[C@](O)(c2cccc3cnccc23)CC1
decoy_583,0.319619,0.321286,0.617162,0.543112,0.453809,0.422481,CC(C)[C@@H](C(=O)[O-])[C@@]1(O)CSCC(C)(C)C1
decoy_584,0.46441,0.530036,0.682948,0.806502,0.522562,0.524169,CCc1ccc([C@@H](Cl)c2sccc2CC)s1
decoy_585,0.520318,0.476696,0.706781,0.698203,0.553396,0.477161,Cc1cc(C(=O)C[C@@H](C)C(C)(C)C)sc1Br
decoy_586,0.481196,0.539215,0.681578,0.75879,0.556373,0.585742,CCN(CC(C)(C)CS)c1ccc(F)cc1
decoy_587,0.392672,0.431545,0.767644,0.737461,0.562571,0.511913,C[C@H]1[NH2+][C@]2(CC[C@@H](C)CC2)CO[C@@H]1C
decoy_588,0.339883,0.382042,0.548746,0.632575,0.42379,0.43044,CC[C@@H]1CCCC[C@H]1[C@@H](C)[C@@H](C)Br
decoy_589,0.405035,0.431058,0.724976,0.81914,0.488751,0.479047,CC#CC[C@@H](C)[C@H](C)Br
decoy_59,0.391608,0.413868,0.634547,0.662015,0.462883,0.477347,CCO[C@H]1CC[C@@H]2C=C(C)C=C(C(C)(C)C)[C@@H]2O1
decoy_590,0.409585,0.440364,0.764676,0.733429,0.476904,0.49982,C[C@H]1[NH2+]C[C@](C)(C2CCCCC2)O[C@@H]1C
decoy_591,0.504672,0.561819,0.810063,0.775596,0.566439,0.581727,Oc1ccc(Cl)cc1-c1nc(CSC2CCCCC2)no1
decoy_592,0.330767,0.326319,0.564573,0.593895,0.431314,0.419979,CC(C)[C@]1(CBr)CC[C@H](C(C)(C)C)CC1
decoy_593,0.510785,0.502133,0.745271,0.71656,0.546722,0.53027,CCc1ccc([C@](C)(O)C(CC)CC)cc1
decoy_594,0.351553,0.350057,0.625076,0.679403,0.438422,0.424294,CC[C@H](C)C(C)(C)CCl
decoy_595,0.427934,0.462966,0.660643,0.747872,0.506321,0.48724,CC[C@](O)(Cc1ccc(C(C)C)cc1)C1CC1
decoy_596,0.525931,0.553901,0.798477,0.881471,0.591802,0.555804,C=Cc1ccc(Oc2ccc(Br)cc2)cc1
decoy_597,0.447393,0.538734,0.728478,0.757866,0.483067,0.564515,Cc1ccc([C@H](C#N)C(=O)c2c(C)oc(C)c2C)cc1C
decoy_598,0.421234,0.446694,0.668875,0.629616,0.492482,0.456754,C[C@]1(c2nc3c(s2)C(=O)CCC3)CCCO1
decoy_599,0.46976,0.473059,0.648337,0.675183,0.533576,0.481457,CC(C)CN1CCNc2c(F)cccc21
decoy_6,0.48789,0.540432,0.704931,0.713867,0.499274,0.517754,O=c1oc2ccccc2n1Cc1ccc(C(F)(F)F)cc1
decoy_60,0.398553,0.46345,0.610465,0.685268,0.474198,0.499132,ClC[C@H]1CO[C@@H]([C@@H]2CC[C@H]3O[C@H]3C2)O1
decoy_600,0.405005,0.495401,0.60441,0.753953,0.470334,0.487555,ClC/C(=C/c1ccc(Br)o1)C1CCCCC1
decoy_601,0.522741,0.581453,0.715752,0.818581,0.569332,0.541542,CC(C)Cc1cc(Cl)nc(C2CCCC2)n1
decoy_602,0.397973,0.443029,0.668831,0.752837,0.487789,0.462966,C=Cc1nc(C2(C)CC2)no1
decoy_603,0.465505,0.514789,0.643281,0.682712,0.495669,0.496659,CCc1ccc([C@@H](O)[C@@H]2C[C@H]3C[C@H]3C2)s1
decoy_605,0.328889,0.375652,0.589021,0.621097,0.406987,0.444475,C[C@H]1CN[C@]2(C[N@H+]3CC[C@@H]2CC3)SC1
decoy_606,0.345974,0.399,0.649985,0.689308,0.516713,0.510024,C[C@@H]1CC[NH2+][C@@]2(CCCOCC2)S1
decoy_607,0.486959,0.506241,0.714628,0.720302,0.55233,0.526091,CC[C@@H]1CS[C@@]2(CCCC[C@H]2CC)N1
decoy_608,0.497799,0.560609,0.725538,0.777248,0.573978,0.587417,CC[C@@H]1CS[C@]2(CCC[C@H](C3CC3)C2)N1
decoy_609,0.53354,0.473935,0.747332,0.653703,0.581037,0.493645,C[C@@H]1C[C@]2(CCO1)NC(C)(C)CS2
decoy_61,0.380873,0.469106,0.689396,0.704388,0.477896,0.498602,CN(C)c1ccc(/C=C2\S/C(=N\c3ccccc3F)NC2=O)cc1
decoy_610,0.463531,0.513483,0.653827,0.744148,0.504738,0.510889,CC[C@@H]1CC[C@H](c2nc(Cl)c(F)c(Cl)n2)C1
decoy_611,0.321099,0.311292,0.526004,0.527753,0.426529,0.420214,CCC[C@@](C)(O)[C@H]1CC[C@H](C)[C@H](C)C1
decoy_612,0.298009,0.292196,0.477626,0.488192,0.409376,0.39642,O[C@@H](CC1CC1)C1CCCCCCC1
decoy_613,0.365928,0.4579,0.612023,0.723609,0.483819,0.530686,C[C@@H](Cl)c1nc([C@@H]2CCCS2)no1
decoy_614,0.428546,0.458282,0.680895,0.767183,0.480177,0.487739,Cc1cc([C@@H](Cl)CCC2CCCC2)cc(C)c1F
decoy_615,0.520826,0.579491,0.773082,0.738933,0.589771,0.562623,CCc1nc(Cl)cc(N[C@@H]2CCC[C@H]2C)n1
decoy_616,0.409484,0.447583,0.829171,0.802365,0.559545,0.512867,COc1c(C)c[nH+]c(C[C@]2(C#N)CCC[C@H](C)C2)c1C
decoy_617,0.470629,0.494004,0.680649,0.719213,0.499116,0.480559,CC(C)[C@H]1CC[C@](C#N)(Cc2ccc(Cl)s2)CC1
decoy_618,0.463859,0.508105,0.68534,0.737847,0.500521,0.490792,CC(C)[C@H]1CC[C@H](C(=O)Cc2ccc(Cl)s2)CC1
decoy_619,0.429722,0.465771,0.67945,0.678188,0.507321,0.50217,CC(C)[C@H]1CC[C@H]([C@@H](O)c2ccnn2C)CC1
decoy_62,0.504516,0.43593,0.821023,0.671622,0.555233,0.483335,O=C1CCCC[C@H]1OC(=O)[C@]12C[C@H]3C[C@H](C[C@H](C3)C1)C2
decoy_620,0.397471,0.370208,0.739437,0.657963,0.478977,0.454587,C[C@@H]1CC[C@H](C(=O)[C@H]2CC[C@H](C(C)(C)C)CC2)C[C@@H]1C
decoy_621,0.43955,0.479215,0.669771,0.705198,0.544679,0.503469,CC[C@H]1CCC[C@@H](c2nc(C)cc(CCl)n2)C1
decoy_622,0.451861,0.50564,0.672918,0.758746,0.488373,0.504381,CCc1ccc(C[C@H](O)[C@H]2CC[C@H](CC)C2)s1
decoy_623,0.475794,0.504568,0.754941,0.701658,0.53819,0.526655,CC(C)[C@@H]1C[C@H](Nc2c(Cl)ccc3nsnc23)CCO1
decoy_624,0.411862,0.379223,0.769008,0.769223,0.475724,0.425635,CC[C@@H](Cl)C1CCC1
decoy_625,0.391965,0.378989,0.716253,0.760956,0.463711,0.454113,CC(C)[C@@H](Br)C1CCC1
decoy_626,0.437103,0.448251,0.70864,0.679587,0.491906,0.46085,N#Cc1ccc(Cl)cc1Nc1c(Cl)ccc2nsnc12
decoy_627,0.480281,0.428161,0.721643,0.631482,0.535057,0.477712,CC(C)N[C@]1(C#N)CCC(C)(C)C[C@@H]1C
decoy_628,0.532517,0.467625,0.789312,0.775633,0.588821,0.517367,C[C@H]1CC(C)(C)CC[C@]1(O)CC1CCCC1
decoy_629,0.409546,0.404156,0.677024,0.633575,0.473458,0.443295,COC(=O)C#C[C@H]1CC[C@H](C)O1
decoy_63,0.458177,0.465378,0.692742,0.647197,0.498755,0.483593,CO[C@@H]1C=C(C#N)[C@@]23CC=C(C#N)[C@@]12CCC3
decoy_630,0.373259,0.388346,0.600863,0.583909,0.460364,0.44529,Cc1cc(C#N)cc(C)c1Oc1ncnc(Cl)c1C(C)C
decoy_631,0.313391,0.342665,0.487421,0.530079,0.412736,0.430319,CC(C)[C@H]1CCC[C@]2(CC1)C[C@@H]2CO
decoy_633,0.362822,0.397721,0.613269,0.718602,0.434619,0.453595,ClC[C@@H]1C[C@H]1C1CCCC1
decoy_634,0.360405,0.376787,0.645195,0.733842,0.435907,0.438423,ClC[C@H]1C[C@@H]1C1CCC1
decoy_635,0.370179,0.383342,0.699509,0.810218,0.458424,0.475488,CC[C@@]1(C)C[C@H]1CCl
decoy_636,0.39089,0.362569,0.641929,0.699618,0.455092,0.448109,CC1(C)CCC[C@@]12C[C@H]2CCl
decoy_637,0.359786,0.398479,0.581884,0.687672,0.42833,0.444283,CC[C@@H]1CC[C@@]2(C1)C[C@@H]2CCl
decoy_638,0.356199,0.365108,0.649272,0.737217,0.438173,0.449855,BrC[C@H]1C[C@H]1C1CCC1
decoy_639,0.419622,0.43105,0.635885,0.699918,0.469056,0.482307,CCC[C@@H]1CCC[C@@]2(CC1)C[C@@H]2CBr
decoy_64,0.38353,0.533392,0.672088,0.76925,0.465134,0.529884,CN(C)c1ccc(/C=C/c2c(C#N)c(=O)oc3ccccc23)cc1
decoy_640,0.337005,0.345134,0.563488,0.620266,0.417247,0.432367,CC(C)(C)[C@H]1CCC[C@]2(CC1)C[C@@H]2CBr
decoy_641,0.393702,0.425714,0.644932,0.76085,0.466948,0.489421,C[C@H]1CCCC[C@@]12C[C@@H]2CBr
decoy_642,0.354576,0.38832,0.589877,0.700272,0.436804,0.457383,CC1(C)CC[C@@]2(C[C@H]2CBr)C1
decoy_643,0.440197,0.512752,0.640749,0.712897,0.498801,0.49299,CC1(C)C[C@H](Nc2c(F)cc(Br)cc2F)CCO1
decoy_644,0.444045,0.509216,0.667172,0.693775,0.502942,0.500289,N#C[C@H]1CCCC[C@H]1Nc1c(F)cc(Br)cc1F
decoy_645,0.435455,0.436248,0.733062,0.636908,0.544836,0.483596,Cc1cc(Br)cc(C)c1Nc1nnc(C)c(C)c1C#N
decoy_646,0.415291,0.468658,0.617575,0.643465,0.474868,0.473006,CC[C@H]1[C@@H](c2ccc(C#N)cc2)C[C@@H]1O
decoy_647,0.45081,0.513626,0.654944,0.708915,0.479691,0.496074,O=Cc1ccc(N2CCCCc3ccccc32)c(F)c1
decoy_648,0.414362,0.453801,0.658112,0.671723,0.537,0.54204,FC(F)(F)C1CCN(c2nc(Cl)nc(Cl)n2)CC1
decoy_649,0.282925,0.289241,0.717208,0.745475,0.56049,0.480553,C[C@@H]1CCC(C)(C)C1(C)C
decoy_65,0.425793,0.55334,0.653169,0.736809,0.517339,0.531872,C#CCn1/c(=N/C(=O)c2ccco2)sc2cc(Cl)ccc21
decoy_650,0.486491,0.490313,0.669862,0.689717,0.527443,0.508339,Cn1nc(C[C@@H]2CCC[C@@H]2Cl)c2ccccc21
decoy_651,0.521939,0.56763,0.855475,0.817969,0.612854,0.673186,CCc1cc(C[C@]2(O)CC[C@H](C)[C@H](C)C2)n(C)n1
decoy_653,0.511427,0.589718,0.760424,0.825168,0.576265,0.620396,CCc1cc(C[C@H]2CCCCC[C@@H]2Cl)n(C)n1
decoy_654,0.416352,0.45004,0.863587,0.8264,0.527426,0.513365,O=C([O-])[C@@H]1CCC[N@H+](CC2CCCCCC2)C1
decoy_655,0.304851,0.379352,0.591754,0.626467,0.432234,0.497671,O=S(=O)(c1ccc(N2CC(O)(C3CC3)C2)cc1)C(F)(F)F
decoy_656,0.451719,0.498642,0.688199,0.670219,0.52123,0.4918,O=C([C@@H]1CCCO1)N1CCC[C@@H]2CCC[C@@H]21
decoy_657,0.423871,0.507451,0.757277,0.821975,0.54714,0.609671,c1ccc(N2CC[N@H+]3CCCC[C@@H]3C2)nc1
decoy_658,0.4895,0.54476,0.744931,0.704996,0.536797,0.512567,O=C(C=C1CCC1)N1CCOC[C@H]1C1CC1
decoy_659,0.343696,0.350714,0.666985,0.726462,0.44455,0.435562,CC[C@]1(Br)C=CC=CC1
decoy_66,0.42987,0.574784,0.663251,0.743857,0.497891,0.517631,N#Cc1nc(-c2cccs2)oc1N1CCCc2ccccc21
decoy_660,0.523273,0.532759,0.76824,0.715922,0.565282,0.514712,O=C(OC1CCCC1)[C@@H]1COc2ccc(F)cc2C1
decoy_661,0.473473,0.484053,0.719061,0.801779,0.538467,0.607807,CCC(C)(C)c1ccc([C@H](Cl)c2occc2C)cc1
decoy_662,0.399772,0.374922,0.802615,0.847787,0.528735,0.48832,C1=NC=C2OCOC2=CS1
decoy_663,0.435774,0.483755,0.683352,0.729539,0.507322,0.503691,CC[C@@]1(C)C(=O)C[C@@H]1Oc1c(C)cc(C)cc1C
decoy_664,0.44857,0.465222,0.711075,0.797919,0.537132,0.536049,CCC1(CC)[C@@H](Oc2ccc(C(C)C)cc2)C[C@@H]1Cl
decoy_665,0.43776,0.46424,0.697591,0.787913,0.524756,0.512169,CC(C)c1ccc(O[C@@H]2C[C@@H](Cl)C23CCCC3)cc1
decoy_666,0.494263,0.480797,0.749483,0.806589,0.54768,0.522942,CC(C)c1cccc(O[C@@H]2C[C@@H](Cl)C23CCCC3)c1
decoy_667,0.421401,0.432582,0.685904,0.754948,0.570326,0.511519,CCC1(CC)[C@H](Cl)C[C@@H]1Oc1ccc(C(C)C)c(C)c1
decoy_668,0.447781,0.4455,0.699073,0.74711,0.528917,0.496599,CC[C@]1(C)[C@@H](Cl)C[C@H]1Oc1ccc(C(C)C)c(C)c1
decoy_669,0.418162,0.446558,0.682787,0.776428,0.52636,0.51222,Cc1cc(O[C@H]2C[C@H](Cl)C23CCCC3)ccc1C(C)C
decoy_67,0.449792,0.593764,0.746046,0.795178,0.513272,0.549819,Cc1cccc(C)c1Nc1c(-c2cccnc2)nc2sccn12
decoy_670,0.474526,0.429002,0.729654,0.722245,0.550572,0.479244,CCC(C)(C)c1ccc(O[C@@H]2C[C@H](Cl)C2(C)C)cc1
decoy_671,0.471895,0.503723,0.708006,0.812266,0.559401,0.525832,CC[C@]1(C)[C@@H](Oc2c(C)cc(Cl)cc2C)C[C@@H]1Cl
decoy_672,0.422477,0.466478,0.66448,0.760301,0.523137,0.548047,CCc1cccc(O[C@H]2C[C@@H](Br)C2(CC)CC)c1
decoy_673,0.392273,0.474915,0.60665,0.661949,0.474239,0.502835,CC[C@]1(C)[C@@H](Oc2ccc([N+](=O)[O-])cc2F)C[C@@H]1Cl
decoy_674,0.416121,0.464721,0.655483,0.761512,0.548172,0.526199,CC[C@@]1(C)[C@@H](Oc2ccc3c(c2)CCCC3)C[C@@H]1Cl
decoy_675,0.476598,0.470404,0.747013,0.788504,0.567384,0.509357,Cl[C@@H]1C[C@H](OCCCc2ccccc2)C12CCCCCC2
decoy_676,0.527679,0.59813,0.770381,0.801816,0.562828,0.60489,Cc1cc([N+](=O)[O-])c(C)cc1O[C@@H]1C[C@@H](Cl)C1(C)C
decoy_677,0.464693,0.50186,0.727434,0.811809,0.518816,0.514277,C[C@H]1CC[C@@H](C(C)(C)C[C@@H]2Cc3ccccc3O2)[C@H](Cl)C1
decoy_678,0.485192,0.560219,0.717545,0.774669,0.529834,0.54119,Fc1ccc2c(c1)C[C@H](C[C@@H]1CCc3ccccc3N1)O2
decoy_679,0.51743,0.519808,0.746866,0.799261,0.573616,0.577084,CC(C)(C)[C@H](Cl)CCC[C@@H]1Cc2cc(F)ccc2O1
decoy_68,0.405758,0.400297,0.80233,0.694614,0.492963,0.447307,CC(C)c1ccc(/C=C(\C#N)c2nnc3n2CCCCC3)cc1
decoy_680,0.4861,0.543367,0.696244,0.803944,0.53338,0.541341,Fc1ccc2c(c1)C[C@H](CCC[C@@H](Cl)c1ccccc1)O2
decoy_681,0.472982,0.528919,0.742258,0.729569,0.493787,0.544584,O=C1CCCc2cc(-n3ccnc3)ccc21
decoy_682,0.441325,0.448985,0.700373,0.734493,0.575071,0.501399,Cl[C@H](CCC1CCCCC1)Cc1ccc2ccccc2n1
decoy_683,0.449267,0.514589,0.686033,0.769464,0.54411,0.528069,Cl[C@@H](Cc1ccc2ccccc2n1)CC1CCCCC1
decoy_684,0.476199,0.488154,0.740299,0.759423,0.543941,0.523968,C[C@@H](C[C@H](Cl)Cc1ccc2ccccc2n1)C(C)(C)C
decoy_685,0.421775,0.433008,0.689408,0.74312,0.4962,0.479138,Cc1cccnc1C[C@H](Cl)[C@H]1CC[C@H](C(C)(C)C)CC1
decoy_686,0.4535,0.485185,0.689515,0.724801,0.486974,0.533697,C[C@H](c1ccncc1)[C@@H](Br)CCC1CCCCC1
decoy_687,0.493735,0.413957,0.804623,0.761609,0.546999,0.47202,CC(C)Cc1ccc([C@H](Cl)C2C(C)(C)C2(C)C)cc1
decoy_688,0.388044,0.436279,0.770458,0.728912,0.538267,0.487769,CC[C@H]1C[NH2+][C@](C)(CC)CN1c1cccnc1C
decoy_689,0.417658,0.499511,0.60902,0.689567,0.486809,0.50349,CC[C@H]1CCC[C@H](c2nc(C)c(F)c(Cl)n2)C1
decoy_69,0.317324,0.362389,0.590556,0.559557,0.471808,0.43073,O=C1N/C(=N\c2ccc(Cl)cc2Cl)S/C1=C\c1cccnc1
decoy_690,0.382888,0.494433,0.851456,0.931265,0.569992,0.660852,Cc1cc(F)cc(N2CC3(CCCC3)[NH2+]C[C@H]2C(C)C)c1
decoy_691,0.388049,0.481051,0.857243,0.879304,0.554087,0.557742,Cc1cc(F)cc(N2CCC[NH2+][C@H](C3CCCCC3)C2)c1
decoy_692,0.448566,0.520682,0.746156,0.779619,0.501038,0.535484,C[C@H]1CC[C@@](C#N)([C@]2(O)CCCC[C@@H]2c2ccccc2)C1
decoy_693,0.407233,0.464995,0.711003,0.733725,0.484534,0.496973,CC(C)(C)[C@H]1CC[C@](C#N)([C@](C)(O)c2ccccc2)CC1
decoy_694,0.409955,0.444676,0.712816,0.697135,0.473573,0.487464,C[C@](O)(c1ccc2c(c1)CCCC2)C1(C#N)CCCCC1
decoy_695,0.396558,0.389631,0.728741,0.654118,0.472782,0.4509,C[C@H]1CCC[C@](C#N)([C@H](O)c2ccc(C(C)(C)C)cc2)C1
decoy_696,0.378512,0.43774,0.553574,0.678692,0.477739,0.510263,ClCc1ncoc1[C@]12C[C@H]3C[C@H](C[C@H](C3)C1)C2
decoy_697,0.494584,0.540557,0.682666,0.785233,0.527667,0.546999,Cl[C@@H]1C=C(C[C@H]2CSc3ccccc32)CCC1
decoy_698,0.456826,0.60503,0.712554,0.772338,0.498824,0.56768,Cc1cc(C)cc(-n2c(CCCl)nc3cnccc32)c1
decoy_699,0.434953,0.444814,0.709977,0.676244,0.484545,0.454027,C[C@@H]1CC[C@H](n2c(CCCl)nc3cccnc32)[C@H](C)C1
decoy_7,0.435485,0.516075,0.804482,0.795007,0.505257,0.525461,C=C1N=C2CC(C)(C)CC(=O)[C@@H]2[C@H](c2cccc(OC)c2)[C@H]1C#N
decoy_70,0.425669,0.505241,0.822574,0.802055,0.538778,0.528811,CC(C)c1ccc(N[C@H]2CCCN(C(=O)c3ccco3)C2)cc1
decoy_700,0.444232,0.552164,0.725736,0.786018,0.503805,0.537711,Cc1ccnc2c1nc([C@H](C)Cl)n2CC1CCCCC1
decoy_701,0.423256,0.46882,0.711983,0.68418,0.493044,0.496553,Cc1ccnc2c1nc([C@@H](C)Cl)n2[C@H](C)C1CCCC1
decoy_702,0.428379,0.467606,0.665983,0.656651,0.489966,0.482485,Cc1ccnc2c1nc(CCl)n2[C@H](C)C1CCCC1
decoy_703,0.465699,0.520377,0.744149,0.748923,0.511236,0.507637,CC[C@H]1CCC[C@@H](n2c(CCl)nc3cc(C)cnc32)C1
decoy_704,0.438084,0.508926,0.803271,0.793538,0.567711,0.576891,CCc1nn(C)c2c1nc([C@@H](C)Cl)n2CC1CCCCC1
decoy_705,0.429305,0.495262,0.692381,0.705893,0.513737,0.500922,CC(C)[C@@H](O)[C@@H](C)c1ccc2c(c1)OCCCO2
decoy_706,0.51025,0.473705,0.785784,0.828115,0.5643,0.536169,CC(C)[C@@H](Cl)[C@@H]1CCC(C)(C)c2ccccc21
decoy_707,0.500227,0.598056,0.715306,0.779484,0.538321,0.580203,CC/C(C=O)=C\c1cc(Br)c2c(c1)OCCO2
decoy_708,0.474063,0.576637,0.742621,0.769977,0.530527,0.640367,Cc1nsc(N[C@@H](C)C2CCCCC2)c1C#N
decoy_709,0.350622,0.389912,0.773509,0.769791,0.48227,0.482141,CC[C@@H]1CCCC[C@@H]1[N@@H+]1CC[C@H](C(=O)[O-])[C@@H]1C
decoy_71,0.453217,0.514258,0.782414,0.752249,0.545077,0.523412,O=C1C[C@@H](c2ccccc2)Cc2nc(Nc3ccc(F)cc3)ncc21
decoy_710,0.298163,0.339587,0.701408,0.73594,0.438875,0.469164,CC(C)[C@H]1CC[C@H]([N@H+]2CC[C@@H](C(=O)[O-])[C@H]2C)CC1
decoy_711,0.333392,0.37238,0.726735,0.739193,0.465669,0.46875,C[C@H]1[C@@H](C(=O)[O-])CC[N@@H+]1CC1CCCCCC1
decoy_712,0.310291,0.359729,0.597761,0.612393,0.423221,0.427712,O=C([O-])C1(C[C@H]2CCCc3ccccc32)CCCCCC1
decoy_713,0.414365,0.444396,0.715299,0.721235,0.480242,0.478273,CC(C)[C@@H]1CCC(=O)[C@@H](C[C@@H]2CCCc3ccccc32)C1
decoy_714,0.394724,0.432144,0.675471,0.671876,0.476008,0.465408,CC(C)[C@H]1CC[C@H](O)[C@H](Cc2ccnc3ccccc23)C1
decoy_715,0.322862,0.400499,0.720056,0.73859,0.458757,0.475243,CCc1nn(C)c(OC)c1C[N@H+]1[C@H](C)C[C@H]2CCCC[C@@H]21
decoy_716,0.428063,0.426406,0.879308,0.782927,0.529123,0.49531,CC(C)(C)[C@H]1C[N@H+]([C@@H]2CCC[C@H](C(=O)[O-])C2)C1
decoy_717,0.506218,0.55247,0.728286,0.738801,0.543471,0.523025,CC(C)(C)c1ccc(C(=O)c2ccc(F)cn2)cc1
decoy_718,0.485527,0.531688,0.706351,0.711609,0.584976,0.526363,Fc1cc(Cl)cnc1N1CCC[C@H]1C1CCCC1
decoy_719,0.426635,0.493087,0.661687,0.65777,0.47809,0.51807,CC[C@H]1CC[C@H](Nc2ccc(Br)c([N+](=O)[O-])c2)C1
decoy_72,0.434896,0.458812,0.769164,0.730018,0.50141,0.479642,Cc1cc(C)c([C@@H]2Nc3c(C)ccc([N+](=O)[O-])c3[C@H]3C=CC[C@@H]32)c(C)c1
decoy_720,0.39661,0.527522,0.635704,0.692474,0.465277,0.543312,O=[N+]([O-])c1cc(N[C@H]2CCCc3ccccc32)ccc1Br
decoy_721,0.434634,0.476825,0.666244,0.648685,0.47569,0.476744,O=[N+]([O-])c1cc(NCC2CCCCC2)ccc1Br
decoy_722,0.50803,0.4694,0.783693,0.741382,0.55211,0.479674,CC1(C)CC(Cc2nc(C(C)(C)C)cs2)=C[C@H](Cl)C1
decoy_723,0.496083,0.457219,0.777968,0.801307,0.569924,0.509807,CC1(C)CCC[C@H](CN2CCCCc3ccccc32)[C@@H]1O
decoy_724,0.444531,0.46718,0.789163,0.733365,0.555762,0.524873,CCCc1nn(C)c2c1nc(CCl)n2[C@H]1CCCC1(C)C
decoy_725,0.497594,0.575584,0.735085,0.776443,0.54112,0.535153,Clc1cc(Cl)cc(N[C@@H]2CCO[C@]3(CCSC3)C2)c1
decoy_726,0.453306,0.530556,0.686628,0.731572,0.505236,0.506598,Brc1ccc(N[C@@H]2CCOC3(CCCC3)C2)cc1
decoy_727,0.433026,0.513864,0.706181,0.738267,0.518879,0.521227,c1ccc2cc(N[C@@H]3CCO[C@]4(CCSC4)C3)ccc2c1
decoy_728,0.455148,0.537316,0.698373,0.731652,0.509302,0.508961,Fc1cc(N[C@@H]2CCOC3(CCCC3)C2)ccc1Cl
decoy_729,0.476183,0.518596,0.754027,0.733995,0.520988,0.534695,O=Cc1ccc(O[C@H]2CCOC3(CCCCC3)C2)cc1
decoy_73,0.447506,0.493147,0.729487,0.68713,0.531996,0.514943,CC(C)c1ccc(OCc2cc(=O)n3ccsc3n2)cc1
decoy_730,0.469361,0.48375,0.797146,0.73643,0.526538,0.526438,C[C@@](O)(c1ccccc1F)[C@@H]1CCOC2(CCCCC2)C1
decoy_731,0.482872,0.549888,0.737421,0.783231,0.545631,0.543684,O[C@@H](c1cc(Cl)cc(Cl)c1)[C@H]1CCOC2(CCCC2)C1
decoy_732,0.541857,0.589548,0.793899,0.78904,0.563132,0.583347,O=C(c1cccs1)[C@@H]1CCOC2(CCCCC2)C1
decoy_733,0.506699,0.514591,0.814303,0.789463,0.54146,0.561641,c1cc2c(cc1C[C@@H]1CCOC3(CCCC3)C1)CCCN2
decoy_734,0.460581,0.476517,0.755237,0.779086,0.514025,0.497433,CC(C)(C)[C@H](Cl)CC[C@H]1CCOC2(CCCCC2)C1
decoy_735,0.450604,0.4563,0.721256,0.729434,0.493398,0.478871,Cl[C@@H](CC[C@@H]1CCOC2(CCCC2)C1)c1ccccc1
decoy_736,0.391184,0.508816,0.77107,0.875755,0.547539,0.618839,CC[C@@H]1C[N@H+]2CCCC[C@@H]2CN1c1ccccc1C
decoy_737,0.40046,0.503922,0.784671,0.872517,0.511712,0.606904,C[C@H]1C[N@H+]2CCCC[C@@H]2CN1c1ccccc1OC(F)F
decoy_738,0.411671,0.478892,0.660273,0.78375,0.485792,0.510663,CCN(CC1(CS)CCCCCC1)c1cccc(F)c1
decoy_739,0.406525,0.444275,0.690411,0.773641,0.484638,0.485704,CC(C)[C@H]1CC[C@@H](C)C[C@H]1OCC1(CS)CCCC1
decoy_74,0.473564,0.519702,0.711445,0.685426,0.47807,0.489371,S=C(Oc1ccc2ccccc2c1)N1CCCC1
decoy_740,0.482317,0.490393,0.686105,0.731999,0.548922,0.522465,SCC1(CSc2nc3ccccc3s2)CCCCC1
decoy_741,0.442076,0.543963,0.767872,0.757766,0.508001,0.522249,Fc1c(-c2nc3c(F)cccc3[nH]2)cccc1C(F)(F)F
decoy_742,0.501722,0.490115,0.750463,0.799514,0.545827,0.518489,Cc1cc(F)c([C@@H](Cl)C[C@H](C)C(C)(C)C)cc1F
decoy_743,0.419454,0.50644,0.71624,0.729449,0.480843,0.497627,CC[C@@H]1CCC[C@@](C#N)(Cc2ccc([N+](=O)[O-])c(F)c2)C1
decoy_744,0.450512,0.560622,0.694577,0.753617,0.516916,0.528359,Clc1ccc(-c2noc([C@@H](Cl)c3ccccc3)n2)nc1
decoy_745,0.433518,0.455801,0.651982,0.730931,0.493452,0.500751,CCC1([C@H](Cl)c2ccc(F)c(C)c2)CCCC1
decoy_746,0.43312,0.555177,0.664348,0.7595,0.515604,0.616672,O=[N+]([O-])c1ccc([C@H](Cl)Cc2ccc(F)c(F)c2)o1
decoy_747,0.464582,0.442064,0.7348,0.647075,0.517505,0.455567,C/C=C/C=C/C(=O)N1[C@H](C)CN(C)C[C@H]1C
decoy_748,0.423465,0.476188,0.6931,0.763783,0.505235,0.542094,Cc1c(C#N)cncc1OC1CC1
decoy_749,0.4767,0.526782,0.772683,0.863264,0.528812,0.533882,N#Cc1nccc(F)c1OC1CC1
decoy_75,0.452731,0.465168,0.75235,0.698678,0.512135,0.482152,O=[N+]([O-])c1ccc2c(c1)[C@@H]1[C@@H]3CC[C@@H](C3)[C@H]1[C@@H](c1ccc(F)cc1)N2
decoy_750,0.438006,0.491359,0.866753,0.857562,0.597142,0.684581,O=CC1=NN=C2CC=C(F)C=C12
decoy_751,0.43388,0.468838,0.858037,0.83695,0.580064,0.61668,N#CC1=C2CC=C(Cl)C=C2N=N1
decoy_752,0.32785,0.359283,0.723731,0.766827,0.486716,0.509394,Clc1cc2c(c(Cl)n1)C[NH2+]CC2
decoy_753,0.394365,0.392735,0.72224,0.715371,0.489348,0.451597,N#CC1(c2cnc(Br)cn2)CC1
decoy_754,0.499368,0.435163,0.755123,0.681249,0.53624,0.484725,N#C[C@H]1CCCC2(C1)OCCO2
decoy_755,0.435041,0.453454,0.803434,0.855912,0.559785,0.583236,N#CC1=C2C=C(Cl)C(Cl)=C[C@@H]2N=N1
decoy_756,0.333398,0.357486,0.582024,0.65501,0.425488,0.42911,FC1(F)CC[C@H]2CCC[C@@H]2C1
decoy_757,0.404545,0.343318,0.770052,0.78837,0.525439,0.475354,C#CC1=CCCCC1(C)C
decoy_758,0.428637,0.366268,0.776153,0.746297,0.525969,0.462486,C#C[C@@H]1C(C)=CCCC1(C)C
decoy_759,0.329378,0.416327,0.547849,0.625413,0.463445,0.489894,Cc1cc2c(Cl)c(C#N)cnc2cc1OCCCl
decoy_76,0.3858,0.5199,0.666438,0.732121,0.468021,0.517574,CN1C(=O)/C(=C/C=C/c2ccccc2)S/C1=N\c1cccc(O)c1
decoy_760,0.483792,0.475507,0.758021,0.667173,0.546851,0.500422,O=C(C1CCCC1)N1CCC2(CC1)COC2
decoy_761,0.352211,0.451573,0.728063,0.843785,0.503967,0.629216,CC[NH+]1CCN(c2cc(C)c3cc(N=C=S)ccc3n2)CC1
decoy_762,0.370474,0.380171,0.697986,0.789685,0.472623,0.476203,Cl/C=C/C1CCCCC1
decoy_763,0.361286,0.387143,0.697572,0.80401,0.517712,0.507116,C=C[C@@H]1CC[C@@H]2[C@@H]1CC[C@@H]2C=C
decoy_764,0.475464,0.516198,0.758324,0.763243,0.538645,0.513489,CN(C)/N=C1\CCC[C@H]1C#N
decoy_765,0.377912,0.442705,0.814664,0.812626,0.515856,0.520553,CC[C@H]1[NH2+][C@@](C)(CC)C(=O)N1[C@H]1CC[C@H](C)CC1
decoy_766,0.360175,0.394631,0.548487,0.598887,0.462594,0.469787,CC(C)[C@H](CO)Cc1ccc(C(F)(F)F)cc1
decoy_767,0.399029,0.4311,0.720157,0.69559,0.467881,0.473181,c1cn2c([nH+]1)CN(CC1CCCCC1)CC2
decoy_768,0.374573,0.456302,0.748895,0.762401,0.47268,0.451394,C[NH2+][C@H](c1cnc(C)cn1)[C@H]1CC[C@H](C)[C@H](C)C1
decoy_769,0.396305,0.421098,0.785149,0.731969,0.555981,0.491688,C=C(C)[C@@H]([NH2+]CC)[C@@H]1CCCC[C@@H]1C(F)(F)F
decoy_77,0.487216,0.419257,0.682758,0.640609,0.539803,0.457586,C[C@@]12OCCC[C@@H]1[C@@H]1CCCC[C@@H]12
decoy_770,0.361946,0.477537,0.617483,0.677882,0.433764,0.464725,CC[C@H]1CCCC[C@@H]1n1c(=S)[nH]c2cc(Cl)c(F)cc21
decoy_771,0.437017,0.488519,0.639163,0.66101,0.516576,0.527264,C[C@H]1CCC[C@H]1Nc1ccc([N+](=O)[O-])cc1I
decoy_772,0.413141,0.47367,0.674287,0.73512,0.467688,0.502595,CCC[C@H]1CC[C@](C#N)(Cc2cc(F)ccc2C)CC1
decoy_774,0.514653,0.524993,0.731845,0.79164,0.58445,0.531046,O[C@@H](CCC1CCCC1)Cc1cc(F)cc(F)c1
decoy_775,0.357283,0.444236,0.60987,0.651573,0.444162,0.49509,O=C(C1=CCCC1)N1CCO[C@H]2CCCC[C@H]21
decoy_777,0.469242,0.627357,0.760336,0.804828,0.566284,0.588866,Fc1cccc(N2N=C(c3ccccc3)NN2c2cccc(F)c2)c1
decoy_778,0.334416,0.368008,0.69403,0.820346,0.467693,0.495722,CC(C)(C)C#C/C=C/Cl
decoy_779,0.483441,0.570192,0.692553,0.741876,0.516383,0.55862,CCc1cnccc1-c1nc2cc(C(F)(F)F)ccc2o1
decoy_78,0.513694,0.492862,0.730642,0.782501,0.582904,0.501534,Oc1ccc(Br)cc1/C=N/c1cc(F)cc(F)c1
decoy_780,0.268898,0.260946,0.472193,0.438793,0.386908,0.367531,CON(C)C(=O)[C@@H]1CC=CCC1
decoy_781,0.374651,0.422573,0.60357,0.604421,0.433962,0.446193,N#Cc1ccc(C(=O)N2[C@@H]3CC=C[C@H]2CC3)cc1
decoy_782,0.431329,0.538153,0.704488,0.741293,0.524307,0.561423,Clc1ccc(/N=N\[C@@H](c2ccccc2)c2ccccn2)nc1
decoy_783,0.271238,0.232053,0.770005,0.732022,0.532479,0.461517,C1C2CC3CC1CC(C2)C3
decoy_784,0.280399,0.28714,0.717848,0.745313,0.535206,0.50335,C1C2C[C@H]3[C@@H]4CC5C[C@@H]([C@H]14)[C@@H](C2)[C@@H]3C5
decoy_785,0.384805,0.389059,0.655971,0.747797,0.52487,0.54887,c1ccc([C@]23C[C@H]4C[C@H](C[C@H](C4)C2)C3)cc1
decoy_786,0.324604,0.379137,0.745336,0.896617,0.527726,0.552763,c1ccc(C2CC2)cc1
decoy_787,0.410394,0.353444,0.887348,0.869521,0.612338,0.455948,c1coc(C2CC2)c1
decoy_788,0.214152,0.231348,0.496714,0.56457,0.313242,0.325154,c1nc(C2CC2)cs1
decoy_789,0.37119,0.576554,0.622408,0.814973,0.511514,0.758447,c1ccc(-c2cc(C3CC3)[nH]n2)cc1
decoy_79,0.386984,0.507518,0.721115,0.775057,0.518681,0.572551,O=C1C=C/C(=N\Nc2ccc(-c3ccccc3)cc2)c2cccnc21
decoy_790,0.428799,0.428366,0.769939,0.739595,0.531024,0.473921,c1cc2cnoc2nc1C1CC1
decoy_791,0.523278,0.591212,0.733142,0.763109,0.566547,0.540186,c1ccc(NCc2ccc(C3CC3)o2)cc1
decoy_792,0.442217,0.504455,0.728355,0.875857,0.491662,0.51173,c1ccc2oc(C3CC3)nc2c1
decoy_793,0.357174,0.545642,0.642287,0.791961,0.524483,0.706058,c1ccc(-c2n[nH]c(C3CC3)n2)cc1
decoy_794,0.511358,0.572943,0.743942,0.800123,0.543631,0.54123,c1ccc(Cc2noc(C3CC3)n2)cc1
decoy_795,0.339191,0.401681,0.622354,0.644288,0.467233,0.458751,c1nc(CSc2n[nH]c(C3CC3)n2)cs1
decoy_796,0.514413,0.604301,0.790496,0.786087,0.565345,0.599489,c1ccc(NCc2nc(C3CC3)no2)cc1
decoy_797,0.378986,0.516826,0.744132,0.86313,0.512408,0.592219,c1ccc(N2NC(C3CC3)=[NH+][C@H]2Cc2c[nH]c[nH+]2)cc1
decoy_798,0.368655,0.421314,0.750921,0.884284,0.558453,0.561369,c1ccc(CC2CC2)cc1
decoy_799,0.372405,0.38409,0.813481,0.897253,0.562798,0.530132,c1cc(CC2CC2)cs1
decoy_8,0.477181,0.495742,0.660896,0.727959,0.517669,0.528794,CC(C)(C)c1csc(-c2ccc(C(F)(F)F)cc2)n1
decoy_80,0.390903,0.428418,0.736548,0.733608,0.509511,0.484774,CC[C@H](C)[C@]12CN3C[N@H+](C[C@](C)(C3)C1=O)C2
decoy_800,0.214924,0.221084,0.44491,0.488275,0.310576,0.314816,c1cnn(CC2CC2)c1
decoy_801,0.382235,0.4897,0.700872,0.767859,0.502263,0.529325,c1ccc(N2CC[NH+](CC3CC3)CC2)cc1
decoy_802,0.438238,0.511798,0.683699,0.834165,0.544557,0.606425,c1ccc(NCC2CC2)cc1
decoy_803,0.48819,0.6155,0.663009,0.805984,0.542818,0.573323,c1ccc(N[C@H](c2ccccc2)C2CC2)cc1
decoy_804,0.493589,0.584663,0.684681,0.800644,0.54617,0.578352,c1ccc(N[C@H](c2cccs2)C2CC2)cc1
decoy_805,0.451249,0.572995,0.659704,0.710117,0.495628,0.544221,c1ccc([C@@H](Nc2cccnc2)C2CC2)cc1
decoy_806,0.284812,0.307761,0.556321,0.563303,0.388755,0.402629,c1n[nH]cc1NCC1CC1
decoy_807,0.392707,0.470597,0.741422,0.712567,0.52778,0.537879,c1ccc(C[NH2+]CC2CC2)cc1
decoy_808,0.378075,0.463848,0.696511,0.756516,0.445411,0.476857,c1cc2cnc(C[NH2+]CC3CC3)nc2s1
decoy_809,0.505352,0.51548,0.722586,0.764755,0.542199,0.541699,c1ccc(COCC2CC2)cc1
decoy_81,0.44645,0.618124,0.695906,0.798674,0.518868,0.61272,Cc1ncsc1-c1nc(N(C)C)ncc1-c1ccc(F)cc1
decoy_810,0.396953,0.371239,0.792136,0.829396,0.527777,0.459323,c1ccn(C2CC2)c1
decoy_811,0.442572,0.472924,0.769183,0.716169,0.530018,0.488109,c1ccc2c(c1)=NCC=2C1=[NH+]NCN1C1CC1
decoy_812,0.456032,0.528003,0.751546,0.717788,0.570469,0.516223,c1coc(-c2nc(CSc3nncn3C3CC3)cs2)c1
decoy_813,0.521662,0.503026,0.814911,0.759683,0.56141,0.521426,c1ccc(-c2nnnn2C2CC2)cc1
decoy_814,0.571768,0.524802,0.852114,0.871654,0.644837,0.555881,c1csc(-c2ccn(C3CC3)c2)c1
decoy_815,0.431106,0.540442,0.747024,0.805839,0.544792,0.59717,c1ccc(N[C@H]2CC[N@@H+](C3CC3)C2)cc1
decoy_816,0.307769,0.400285,0.550275,0.664506,0.449973,0.56924,c1ccc(N2CC[NH+](C3CC3)CC2)cc1
decoy_817,0.477406,0.559239,0.803765,0.803403,0.538335,0.540431,c1ccc(CSc2nnc(COc3ccccc3)n2C2CC2)cc1
decoy_818,0.432449,0.483205,0.724553,0.865452,0.549401,0.612504,c1ccc(NC2CC2)cc1
decoy_819,0.522911,0.647897,0.78281,0.804205,0.618323,0.61881,c1ccc(-c2cccc(NC3CC3)n2)cc1
decoy_82,0.505754,0.576604,0.751263,0.76781,0.558021,0.570102,N#C[C@@H](c1ccccc1F)N1CCOCC1
decoy_820,0.473189,0.637122,0.798459,0.826382,0.611002,0.594626,c1ccc(Nc2nc(NC3CC3)c3ccccc3n2)cc1
decoy_821,0.338203,0.385603,0.747891,0.742788,0.4781,0.471253,c1ccc([C@@H]2C[C@@H]([NH2+]C3CC3)C[C@@H]3c4[nH]c5ccccc5c4CCN32)cc1
decoy_822,0.316753,0.443148,0.641145,0.784697,0.493112,0.654371,c1ccc(C[NH2+]C2CC2)cc1
decoy_823,0.363746,0.411299,0.743452,0.723406,0.525328,0.477306,c1ccc([C@H](CSc2ncn[nH]2)[NH2+]C2CC2)cc1
decoy_824,0.258645,0.228587,0.772483,0.749621,0.538035,0.47481,C1C[C@@H]2CC[C@H](C1)C2
decoy_825,0.282272,0.332731,0.687893,0.711308,0.45618,0.469937,C1CC2(CC[NH2+]1)CC[NH2+]C2
decoy_826,0.384509,0.351559,0.798708,0.744015,0.502307,0.474017,c1ncc2c3c(sc2n1)C[NH2+]CC3
decoy_827,0.420294,0.449522,0.736227,0.767037,0.50752,0.51069,c1ncc2c3c(sc2n1)COCC3
decoy_828,0.348335,0.427368,0.771007,0.762519,0.498888,0.496328,c1cc2c3c(c1)O[C@H]1CCC[C@H]4[C@@H](C2)[N@@H+](CC2CC2)CC[C@]314
decoy_829,0.464643,0.362385,0.706329,0.562916,0.511891,0.415337,c1cc(N2C[C@H]3CCC[C@@H]2C3)ncn1
decoy_83,0.370755,0.449718,0.763014,0.730184,0.514685,0.485842,COc1ccc(C2=C([O-])c3ccccc3/C2=N/c2cccnc2)cc1
decoy_830,0.336578,0.460909,0.630799,0.726395,0.422844,0.482969,c1cncc(-c2nc3c(c(NCc4cccs4)n2)CC[NH2+]C3)c1
decoy_831,0.258786,0.339276,0.562586,0.660131,0.40523,0.470817,C1=[NH+][C@@H](c2ccccc2)Nc2sc3c(c21)CC[NH2+]C3
decoy_832,0.470391,0.515516,0.769463,0.751592,0.530006,0.539035,c1ncc2oc3ncc4c(c3c2n1)CCOC4
decoy_833,0.400072,0.351636,0.687018,0.558892,0.470255,0.412436,c1ccc(Nc2cc(N3C[C@H]4CCC[C@@H]3C4)ncn2)nc1
decoy_834,0.395527,0.485805,0.723846,0.780651,0.486302,0.513028,c1ccn2cc(C[N@H+]3C[C@H]4CCC[C@@H]3C4)nc2c1
decoy_835,0.359887,0.390405,0.792388,0.743383,0.495789,0.450314,c1cnc(-c2nc(C[NH2+]C3CCC4(CC[NH2+]CC4)CC3)cs2)cn1
decoy_836,0.353626,0.495229,0.683436,0.800606,0.442165,0.53272,C1=C(c2ccccc2)NC2(CC[NH2+]CC2)N[C@@H]1c1ccccc1
decoy_837,0.327352,0.376369,0.730887,0.706525,0.438676,0.438712,C1=[NH+][C@@H](c2ccc(OCc3ccccc3)cc2)Nc2sc3c(c21)CC[NH2+]C3
decoy_838,0.391015,0.493482,0.84894,0.888018,0.564069,0.579943,C1=C[C@]2(CC[N@@H+](Cc3ccccc3)CC2)c2c(n[nH]c2-c2ccccc2)O1
decoy_839,0.369454,0.430654,0.791896,0.821056,0.546896,0.546368,c1ccc(C[N@H+]2CC[C@]3(CC2)Nc2ccccc2-n2cccc23)cc1
decoy_840,0.324682,0.370385,0.805389,0.842721,0.488541,0.484431,c1ccc2c(c1)[C@@H]([NH2+]Cc1ccc3nonc3c1)CC21CC[NH2+]CC1
decoy_841,0.357755,0.418688,0.700544,0.702702,0.539144,0.527583,C1CCC2(C1)CCC[NH2+]2
decoy_842,0.295581,0.339211,0.609394,0.6642,0.482051,0.583789,C1CCC2(C1)CC[NH2+]CC2
decoy_843,0.373417,0.383492,0.796252,0.696736,0.542684,0.500631,C1CC[C@@H]2[C@H](C1)CC[C@@H]2[NH2+]C1CC[NH2+]CC1
decoy_844,0.465765,0.548942,0.71448,0.863742,0.545689,0.666429,C1=N[C@@H]2[C@@H]3CC[C@H]4[C@@H](CC[C@H]5CCCC[C@H]54)[C@H]3C[C@@H]2S1
decoy_845,0.439846,0.393199,0.627979,0.605003,0.495702,0.443555,C1=C2COC[C@H]2[C@@H]2CCCC[C@@H]2C1
decoy_846,0.47626,0.499975,0.703382,0.731521,0.560196,0.516335,c1ccc(OCCOc2cccc3c2CCCC3)cc1
decoy_847,0.365308,0.436602,0.645743,0.669334,0.511213,0.554138,C1CCC2(CC1)CCCC[NH2+]2
decoy_848,0.392736,0.474555,0.70156,0.852805,0.498384,0.538944,c1ccc(N2CCCCC23CCCCC3)cc1
decoy_849,0.370189,0.463121,0.736254,0.722083,0.498182,0.507202,c1ccc([C@H]2[NH2+]CC[C@H]3CCCC[C@H]32)cc1
decoy_85,0.490211,0.512364,0.684026,0.745229,0.540988,0.513924,CC(C)c1ccc([C@@H]2C[C@@H]2[C@@H](C)O)cc1
decoy_850,0.308767,0.309606,0.558496,0.504718,0.419905,0.394603,C1CCC2(CC1)CC[NH2+]CC2
decoy_851,0.514998,0.571509,0.707387,0.778724,0.567537,0.601124,c1ccc(CCn2ncc3c2CCCC3)cc1
decoy_852,0.54746,0.412113,0.785362,0.679113,0.615008,0.470258,c1ccc2c3c([nH]c2c1)CCCC3
decoy_853,0.505227,0.415914,0.82667,0.77621,0.571238,0.469509,c1ccc2c3c(oc2c1)CCCC3
decoy_854,0.398201,0.399105,0.685187,0.691949,0.460588,0.446429,c1cn2c3c(sc2n1)CCCC3
decoy_855,0.373097,0.391698,0.6305,0.668364,0.455496,0.450745,c1ncc2c3c(sc2n1)CCCC3
decoy_856,0.4371,0.571601,0.624821,0.764118,0.517962,0.568096,C1=C[C@H]2c3ccccc3N[C@H](c3ccccc3)[C@@H]2C1
decoy_857,0.359401,0.386496,0.637162,0.62892,0.423805,0.454036,c1ccc2c(c1)C[NH2+]CC21CCCC1
decoy_859,0.49242,0.538532,0.66696,0.767899,0.561782,0.549021,c1csc(Cc2nc3sccc3c3c2CCCC3)c1
decoy_86,0.359322,0.407625,0.667462,0.672985,0.437784,0.471097,C1CC[C@H](c2nc3c(s2)CCC3)[NH2+]C1
decoy_860,0.300567,0.296063,0.753793,0.784781,0.546306,0.526111,C1CC[C@@H]2[C@H](C1)CC[C@H]1[C@@H]2CC[C@H]2CCC[C@H]21
decoy_861,0.388997,0.495808,0.769373,0.810562,0.552266,0.57479,c1ccc([C@@H]2CCCC3(CCCCC3)[NH2+]2)cc1
decoy_862,0.444094,0.469404,0.688231,0.759597,0.531036,0.517787,c1ccc(N2CCC3(CCCCC3)CC2)cc1
decoy_863,0.397942,0.435967,0.82967,0.785209,0.533926,0.519105,c1ccc(C[N@@H+]2CC[C@H]3CCCC[C@H]3[C@H]2c2ccccc2)cc1
decoy_864,0.511562,0.581237,0.691229,0.807857,0.519868,0.533721,c1coc(-c2c3c(nc4sccc24)CCCC3)c1
decoy_866,0.276317,0.384997,0.539839,0.664092,0.429539,0.516658,C1=[NH+][C@@H](c2ccccc2)Nc2sc3c(c21)CCCC3
decoy_867,0.486307,0.433045,0.74461,0.635012,0.538967,0.446148,c1ccc(SCc2ncc3c4c(sc3n2)CCCC4)cc1
decoy_868,0.496399,0.457036,0.746684,0.717289,0.548299,0.485814,c1nc2c3c4c(sc3ncn2n1)CCCC4
decoy_869,0.391545,0.491172,0.732215,0.830194,0.553972,0.668756,c1nc(N2CC[NH2+]CC2)c2c3c(sc2n1)CCCC3
decoy_87,0.334182,0.315479,0.740538,0.617583,0.509491,0.422264,CC1=C(c2ccc(C)c(C)c2)S(=O)(=O)N=C1[N-]C1CCCCCC1
decoy_870,0.466481,0.576254,0.738964,0.755778,0.513628,0.545218,c1ccc(CNc2ncnc3sc4c(c23)CCCC4)cc1
decoy_871,0.412364,0.526089,0.642418,0.757069,0.513086,0.557644,C1=C[C@H]2c3ccccc3N[C@H](c3cccc4ccccc34)[C@@H]2C1
decoy_873,0.500396,0.573167,0.727843,0.880671,0.570339,0.657807,c1ccc2c(c1)oc1ccc(-c3cscn3)cc12
decoy_874,0.382408,0.377054,0.734618,0.657828,0.528095,0.481255,C1CCC[NH2+]CCC1
decoy_875,0.365833,0.436672,0.796071,0.816429,0.528284,0.581782,C1=CN=C([C@H]2NN=CO2)C1
decoy_876,0.310296,0.312087,0.786342,0.717243,0.436628,0.357134,C1=CN=C2[NH+]=CC=C2C1
decoy_877,0.389812,0.304843,0.796833,0.736206,0.471755,0.387054,C1CCSCC1
decoy_878,0.36005,0.383437,0.665738,0.59469,0.503729,0.451091,c1ccc([C@@H]2N3CC[C@@H]4C[C@H](C3)C[N@H+]2C4)cc1
decoy_879,0.422789,0.39177,0.720528,0.682828,0.513334,0.466368,c1ccc(N[C@H]2C[N@H+]3CC[C@@H]2CC3)cc1
decoy_88,0.417406,0.392874,0.630311,0.635799,0.483609,0.442442,CC(C)[C@H]1CC[C@H](C)C[C@@H]1S
decoy_880,0.286897,0.33129,0.589707,0.570047,0.424836,0.389277,c1ccc(-c2cc([C@H]3C[N@H+]4CC[C@@H]3CC4)[nH]n2)cc1
decoy_881,0.531268,0.592511,0.726473,0.770135,0.584094,0.564217,c1ccc(Oc2cccc3c2NCCC3)cc1
decoy_882,0.386177,0.38678,0.737709,0.822515,0.491508,0.464214,C1=Nc2ccccc2C1
decoy_883,0.343037,0.452017,0.715082,0.787825,0.45724,0.501881,C1=N[C@@](c2ccccc2)(c2cccc(-c3cccnc3)c2)C2=[NH+]CCCN12
decoy_884,0.388567,0.475524,0.63814,0.802743,0.480389,0.553477,C1=C[C@@H](c2ccccc2)CC=N1
decoy_885,0.295188,0.316669,0.691638,0.720301,0.465484,0.499825,C1C[NH2+]CCOC1
decoy_886,0.520725,0.476847,0.795331,0.784236,0.58989,0.502234,c1cc2c(c3c1CCCO3)OCO2
decoy_888,0.342836,0.341189,0.714327,0.747884,0.453409,0.601795,c1ccc2c(c1)C[NH2+]C2
decoy_889,0.439748,0.456287,0.712199,0.688022,0.507988,0.494678,C1=C([C@H](c2ccccc2)c2cn[nH]c2)CN=N1
decoy_89,0.424475,0.367724,0.653524,0.624791,0.489402,0.427864,CC(C)(C)[C@H]1CCCC[C@H]1S
decoy_890,0.389781,0.52326,0.750274,0.793361,0.558447,0.536187,C1=C(Sc2ccccc2/N=C/c2ccc(-c3ccccc3)o2)CNN1
decoy_891,0.439508,0.325385,0.737375,0.654369,0.486044,0.385688,C1=C[C@@H]2COC[C@H](C1)C2
decoy_892,0.422711,0.436338,0.737371,0.744957,0.493229,0.486379,C1=NN=C(c2ccccc2)CS1
decoy_893,0.28954,0.346391,0.626285,0.660039,0.421016,0.47119,C1=NN=C(c2ccc[nH]2)CS1
decoy_894,0.442095,0.412167,0.812031,0.863351,0.589468,0.539858,c1ccc2c(c1)Cc1ccccc1-2
decoy_895,0.372359,0.450084,0.790691,0.824741,0.466706,0.506477,C1=C2Cc3ccccc3N=C2[NH+]=N1
decoy_896,0.373255,0.371148,0.823439,0.882878,0.575361,0.497179,c1ccc2c(c1)CCC2
decoy_897,0.473274,0.477403,0.670918,0.73031,0.540612,0.512071,c1ccc(N[C@H]2CCc3ccccc32)cc1
decoy_898,0.425997,0.49001,0.734033,0.688719,0.544523,0.494043,c1ccc(C[NH2+][C@H]2CCc3ccccc32)cc1
decoy_899,0.34779,0.39159,0.703333,0.781795,0.487528,0.611139,c1ccc2c(c1)CC[NH2+]C2
decoy_90,0.459632,0.616775,0.783092,0.843152,0.532188,0.610847,Cc1ccccc1Nc1nn(-c2ccc(F)cc2)c2c1C(=O)CCC2
decoy_900,0.402522,0.519909,0.733616,0.783399,0.499655,0.556304,c1ccc(CNc2cc(N3CCc4ccccc4C3)ncn2)cc1
decoy_901,0.417568,0.469216,0.731051,0.717006,0.483939,0.485589,c1ccc2c(c1)CCN(c1cc(Oc3cccc4ccccc34)ncn1)C2
decoy_902,0.428429,0.455936,0.727727,0.666145,0.576091,0.482472,c1ccc(C[N@H+]2CCc3ccccc3C2)cc1
decoy_903,0.391211,0.442942,0.724269,0.866342,0.509386,0.548821,c1ccc2c(c1)CCN2
decoy_904,0.506078,0.462048,0.777527,0.697786,0.547229,0.479213,c1cnnc(N2CCc3ccccc32)c1
decoy_905,0.512267,0.469143,0.763563,0.728322,0.55798,0.473886,c1ccc2c(c1)CCN2c1ccncn1
decoy_906,0.409267,0.432121,0.667444,0.618349,0.511391,0.486655,c1ccc(Nc2cc(N3CCc4ccccc43)ncn2)cc1
decoy_907,0.367242,0.370859,0.677353,0.591867,0.486479,0.452964,c1ccc(NNc2cc(N3CCc4ccccc43)ncn2)cc1
decoy_908,0.404675,0.392257,0.795961,0.861207,0.494952,0.471797,c1ccc2c(c1)CCO2
decoy_909,0.377873,0.379413,0.74985,0.693815,0.499885,0.464462,C1C[C@H]2CCC[N@H+]2C1
decoy_91,0.410529,0.517816,0.667898,0.73428,0.48226,0.52168,Cc1ccccc1[C@H]1Nc2c(F)ccc([N+](=O)[O-])c2[C@@H]2C=CC[C@@H]12
decoy_910,0.354643,0.367435,0.674284,0.73986,0.431522,0.429696,c1cnc2c(c1)CCC2
decoy_911,0.367302,0.332231,0.901585,0.913322,0.552382,0.475002,c1cc2c(s1)CCC2
decoy_912,0.512358,0.415574,0.905276,0.876871,0.664048,0.554721,c1ccc2c(c1)CCc1ccsc1-2
decoy_913,0.337341,0.327687,0.726887,0.739679,0.464087,0.511195,c1cc2c(s1)C[NH2+]CC2
decoy_915,0.403676,0.328515,0.902113,0.876437,0.577066,0.519903,C1=Cc2cscc2CC1
decoy_916,0.294107,0.36916,0.652329,0.744356,0.433645,0.491432,C1C[C@@H]2OCC[NH2+][C@@H]2C1
decoy_918,0.306087,0.323307,0.752141,0.766601,0.463016,0.456436,c1nc2c(s1)C[NH2+]CC2
decoy_919,0.291168,0.296977,0.749485,0.72644,0.482812,0.482041,c1n[nH]c2c1C[NH2+]CC2
decoy_92,0.420041,0.395744,0.637448,0.565452,0.485785,0.464247,C[C@H]1[C@@H](Nc2nccs2)CCC[C@@H]1C
decoy_920,0.318547,0.349074,0.704491,0.774765,0.453991,0.591138,c1cc2c(s1)CC[NH2+]C2
decoy_921,0.580818,0.48131,0.817645,0.779688,0.628209,0.499491,c1ccc(N2CCc3sccc3C2)cc1
decoy_923,0.396516,0.484544,0.752119,0.756147,0.527315,0.500591,c1ccc(C[N@@H+]2[C@@H]3CC[C@H]2C[C@H](c2ccccc2)C3)cc1
decoy_924,0.373664,0.415823,0.60233,0.625276,0.450161,0.452032,c1ccc2c(c1)C[C@@H]1[NH2+]CCc3cccc-2c31
decoy_925,0.35556,0.457253,0.795472,0.862308,0.574806,0.571698,c1cnn(-c2cncc(N[C@H]3[C@@H]4CCC[C@H]3C[N@@H+](C3CC3)C4)n2)c1
decoy_926,0.309714,0.354915,0.608175,0.675253,0.46613,0.532431,C1CCC2(CCCC2)[NH2+]C1
decoy_928,0.392932,0.383873,0.79286,0.838708,0.581185,0.484957,c1ccc2c(c1)CCCC2
decoy_929,0.354865,0.400768,0.728257,0.852552,0.528473,0.539704,c1ccc(C2CCC2)cc1
decoy_93,0.416927,0.487108,0.823263,0.842854,0.510743,0.526262,CN(C1CCCCC1)S(=O)(=O)c1ccc2[nH]c3c(c2c1)CCCC3
decoy_930,0.286209,0.30794,0.743358,0.79212,0.559414,0.543118,C1CC[C@H]2CCCC[C@H]2C1
decoy_931,0.408453,0.388562,0.757289,0.795826,0.571116,0.474491,c1ccc2c(c1)CCCCC2
decoy_932,0.368384,0.467004,0.719141,0.78753,0.54334,0.602253,c1ccc(C2CC[NH2+]CC2)cc1
decoy_933,0.413407,0.4269,0.648408,0.734212,0.477748,0.473208,c1ccc(C2CCOCC2)cc1
decoy_934,0.393396,0.426396,0.697589,0.694904,0.488722,0.50798,c1ccc([C@@H]2CCON2)cc1
decoy_935,0.551864,0.59354,0.729169,0.823362,0.592801,0.577913,c1ccc([C@@H]2CC[C@H](c3ccccc3)O2)cc1
decoy_936,0.431983,0.550108,0.687866,0.726386,0.498832,0.512843,C1=C[C@@H](c2ccc3sccc3c2)N=C1c1ccncn1
decoy_937,0.401725,0.354781,0.83393,0.821607,0.57005,0.465106,c1cc2c(s1)CCCCC2
decoy_938,0.351757,0.400352,0.67275,0.671452,0.471636,0.479803,C1=C(c2cscn2)CN(c2ncn[nH]2)C1
decoy_94,0.345802,0.415273,0.59478,0.680335,0.477931,0.502425,CC(C)(C)[C@H]1CCCC/C1=C\C(=O)[O-]
decoy_940,0.337302,0.322381,0.646655,0.630898,0.429485,0.414112,c1n[nH]c2c1CCCC2
decoy_941,0.342619,0.336337,0.653925,0.609058,0.428079,0.420213,c1nnc2n1CCCCC2
decoy_944,0.414884,0.336921,0.832506,0.769691,0.529585,0.42333,c1cc2c(o1)CCCC2
decoy_947,0.386178,0.348183,0.85729,0.860593,0.579145,0.467411,c1cc2c(s1)CCCC2
decoy_948,0.413232,0.383308,0.67049,0.671839,0.46746,0.424817,C1CC[C@@H]2SCCC[C@H]2C1
decoy_95,0.448025,0.44771,0.80452,0.720744,0.522553,0.474213,CC(C)CCNC(=O)N1Cc2ccccc2-n2cccc2[C@H]1C
decoy_950,0.371237,0.417059,0.693137,0.828114,0.465333,0.580481,c1nc2c(s1)CCCC2
decoy_951,0.371088,0.404005,0.720324,0.824336,0.533657,0.533187,c1ccc(C2CCCC2)cc1
decoy_952,0.426594,0.401769,0.826938,0.879996,0.599732,0.5633,c1ccc(-c2ccccc2)cc1
decoy_953,0.377021,0.399295,0.692399,0.781481,0.548534,0.530192,c1ccc(C2CCCCC2)cc1
decoy_954,0.308782,0.400457,0.584828,0.712913,0.475996,0.617405,c1ccc([C@@H]2CCCC[NH2+]2)cc1
decoy_955,0.341487,0.404584,0.654143,0.720209,0.517582,0.618979,C1CCC([C@@H]2CCC[NH2+]2)C1
decoy_956,0.385313,0.435837,0.663457,0.770041,0.454295,0.486341,c1ccc(-c2cccnc2)cc1
decoy_957,0.506614,0.497168,0.831739,0.90648,0.614639,0.631113,c1ccc(-c2ccc[nH]2)cc1
decoy_958,0.435881,0.382718,0.86259,0.887377,0.597806,0.55403,c1ccc(-c2ccco2)cc1
decoy_959,0.369109,0.375724,0.760921,0.833722,0.526599,0.479007,c1csc(C2CCCC2)c1
decoy_96,0.436735,0.545812,0.685975,0.83309,0.498894,0.54318,CCc1cc(Br)cc2cc(C=O)oc12
decoy_960,0.372497,0.390944,0.79995,0.910555,0.53873,0.515899,c1ccc(-c2cccs2)cc1
decoy_961,0.377358,0.415491,0.656025,0.752192,0.446451,0.475053,c1ccc(-c2ccncc2)cc1
decoy_962,0.398824,0.440197,0.695481,0.794281,0.492049,0.505159,c1ccc(-c2ccncn2)cc1
decoy_963,0.399603,0.472124,0.73431,0.831968,0.509754,0.548841,c1ccc(-c2cc[nH]n2)cc1
decoy_964,0.387099,0.431449,0.709775,0.816825,0.478693,0.512289,c1ccc(-c2ccno2)cc1
decoy_965,0.469138,0.405668,0.939062,0.935427,0.64755,0.554932,c1ccc(-c2ccsc2)cc1
decoy_966,0.404392,0.435947,0.703513,0.804346,0.493021,0.5529,c1ccc(-c2cnccn2)cc1
decoy_967,0.415821,0.486411,0.71772,0.847453,0.491673,0.567668,c1ccc(-c2cncnc2)cc1
decoy_968,0.327009,0.424818,0.664391,0.742928,0.424878,0.455796,c1ccc(-c2c[nH]cn2)cc1
decoy_969,0.372658,0.427063,0.69539,0.82448,0.453548,0.480496,c1ccc(-c2cnco2)cc1
decoy_97,0.403914,0.429847,0.760879,0.774308,0.536813,0.568836,FC(F)(F)c1cnc2[nH]ccc2c1
decoy_970,0.375905,0.425479,0.700004,0.820073,0.456302,0.482884,c1ccc(-c2cncs2)cc1
decoy_971,0.395728,0.37006,0.726771,0.693367,0.489837,0.439636,c1ccc(-c2cn[nH]c2)cc1
decoy_972,0.362007,0.413719,0.634935,0.669686,0.441945,0.4947,c1nn[nH]c1C1CCCCC1
decoy_973,0.395362,0.417799,0.723664,0.813014,0.488282,0.493977,c1ccc(-c2cnoc2)cc1
decoy_974,0.461622,0.454758,0.838132,0.931732,0.583964,0.604757,c1ccc(-c2cscn2)cc1
decoy_975,0.354905,0.446409,0.641019,0.828326,0.488419,0.579531,c1ccc(-c2ncccn2)cc1
decoy_976,0.403205,0.358462,0.625596,0.612851,0.47792,0.417788,c1cnc(C2CCCCC2)nc1
decoy_977,0.422971,0.398485,0.778828,0.821153,0.522981,0.456487,c1ccc(-c2nccs2)cc1
decoy_978,0.394918,0.507077,0.617631,0.751313,0.529697,0.635407,C1CCC([C@H]2NCCS2)CC1
decoy_979,0.357313,0.434763,0.723538,0.783779,0.467446,0.49674,c1ccc(-c2nc[nH]n2)cc1
decoy_98,0.440615,0.442609,0.767979,0.678584,0.509457,0.46831,Cc1cc(N[C@H](C)c2cccs2)n2c(nc3ccccc32)c1C#N
decoy_980,0.377267,0.396722,0.714428,0.787629,0.483098,0.491015,c1ccc(-c2ncno2)cc1
decoy_981,0.262165,0.270254,0.546565,0.584364,0.374715,0.374433,c1ccc(-c2ncon2)cc1
decoy_982,0.286,0.279254,0.497811,0.516498,0.391771,0.371567,c1nc(C2CCCCC2)no1
decoy_983,0.279496,0.305416,0.531691,0.549882,0.389648,0.395667,c1nnc(C2CCCCC2)[nH]1
decoy_984,0.39105,0.399077,0.746271,0.768443,0.483776,0.474175,c1ccc(-c2nncs2)cc1
decoy_985,0.265962,0.284616,0.590902,0.633587,0.386318,0.385237,c1ccc(-c2nn[n-]n2)cc1
decoy_986,0.431221,0.35043,0.831646,0.776482,0.584802,0.460163,c1cc2c(s1)CCCCCC2
decoy_987,0.423653,0.483037,0.764559,0.898674,0.566459,0.557593,C1=C(Cc2ccccc2)CCC1
decoy_988,0.39037,0.458741,0.689019,0.838893,0.486921,0.543809,c1ccc(CC2CCCC2)cc1
decoy_989,0.433894,0.409621,0.713872,0.745378,0.52105,0.470312,c1ccc(CC2CCCCC2)cc1
decoy_99,0.336306,0.386598,0.784272,0.775693,0.471725,0.446643,Brc1c[nH+]cc2c1NCCC2
decoy_990,0.303833,0.405785,0.492884,0.615875,0.405868,0.449794,C(=C/c1ccccc1)\C1=NN(c2nccs2)CC1
decoy_991,0.424143,0.462526,0.708234,0.804664,0.51251,0.511571,c1ccc(CCC2CCCC2)cc1
decoy_992,0.439755,0.483063,0.723195,0.851434,0.561576,0.623292,c1ccc(CCCC2CCCCC2)cc1
decoy_993,0.540033,0.552722,0.752288,0.781465,0.620241,0.561995,C(=C/C1CCCC1)\CCOc1ccccc1
decoy_994,0.395323,0.47634,0.716965,0.723609,0.489968,0.497354,C1=C(CC[NH2+]Cc2ccccc2)CCCC1
decoy_995,0.374493,0.392281,0.596547,0.612102,0.456981,0.458951,c1ncn(C2CCCCCC2)n1
decoy_996,0.379801,0.395306,0.707821,0.657608,0.474465,0.468713,C1CCC(C[NH2+]C2CC2)CC1
decoy_997,0.426681,0.48173,0.612323,0.703384,0.4961,0.484207,c1ccc(NCC2CCCCC2)cc1
decoy_998,0.471335,0.465848,0.645241,0.684464,0.541963,0.500256,c1ccc(NC2CCCCCC2)cc1
decoy_999,0.412037,0.496857,0.728325,0.787323,0.548041,0.614493,c1ccc(NC[C@H]2CCCC[NH2+]2)cc1
