Compound,Tanimoto_SC_ref0_AB,Tanimoto_SC_ref1_AB,Tversky_SC_ref0_AB,Tversky_SC_ref1_AB,Carbo_SC_ref0_AB,Carbo_SC_ref1_AB,SMILES
SC1,0.623401,0.839759,0.830683,0.937905,0.672895,0.880276,NC(=[NH2+])c1ccc2nc[nH]c2c1
SC10,0.45743,0.517358,0.674591,0.730778,0.42012,0.457059,[NH3+]Cc1csc(-c2cccs2)n1
SC11,0.556536,0.456362,0.768263,0.722414,0.495223,0.423783,Cc1cc(C[NH3+])nn1C
SC12,0.544596,0.558596,0.857548,0.917128,0.534348,0.535121,[NH3+]Cc1cccc2c1OCCCO2
SC13,0.604633,0.425283,0.871334,0.691411,0.540233,0.396907,[NH3+]Cc1ccc2c(c1)CCO2
SC14,0.60283,0.471941,0.866002,0.812627,0.554587,0.46388,[NH3+]Cc1csc2ccccc12
SC15,0.469938,0.564101,0.738962,0.876919,0.434685,0.496508,[NH3+]Cc1cccc(-n2cccc2)c1
SC16,0.446146,0.570623,0.673072,0.814667,0.415564,0.500812,[NH3+]Cc1cccc(-n2cccn2)c1
SC17,0.536054,0.541091,0.860971,0.902393,0.525386,0.507262,[NH3+]Cc1cccc(N2CCCC2)c1
SC18,0.458116,0.477767,0.797824,0.852383,0.474305,0.480813,COc1cc(C(=O)N2CCC[C@H]2C)ccc1C[NH3+]
SC19,0.575407,0.50288,0.772935,0.720753,0.603747,0.520844,NC(=[NH2+])N1CCCCC1
SC2,0.588589,0.652518,0.816147,0.863418,0.603416,0.660705,C[C@@H]1Nc2sc(C(N)=[NH2+])cc2C[C@@H]1C
SC20,0.637915,0.520459,0.83882,0.824162,0.66969,0.565753,NC1=[NH+]Cc2ccccc21
SC21,0.646121,0.529748,0.8306,0.82921,0.673956,0.583622,NC(=[NH2+])c1ccsc1
SC22,0.583318,0.472355,0.809035,0.730255,0.543222,0.46855,[NH3+]CCc1c[nH]c2ccc(Cl)cc12
SC3,0.526328,0.451816,0.833015,0.801349,0.514721,0.453433,[NH3+]CC1CCCCC1
SC4,0.514842,0.503271,0.725027,0.800119,0.464414,0.462753,[NH3+]Cc1ccc(F)cc1
SC5,0.582717,0.488748,0.859169,0.826906,0.529621,0.472521,[NH3+][C@H]1C[C@@H]1c1ccccc1
SC6,0.514333,0.545514,0.85123,0.819987,0.63212,0.648016,CN1C[C@@H]2[C@H](C1=O)[C@H](c1ccc(C(N)=[NH2+])cc1)N1CCC[C@@H]21
SC7,0.510254,0.422117,0.727562,0.699293,0.503642,0.448702,Nc1[nH]c2ccccc2[nH+]1
SC8,0.464861,0.595227,0.663627,0.861331,0.449225,0.568588,[NH3+]CCc1c[nH]cn1
SC9,0.40845,0.451069,0.65972,0.731222,0.387782,0.407098,Cc1cc(C[NH3+])c(C)o1
decoy_1,0.217844,0.315827,0.456984,0.703921,0.262181,0.382795,O=C1CNC(=O)N1
decoy_10,0.259226,0.328493,0.443545,0.680413,0.307733,0.389896,O=C1CCCCCN1
decoy_100,0.380215,0.297778,0.631984,0.593416,0.43933,0.413695,c1ccc(-c2ccco2)cc1
decoy_1000,0.340928,0.394146,0.588057,0.629366,0.385534,0.423309,O=S1(=O)CC[C@H]([NH2+][C@H]2CCCOC2)C1
decoy_1001,0.445119,0.540374,0.7993,0.915716,0.514226,0.577651,c1cc2ccc(N3CC[NH2+]CC3)[nH+]c2s1
decoy_1001_2,0.535497,0.463651,0.804059,0.742956,0.530119,0.496485,c1cc2ccc(N3CC[NH2+]CC3)nc2s1
decoy_1002,0.247494,0.37773,0.458113,0.703809,0.302987,0.414831,c1coc(C[NH2+][C@H]2CC[C@H]3CCCC[C@@H]32)c1
decoy_1003,0.249983,0.309185,0.463486,0.518519,0.289582,0.335541,c1coc(C[N@@H+]2CCC[C@@H]3CCCC[C@@H]32)c1
decoy_1004,0.401904,0.407395,0.818573,0.848932,0.471776,0.451163,c1ccc(OCCC[NH2+]C2CCCC2)cc1
decoy_1005,0.346938,0.388338,0.821175,0.875596,0.421456,0.443583,c1ccc(OCCC[NH+]2CCCCC2)cc1
decoy_1006,0.263655,0.387556,0.470513,0.852657,0.312608,0.417693,c1coc(C[N@H+]2CC[C@H]3CCCC[C@H]3C2)c1
decoy_1007,0.257338,0.348343,0.472447,0.806331,0.299269,0.362309,c1coc(C[N@@H+]2CCC[C@H]2C2CCCC2)c1
decoy_1008,0.41737,0.535335,0.703326,0.848289,0.518139,0.631471,c1ccc(CNCCN2CC[NH2+]CC2)cc1
decoy_1009,0.363094,0.286273,0.561149,0.509619,0.37495,0.345522,C=C1SSC2=C1c1ccccc1NC2
decoy_101,0.40581,0.33742,0.755257,0.737283,0.437035,0.393239,C1=C[C@@H](c2ccccc2)N=N1
decoy_1010,0.334766,0.359788,0.84127,0.877986,0.40292,0.429306,C1=C[C@H](c2cccs2)c2ccsc2N1
decoy_1011,0.484864,0.623827,0.718065,0.800498,0.538481,0.627896,O=C(Nc1c[nH]c(=O)[nH]c1=O)c1ccc[nH]1
decoy_1012,0.383733,0.437707,0.631014,0.670155,0.390978,0.465254,O=C1c2ccccc2-c2n[nH]c3cccc1c23
decoy_1013,0.520991,0.460338,0.776895,0.729407,0.540272,0.502825,O=c1[nH]cnc2c1ncn2[C@@H]1CCCCO1
decoy_1014,0.419124,0.455123,0.707539,0.746668,0.459415,0.460847,c1cc2c(cc1C[NH+]1CCNCC1)OCO2
decoy_1015,0.267457,0.397157,0.51459,0.765824,0.322412,0.429768,O=C(NC[C@H]1CCCCO1)c1ccccn1
decoy_1016,0.270654,0.412437,0.493303,0.766429,0.322918,0.456535,O=C(NC[C@H]1CCCO1)Nc1ccccc1
decoy_1017,0.28208,0.348286,0.536751,0.60041,0.339963,0.386444,c1ccc(-c2ccn(-c3ccccc3)n2)cc1
decoy_1018,0.282399,0.397524,0.525533,0.867721,0.331996,0.422707,c1ccc(-c2cn(-c3ccccc3)cn2)cc1
decoy_1019,0.299815,0.371985,0.519448,0.602093,0.328347,0.396964,c1ccc2c(Cc3ccncc3)ccnc2c1
decoy_102,0.359843,0.335142,0.636916,0.654929,0.411292,0.403859,O=C1N[C@H]2CSC[C@H]2N1
decoy_1020,0.276806,0.360646,0.49638,0.657864,0.319695,0.379463,C(=C/C1N=c2ccccc2=N1)\c1ccccc1
decoy_1021,0.293579,0.414135,0.48268,0.707064,0.305396,0.403967,c1ccc(/[NH+]=c2\cc[nH]c3ccccc23)cc1
decoy_1022,0.385734,0.546267,0.669203,0.814846,0.460868,0.595515,O=C(Nc1cccnc1)NC1CC[NH2+]CC1
decoy_1023,0.346083,0.420757,0.606943,0.651652,0.379202,0.427984,[NH2+]=C(Nc1ncccn1)NC1CCNCC1
decoy_1024,0.536893,0.429935,0.757506,0.652915,0.541247,0.480352,c1nc(N2CC[NH2+]CC2)c2ccsc2n1
decoy_1025,0.436199,0.448402,0.707933,0.730213,0.493389,0.492674,S=c1[nH]cnn1CNCc1ccccc1
decoy_1026,0.24414,0.319221,0.497133,0.649043,0.296879,0.392591,c1ccc(CCCO[C@@H]2CCCCO2)cc1
decoy_1027,0.284963,0.377282,0.553766,0.712038,0.330547,0.409723,c1ccc(C[NH2+]CCN2CCOCC2)cc1
decoy_1028,0.432265,0.44488,0.774031,0.80213,0.526716,0.513216,c1ccc(OCCCN2CC[NH2+]CC2)cc1
decoy_1029,0.308628,0.355676,0.486291,0.52678,0.318389,0.373844,O=C1c2ccccc2S[C@@H]2C=CS[C@H]12
decoy_103,0.555135,0.445571,0.900052,0.873643,0.593335,0.505601,[NH2+]=c1ccc2ccccc2o1
decoy_1030,0.495877,0.436305,0.736424,0.691412,0.555738,0.502089,O=c1[nH]cnc2c1nnn2[C@@H]1CCCCO1
decoy_1031,0.365431,0.411681,0.909928,0.950758,0.487545,0.495175,c1ccc(-c2ccc(-c3cccnc3)o2)cc1
decoy_1032,0.306726,0.422504,0.499137,0.882592,0.327586,0.436045,c1ccc(/[NH+]=c2/ccc3ccccc3o2)cc1
decoy_1033,0.442294,0.479193,0.822392,0.880717,0.492223,0.513078,[NH2+]=c1cc(-c2ccccc2)oc2ccccc12
decoy_1034,0.351741,0.411276,0.885534,0.950949,0.483946,0.495539,c1ccc(Oc2cccc3ncccc23)cc1
decoy_1035,0.330937,0.374851,0.629574,0.663968,0.359862,0.398539,O=C1CC(c2ccccc2)=c2ccccc2=N1
decoy_1036,0.304852,0.340815,0.527579,0.533181,0.359293,0.392418,c1ccc(-c2[nH]cnc2-c2ccncc2)cc1
decoy_1037,0.283363,0.312502,0.499867,0.499742,0.31732,0.338263,c1ccc(-c2ncnn2-c2ccccc2)cc1
decoy_1038,0.325691,0.273818,0.506603,0.465713,0.32289,0.299416,c1ccc(-c2nncn2-c2ccccc2)cc1
decoy_1039,0.358821,0.415333,0.733177,0.784458,0.439465,0.476246,c1ccc(-c2ccn(-c3ccncc3)n2)cc1
decoy_104,0.532593,0.428994,0.86901,0.848021,0.562501,0.483754,[NH2+]=c1ccc2cccoc-2c1
decoy_1040,0.398457,0.46556,0.616047,0.685932,0.418759,0.461109,O=c1[nH]c(C[NH2+]C2CC2)nc2sccc12
decoy_1041,0.496829,0.519482,0.78697,0.829479,0.547258,0.542818,O=C(CCc1cccs1)Nc1cn[nH]c1
decoy_1042,0.446587,0.478339,0.72401,0.754019,0.506624,0.508552,S=c1[nH]ccc2c1ncn2[C@@H]1CCCO1
decoy_1043,0.339749,0.361841,0.910215,0.942826,0.471295,0.480728,c1ccc(OCCCN2CCOCC2)cc1
decoy_1044,0.315769,0.394643,0.575964,0.694164,0.360913,0.438296,C(\NCCN1CCCC1)=[NH+]/Cc1ccco1
decoy_1045,0.371706,0.485457,0.648473,0.796429,0.437348,0.519432,O=C(NCCc1c[nH+]c[nH]1)C1CCCCC1
decoy_1045_2,0.275567,0.380614,0.547276,0.719066,0.349602,0.442126,O=C(NCCc1cnc[nH]1)C1CCCCC1
decoy_1046,0.300233,0.444063,0.430619,0.745461,0.319417,0.425367,O=C1NC(=S)S/C1=C/c1ccccc1
decoy_1047,0.315592,0.403227,0.560422,0.709445,0.343152,0.417749,c1csc(C[NH2+]CCCn2cccn2)c1
decoy_1048,0.273324,0.383215,0.464553,0.639399,0.288673,0.381174,c1cnn(CCC[NH2+]Cc2ccsc2)c1
decoy_1049,0.46383,0.489793,0.670623,0.684808,0.48897,0.512073,O=c1[nH]cnc2c1[nH]c(=O)n2[C@@H]1CCCO1
decoy_105,0.297972,0.433413,0.457551,0.847394,0.3145,0.439749,O=c1cc[nH]c2ccccc12
decoy_1050,0.291848,0.375116,0.501097,0.613556,0.316635,0.387617,O=c1c(-c2ccccc2)coc2ccccc12
decoy_1051,0.307727,0.383136,0.522582,0.564057,0.338177,0.397572,O=c1cc(-c2ccccc2)oc2ccccc12
decoy_1052,0.29415,0.365775,0.500876,0.547693,0.313247,0.368745,O=c1oc2ccccc2cc1-c1ccccc1
decoy_1053,0.274729,0.341985,0.489991,0.584205,0.306391,0.361604,O=C(c1ccccc1)c1coc2ccccc12
decoy_1054,0.300829,0.3652,0.533788,0.574473,0.33879,0.380998,O=C(c1ccccc1)c1cc2ccccc2o1
decoy_1055,0.361057,0.482544,0.619675,0.853625,0.365578,0.491868,c1ccc(/[NH+]=c2/ccc3ccncc3o2)cc1
decoy_1056,0.292662,0.362112,0.477739,0.595971,0.313051,0.373012,O=C1N=c2ccccc2=N[C@H]1c1ccccc1
decoy_1057,0.281703,0.436855,0.461796,0.772538,0.305953,0.457287,O=c1[nH]c2ccccc2nc1-c1ccccc1
decoy_1058,0.297847,0.328612,0.526199,0.542708,0.337252,0.382521,c1ccc(-n2ncnc2-c2ccncc2)cc1
decoy_1059,0.412824,0.45241,0.708675,0.757488,0.47632,0.497614,C(=N/c1n[nH]c2ncccc12)\c1ccccc1
decoy_106,0.447872,0.364013,0.770025,0.735091,0.512722,0.446475,O=c1ccc2ccccc2[nH]1
decoy_1060,0.302154,0.470288,0.501575,0.764869,0.337811,0.481063,c1cnc2c(Nc3ccncn3)cccc2c1
decoy_1061,0.352717,0.530398,0.594888,0.852143,0.425245,0.574447,c1cc(Nc2ccncn2)c2cccnc2c1
decoy_1062,0.399641,0.448176,0.636232,0.683694,0.45621,0.481924,O=C1NC(=O)[C@H]2CN[C@H](c3cccs3)[C@@H]12
decoy_1063,0.440347,0.466951,0.697366,0.730648,0.507438,0.502569,c1ncc2[nH]c(S[C@H]3CCCO3)nc2n1
decoy_1064,0.449354,0.596561,0.650717,0.81438,0.453888,0.572624,O=C(NCCc1c[nH]c[nH+]1)c1cscn1
decoy_1065,0.527137,0.466666,0.787883,0.753147,0.551729,0.509612,S=c1[nH]cnc2c1ncn2[C@@H]1CCCO1
decoy_1066,0.443176,0.459694,0.720153,0.767177,0.489688,0.484908,S=c1[nH]c2cncnc2n1[C@@H]1CCCO1
decoy_1067,0.283353,0.323033,0.580554,0.608043,0.366116,0.384486,c1ccc(OCCO[C@@H]2CCCCO2)cc1
decoy_1068,0.281398,0.358022,0.518793,0.643005,0.335493,0.431806,C1=C[C@@H]2C=CO[C@H](O[C@H]3CCCCO3)[C@H]2C1
decoy_1069,0.281384,0.339454,0.546494,0.645378,0.33905,0.407404,C1=C[C@@H]2[C@@H](O[C@H]3CCCCO3)OC=C[C@H]2C1
decoy_107,0.529014,0.424982,0.837487,0.805657,0.556045,0.489292,c1ccc(-c2nnc[nH]2)cc1
decoy_1070,0.452299,0.380584,0.968849,0.907091,0.484921,0.430601,O=c1cccc2c(c1)CCCc1ccccc1-2
decoy_1071,0.329863,0.36844,0.605155,0.631046,0.36385,0.405624,O=C(N[C@H]1CCCNC1=O)C1=CCCCC1
decoy_1072,0.364027,0.477039,0.647742,0.864143,0.396112,0.480417,c1ccc2c(c1)[nH]c1c[nH+]c3c(c12)CCCC3
decoy_1073,0.270043,0.306896,0.600012,0.653961,0.342506,0.366656,c1ccc(C(c2ccc[nH]2)c2ccc[nH]2)cc1
decoy_1074,0.257561,0.415341,0.462208,0.854095,0.303345,0.44331,c1ccc(CCc2nc3ccccc3[nH]2)cc1
decoy_1075,0.299789,0.357542,0.575902,0.6093,0.34654,0.384646,c1ccc(CCn2cnc3ccccc32)cc1
decoy_1076,0.273864,0.320057,0.444236,0.466268,0.286786,0.316823,C1=[NH+][C@H](c2ccccc2)[C@@H](c2ccccc2)N1
decoy_1077,0.443671,0.533599,0.778588,0.917196,0.52785,0.591277,O=C(C1CCC1)N1CCC2(CC[NH2+]CC2)C1
decoy_1078,0.343907,0.40649,0.629481,0.707717,0.418278,0.464731,c1n[nH]cc1C[NH2+]CCCN1CCCCC1
decoy_1079,0.309062,0.414791,0.521464,0.728309,0.364717,0.438615,c1csc(CN2CC[NH+](C3CC3)CC2)c1
decoy_108,0.438509,0.351926,0.753331,0.743484,0.439926,0.414743,c1ccc(-n2cccn2)nc1
decoy_1080,0.362061,0.447678,0.690295,0.802365,0.41874,0.476275,c1cc(C[NH2+][C@@H]2C[C@H]3CC[C@@H](C2)[NH2+]3)cs1
decoy_1081,0.378897,0.397648,0.770437,0.785548,0.48376,0.50024,C1CC[C@@H]2[C@@H](C1)CC[C@@H]2[NH2+]C1CC[NH2+]CC1
decoy_1082,0.263248,0.352305,0.516795,0.671161,0.34316,0.418343,C1CCCC([NH2+][C@H]2CCN(C3CC3)C2)CC1
decoy_1083,0.308856,0.455503,0.527295,0.732208,0.341607,0.474622,O=C(N[C@H]1CCCCNC1=O)c1cocn1
decoy_1084,0.401935,0.342862,0.599656,0.524026,0.434605,0.3759,O=S(=O)(Nc1ccccc1)c1cn[nH]c1
decoy_1085,0.457868,0.404736,0.643692,0.611689,0.473091,0.433334,O=S(=O)(Nc1cn[nH]c1)c1ccccc1
decoy_1086,0.392,0.362863,0.678126,0.661625,0.432117,0.430322,S=C1O[C@H]2CCO[C@H]2N1c1ccncn1
decoy_1087,0.261207,0.323697,0.547142,0.625572,0.348696,0.395717,C1=N[C@@H](c2ccccc2)c2ccccc2OC1
decoy_1088,0.37734,0.380265,0.746284,0.745734,0.413823,0.417261,O=C1Cc2cc(Cc3ccccc3)ccc2N1
decoy_1089,0.326984,0.364339,0.654613,0.685008,0.377215,0.405547,O=C1C[C@@H](c2ccccc2)c2ccccc2N1
decoy_109,0.451054,0.358193,0.80284,0.768423,0.502326,0.441326,c1ccc(-n2ccnn2)cc1
decoy_1090,0.277389,0.418615,0.501503,0.839038,0.330927,0.452108,O=C(/C=C/c1ccccc1)Nc1ccccc1
decoy_1091,0.262676,0.418919,0.473456,0.862543,0.31148,0.458661,O=C(N/C=C/c1ccccc1)c1ccccc1
decoy_1092,0.404431,0.559492,0.659611,0.830093,0.50822,0.61753,O=C(NCCN1CC[NH2+]CC1)c1ccco1
decoy_1093,0.425516,0.43354,0.755526,0.777598,0.478184,0.467054,c1ccc(CCc2nc3ncccc3[nH]2)cc1
decoy_1094,0.347042,0.439267,0.665867,0.82706,0.440452,0.51096,c1ccc(CNc2cnc3[nH]ccc3c2)cc1
decoy_1095,0.263195,0.364217,0.453224,0.810819,0.288058,0.380748,c1ccc(C[N@H+]2CCc3ccccc3C2)cc1
decoy_1096,0.401978,0.419529,0.790617,0.831976,0.452038,0.456539,c1ccc(C[C@@H]2[NH2+]CCc3ccccc32)cc1
decoy_1097,0.311829,0.388981,0.686264,0.768125,0.442815,0.503298,C1C[C@@H]2C[NH2+]C[C@H](C1)[C@H]2[NH2+]C[C@H]1CC[NH2+]C1
decoy_1098,0.504346,0.424842,0.733282,0.66892,0.524035,0.462495,O=[P@H]1NN2CCc3ccccc3[C@@H]2CO1
decoy_1099,0.375873,0.43966,0.674395,0.724942,0.455692,0.493418,O=C1c2ccncc2C(=O)N1c1ccccc1
decoy_11,0.239483,0.345589,0.442686,0.692189,0.278465,0.415255,O=C1CCNC(=O)N1
decoy_110,0.450335,0.365,0.799352,0.766934,0.516487,0.465788,c1ccc(-n2cnnc2)cc1
decoy_1100,0.323973,0.416167,0.521036,0.618306,0.352926,0.446457,O=C1c2ccccc2C(=O)N1c1ccccn1
decoy_1101,0.335566,0.318277,0.451555,0.412538,0.320709,0.322456,O=S(=O)([N-]c1ccon1)c1ccccc1
decoy_1102,0.318491,0.426821,0.457176,0.573908,0.330137,0.411171,O=S(=O)([N-]c1ccn[nH]1)c1cccnc1
decoy_1103,0.309063,0.393821,0.552632,0.835831,0.334437,0.398666,O=C1C[C@@H](c2ccccc2)Oc2ccccc21
decoy_1104,0.352913,0.422436,0.656503,0.764382,0.386365,0.44662,O=C1Nc2ccccc2CN1c1ccccc1
decoy_1105,0.379821,0.439504,0.675301,0.803981,0.419996,0.473571,O=C1Cc2cc(Cc3ccncc3)ccc2N1
decoy_1106,0.386117,0.50383,0.72696,0.928172,0.474459,0.589446,O=C1Cc2ccc(Nc3ccccc3)cc2N1
decoy_1107,0.457885,0.402531,0.788673,0.744385,0.487095,0.444828,O=c1[nH]c2ccc(Cc3ccccc3)cc2[nH]1
decoy_1108,0.251145,0.389546,0.461235,0.745046,0.292823,0.42823,O=C(N/N=C/c1ccccc1)c1ccccc1
decoy_1109,0.300948,0.422896,0.479431,0.66338,0.320109,0.433201,c1ccc2c(-c3nncn3C3CC3)c[nH]c2c1
decoy_111,0.441439,0.345649,0.806175,0.766128,0.46964,0.428858,c1ccc(-n2nccn2)cc1
decoy_1110,0.391244,0.3409,0.680342,0.640411,0.446176,0.390603,C1=C([C@H](c2ccccc2)c2cn[nH]c2)CN=N1
decoy_1111,0.283894,0.389533,0.423967,0.514238,0.301105,0.383009,C1=C([N-]c2cccnc2)c2ccccc2NN1
decoy_1112,0.287917,0.376149,0.447256,0.567171,0.330315,0.391336,O=S(=O)(/N=C1\CCCN1)c1ccccc1
decoy_1113,0.266584,0.345451,0.511663,0.637521,0.331423,0.428549,C1=C[C@H]2CCC[C@@H]2[C@@H](O[C@H]2CCCCO2)O1
decoy_1114,0.289546,0.343621,0.480085,0.52337,0.327896,0.366628,c1ccc([C@@H]2C[NH2+]Cc3ccccc3N2)cc1
decoy_1115,0.460227,0.482565,0.75944,0.793676,0.51642,0.515331,O=c1ccnc(SCc2cccs2)[nH]1
decoy_1116,0.361594,0.41488,0.618955,0.670904,0.397214,0.446636,O=C(NCc1cccs1)c1ccns1
decoy_1117,0.28322,0.450811,0.469471,0.757914,0.337544,0.49575,O=C(C[NH+]1CCCCC1)Nc1cccs1
decoy_1118,0.25216,0.286165,0.628392,0.654941,0.387263,0.396277,C(=C/C1CCCCC1)\CO[C@@H]1CCCCO1
decoy_1119,0.231201,0.329187,0.472882,0.644163,0.304159,0.384513,C(\NCC1CCCCC1)=[NH+]/C[C@H]1CCCO1
decoy_1119_2,0.390124,0.323795,0.736433,0.666736,0.469797,0.413216,C(\NCC1CCCCC1)=[NH+]/C[C@H]1CCCO1
decoy_112,0.292858,0.278695,0.496403,0.517172,0.344531,0.348362,C1OC[C@@H]2OCOC[C@@H]2O1
decoy_1120,0.389992,0.484907,0.646537,0.813688,0.413032,0.50645,C1=CN[C@@H](SS[C@H]2C=CC=CN2)C=C1
decoy_1121,0.387519,0.350574,0.729363,0.6929,0.421749,0.400837,O=c1[nH]c2ccc(Cc3ccccc3)cc2o1
decoy_1122,0.373824,0.322485,0.762985,0.713315,0.455949,0.420633,c1ccc(Cn2cccc2-c2ncno2)cc1
decoy_1123,0.346394,0.413837,0.555956,0.601978,0.375369,0.420846,[O-]c1c(-c2cc[nH]c2)cnn1-c1ccccc1
decoy_1124,0.432415,0.438461,0.712266,0.733072,0.464863,0.478791,O=c1[nH]c2ccc(Cc3ccccn3)cc2[nH]1
decoy_1125,0.255275,0.405521,0.455365,0.724398,0.303161,0.458682,O=C(N/N=C/c1ccccc1)c1ccccn1
decoy_1126,0.335962,0.464126,0.584909,0.774709,0.382361,0.493235,O=C(N/N=C/c1ccncc1)c1ccccc1
decoy_1127,0.357871,0.482382,0.547942,0.668622,0.404064,0.494226,c1ccc2c(NCc3nnc[nH]3)cc[nH+]c2c1
decoy_1128,0.336125,0.405849,0.582673,0.681984,0.387452,0.442475,c1ccc2c(c1)=NC(CNc1ccncn1)N=2
decoy_1129,0.27153,0.330296,0.501589,0.571827,0.30794,0.357355,O=C1CCCC2=C1[C@H](c1ccccc1)C=CN2
decoy_113,0.335221,0.283593,0.561355,0.557911,0.363487,0.342332,O=c1occc2ccccc12
decoy_1130,0.260569,0.348852,0.504892,0.721503,0.318884,0.395852,O=C(Cc1ccccc1)NCc1ccccc1
decoy_1131,0.314759,0.352616,0.685836,0.742673,0.387106,0.4065,O=C(CCc1ccccc1)Nc1ccccc1
decoy_1132,0.254314,0.396719,0.493771,0.85295,0.306765,0.425469,O=C(NCCc1ccccc1)c1ccccc1
decoy_1133,0.372058,0.428406,0.608505,0.666323,0.434158,0.495307,O=C(NCc1cccs1)c1cnns1
decoy_1134,0.350521,0.401851,0.593374,0.629096,0.392122,0.421542,O=S1(=O)CC[C@H]([NH2+]Cc2ccccc2)C1
decoy_1135,0.27768,0.336168,0.465791,0.504286,0.311766,0.350151,O=S(=O)(c1ccccc1)N1CCCCC1
decoy_1136,0.269579,0.303138,0.453816,0.465167,0.305207,0.327707,O=S(=O)(NC1CCCC1)c1ccccc1
decoy_1137,0.42833,0.579808,0.676452,0.836969,0.481574,0.587772,O=C(CN1CC[NH2+]CC1)Nc1cccs1
decoy_1138,0.383022,0.388903,0.802978,0.840398,0.468361,0.460224,c1ccc(CC[NH2+]CCc2ccccc2)cc1
decoy_1139,0.241647,0.347486,0.458157,0.684912,0.277691,0.3895,c1ccc(CCC[NH2+]Cc2ccccc2)cc1
decoy_114,0.444508,0.355425,0.946406,0.913184,0.515896,0.440121,O=c1ccc2ccccc2o1
decoy_1140,0.301778,0.401306,0.581391,0.729475,0.351823,0.441499,C(\NC[C@H]1CCCCN1)=[NH+]/C[C@H]1CCCO1
decoy_1141,0.264416,0.379954,0.532301,0.72166,0.329969,0.449783,C(\NCCN1CCCC1)=[NH+]/C[C@H]1CCCO1
decoy_1142,0.391641,0.457081,0.709524,0.754775,0.464749,0.513213,O=C(C[C@H]1CCCNC1)NC1CC[NH2+]CC1
decoy_1143,0.386913,0.439383,0.698781,0.758943,0.47378,0.514638,O=C(CN1CCCCC1)NC[C@H]1CC[NH2+]C1
decoy_1144,0.452339,0.516515,0.763479,0.839615,0.51793,0.569741,O=C(CN1CC[NH2+]CC1)NC1CCCCC1
decoy_1145,0.392711,0.456618,0.688322,0.760552,0.47644,0.529727,O=C(NC1CCCCC1)NC1CC[NH2+]CC1
decoy_1146,0.421308,0.568101,0.716268,0.884499,0.52092,0.643998,O=C(NCCN1CC[NH2+]CC1)C1CCCC1
decoy_1147,0.324434,0.393038,0.672671,0.764637,0.424551,0.481511,C(CC[NH2+]C1CC1)CCN1CCC[NH2+]CC1
decoy_1147_2,0.370195,0.423975,0.680213,0.765441,0.456574,0.513179,C(CC[NH2+]C1CC1)CCN1CCCNCC1
decoy_1148,0.369213,0.43363,0.676969,0.78225,0.430851,0.486621,C(CC[NH2+]CCN1CCCC1)CNC1CC1
decoy_1149,0.508312,0.458092,0.78106,0.746692,0.527183,0.478825,O=[P@@H]1NN2C[C@@H]3C=CC=C[C@@H]3C[C@H]2CO1
decoy_115,0.428457,0.340821,0.806135,0.770798,0.512818,0.463412,c1ccc(-c2ncno2)cc1
decoy_1150,0.500538,0.601113,0.707802,0.798352,0.55664,0.614018,O=c1[nH]cc(CSc2nnco2)c(=O)[nH]1
decoy_1151,0.38801,0.401597,0.884159,0.90375,0.432689,0.450351,O=c1ccoc2c1OC=C[C@H]2c1ccccc1
decoy_1152,0.326203,0.453601,0.564033,0.74466,0.37659,0.482457,O=C(N/N=C/c1ccncc1)c1ccccn1
decoy_1153,0.478218,0.556886,0.732962,0.805412,0.518802,0.583874,C(=N/Nc1ncn[nH]1)\c1c[nH]c2ccccc12
decoy_1154,0.274008,0.330876,0.522264,0.602256,0.317379,0.367528,O=C1CCCC2=C1[C@H](c1ccccc1)C=CO2
decoy_1155,0.285282,0.425775,0.50393,0.764693,0.348708,0.461968,O=C(CNc1ccccc1)Nc1ccccc1
decoy_1156,0.331977,0.352671,0.606713,0.620428,0.378165,0.402075,O=C(/C=C/c1cc[nH]c1)NCc1ccccc1
decoy_1157,0.267423,0.398504,0.49004,0.754568,0.329505,0.446946,O=C(NCc1ccccc1)Nc1ccccc1
decoy_1158,0.257235,0.408818,0.475892,0.779912,0.311943,0.444421,O=C(NCCc1ccccc1)c1cccnc1
decoy_1159,0.339917,0.456486,0.555297,0.69993,0.371831,0.465254,c1ccc2c(c1)=NCC=2C1=[NH+]NCN1C1CC1
decoy_116,0.432119,0.346496,0.810712,0.775837,0.497741,0.449685,c1ccc(-c2ncon2)cc1
decoy_1160,0.280845,0.424972,0.452434,0.664767,0.308122,0.436101,c1ccc(C[N@H+]2CNc3ncncc3C2)cc1
decoy_1161,0.410303,0.386366,0.571679,0.580536,0.416516,0.415091,[H]/N=C1/CSC(=S)N1Nc1ncncn1
decoy_1162,0.28961,0.439415,0.497029,0.772842,0.345705,0.481781,O=C(NC[C@H]1CCCO1)Nc1ccsc1
decoy_1163,0.42359,0.444299,0.692462,0.69398,0.488564,0.488392,O=S(=O)(N[C@H]1CC[NH2+]C1)c1ccccc1
decoy_1164,0.291451,0.365055,0.544167,0.600949,0.340283,0.394364,c1ccc(-n2ccc(-c3cccs3)n2)cc1
decoy_1165,0.295636,0.37096,0.518483,0.595802,0.321186,0.38105,c1ccc(-n2ccc(-c3ccsc3)n2)cc1
decoy_1166,0.277319,0.444362,0.443447,0.873895,0.298768,0.478313,c1ccc(Sc2nc3ccccc3[nH]2)cc1
decoy_1167,0.400437,0.472691,0.705191,0.809538,0.472151,0.526777,O=C(NC[C@H]1CCCCO1)[C@@H]1CCCC[NH2+]1
decoy_1168,0.339537,0.440993,0.657862,0.863742,0.376707,0.452748,c1ccc2c(NC3CCCCC3)cc[nH+]c2c1
decoy_1169,0.306652,0.403859,0.701563,0.927175,0.413225,0.496346,c1ccc(NCCCNc2ccccc2)cc1
decoy_117,0.474091,0.393642,0.755003,0.731261,0.524006,0.471919,[H]/N=C1/C(=O)Nc2ccccc21
decoy_1170,0.366358,0.441626,0.678259,0.817904,0.420051,0.47797,c1ccc(C[NH2+]CCNc2ccccc2)cc1
decoy_1171,0.362721,0.424418,0.680182,0.703995,0.464512,0.515197,O=C(NC1CCNCC1)NC1CC[NH2+]CC1
decoy_1172,0.37837,0.453934,0.714806,0.743063,0.456905,0.519889,O=C(NCCNC1CC1)NC1CC[NH2+]CC1
decoy_1173,0.317483,0.397404,0.626133,0.761285,0.403219,0.471875,C(CC[NH2+]C[C@H]1CCCCO1)CNC1CC1
decoy_1174,0.364349,0.38946,0.861899,0.895709,0.401757,0.421757,O=C1CC[C@H]2[C@@H]1C=CC21SCCCS1
decoy_1175,0.568662,0.61502,0.83687,0.802695,0.615082,0.627199,NC1=[NH+]PNCN1/N=C/c1cccs1
decoy_1176,0.434445,0.541903,0.671246,0.774919,0.486945,0.56178,O=c1[nH]c(-c2ccccc2)nc2c1C[NH2+]CC2
decoy_1177,0.348448,0.447438,0.601317,0.739463,0.413305,0.490787,O=C(CNc1ccccc1)Nc1cccnc1
decoy_1178,0.316597,0.408201,0.57164,0.722243,0.361037,0.450836,O=C(NCc1ccncc1)Nc1ccccc1
decoy_1179,0.382264,0.518351,0.671483,0.865617,0.449409,0.552578,O=C(NCNc1ccccn1)c1ccccc1
decoy_118,0.431046,0.357185,0.717434,0.69396,0.472557,0.43023,O=c1[nH]cnc2ccccc12
decoy_1180,0.290891,0.334825,0.471461,0.506489,0.317905,0.347861,O=S(=O)(c1ccccc1)N1CCOCC1
decoy_1181,0.355486,0.325853,0.587049,0.769013,0.348101,0.354288,c1ccc(Oc2cncc3sccc23)cc1
decoy_1182,0.404852,0.428686,0.680106,0.667034,0.470103,0.474309,O=S(=O)(N[C@H]1CC[NH2+]C1)c1cccnc1
decoy_1183,0.420639,0.349633,0.674553,0.65475,0.455634,0.442533,c1ncc2sc3ncc4c(c3c2n1)CCC4
decoy_1184,0.412115,0.426943,0.784537,0.825862,0.463371,0.467986,C1=C[C@@]23CC[NH2+]Cc4cccc(c42)O[C@H]3CC1
decoy_1185,0.27351,0.390277,0.533758,0.934691,0.341699,0.465024,c1ccc2c(N[C@@H]3CCCCO3)cccc2c1
decoy_1186,0.451199,0.515823,0.731863,0.815092,0.518747,0.559283,c1ccc2nc(NC3CC[NH2+]CC3)ccc2c1
decoy_1187,0.335337,0.483005,0.597115,0.845566,0.372598,0.491643,c1ccc2c(c1)C[NH+](CCCc1cn[nH]c1)C2
decoy_1188,0.361202,0.485239,0.638556,0.820828,0.41717,0.527402,c1ccc(C[NH2+]CCNc2ccccn2)cc1
decoy_1189,0.511483,0.550859,0.748316,0.757675,0.538417,0.55426,O=c1[nH]c(=O)c2[nH]c(-c3ccccc3)nc2[nH]1
decoy_119,0.466478,0.390048,0.818109,0.801471,0.507322,0.461235,O=c1[nH]ncc2ccccc12
decoy_1190,0.480676,0.585517,0.706521,0.753875,0.534804,0.595107,O=c1[nH]cc(CSC2=NNCO2)c(=O)[nH]1
decoy_1191,0.282239,0.371767,0.487842,0.625036,0.31279,0.399469,O=C(Cn1ccccc1=O)Nc1ccccc1
decoy_1192,0.335049,0.391288,0.573425,0.635163,0.401865,0.44152,O=C(Cc1ccccc1)NNc1ccncn1
decoy_1193,0.315031,0.387391,0.51536,0.596124,0.336239,0.385026,O=c1c2cscc2cnn1-c1ccccc1
decoy_1194,0.451628,0.477679,0.766602,0.805913,0.522446,0.522497,O=c1[nH]cnc2scc(-c3ccccc3)c12
decoy_1195,0.477972,0.398065,0.754794,0.705936,0.553836,0.500997,c1ccc2sc(Nc3ccncn3)nc2c1
decoy_1196,0.256526,0.279266,0.51124,0.551797,0.323503,0.3577,O=C1CCCCCOC(=O)CCCCCO1
decoy_1197,0.247102,0.300006,0.532062,0.625685,0.325765,0.431609,c1ccc(OCCCOc2ccccc2)cc1
decoy_1198,0.25969,0.317827,0.542981,0.587869,0.331108,0.377782,c1ccc(COCOCc2ccccc2)cc1
decoy_1199,0.262014,0.374714,0.46657,0.632017,0.297285,0.395011,c1ccc(-c2nocc2C[NH2+]CC2CC2)cc1
decoy_12,0.222344,0.246164,0.398238,0.530488,0.256038,0.320953,C1C[C@@H]2CO[C@H](C1)O2
decoy_120,0.434142,0.355349,0.72227,0.694295,0.494385,0.43241,O=C1CN=c2ccccc2=N1
decoy_1200,0.368479,0.427063,0.692966,0.751571,0.411992,0.443603,c1ccc2c(NC[C@H]3CCCO3)cc[nH+]c2c1
decoy_1201,0.303251,0.361032,0.524299,0.663418,0.340269,0.398874,O=C1[C@H]2CN3CN(C2)C[C@@]1(c1ccccc1)C3
decoy_1202,0.395787,0.512789,0.640438,0.78642,0.4226,0.518967,c1ccc2nc(C[NH+]3CCNCC3)ncc2c1
decoy_1203,0.300403,0.343494,0.478402,0.498542,0.316995,0.341897,S=C(Nc1ccccc1)Nc1ccccc1
decoy_1204,0.258369,0.388983,0.493577,0.76456,0.305018,0.423362,c1ccc(N[C@]23C[C@H]4C[C@H](C[C@H](C4)C2)C3)[nH+]c1
decoy_1204_2,0.228664,0.353994,0.452162,0.79893,0.278082,0.409414,c1ccc(N[C@]23C[C@H]4C[C@H](C[C@H](C4)C2)C3)nc1
decoy_1205,0.363756,0.445458,0.67198,0.805726,0.444338,0.499978,O=C(OCC(=O)c1ccc[nH]1)c1ccccc1
decoy_1206,0.274738,0.392693,0.471103,0.638573,0.328418,0.401121,O=C(COc1ccccc1)Cc1ncncn1
decoy_1207,0.289165,0.45201,0.469898,0.703388,0.319999,0.470234,O=C(NNC(=O)c1ccc[nH]1)c1ccccc1
decoy_1208,0.35305,0.404978,0.591474,0.640119,0.377571,0.422839,c1ncc2c3c[nH]nc3n([C@@H]3CCCO3)c2n1
decoy_1209,0.337754,0.419519,0.546565,0.603376,0.372602,0.428819,[NH2+]=C(Nc1ccccc1)Nc1nccc([O-])n1
decoy_121,0.369739,0.305457,0.58697,0.567631,0.382742,0.347067,[O-][n+]1ccnc2ccccc21
decoy_1210,0.324942,0.432393,0.497204,0.614051,0.371892,0.4465,O=c1c(-c2nccs2)coc2ccccc12
decoy_1211,0.460245,0.549825,0.762835,0.893792,0.505065,0.573018,c1ccc(-c2cc(N3CC[NH2+]CC3)on2)cc1
decoy_1212,0.298629,0.4093,0.534255,0.729738,0.344477,0.453648,c1ccc2c(N[C@H]3CCCOC3)ncnc2c1
decoy_1213,0.405399,0.420067,0.786328,0.814942,0.482803,0.467808,c1ccc(OCCCNc2ccncn2)cc1
decoy_1214,0.26448,0.388042,0.4609,0.750662,0.302202,0.426244,O=c1cc(N2CCCCC2)nc2ccccn12
decoy_1215,0.349821,0.358431,0.870299,0.879119,0.384757,0.38877,O=C1CSC2=C[C@@H](c3ccccc3)C=CN12
decoy_1216,0.323029,0.314487,0.539346,0.592109,0.344595,0.352735,C1=C(C2=NCSC2)[C@@H](c2ccccc2)N=N1
decoy_1217,0.343344,0.386218,0.597747,0.629633,0.392059,0.411933,[H]/N=C(/C=C/c1ccccc1)c1cnc(N)s1
decoy_1218,0.254514,0.333543,0.509563,0.719447,0.315398,0.380824,O=C(NCc1ccccc1)[C@H]1C[C@H]2C[C@H](C2)C1
decoy_1219,0.381335,0.346051,0.75661,0.713945,0.476125,0.454104,c1cc(N[C@]23C[C@H]4C[C@H](C[C@H](C4)C2)C3)ncn1
decoy_122,0.480531,0.39554,0.684843,0.646681,0.496618,0.440487,c1ccc(-c2nn[n-]n2)cc1
decoy_1220,0.305372,0.40102,0.639592,0.795545,0.359063,0.470611,c1ccc(C[NH2+]CCCCn2cc[nH+]c2)cc1
decoy_1221,0.337209,0.427831,0.572792,0.737907,0.366963,0.440259,O=C1CCCc2cc3c(=O)occc3cc2O1
decoy_1222,0.271997,0.434942,0.469921,0.733792,0.308825,0.509807,O=C(CNC(=O)c1cocn1)c1ccccc1
decoy_1223,0.397051,0.479255,0.655652,0.732533,0.436076,0.508058,O=C(Nc1ccccc1)C(=O)Nc1cn[nH]c1
decoy_1224,0.356654,0.471071,0.593624,0.775279,0.426634,0.553286,c1cnc(Sc2cccc3nonc23)nc1
decoy_1225,0.287397,0.35386,0.560809,0.644155,0.377788,0.426975,C1CO[C@@H](O[C@@H]2CC[C@H]3OCOC[C@@H]3O2)C1
decoy_1226,0.384744,0.417789,0.915219,0.950654,0.509456,0.514113,O=c1ccoc2c([C@@H]3CCCCO3)cccc12
decoy_1227,0.294315,0.37759,0.497262,0.633199,0.304509,0.395848,O=c1ccoc2ccc([C@@H]3CCCCO3)cc12
decoy_1228,0.347598,0.389019,0.645815,0.698516,0.404216,0.441926,[H]/N=C1/C(=O)N([C@@H]2CCCCO2)c2ccccc21
decoy_1229,0.31286,0.415046,0.58658,0.768676,0.366325,0.451948,O=C(NCCc1ccco1)Nc1ccccc1
decoy_123,0.423002,0.357731,0.704254,0.710559,0.472118,0.440862,c1cnnc(-n2cccn2)c1
decoy_1230,0.423348,0.50937,0.685394,0.81071,0.507097,0.574065,O=C(NCCc1ccccc1)Nc1cn[nH]c1
decoy_1231,0.351294,0.504169,0.590156,0.810098,0.433244,0.554729,O=C(NCCn1cc[nH+]c1)Nc1ccccc1
decoy_1232,0.311648,0.425477,0.586348,0.734617,0.39994,0.498811,c1ncnc(CCCCCc2ncncn2)n1
decoy_1233,0.280539,0.4391,0.476156,0.770533,0.315632,0.459204,O=C(/C=C/c1ccccc1)Nc1nccs1
decoy_1234,0.388386,0.469487,0.685884,0.725142,0.464038,0.507835,O=S(=O)(NC1CC[NH2+]CC1)c1cn[nH]c1
decoy_1235,0.296204,0.355689,0.508855,0.556498,0.328319,0.385733,O=C1Nc2ccccc2[C@@H]1[NH2+]C1CCCCC1
decoy_1235_2,0.316138,0.349172,0.603258,0.621656,0.375408,0.396213,O=C1Nc2ccccc2[C@@H]1NC1CCCCC1
decoy_1236,0.422913,0.426737,0.780808,0.792994,0.474906,0.465206,O=c1[nH]c2ccc(CC3CCCCC3)cc2[nH]1
decoy_1237,0.403751,0.415165,0.754429,0.772324,0.459625,0.466497,O=c1[nH]c2ccc(CCC3CCCC3)cc2[nH]1
decoy_1238,0.339713,0.489369,0.609602,0.862599,0.403851,0.52388,O=C(N[C@H]1CC[N@@H+](C2CC2)C1)c1ccccc1
decoy_1239,0.250456,0.346848,0.498256,0.666719,0.301146,0.393906,c1ccc(CC[NH2+][C@H]2CCN(C3CC3)C2)cc1
decoy_124,0.38477,0.316288,0.601291,0.574155,0.37971,0.362974,C1=NN(c2ccccc2)CC1
decoy_1240,0.458901,0.53533,0.694666,0.811482,0.536638,0.609888,O=c1[nH]c2c(c(=O)[nH]1)[C@H](c1ccc[nH]1)C=CO2
decoy_1241,0.511269,0.548605,0.765936,0.768452,0.561534,0.576103,O=C(Nc1c[nH]c(=O)[nH]c1=O)c1ccccc1
decoy_1242,0.416954,0.491077,0.678282,0.740907,0.470011,0.534461,O=C(Nc1ccccc1)C(=O)Nn1cnnc1
decoy_1243,0.25913,0.430689,0.414861,0.645673,0.298455,0.441748,O=C(N/N=C/c1ccccc1)Nc1cnon1
decoy_1244,0.421441,0.487008,0.688352,0.76717,0.48068,0.531278,O=C(CC1CC1)Nc1ccc2[nH]c(=O)[nH]c2c1
decoy_1245,0.337441,0.469248,0.59369,0.702716,0.368425,0.483758,[NH2+]=C(NCCc1c[nH]cn1)Nc1ncccn1
decoy_1246,0.350011,0.419305,0.633702,0.703298,0.433192,0.458276,c1coc(CNc2ncnc3sccc23)c1
decoy_1247,0.549122,0.517624,0.821522,0.833824,0.561334,0.556112,O=c1[nH]c2ccc(Cc3cscn3)cc2[nH]1
decoy_1248,0.259922,0.393912,0.420927,0.633328,0.283232,0.443382,O=C(N/N=C/c1ccccc1)c1cncs1
decoy_1249,0.255434,0.36224,0.454551,0.599618,0.299855,0.39798,c1ccc(OCCC[NH2+]Cc2cc[nH]n2)cc1
decoy_125,0.346756,0.432728,0.602178,0.867488,0.360926,0.48975,c1c[nH]c(Cc2ccc[nH]2)c1
decoy_1250,0.547298,0.47061,0.828922,0.791883,0.605828,0.533641,c1ccc(OCCC[NH2+]Cc2cn[nH]c2)cc1
decoy_1251,0.426868,0.51687,0.702467,0.794431,0.490271,0.547109,O=c1[nH]c2ccc(CC3CC[NH2+]CC3)cc2[nH]1
decoy_1252,0.275166,0.431068,0.504251,0.891157,0.326511,0.470505,O=C(CCc1cccs1)Nc1ccccc1
decoy_1253,0.427712,0.449455,0.806218,0.844816,0.51073,0.506507,c1cc(Nc2cc3c(s2)CCCC3)ncn1
decoy_1254,0.289321,0.340433,0.450035,0.544003,0.321153,0.359993,O=S(=O)(NC1CCCC1)c1ccsc1
decoy_1255,0.306252,0.395169,0.492276,0.599996,0.331641,0.45208,C=C1SC2=C(C1=S)c1ccccc1NC2
decoy_1256,0.427278,0.456209,0.683017,0.725106,0.47566,0.495655,O=c1[nH]c2c(c(=O)[nH]1)[C@H](c1ccco1)C=CO2
decoy_1257,0.42337,0.528758,0.611491,0.672667,0.42751,0.503306,O=C(Nc1ccccn1)c1cnc([O-])[nH]c1=O
decoy_1258,0.367729,0.432109,0.856872,0.919798,0.428287,0.47069,O=c1occc2cc(O[C@@H]3CCCO3)ccc12
decoy_1259,0.360878,0.51085,0.60768,0.807339,0.397973,0.533665,O=C(COC(=O)C1C=CNC=C1)c1ccc[nH]1
decoy_126,0.314007,0.282442,0.607274,0.536475,0.400675,0.376356,C=C1C=C2C=CCC[C@H]2CC1
decoy_1260,0.381923,0.555899,0.609049,0.810138,0.435153,0.585722,O=C(NCCNc1cccc[nH+]1)c1cocn1
decoy_1261,0.389028,0.422591,0.577546,0.583724,0.395194,0.436324,C=C1C(=O)N(c2ccccc2)C(=S)N=C1[O-]
decoy_1262,0.443466,0.477911,0.626225,0.634914,0.45042,0.451534,[O-]c1[nH]c(=S)ncc1/N=N/c1ccccc1
decoy_1263,0.257737,0.309806,0.51413,0.549365,0.3069,0.354008,O=C(/C=C/c1ccccc1)O[C@@H]1CCCCO1
decoy_1264,0.458266,0.45341,0.805275,0.812002,0.505729,0.490436,O=c1[nH]c2ccc(C[C@H]3CCCOC3)cc2[nH]1
decoy_1265,0.336764,0.428629,0.71824,0.892983,0.425595,0.475532,c1ccc(-c2ccc(-c3ccccn3)cc2)nc1
decoy_1266,0.262635,0.313467,0.479849,0.510932,0.299684,0.356803,c1coc(Cn2cnnc2N2CCCCC2)c1
decoy_1267,0.296846,0.359424,0.480598,0.535016,0.322715,0.370496,O=S(=O)(Cc1ccccc1)c1ccccc1
decoy_1268,0.449309,0.4658,0.808521,0.834251,0.517561,0.515619,O=c1ccnc(SCCc2ccccc2)[nH]1
decoy_1269,0.248038,0.390431,0.43254,0.722276,0.304783,0.427801,O=C(CCc1ccccc1)Nc1nccs1
decoy_127,0.42265,0.345888,0.729854,0.695956,0.459154,0.426794,O=C1Nc2ccccc2C1=O
decoy_1270,0.285954,0.436613,0.478887,0.753171,0.336231,0.463749,O=C(CNc1ccccc1)Nc1cccs1
decoy_1271,0.283958,0.373804,0.48348,0.641687,0.334261,0.411006,O=C(NCc1cccs1)Nc1ccccc1
decoy_1272,0.282767,0.372985,0.483443,0.641924,0.328381,0.411731,O=C(NCc1ccsc1)Nc1ccccc1
decoy_1273,0.237767,0.344621,0.46463,0.646358,0.28178,0.386198,C(\NCCc1ccccc1)=[NH+]/C[C@H]1CCCO1
decoy_1274,0.325997,0.503495,0.604667,0.89269,0.396701,0.557775,O=C(CC[NH+]1CCCCC1)Nc1ccccc1
decoy_1275,0.255045,0.345504,0.484507,0.643432,0.306345,0.388093,O=C(C[NH+]1CCCCC1)NCc1ccccc1
decoy_1276,0.271281,0.442442,0.491845,0.789856,0.335718,0.505494,O=C(C[NH+]1CCCCCC1)Nc1ccccc1
decoy_1277,0.253337,0.411081,0.472219,0.707151,0.323877,0.479689,O=C(C[NH2+]C1CCCCC1)Nc1ccccc1
decoy_1278,0.291717,0.365169,0.607509,0.757154,0.353282,0.423423,O=C(NCc1ccccc1)NCC1CCCC1
decoy_1279,0.386611,0.541511,0.683022,0.880864,0.458972,0.586096,O=C(NCCc1ccccc1)C1CC[NH2+]CC1
decoy_128,0.410184,0.380858,0.72881,0.785442,0.459339,0.461525,c1cncc(-c2ncno2)c1
decoy_1280,0.336903,0.502743,0.621099,0.895236,0.390557,0.526827,O=C(NCC[NH+]1CCCCC1)c1ccccc1
decoy_1281,0.381065,0.432073,0.61414,0.682714,0.401938,0.429499,O=S(=O)(c1cccs1)N1CCNCC1
decoy_1282,0.41487,0.515927,0.723449,0.842913,0.469722,0.549948,C(=C/C1CC[NH2+]CC1)\c1nnc2n1CCCC2
decoy_1283,0.284822,0.392758,0.478306,0.691639,0.316251,0.397453,c1ccc(NC2=[NH+][C@@H]3CCCC[C@@H]3S2)cc1
decoy_1284,0.35371,0.420162,0.760116,0.941433,0.472797,0.506814,c1nc2cc(NC3CCCCC3)ccc2s1
decoy_1285,0.268052,0.317021,0.470395,0.486153,0.317901,0.332898,S=C1N[C@H]2CCCC[C@@H]2N1c1ccccc1
decoy_1286,0.360086,0.454734,0.707878,0.876856,0.436913,0.514358,c1ccc(NCCC[NH2+]C2CCCCC2)cc1
decoy_1287,0.297071,0.382129,0.665652,0.807509,0.379406,0.465493,c1ccc(C[NH2+]CCC[NH+]2CCCCC2)cc1
decoy_1288,0.337343,0.421029,0.55555,0.668005,0.374422,0.444307,O=C(CN1C(=O)CNC1=O)Nc1ccccc1
decoy_1289,0.349709,0.40515,0.682264,0.76853,0.400868,0.454646,O=C1c2ccccc2C2=CCNc3cccc1c32
decoy_129,0.417047,0.352608,0.7263,0.705151,0.48501,0.406763,O=C1CCc2ccccc2N1
decoy_1290,0.403826,0.446929,0.68081,0.722904,0.451744,0.464973,O=C1CN(CC(=O)Nc2ccccc2)CCN1
decoy_1291,0.410944,0.446991,0.727751,0.761795,0.462632,0.475443,O=C1CN(C(=O)CNc2ccccc2)CCN1
decoy_1292,0.261039,0.415379,0.487519,0.778886,0.333314,0.495033,O=C(/C=N/Nc1ccccc1)N1CCOCC1
decoy_1293,0.286436,0.441711,0.486828,0.844493,0.321653,0.444809,O=C(COc1ccccc1)Nc1cccs1
decoy_1294,0.29767,0.332119,0.458754,0.466541,0.332251,0.343211,O=S(=O)(Nc1ccccc1)c1ccccc1
decoy_1295,0.351474,0.463989,0.631381,0.793625,0.375854,0.47131,O=c1ccccn1CCSc1ncccn1
decoy_1296,0.354609,0.410707,0.615526,0.646255,0.39278,0.41142,O=c1[nH]nc(Sc2ccccc2)n1C1CC1
decoy_1297,0.315038,0.461382,0.553748,0.776842,0.35679,0.493342,O=C(NCc1nccs1)Nc1ccccc1
decoy_1298,0.333339,0.434269,0.642612,0.855539,0.38166,0.467083,c1ccc(N2CC[NH+]([C@H]3CCOC3)CC2)nc1
decoy_1299,0.337245,0.481996,0.585327,0.762894,0.390486,0.501192,O=C(C[N@@H+]1CCCNCC1)Nc1ccccc1
decoy_13,0.32806,0.27578,0.595136,0.575325,0.335821,0.321953,C1=c2ccccc2=NC1
decoy_130,0.300313,0.402965,0.422558,0.62702,0.301788,0.381371,c1ccc(C[NH2+]C2CC2)cc1
decoy_1300,0.450089,0.510725,0.745049,0.822865,0.520858,0.569499,O=C(c1ccc[nH]1)N1CCC2(CC[NH2+]CC2)C1
decoy_1301,0.343344,0.42892,0.666549,0.820368,0.42391,0.512585,O=C(NC1CCCCC1)c1cc(C2CC2)n[nH]1
decoy_1302,0.382303,0.453826,0.669008,0.750218,0.446406,0.502133,O=C(NCc1ccccc1)N[C@H]1CCC[NH2+]C1
decoy_1303,0.362597,0.430039,0.641356,0.721765,0.434538,0.484766,O=C(NCc1ccccc1)NC1CC[NH2+]CC1
decoy_1304,0.336162,0.493425,0.599379,0.806958,0.398424,0.528749,O=C(NCCC[NH+]1CCCC1)c1cccnc1
decoy_1305,0.283493,0.440943,0.500718,0.736902,0.364427,0.501786,O=C(NCC[NH+]1CCCCC1)c1cccnc1
decoy_1306,0.309418,0.380353,0.505066,0.626003,0.35238,0.397652,c1cc2cnc(C[NH+]3CCCCC3)nc2s1
decoy_1307,0.384029,0.391999,0.807029,0.846442,0.45527,0.443228,c1ccc(OCCC[NH2+]C2CCCCC2)cc1
decoy_1308,0.267251,0.308392,0.519506,0.558615,0.352423,0.3825,c1ccc(OCCC[NH+]2CCCCCC2)cc1
decoy_1309,0.368932,0.412646,0.886846,0.931476,0.423063,0.465973,O=C1CC[C@@H](c2ccc3c(c2)OCCCO3)O1
decoy_131,0.359324,0.427619,0.599932,0.740757,0.405068,0.474919,O=c1[nH]cnc2nccnc12
decoy_1310,0.422577,0.475324,0.762122,0.835331,0.468091,0.507922,O=C1CN(C(=O)COc2ccccc2)CCN1
decoy_1311,0.448761,0.478585,0.77361,0.815585,0.490996,0.504498,O=c1[nH]c2ccc(C[C@H]3COCCO3)cc2[nH]1
decoy_1312,0.402237,0.443141,0.727495,0.758506,0.450976,0.463058,O=C1C=Cc2nc3c(cc2=C1)CN1C=CC=CC=31
decoy_1313,0.386473,0.442045,0.720533,0.765451,0.443609,0.43851,O=c1cccc2n1Cc1cc3ccccc3nc1-2
decoy_1314,0.325255,0.342006,0.620911,0.640643,0.388489,0.416207,c1nonc1-n1nncc1CN1CCCCC1
decoy_1315,0.304299,0.361334,0.474458,0.517801,0.317841,0.365965,O=S(=O)(Oc1ccccc1)c1ccccc1
decoy_1316,0.278701,0.341167,0.464614,0.527369,0.330525,0.393119,O=S(=O)(Nc1ccccn1)c1ccccc1
decoy_1317,0.398191,0.467846,0.645964,0.730591,0.471718,0.529118,O=C(CSc1nc[nH]n1)Nc1ccccc1
decoy_1318,0.397125,0.474695,0.609658,0.679519,0.403099,0.469759,O=C(NCc1nnc([S-])[nH]1)c1ccccc1
decoy_1319,0.280327,0.364603,0.496248,0.599263,0.319118,0.397071,O=c1ncc2c(n1C[C@H]1CCCO1)CCCC2
decoy_132,0.324543,0.279159,0.554557,0.545665,0.352956,0.364928,C1=CC(c2ccco2)C=CO1
decoy_1320,0.430321,0.454807,0.717689,0.741829,0.508141,0.518199,O=C(COc1ccccc1)NC1CC[NH2+]CC1
decoy_1321,0.454554,0.552349,0.777136,0.914166,0.501234,0.573661,O=C(c1ccoc1)N1CCC2(CC[NH2+]CC2)C1
decoy_1322,0.253301,0.296473,0.439791,0.461831,0.29679,0.320654,C1=[NH+][C@@H](c2ccccc2)C(c2ccccc2)=CN1
decoy_1323,0.294744,0.420543,0.526983,0.785421,0.345021,0.462106,c1ccc2c(c1)NCCc1c-2[nH]c2ccccc12
decoy_1324,0.277358,0.32359,0.490031,0.51041,0.316703,0.35544,c1ccc(Cc2c[nH]nc2-c2ccccc2)cc1
decoy_1325,0.419143,0.501605,0.709472,0.795664,0.486914,0.535049,O=C(c1cc[nH]n1)N1CCC2(CC[NH2+]CC2)C1
decoy_1326,0.420913,0.570326,0.702178,0.862966,0.50529,0.612677,O=C(c1cnc[nH]1)N1CCC2(CC[NH2+]CC2)C1
decoy_1327,0.359489,0.50561,0.641815,0.779607,0.447615,0.587898,O=C(NNc1ccccc1)NC1CC[NH2+]CC1
decoy_1328,0.342375,0.453382,0.602552,0.681043,0.385795,0.461803,C1=NNN([C@H]2CC[N@H+](Cc3c[nH]cn3)CC2)C1
decoy_1329,0.27911,0.42954,0.481202,0.840827,0.319257,0.429426,c1ccc2[nH]c(S[C@H]3CCCCO3)nc2c1
decoy_133,0.443396,0.367803,0.700515,0.678682,0.501929,0.425845,O=C1CNc2ccccc2N1
decoy_1330,0.373859,0.416202,0.616345,0.651595,0.413453,0.441475,c1ccc(C[NH2+]CCSc2cnn[nH]2)cc1
decoy_1331,0.282639,0.334219,0.466269,0.495859,0.308758,0.351924,c1ccc(C[NH2+]CCSc2nc[nH]n2)cc1
decoy_1332,0.531431,0.45904,0.909523,0.868207,0.639509,0.554037,c1ccc(OCCC[NH2+]C2CC[NH2+]CC2)cc1
decoy_1333,0.485586,0.423517,0.722634,0.650685,0.512699,0.479006,Nc1nc2c(=O)[nH]cnc2n1[C@@H]1CCCCO1
decoy_1334,0.336449,0.423259,0.573655,0.705231,0.36792,0.446398,O=C(CSc1nnco1)Nc1ccccc1
decoy_1335,0.338107,0.39782,0.520821,0.568037,0.374329,0.404475,O=S(=O)(/N=c1/cccc[nH]1)c1cccnc1
decoy_1336,0.357091,0.336644,0.509115,0.484725,0.352478,0.35143,O=S(=O)([N-]c1ccncn1)c1ccccc1
decoy_1337,0.277885,0.348118,0.485664,0.548853,0.300635,0.367536,c1ccc(C/[NH+]=c2\ccoc3ccccc23)cc1
decoy_1338,0.243043,0.31841,0.50865,0.705847,0.323292,0.403707,O=C(C#Cc1ccccc1)NCc1ccccc1
decoy_1339,0.318335,0.423242,0.551746,0.670891,0.353203,0.446403,O=C1NCCN2C[C@@H]([NH2+]Cc3ccco3)C[C@@H]12
decoy_134,0.30656,0.371872,0.51223,0.588271,0.339899,0.385657,c1ccc(OCC2CC2)cc1
decoy_1340,0.455255,0.486446,0.732843,0.761239,0.506765,0.510548,O=C1NCC[NH2+][C@@H]2CCN(Cc3ccco3)[C@H]12
decoy_1341,0.434131,0.5193,0.726553,0.828319,0.490814,0.549897,O=C(c1cnoc1)N1CCC2(CC[NH2+]CC2)C1
decoy_1342,0.348748,0.43262,0.637856,0.773611,0.400726,0.49026,O=C(NC[C@H]1CCCO1)c1cc(C2CC2)n[nH]1
decoy_1343,0.271658,0.325884,0.462062,0.507561,0.314309,0.338935,C1=NC=[NH+][C@@H](c2ccccc2)N1c1ccccc1
decoy_1344,0.330666,0.417182,0.658535,0.811985,0.448416,0.504262,c1ccc(NCc2ccc3ncncc3c2)cc1
decoy_1345,0.331505,0.384406,0.636966,0.693282,0.419077,0.434024,c1ccc(CNc2ncnc3ccccc23)cc1
decoy_1346,0.366794,0.478972,0.666704,0.745096,0.447254,0.540796,O=C(NC[C@H]1CC[NH2+]C1)NNc1ccccn1
decoy_1347,0.42104,0.453343,0.78949,0.835009,0.526097,0.539635,c1ccc(OCCCSc2ncn[nH]2)cc1
decoy_1348,0.37391,0.432898,0.596769,0.617041,0.41367,0.442242,c1ccc(C[NH2+]CCSc2nnn[n-]2)cc1
decoy_1349,0.364113,0.373673,0.774914,0.816843,0.437578,0.434259,c1ccc(OCCC[NH2+]C[C@H]2CCCO2)cc1
decoy_135,0.430665,0.359512,0.756263,0.735131,0.47497,0.434696,O=C1COc2ccccc2N1
decoy_1350,0.413014,0.441514,0.689948,0.702331,0.46828,0.475425,S=C(Nc1ccccc1)NC1CC[NH2+]CC1
decoy_1351,0.25289,0.320721,0.521266,0.607855,0.322004,0.390985,C1CC[C@@H]([NH2+][C@]23C[C@H]4C[C@@H](C[C@H](C4)C2)C3)OC1
decoy_1352,0.249018,0.324709,0.522315,0.70418,0.327356,0.389281,C1CCC(C[NH2+][C@H]2CC[C@@H]3CCCC[C@H]32)CC1
decoy_1353,0.347991,0.321606,0.700109,0.68961,0.385809,0.378249,C=C1C(=O)O[C@@H]2CC[C@@H]3O[C@]12CCCCC3=O
decoy_1354,0.277472,0.340717,0.517712,0.570927,0.323548,0.374276,O=c1c(Cc2ccccc2)coc2ccccc12
decoy_1355,0.28031,0.324006,0.509937,0.534489,0.315099,0.34673,O=c1oc2ccccc2cc1Cc1ccccc1
decoy_1356,0.4158,0.419684,0.868933,0.885298,0.506238,0.50325,C(=C/c1ccc(-c2ccccc2)o1)\c1cc[nH]n1
decoy_1357,0.330149,0.349792,0.615863,0.652321,0.359503,0.388829,[H]/N=C1/C(=O)N(Cc2ccccc2)c2ccccc21
decoy_1358,0.268355,0.316544,0.521479,0.561689,0.309786,0.359022,c1ccc(Oc2ccnn2-c2ccccc2)cc1
decoy_1359,0.253703,0.360708,0.473006,0.727074,0.307723,0.429861,c1ccc(Oc2cc(-c3ccccc3)n[nH]2)cc1
decoy_136,0.388172,0.345811,0.712683,0.711597,0.406863,0.395682,c1coc(Cn2cnnc2)c1
decoy_1360,0.275887,0.362201,0.46948,0.610065,0.303665,0.381194,O=C1c2ccccc2[C@@H]2Nc3ccccc3N[C@H]12
decoy_1361,0.30541,0.369832,0.506249,0.548083,0.331442,0.385015,O=C1C=C(c2ccccc2)Nc2ccccc2N1
decoy_1362,0.332685,0.38936,0.640671,0.701538,0.371037,0.420014,O=C1CN=C(c2ccccc2)c2ccccc2N1
decoy_1363,0.304333,0.380236,0.559238,0.704154,0.366824,0.434107,C=C(Nc1ccccc1)n1nnc2ccccc21
decoy_1364,0.459988,0.523803,0.695817,0.755901,0.491159,0.540691,O=c1[nH]c(N2CC[NH2+]CC2)nc2sccc12
decoy_1365,0.367699,0.482818,0.623486,0.740727,0.419763,0.508666,O=C(CNCc1cn[nH]c1)Nc1cccs1
decoy_1366,0.262826,0.346223,0.513294,0.652996,0.327463,0.423327,C=C1CC[C@@H]2C=CO[C@H](O[C@H]3CCCCO3)[C@@H]12
decoy_1367,0.267386,0.325064,0.539279,0.617873,0.328787,0.365072,O=C1C=C[C@H](/C=C/CO[C@H]2CCCCO2)CC1
decoy_1368,0.266095,0.343975,0.513992,0.616593,0.327743,0.400719,C1=C(c2ccccc2)NCN[C@@H]1c1ccccc1
decoy_1369,0.313239,0.343478,0.557001,0.578219,0.350574,0.372928,c1ccc(CCCn2ccc3cccnc32)cc1
decoy_137,0.415714,0.367711,0.754879,0.731019,0.46244,0.44863,c1cc(N2CCCC2)ncn1
decoy_1370,0.321036,0.422611,0.577925,0.740725,0.35271,0.449618,c1ccc(C[NH2+]Cc2cccc3cc[nH]c23)cc1
decoy_1371,0.316601,0.429744,0.510747,0.744379,0.351501,0.482961,O=C1CSC(=S)N1/N=C/c1ccccc1
decoy_1372,0.375628,0.456873,0.55776,0.676211,0.383537,0.445573,O=C(Nc1ccccc1)c1cnc([S-])s1
decoy_1373,0.36118,0.453461,0.56207,0.695351,0.410848,0.47306,S=C1N=CC(CC2C=NC(=S)N=C2)C=N1
decoy_1374,0.40124,0.426709,0.744631,0.783835,0.451115,0.466459,O=C(NCCc1ccccc1)[C@@H]1CSCN1
decoy_1375,0.282892,0.37561,0.495538,0.638914,0.329646,0.402135,S=C(NC[C@H]1CCCO1)Nc1ccccc1
decoy_1376,0.417399,0.526895,0.695533,0.776095,0.469107,0.541234,S=C(Nc1ccccc1)NN1CC[NH2+]CC1
decoy_1377,0.42775,0.442682,0.816428,0.816692,0.539384,0.539027,c1cc(CCCCC[NH2+]C2CC[NH2+]CC2)n[nH]1
decoy_1378,0.297875,0.384432,0.536916,0.728404,0.354398,0.42567,c1csc(CN2CC[NH+](CC3CC3)CC2)c1
decoy_1379,0.345438,0.441898,0.676066,0.879015,0.408093,0.485256,c1csc(CN2CC[C@H]([NH+]3CCCC3)C2)c1
decoy_138,0.403776,0.382794,0.886047,0.888161,0.531167,0.506062,C1=CC2(C=CN1)CCCCC2
decoy_1380,0.254809,0.279791,0.444064,0.44903,0.284948,0.314803,O=c1[nH]c(-c2ccccc2)c(-c2ccccc2)o1
decoy_1381,0.270212,0.417519,0.497456,0.856012,0.313716,0.454851,O=C(Nc1ccccc1)c1cc2ccccc2o1
decoy_1382,0.421871,0.436768,0.727431,0.70454,0.4799,0.479392,O=C1NC(=O)C(=CNC2CCCCC2)C(=O)N1
decoy_1383,0.410602,0.466972,0.647781,0.687218,0.426725,0.475862,O=C(CN1CCCCC1)c1cnc([O-])[nH]c1=O
decoy_1384,0.424395,0.526483,0.715401,0.785328,0.524553,0.621704,O=C(CNC1CCCC1)c1c[nH]c(=O)[nH]c1=O
decoy_1385,0.284315,0.358349,0.458362,0.504613,0.318857,0.379427,O=C1Nc2ccccc2C12Nc1ccccc1N2
decoy_1386,0.445067,0.474114,0.746872,0.76868,0.497813,0.4986,O=c1[nH]cnc2cc(Nc3ccccc3)ccc12
decoy_1387,0.334735,0.418764,0.591019,0.712463,0.385466,0.449796,O=C(N=c1[nH]c2ccccc2[nH]1)c1ccccc1
decoy_1388,0.357656,0.462468,0.601948,0.727687,0.422799,0.490709,c1ccc2c(c1)=NC([C@@H]1CNc3nccnc31)N=2
decoy_1389,0.314734,0.392898,0.574352,0.685722,0.378987,0.449572,c1ccc(NCc2cnc3ncncc3n2)cc1
decoy_139,0.3432,0.298626,0.546988,0.552006,0.387485,0.345378,c1ccc2c(c1)OCCCO2
decoy_1390,0.316793,0.408,0.544145,0.649044,0.375781,0.4523,O=C(CNCc1cccs1)Nc1ccon1
decoy_1391,0.329487,0.42345,0.532428,0.656326,0.363884,0.437627,O=S(=O)(NCc1cc[nH]n1)c1ccccc1
decoy_1392,0.395678,0.410863,0.609608,0.620875,0.42943,0.442163,O=S(=O)(NCc1cn[nH]c1)c1ccccc1
decoy_1393,0.439128,0.41523,0.914837,0.907555,0.506064,0.47319,O=C1CCc2cc(Cc3ccccc3)ccc2N1
decoy_1394,0.34893,0.394638,0.622259,0.668128,0.402802,0.43011,Nc1[nH+]c2ccccc2n1CCc1ccccc1
decoy_1395,0.354615,0.424697,0.674909,0.708428,0.450834,0.496526,O=C(NCCc1cnc[nH]1)NC1CC[NH2+]CC1
decoy_1396,0.397567,0.42204,0.712932,0.699565,0.458262,0.465312,O=C(NCCn1ccnc1)NC1CC[NH2+]CC1
decoy_1397,0.278547,0.422458,0.472717,0.683605,0.320344,0.452269,S=C(NN[C@@H]1CCCO1)Nc1ccccc1
decoy_1398,0.3481,0.39799,0.805968,0.866256,0.404825,0.43761,c1ccc(OCCC[NH+]2CCSCC2)cc1
decoy_1399,0.303621,0.413428,0.561519,0.736828,0.333552,0.446963,c1cnc(SCCC[NH+]2CCCCC2)nc1
decoy_14,0.309293,0.256227,0.637575,0.612979,0.386693,0.376432,c1ccc2occc2c1
decoy_140,0.360984,0.302215,0.573773,0.556248,0.395727,0.356706,c1ccc(C2OCCO2)cc1
decoy_1400,0.341684,0.389842,0.865344,0.932773,0.428784,0.45494,C1CC[NH+](CCCO[C@H]2C[C@@H]3CC[C@H]2C3)CC1
decoy_1401,0.401488,0.456166,0.735793,0.833303,0.488676,0.521553,C(C[NH2+]C1CC1)CN1CCCN2CCC[C@H]2C1
decoy_1402,0.288978,0.348347,0.505287,0.555777,0.323446,0.369033,O=c1c(Oc2ccccc2)coc2ccccc12
decoy_1403,0.435415,0.527456,0.725657,0.758986,0.499922,0.560603,O=C(C[NH+]1CCCC1)Nc1c[nH]c(=O)[nH]c1=O
decoy_1404,0.302924,0.370888,0.515001,0.61402,0.3205,0.393879,c1ccc(Oc2nnnn2-c2ccccc2)cc1
decoy_1405,0.516586,0.454705,0.746916,0.706484,0.552087,0.515254,O=c1[nH]c2c(=S)[nH]cnc2n1[C@@H]1CCCO1
decoy_1406,0.284715,0.319268,0.577063,0.604423,0.344214,0.373387,C=C1COC(=O)C[C@H]1/C=C/O[C@H]1CCCCO1
decoy_1407,0.286073,0.359202,0.534448,0.630579,0.353251,0.416621,O=C1C[C@@H]2[C@@H](O[C@H]3CCCCO3)OC=C[C@H]2C1
decoy_1408,0.350841,0.400661,0.867399,0.953782,0.439011,0.479817,O=C1CC[C@@H]2[C@@H](O[C@H]3CCCCO3)OC=C[C@@H]12
decoy_1409,0.282547,0.33442,0.548612,0.588242,0.329259,0.37262,O=C1c2ccccc2OC[C@@H]1Cc1ccccc1
decoy_141,0.39987,0.35562,0.724117,0.715438,0.487627,0.459107,c1ncc([C@@H]2CCCO2)cn1
decoy_1410,0.345022,0.413248,0.649556,0.718397,0.38578,0.427043,c1coc(CCNc2cc[nH+]c3ccccc23)c1
decoy_1411,0.269401,0.366555,0.50005,0.687135,0.327239,0.408921,c1ccc(-c2c[nH]nc2CCc2ccco2)cc1
decoy_1412,0.35274,0.398353,0.882779,0.919938,0.437898,0.443781,c1ccc(OCCn2cnc3ccccc32)cc1
decoy_1413,0.372855,0.493757,0.729757,0.941124,0.46386,0.591143,O=C1CCc2ccc(Nc3ccccc3)cc2N1
decoy_1414,0.415064,0.436821,0.763456,0.791878,0.464422,0.473267,O=c1[nH]c2ccc(CCc3ccccc3)cc2[nH]1
decoy_1415,0.359206,0.455793,0.634391,0.69477,0.370495,0.463901,O=C1NCC[C@@H]2[NH+]=C(N[C@H]3CCCCO3)N[C@H]12
decoy_1416,0.373357,0.532528,0.646216,0.868621,0.40835,0.564446,c1ccc2[nH]c(-c3cnc(C4CCC4)[nH]3)nc2c1
decoy_1417,0.349618,0.484443,0.653643,0.765568,0.448254,0.557541,O=C(NCCN1CC[NH2+]CC1)Nc1cn[nH]c1
decoy_1418,0.268779,0.384381,0.473597,0.729907,0.315082,0.407823,c1ccc(-c2cnc(-c3cccnc3)s2)cc1
decoy_1419,0.257225,0.316619,0.55048,0.666409,0.337017,0.409017,C1=C(CO[C@H]2CCCCO2)[C@@H]2CCC[C@H]2CO1
decoy_142,0.386185,0.479634,0.576999,0.75712,0.399338,0.478331,O=C(NC1CC1)c1ccc[nH]1
decoy_1420,0.228979,0.294007,0.502657,0.603024,0.304201,0.368856,O=C1CCC(/C=C/CO[C@@H]2CCCCO2)CC1
decoy_1421,0.304849,0.374222,0.475953,0.532964,0.324897,0.375948,O=S(=O)(Cc1cccs1)c1ccccc1
decoy_1422,0.258283,0.328326,0.510904,0.591714,0.319046,0.386754,C1=C2[C@@H](CN1)C1=C(CCC1)N[C@H]2c1ccccc1
decoy_1423,0.262114,0.314098,0.590536,0.643694,0.418299,0.455019,c1ccc(N2CCN(c3ccccc3)CC2)cc1
decoy_1424,0.25994,0.378808,0.47561,0.811475,0.304763,0.432598,c1ccc(C[N@@H+]2CCC[C@H]2c2ccncc2)cc1
decoy_1425,0.439637,0.533029,0.757917,0.910969,0.512925,0.580231,c1ccc(-c2cc(C3CC[NH2+]CC3)ccn2)cc1
decoy_1426,0.256637,0.362459,0.445983,0.671292,0.286574,0.41497,c1ccc([C@@H]2CN(c3ccccc3)CC[NH2+]2)cc1
decoy_1427,0.40906,0.500228,0.72972,0.874978,0.456807,0.527082,c1ccc(-c2cc([C@H]3CCC[NH2+]C3)ccn2)cc1
decoy_1428,0.321561,0.49729,0.584228,0.862479,0.377208,0.538225,O=C(CC[NH+]1CCCCC1)Nc1cccs1
decoy_1429,0.258251,0.374415,0.4775,0.733765,0.288043,0.41623,S=c1n(C2CC2)cnn1CN1CCCCC1
decoy_143,0.436999,0.410039,0.75406,0.88885,0.44883,0.448148,c1csc(-c2ncc[nH]2)c1
decoy_1430,0.225729,0.288959,0.493608,0.608475,0.292883,0.384625,C1CC[C@@H](O[C@H]2CCC[C@H]3CCCC[C@@H]32)OC1
decoy_1431,0.42531,0.501439,0.698573,0.74966,0.486988,0.545518,O=C1NC(=O)C(=CN[C@H]2CCCOC2)C(=O)N1
decoy_1432,0.329438,0.300539,0.54097,0.514513,0.347293,0.340324,O=C1Nc2ccccc2[C@]12C=CNc1ocnc12
decoy_1433,0.316861,0.340784,0.527323,0.546075,0.369367,0.381608,O=C1Nc2ccccc2[C@@]12C=COc1n[nH]cc12
decoy_1434,0.445254,0.495741,0.638257,0.659525,0.468592,0.495953,O=c1[nH]c([O-])nc2nc(-c3ccccc3)ccc12
decoy_1435,0.33736,0.476217,0.568939,0.729746,0.409632,0.52183,O=C1N=c2ccc(CNc3ccncn3)cc2=N1
decoy_1436,0.343127,0.398971,0.555974,0.596943,0.375401,0.409529,O=C(CN1C(=O)CNC1=O)Nc1cccs1
decoy_1437,0.442551,0.467786,0.698236,0.670901,0.498334,0.505248,Nc1n[nH]/c(=N\S(=O)(=O)c2ccccc2)[nH]1
decoy_1438,0.41433,0.540338,0.629748,0.719194,0.462685,0.543472,O=C1N=C[C@@H](C(=O)CSc2nc[nH]n2)CN1
decoy_1439,0.455385,0.3915,0.927363,0.880432,0.524016,0.469846,O=C1COc2ccc(Cc3ccccc3)cc2N1
decoy_144,0.390243,0.409338,0.654544,0.703016,0.434041,0.482581,NC1=C2CCC(N)=C(CC1)C2
decoy_1440,0.333293,0.40278,0.639419,0.71882,0.404613,0.443362,c1coc(CCNc2ncnc3ccccc23)c1
decoy_1441,0.387873,0.478986,0.666983,0.795564,0.443074,0.508916,O=c1[nH]c2ccc(NCc3ccccc3)cc2[nH]1
decoy_1442,0.400539,0.487711,0.64584,0.763162,0.440938,0.507043,O=C(Nc1ccccc1)[C@H]1CCS(=O)(=O)C1
decoy_1443,0.3955,0.475282,0.640244,0.74931,0.438797,0.507504,O=C(N[C@H]1CCS(=O)(=O)C1)c1ccccc1
decoy_1444,0.24214,0.332243,0.504934,0.736612,0.311357,0.393017,O=C(CCc1ccccc1)NCc1ccccc1
decoy_1445,0.408662,0.44772,0.717416,0.741552,0.476291,0.491312,O=C1OC2(CCNCC2)CN1C1CC[NH2+]CC1
decoy_1446,0.337185,0.466005,0.636716,0.762948,0.419562,0.521441,O=C(CCNC(=O)C1CC1)NC1CC[NH2+]CC1
decoy_1447,0.277599,0.316422,0.428075,0.4446,0.293189,0.325009,O=S(=O)(Nc1ccccc1)c1cccs1
decoy_1448,0.387227,0.427834,0.872703,0.922791,0.467041,0.481733,c1ccc(N2CCN(c3cccc[nH+]3)CC2)cc1
decoy_1449,0.263504,0.306228,0.45359,0.475501,0.316231,0.331518,O=S(=O)(NC1CCCCC1)c1ccccc1
decoy_145,0.33776,0.367424,0.670088,0.74007,0.368444,0.400428,O=C1N=CC=C2SCC=C12
decoy_1450,0.275098,0.349499,0.476675,0.612824,0.312649,0.379647,O=S(=O)(NCC1CCCC1)c1ccccc1
decoy_1451,0.338026,0.52667,0.575336,0.809105,0.394464,0.585354,O=C(C[N@@H+]1CCCNCC1)Nc1cccs1
decoy_1452,0.355248,0.461313,0.675987,0.775007,0.427773,0.527215,O=C(CNC1CCCCC1)NC1CC[NH2+]CC1
decoy_1453,0.355751,0.505062,0.651573,0.82463,0.446551,0.573322,O=C(NCC1CCCCC1)NC1CC[NH2+]CC1
decoy_1454,0.252269,0.36084,0.453718,0.825978,0.299027,0.395596,O=[P@@H](Oc1ccccc1)OC1CCCCC1
decoy_1455,0.28219,0.357271,0.523922,0.615129,0.320362,0.401384,O=C(c1ccccc1)c1ccc2c(c1)OCCO2
decoy_1456,0.297593,0.380996,0.516039,0.614621,0.327883,0.409041,O=C1[C@@H]2[C@H](C(=O)N1c1ccccn1)[C@H]1C=C[C@@H]2C1
decoy_1457,0.283424,0.405881,0.504799,0.652187,0.348453,0.436108,O=C(C[NH+]1CCCCC1)NN1C(=O)CNC1=O
decoy_1458,0.288832,0.422429,0.491843,0.730104,0.318027,0.466547,c1ccc2c(CNCc3ncncn3)coc2c1
decoy_1459,0.406543,0.416242,0.669005,0.61713,0.440512,0.443497,NC1=[NH+]c2ncnc([O-])c2[C@H](c2ccccc2)C1
decoy_146,0.490316,0.41233,0.833915,0.820105,0.517732,0.470002,c1csc(-c2nnc[nH]2)c1
decoy_1460,0.430777,0.507147,0.665644,0.776517,0.501511,0.557573,O=c1[nH][nH]cc1[C@@H](c1ccccc1)c1cn[nH]c1
decoy_1461,0.437027,0.46755,0.719455,0.727634,0.484235,0.490315,O=C1CC([C@@H]2C=C(c3ccccc3)N=N2)=CNN1
decoy_1462,0.339389,0.391667,0.641656,0.673178,0.395387,0.432039,C1=C[C@H]([C@H]2N=NCN2/N=C/c2ccccc2)N=N1
decoy_1463,0.460288,0.515989,0.731092,0.723524,0.492379,0.522863,c1ccc2ncc(C[NH2+]Cc3nnn[n-]3)cc2c1
decoy_1464,0.499342,0.452978,0.668576,0.714812,0.499471,0.498072,O=c1ccc2c(c1)sc1cccc3[nH][nH]c2c31
decoy_1465,0.270624,0.345988,0.526368,0.637151,0.334716,0.418751,C1=C[C@H]2CCOC[C@@H]2[C@@H](O[C@H]2CCCCO2)O1
decoy_1466,0.251568,0.346712,0.450135,0.651457,0.29019,0.36079,c1coc(C[NH2+]CCn2ccc3ccccc32)c1
decoy_1467,0.473864,0.403767,0.865324,0.80327,0.534235,0.469903,O=C1CN(Cc2cccc3ccccc23)CCN1
decoy_1468,0.292301,0.37139,0.59508,0.753318,0.35611,0.434858,O=C(CNc1ccccc1)NCc1ccccc1
decoy_1469,0.274158,0.378841,0.538455,0.688491,0.330243,0.415354,O=C(CNCc1ccccc1)Nc1ccccc1
decoy_147,0.281488,0.353252,0.410108,0.464353,0.311582,0.357212,c1coc(C[NH2+]CC2CC2)c1
decoy_1470,0.245497,0.340766,0.48244,0.665279,0.311928,0.392661,O=C(NCc1ccccc1)NCc1ccccc1
decoy_1471,0.230261,0.390827,0.442623,0.772155,0.278817,0.44648,O=C(NCCc1ccccc1)Nc1ccccc1
decoy_1472,0.400688,0.465833,0.733187,0.755088,0.462505,0.510932,O=C(C[C@@H]1NCCNC1=O)NC1CC[NH2+]CC1
decoy_1473,0.28995,0.426805,0.431606,0.64444,0.30912,0.430479,O=S(=O)(/N=c1\[nH]ccs1)c1ccccc1
decoy_1474,0.381094,0.484893,0.711446,0.921551,0.449559,0.52887,c1ccc(N2CCN(c3cccc[nH+]3)CC2)nc1
decoy_1475,0.397871,0.538773,0.61676,0.793013,0.439391,0.557745,O=C(CSc1nc[nH]n1)Nc1cccs1
decoy_1476,0.263055,0.425057,0.455261,0.692758,0.314296,0.479634,O=C(C[NH2+]C[C@H]1CCCO1)Nc1cccs1
decoy_1477,0.418107,0.434667,0.704142,0.703932,0.485579,0.477357,O=S(=O)(N[C@H]1CCC[NH2+]C1)c1ccccc1
decoy_1478,0.403407,0.445323,0.688306,0.715156,0.470127,0.48178,O=S(=O)(NC1CC[NH2+]CC1)c1ccccc1
decoy_1479,0.371556,0.444616,0.658237,0.745397,0.415018,0.47611,O=S(=O)(NCC[NH2+]C1CC1)c1ccccc1
decoy_148,0.300651,0.363901,0.431048,0.481574,0.319499,0.374253,c1coc(C[NH+]2CCCC2)c1
decoy_1480,0.270251,0.348182,0.504386,0.834779,0.300206,0.366105,c1ccc(Cn2ccc(-c3cccs3)n2)cc1
decoy_1481,0.361766,0.477329,0.64528,0.858818,0.410395,0.490824,c1csc(CNc2cc[nH+]c3ccccc23)c1
decoy_1482,0.248766,0.348935,0.46469,0.719661,0.291943,0.396118,c1ccc(CSC2N=c3ccccc3=N2)cc1
decoy_1483,0.248064,0.355428,0.479117,0.662385,0.311961,0.402752,c1ccc(CNCC[NH2+]Cc2ccccc2)cc1
decoy_1484,0.354896,0.386747,0.689829,0.67339,0.441124,0.462652,O=C(CNC1CC[NH2+]CC1)NC1CCNCC1
decoy_1485,0.387433,0.452212,0.73769,0.75179,0.473006,0.521988,O=C(NC[C@H]1CCCCN1)NC1CC[NH2+]CC1
decoy_1486,0.436357,0.493677,0.724201,0.787869,0.511129,0.538764,O=C1NC(=O)N2CCC3=c4ccccc4=N[C@@H]3[C@@H]12
decoy_1487,0.364815,0.304481,0.561578,0.511388,0.371279,0.351468,c1ncc2c3cncnc3n([C@@H]3CCCO3)c2n1
decoy_1488,0.359282,0.430027,0.614342,0.696925,0.410283,0.468369,O=C1CN(Cc2ccccn2)c2ncncc2N1
decoy_1489,0.251035,0.350392,0.43965,0.645446,0.285197,0.398255,c1ccc(C[NH2+]Cc2ccc3c(c2)OCO3)cc1
decoy_149,0.264277,0.289341,0.459486,0.493511,0.317366,0.348452,C1C[C@@H]2CC[C@H]3CC[C@H](C1)[N@@H+]32
decoy_1490,0.299493,0.346614,0.55153,0.585993,0.324243,0.361275,O=c1ccn(CC[C@H]2Cc3ccccc3O2)cc1
decoy_1491,0.348439,0.466682,0.587497,0.739653,0.380757,0.476325,O=C1NCCC[C@@H]1Nc1cc[nH+]c2ccccc12
decoy_1492,0.300174,0.3751,0.551168,0.674523,0.366225,0.410109,O=C(NCc1ccccc1)NNc1ccccc1
decoy_1493,0.456152,0.451287,0.754401,0.69847,0.482202,0.477801,[NH2+]=C(NCCc1ccccc1)Nc1ncccn1
decoy_1494,0.386054,0.479688,0.623581,0.699772,0.421095,0.492909,O=C(CSc1nc[nH]n1)Nc1nccs1
decoy_1495,0.39519,0.422118,0.684939,0.67057,0.46805,0.471332,O=S(=O)(N[C@H]1CCC[NH2+]C1)c1cccnc1
decoy_1496,0.42632,0.481571,0.717628,0.745948,0.497785,0.53028,O=S(=O)(NC1CC[NH2+]CC1)c1ccccn1
decoy_1497,0.407128,0.446101,0.703246,0.701605,0.481691,0.492347,O=S(=O)(NC1CC[NH2+]CC1)c1cccnc1
decoy_1498,0.375601,0.489971,0.653908,0.75992,0.425082,0.527721,O=S(=O)(NC[C@H]1CCC[NH2+]1)c1cccnc1
decoy_1499,0.407832,0.520728,0.698884,0.795324,0.476604,0.571499,O=S(=O)(NC[C@H]1CC[NH2+]C1)c1cccnc1
decoy_15,0.335181,0.308543,0.681121,0.729019,0.363371,0.36835,C1=C[C@@H]2N=CC=C2C=N1
decoy_150,0.371656,0.491831,0.625448,0.804631,0.411318,0.562964,O=c1[nH]c(=O)c2[nH]cnc2[nH]1
decoy_1500,0.37308,0.414182,0.670131,0.680001,0.431738,0.44066,O=S(=O)(NCC[NH2+]C1CC1)c1cccnc1
decoy_1501,0.436888,0.47213,0.8044,0.840177,0.530881,0.531468,C1=C(Sc2ccccc2)CNc2ncncc21
decoy_1502,0.374143,0.549642,0.629327,0.910196,0.448805,0.613071,c1ccc2c(NCc3cscn3)cc[nH+]c2c1
decoy_1503,0.344329,0.395491,0.658072,0.70768,0.424509,0.438893,c1ccc(CNc2ncnc3sccc23)cc1
decoy_1504,0.403603,0.458224,0.68685,0.697586,0.454768,0.488205,O=C(CSc1nc[nH]n1)NC1CC[NH2+]CC1
decoy_1505,0.376463,0.393773,0.777332,0.825428,0.436985,0.445982,c1ccc(C[NH2+]CCCOc2ccccc2)cc1
decoy_1506,0.328727,0.468364,0.611841,0.804432,0.394213,0.52839,c1ccc([C@@H]([NH2+]Cc2cn[nH]c2)C2CCC2)cc1
decoy_1507,0.287768,0.388255,0.556204,0.718464,0.326003,0.425391,c1ccc(C[NH2+][C@H]2CCC[C@@H]2n2ccnc2)cc1
decoy_1508,0.376261,0.482208,0.621189,0.727163,0.396146,0.491745,O=C(NNC(=S)NC1CC1)c1cccs1
decoy_1509,0.263107,0.312347,0.525657,0.576952,0.333059,0.360703,c1ccc(C[NH2+][C@]23C[C@H]4C[C@@H](C[C@H](C4)C2)C3)cc1
decoy_151,0.471479,0.417682,0.752782,0.764723,0.507762,0.478259,O=c1ccn(C2CC2)c(=O)[nH]1
decoy_1510,0.241133,0.331529,0.473997,0.680522,0.306693,0.376547,c1ccc(C[NH2+][C@H]2[C@H]3C[C@H]4C[C@@H](C3)C[C@@H]2C4)cc1
decoy_1511,0.254284,0.30194,0.574703,0.652832,0.329415,0.393156,NC1=C2CCCC[C@@H]2[C@H]2CC[C@@H]3CCC=C3C2=C1
decoy_1512,0.4584,0.419661,0.970916,0.968851,0.632127,0.570596,NC1=CC[C@@H]2C(=C1)C=C[C@@H]1[C@@H]3CCC[C@@H]3CC[C@H]12
decoy_1513,0.531538,0.518727,0.817963,0.830608,0.570616,0.552748,O=c1[nH]c2ccc(Cc3ccco3)cc2[nH]c1=O
decoy_1514,0.415977,0.441125,0.692632,0.732108,0.46375,0.483512,O=c1[nH]c2c(c(=O)[nH]1)[C@H](c1ccccc1)C=CO2
decoy_1515,0.497966,0.5515,0.741921,0.780136,0.530365,0.575466,O=c1[nH]c2ccc(Cc3cc[nH]n3)cc2[nH]c1=O
decoy_1516,0.280342,0.350197,0.602469,0.65631,0.400035,0.45401,c1ccc(OCc2cccc3c2OCOC3)cc1
decoy_1517,0.258944,0.442602,0.498436,0.919109,0.34816,0.518465,c1cc2c(cc1-c1c[nH]c(C3CC3)n1)OCCO2
decoy_1518,0.466772,0.557952,0.733439,0.838958,0.500421,0.563939,O=C1C=C(N2CC[NH2+]CC2)C(=O)c2ccccc21
decoy_1519,0.500453,0.520664,0.747217,0.788922,0.545027,0.539326,O=C1NC(=O)[C@H]2C[NH2+][C@H](/C=C/c3ccccc3)[C@@H]12
decoy_152,0.380063,0.332151,0.664279,0.66156,0.41367,0.375069,O=c1nc[nH]c2sccc12
decoy_1520,0.278781,0.34594,0.500447,0.551201,0.309176,0.360667,O=C1NN(c2ccccc2)C(=O)[C@H]2CC=CC[C@@H]12
decoy_1521,0.322855,0.447585,0.5599,0.718966,0.386446,0.50567,O=C1CCc2ccc(NCc3cn[nH]c3)cc2N1
decoy_1522,0.35204,0.421758,0.660818,0.77706,0.428273,0.4601,O=C(c1ccccc1)N1CC[C@H](n2ccnn2)C1
decoy_1523,0.451312,0.568469,0.718639,0.808271,0.498657,0.593524,C1=[NH+][C@@H](CCc2nc[nH]n2)N(c2ccccc2)N1
decoy_1524,0.371518,0.515855,0.570996,0.712413,0.416216,0.534214,O=C(CSc1nc[nH]n1)Nc1nncs1
decoy_1525,0.33344,0.394369,0.586924,0.668804,0.409123,0.437433,c1cc(CNc2ncnc3ccsc23)ccn1
decoy_1526,0.37882,0.416507,0.685297,0.710748,0.457905,0.475593,C1=NC2=NC=N[C@@H]2C(SCc2ccccc2)=N1
decoy_1527,0.304631,0.443328,0.631553,0.89529,0.37572,0.501634,O=C(C[C@H]1CCCO1)NCCN1CCOCC1
decoy_1528,0.255671,0.372763,0.459152,0.829119,0.302593,0.386136,c1ccc(N2CC[NH+](Cc3ccco3)CC2)cc1
decoy_1529,0.346171,0.41635,0.671762,0.843668,0.392575,0.447366,c1ccc(-c2nc(C[NH+]3CCCCC3)co2)cc1
decoy_153,0.268838,0.264638,0.497519,0.508507,0.296337,0.31015,C1=C[C@H]2C[C@@H]1CC21OCCO1
decoy_1530,0.354095,0.402953,0.629723,0.73324,0.388148,0.436155,O=C1Nc2ccccc2[C@@H]1[N@@H+]1[C@@H]2CCC[C@H]1CC2
decoy_1531,0.297276,0.432602,0.530089,0.717011,0.32711,0.447964,C1=NC2(CCCCC2)NC(Nc2ccccc2)=[NH+]1
decoy_1532,0.276252,0.399134,0.488342,0.647252,0.321923,0.426477,C1=[NH+]/C(=N\c2ccccc2)NC2(CCCCC2)N1
decoy_1533,0.274235,0.361539,0.484504,0.586672,0.319378,0.393478,C1=[NH+]/C(=N/c2ccccc2)NC2(CCCCC2)N1
decoy_1534,0.307603,0.403153,0.571475,0.720539,0.355527,0.44201,c1ccc(C[N@H+]2CC[C@H](n3ccnn3)CC2)cc1
decoy_1535,0.414837,0.4809,0.691083,0.777173,0.469153,0.51809,c1ccc(-c2cnc(CN3CC[NH2+]CC3)[nH]2)cc1
decoy_1536,0.376447,0.509828,0.603036,0.740454,0.422214,0.549378,c1n[nH]c(SCCCSc2nc[nH]n2)n1
decoy_1537,0.269156,0.334547,0.606203,0.913937,0.333504,0.405524,O=C1C=C[C@H]2C(=C1)CC[C@H]1[C@H]3CCC[C@H]3CC[C@@H]12
decoy_1538,0.354373,0.426616,0.692693,0.729439,0.445409,0.500446,S=C(NC1CCNCC1)NC1CC[NH2+]CC1
decoy_1539,0.386501,0.415153,0.691407,0.74135,0.432697,0.450251,O=C(COC(=O)C1C=CNC=C1)c1ccccc1
decoy_154,0.423093,0.506688,0.657448,0.794076,0.468457,0.529875,c1coc(C2CC[NH2+]CC2)n1
decoy_1540,0.357757,0.437195,0.594316,0.70647,0.388945,0.450438,O=C1CNC(=O)[C@H](Cc2c[nH]c3ccccc23)N1
decoy_1541,0.326666,0.443938,0.574525,0.750731,0.433001,0.534421,O=C(NCc1ccccc1)Nc1ccc[nH]c1=O
decoy_1542,0.334015,0.37676,0.583702,0.577182,0.359082,0.393149,O=c1nc([C@H]2[NH2+]CNN2c2ccccc2)cc[nH]1
decoy_1543,0.280452,0.397248,0.471673,0.661262,0.318516,0.395768,O=C1CC(c2cccs2)=CC(c2ccco2)=N1
decoy_1544,0.435801,0.355044,0.692615,0.641308,0.482687,0.443122,c1ncc2sc3ncc4c(c3c2n1)CCOC4
decoy_1545,0.424512,0.528123,0.696699,0.824644,0.479962,0.534701,O=C1Cc2ccc(Sc3ncccn3)cc2N1
decoy_1546,0.353415,0.476919,0.573198,0.732189,0.40283,0.496173,c1ccc2[nH]c(SCc3ncncn3)nc2c1
decoy_1547,0.313067,0.345425,0.701199,0.758108,0.386131,0.406788,O=C(CCc1ccccc1)NCCc1ccco1
decoy_1548,0.332436,0.397123,0.646738,0.751509,0.401916,0.456489,C1=NN=C(c2ccccc2)[C@H]1CN1CCOCC1
decoy_1549,0.293002,0.42822,0.540893,0.750524,0.332682,0.46644,C(\NCCNc1ccccc1)=[NH+]/Cc1ccco1
decoy_155,0.592853,0.480368,0.790562,0.744293,0.632619,0.540235,c1cc([C@@H]2C[NH2+]CCN2)co1
decoy_1550,0.271975,0.392661,0.486416,0.693271,0.315258,0.423629,O=C1N[C@]2(C[C@H]3CC[C@@H]2CC3)Nc2ncccc21
decoy_1551,0.274404,0.34309,0.494049,0.567006,0.333372,0.38257,c1ncc2nc(C[NH2+]C3CCCCC3)cnc2n1
decoy_1552,0.271305,0.401508,0.519545,0.831962,0.332965,0.437618,O=C(CSc1ccccc1)Nc1ccccc1
decoy_1553,0.280709,0.385686,0.525348,0.706275,0.320225,0.40396,O=C(Nc1ccccc1)c1csc2c1CCC2
decoy_1554,0.366099,0.50963,0.673313,0.87847,0.439319,0.583325,c1ccc(C[NH2+]CCCCCc2cc[nH]n2)cc1
decoy_1555,0.451104,0.42117,0.977315,0.980507,0.621901,0.576575,NC1=CC[C@@H]2C(=C1)CC[C@H]1[C@H]2CC[C@H]2CCC[C@@H]21
decoy_1556,0.292302,0.353308,0.496393,0.545536,0.355381,0.399835,c1nnc(SCCC[NH+]2CCCCC2)s1
decoy_1557,0.288329,0.423047,0.524267,0.756865,0.365226,0.517569,O=C(CNC(=O)c1ccco1)Nc1ccccc1
decoy_1558,0.360243,0.475431,0.647935,0.809317,0.433387,0.53033,O=C(COC(=O)c1ccc[nH]1)Nc1ccccc1
decoy_1559,0.289101,0.387532,0.549649,0.715938,0.340479,0.431733,O=C(NCc1ccoc1)C(=O)Nc1ccccc1
decoy_156,0.406009,0.494923,0.646159,0.781108,0.451906,0.519562,c1coc([C@H]2CCC[NH2+]C2)n1
decoy_1560,0.387791,0.416993,0.667546,0.691468,0.456191,0.47446,O=C(COc1ccccc1)NNc1ccncn1
decoy_1561,0.414375,0.489402,0.661198,0.729578,0.444881,0.501787,c1cnc(SCc2ncc3cn[nH]c3n2)nc1
decoy_1562,0.277088,0.339292,0.571722,0.64418,0.364084,0.437429,C1CC[C@@H](OCC[C@H]2C[C@@H]3OCO[C@@H]3O2)OC1
decoy_1563,0.284475,0.324989,0.590916,0.610203,0.363412,0.403917,c1ccc([C@@H]2CN(Cc3ccno3)CCO2)cc1
decoy_1564,0.34376,0.374331,0.767725,0.795075,0.458967,0.468142,c1ccc(-c2nc(CN3CCOCC3)co2)cc1
decoy_1565,0.344984,0.385909,0.720039,0.760519,0.418354,0.44098,c1cc(-c2ccc(OC[C@H]3CCCO3)cc2)[nH]n1
decoy_1566,0.375089,0.542943,0.661093,0.870376,0.451612,0.587208,O=C(CC[NH2+]Cc1ccco1)Nc1ccccc1
decoy_1567,0.297615,0.382925,0.599458,0.765145,0.352898,0.427503,O=C(NCCc1ccco1)NCc1ccccc1
decoy_1568,0.388615,0.400865,0.675455,0.689683,0.442157,0.439175,O=C(NCCc1ccccc1)NCc1cn[nH]c1
decoy_1569,0.356267,0.487528,0.634625,0.81424,0.428945,0.549678,O=C(NCCCc1cc[nH]n1)Nc1ccccc1
decoy_157,0.2335,0.25824,0.341724,0.37968,0.27215,0.305181,O=C1[C@@H]2CN3C[C@H]1C[N@H+](C2)C3
decoy_1570,0.317616,0.487398,0.566559,0.792565,0.377939,0.521746,O=C(NCCCn1cc[nH+]c1)Nc1ccccc1
decoy_1571,0.42021,0.485517,0.696524,0.737209,0.492048,0.53803,c1cnn(-c2cc(NC3CC[NH2+]CC3)ncn2)c1
decoy_1572,0.259717,0.309429,0.49987,0.528286,0.301936,0.341423,O=C(/C=C/c1ccccc1)OCc1ccsc1
decoy_1573,0.399626,0.515909,0.737653,0.930072,0.49429,0.597771,O=C1Cc2ccc(NCc3cccs3)cc2N1
decoy_1574,0.244073,0.303231,0.560298,0.643179,0.336636,0.394859,C(CCO[C@@H]1CCCCO1)CCC1OCCO1
decoy_1575,0.41176,0.394264,0.78308,0.771581,0.469233,0.439916,O=c1[nH]c2ccc(CC3CCCCCC3)cc2[nH]1
decoy_1576,0.427182,0.513732,0.771586,0.902827,0.487565,0.545603,O=C(c1ccccc1)N1CCC2(CC[NH2+]CC2)C1
decoy_1577,0.426413,0.472889,0.672967,0.716971,0.503188,0.516649,O=C(CSc1nc[nH]n1)N[C@@H]1CCCS1
decoy_1578,0.34988,0.376286,0.706396,0.734925,0.439744,0.443334,c1ccc(Sc2nc3cccnc3s2)cc1
decoy_1579,0.354601,0.461332,0.655719,0.868345,0.40941,0.485203,c1ccc2ncc(C[NH+]3CCSCC3)cc2c1
decoy_158,0.260535,0.302284,0.411917,0.551842,0.284128,0.345987,O=C1CCC[C@@H]2CCCC[C@H]12
decoy_1580,0.468818,0.495366,0.738536,0.743109,0.525438,0.525145,O=C(Cc1ccccc1)Nc1c[nH]c(=O)[nH]c1=O
decoy_1581,0.24594,0.343539,0.463746,0.623372,0.305786,0.36957,O=C(CCc1ccccc1)O/N=C/c1cnon1
decoy_1582,0.425658,0.507932,0.68794,0.759755,0.472957,0.539005,O=C(CNc1ccccc1)c1c[nH]c(=O)[nH]c1=O
decoy_1583,0.375091,0.46155,0.652188,0.780293,0.470112,0.560814,O=C(CNC(=O)c1cocn1)Nc1ccccc1
decoy_1584,0.347112,0.372237,0.614151,0.641896,0.372117,0.38494,O=S(=O)(/C=C/c1ccccc1)c1ccccn1
decoy_1585,0.493966,0.505383,0.792689,0.825192,0.550886,0.548171,O=C1CS[C@H](c2ccccc2)c2cn[nH]c2N1
decoy_1586,0.303473,0.394502,0.564287,0.689914,0.358733,0.429925,O=C(Cc1cscn1)N/N=C/c1ccccc1
decoy_1587,0.317992,0.443116,0.585866,0.787281,0.389495,0.503817,O=C(CSc1ncccn1)Nc1ccccc1
decoy_1588,0.331915,0.486177,0.612186,0.820073,0.388112,0.531523,c1coc(-c2n[nH]cc2C[NH2+]C2CCCCC2)c1
decoy_1589,0.406184,0.489736,0.701023,0.789979,0.465682,0.541685,O=C1CCc2ccc(NC[C@H]3CCC[NH2+]3)cc2N1
decoy_159,0.248934,0.284945,0.486638,0.517705,0.296033,0.360901,c1cc2c(s1)CCCCC2
decoy_1590,0.388444,0.457755,0.667326,0.744594,0.443619,0.483388,O=C1CCc2cc(NC[C@H]3CCC[NH2+]3)ccc2N1
decoy_1591,0.414347,0.443133,0.711353,0.724901,0.49965,0.495378,O=C1CCc2cc(NC[C@H]3CC[NH2+]C3)ccc2N1
decoy_1592,0.3702,0.459453,0.644762,0.745841,0.411856,0.472723,O=C1NCC[N@H+]2C[C@@H](NCc3ccccc3)C[C@@H]12
decoy_1593,0.372102,0.457711,0.656836,0.756524,0.422911,0.504103,O=c1[nH]c2ccc(C[NH2+]C3CCCCC3)cc2[nH]1
decoy_1594,0.425421,0.510387,0.736405,0.838575,0.495514,0.563413,O=C(c1cccnc1)N1CCC2(CC[NH2+]CC2)C1
decoy_1595,0.439314,0.47606,0.738221,0.764839,0.486333,0.50977,O=C(c1ccncc1)N1CCC2(CC[NH2+]CC2)C1
decoy_1596,0.325306,0.476228,0.587353,0.799863,0.40504,0.525848,O=C(N[C@H]1CC[N@H+]2CCCC[C@H]12)c1cccnc1
decoy_1597,0.398076,0.441879,0.731059,0.822738,0.49669,0.530353,O=C(N[C@]12C[C@H]3C[C@@H](C[C@H](C3)C1)C2)c1cn[nH]c1
decoy_1598,0.328651,0.488685,0.594091,0.802804,0.403417,0.553275,O=C(Nc1ccccc1)N[C@H]1CC[N@@H+](C2CC2)C1
decoy_1599,0.350601,0.418206,0.702239,0.73609,0.397483,0.45484,NC(=N/C[C@H]1CCC[NH2+]1)/[NH+]=C/Nc1ccccc1
decoy_1599_2,0.280424,0.389224,0.555138,0.661354,0.343603,0.440809,NC(=N\C[C@H]1CCCN1)/[NH+]=C/Nc1ccccc1
decoy_16,0.393568,0.329975,0.766219,0.749986,0.415054,0.395687,c1ccc2[nH]cnc2c1
decoy_160,0.446751,0.3962,0.690604,0.692581,0.492604,0.475003,O=c1cc2n(c(=O)[nH]1)CCN2
decoy_1600,0.425569,0.46033,0.812878,0.870433,0.472834,0.49135,c1ccc(OC[C@@H]2[NH2+]CCc3sccc32)cc1
decoy_1601,0.234667,0.325812,0.463428,0.715057,0.279819,0.382715,O=C(CCc1ccccc1)NCc1cccs1
decoy_1602,0.25766,0.296613,0.502987,0.547844,0.309437,0.338105,O=C(CCc1cccs1)NCc1ccccc1
decoy_1603,0.240777,0.310108,0.484669,0.562506,0.283142,0.340456,c1ccc2c(c1)CC[N@H+](CC[C@H]1CCCCO1)C2
decoy_1604,0.214032,0.3504,0.484055,0.882033,0.288025,0.436337,O=C(CCC1CCCCC1)NCc1ccccc1
decoy_1605,0.287542,0.360202,0.461115,0.574699,0.324706,0.370042,O=S(=O)(NC1CCCCC1)c1cccs1
decoy_1606,0.266866,0.354152,0.446283,0.631461,0.290435,0.39126,O=S(=O)(NC1CCCCC1)c1ccsc1
decoy_1607,0.346728,0.388859,0.850704,0.900033,0.406073,0.43337,O=c1ccoc2cc(O[C@@H]3CCCCO3)ccc12
decoy_1608,0.29291,0.359753,0.526311,0.594394,0.336977,0.393395,O=c1ccc2cccc(O[C@@H]3CCCCO3)c2o1
decoy_1609,0.292833,0.349927,0.559078,0.612898,0.354633,0.412395,O=c1ccc2ccc(O[C@@H]3CCCCO3)cc2o1
decoy_161,0.408948,0.473322,0.651485,0.764732,0.44481,0.499663,O=C1C=CC2(CC[NH2+]CC2)O1
decoy_1610,0.319759,0.369965,0.615995,0.687478,0.368775,0.418114,O=C1Nc2ccccc2/C1=N/O[C@@H]1CCCCO1
decoy_1611,0.436237,0.475295,0.753637,0.761506,0.496719,0.521147,O=C(C[C@H]1NCON1)NC1=C[C@@H]2N=CC=C2C=C1
decoy_1612,0.363198,0.462803,0.639425,0.705698,0.417026,0.487188,O=C(Nc1ccc2[nH]c(=O)[nH]c2c1)[C@@H]1CCC[NH2+]1
decoy_1613,0.366066,0.506375,0.635875,0.750954,0.405586,0.528953,O=C(Nc1ccc2[nH]c(=O)[nH]c2c1)[C@H]1CC[NH2+]C1
decoy_1614,0.441261,0.480057,0.712173,0.782897,0.492424,0.520001,O=C(NCCc1ccco1)NNc1ccccn1
decoy_1615,0.347147,0.422036,0.601022,0.678381,0.394186,0.459813,O=C(NCC[NH2+]Cc1ccccc1)c1cnon1
decoy_1616,0.296645,0.3893,0.568418,0.699872,0.355102,0.443251,c1ccc(-n2ncc3nc4ccccc4nc32)cc1
decoy_1617,0.285562,0.400105,0.507792,0.726288,0.367909,0.445531,c1cnc(Sc2ccc3c(c2)OCCO3)nc1
decoy_1618,0.324665,0.407042,0.559894,0.662151,0.370601,0.430843,O=C(Cc1nncs1)N/N=C/c1ccccc1
decoy_1619,0.331689,0.451083,0.576522,0.739747,0.406236,0.505369,O=C(CSc1ncncn1)Nc1ccccc1
decoy_162,0.396398,0.353385,0.689102,0.663863,0.440785,0.39921,c1cn(C[C@H]2CCCO2)nn1
decoy_1620,0.364597,0.44543,0.612753,0.686619,0.416544,0.492166,O=C(NC1N=c2ccccc2=N1)C1=CNCS1
decoy_1621,0.366964,0.451584,0.609417,0.673358,0.411059,0.488708,S=C(NNc1ncncn1)Nc1ccccc1
decoy_1622,0.252102,0.29972,0.540051,0.574676,0.353172,0.373496,O=C(/C=C/c1ccccc1)OC[C@H]1CCCCO1
decoy_1623,0.2926,0.369426,0.605204,0.741044,0.373531,0.447912,O=C(Nc1ccccc1)C(=O)NC1CCCCC1
decoy_1624,0.316088,0.358106,0.720808,0.768782,0.425851,0.444887,c1ccc(OCCCSc2ncccn2)cc1
decoy_1625,0.288103,0.393047,0.524333,0.684189,0.343632,0.431601,O=C(CNCc1ccccc1)Nc1cccs1
decoy_1626,0.366109,0.465169,0.62703,0.759951,0.426057,0.500479,O=C(C[NH2+]Cc1cccs1)Nc1ccccc1
decoy_1627,0.255337,0.408477,0.466259,0.772586,0.298354,0.475397,O=C(NCCc1cccs1)Nc1ccccc1
decoy_1628,0.32228,0.40054,0.615393,0.777143,0.376995,0.453556,O=C(NCCc1ccsc1)Nc1ccccc1
decoy_1629,0.278511,0.414515,0.615324,0.883005,0.37057,0.52129,O=C(CCNc1ccccc1)NC1CCCCC1
decoy_163,0.432416,0.449653,0.636562,0.663517,0.456031,0.469319,NC1=[N+]([C@@H]2CCCO2)C=NC1
decoy_1630,0.242084,0.3864,0.469418,0.741206,0.291413,0.42763,O=C(C[NH+]1CCCCCCC1)Nc1ccccc1
decoy_1631,0.291758,0.360003,0.61714,0.758971,0.35504,0.420757,O=C(NCc1ccccc1)NCC1CCCCC1
decoy_1632,0.422188,0.502017,0.703882,0.785721,0.479141,0.534944,O=S(=O)(NC1CC[NH2+]CC1)c1cccs1
decoy_1633,0.287202,0.373852,0.669656,0.81921,0.377205,0.475012,c1ccc(C[NH2+]CCCC[NH+]2CCCCC2)cc1
decoy_1634,0.312372,0.411408,0.542995,0.730935,0.366153,0.437788,O=C1c2ccccc2C(=O)c2c1cc1ccccn21
decoy_1635,0.407858,0.515691,0.695106,0.74997,0.45443,0.529714,O=c1[nH]cc(NCCNc2cccc[nH+]2)c(=O)[nH]1
decoy_1636,0.447856,0.511511,0.688365,0.772206,0.494063,0.545881,O=C1NC(=S)NC(=O)C1=CNc1ccccc1
decoy_1637,0.262601,0.354896,0.517469,0.648926,0.30502,0.403815,O=C(CNCc1ccccc1)NC(=O)NC1CC1
decoy_1638,0.366446,0.485724,0.649014,0.758838,0.445057,0.555091,O=C(Nc1ccccc1)C(=O)NC1CC[NH2+]CC1
decoy_1639,0.389084,0.453321,0.6711,0.717588,0.441775,0.498744,O=C(NC[C@H]1CC[NH2+]C1)C(=O)Nc1ccccc1
decoy_164,0.532887,0.477483,0.795662,0.795847,0.558079,0.525968,O=c1[nH]nc(C2CCCC2)[nH]1
decoy_1640,0.201384,0.243509,0.421937,0.455058,0.25823,0.30671,c1ccc(C(c2ccccc2)c2ncncn2)cc1
decoy_1641,0.258121,0.3529,0.47448,0.595977,0.291787,0.37152,N/C(=C/c1ccccc1)c1cnc2ccccc2n1
decoy_1642,0.248335,0.361451,0.418109,0.629882,0.26913,0.361608,c1csc(C[NH2+]Cc2ccc3c(c2)OCO3)c1
decoy_1643,0.256339,0.349066,0.514444,0.729454,0.32682,0.405366,O=C(CNc1ccccc1)OCc1ccsc1
decoy_1644,0.428325,0.453701,0.799597,0.839047,0.483153,0.491782,O=c1[nH]nc(SCc2ccccc2)n1C1CC1
decoy_1645,0.268531,0.311998,0.504912,0.534448,0.335062,0.362138,c1cc2c(cc1C[NH2+]C1CCCCC1)OCCO2
decoy_1646,0.29147,0.382837,0.571937,0.712388,0.347037,0.433433,C(\NCCNc1ccccc1)=[NH+]/C[C@H]1CCCO1
decoy_1647,0.367711,0.508261,0.652355,0.81387,0.454817,0.576369,O=C(NCCc1ccccc1)NC1CC[NH2+]CC1
decoy_1648,0.297016,0.4549,0.565585,0.785113,0.362761,0.494668,O=C(NCC[NH+]1CCCCC1)Nc1ccccc1
decoy_1649,0.408946,0.495876,0.708023,0.799424,0.463233,0.541719,c1nc(NC2CC[NH2+]CC2)cc(N2CCCC2)n1
decoy_165,0.350734,0.328052,0.534212,0.495867,0.36537,0.357798,C1CCC([NH+]2CCCC2)CC1
decoy_1650,0.264111,0.330595,0.551025,0.657529,0.33359,0.390451,c1nc(N2CCCCC2)nc(N2CCCCC2)n1
decoy_1651,0.31362,0.375258,0.558494,0.609768,0.365293,0.402576,c1csc(CSc2nnc3ccccn23)c1
decoy_1652,0.386463,0.411381,0.780274,0.828048,0.451209,0.457931,c1ccc(OCCC[NH2+]Cc2cccs2)cc1
decoy_1653,0.461313,0.465282,0.755415,0.747566,0.490335,0.486402,S=C1NN[C@]2(CCC[C@@H](c3ccccc3)C2)N1
decoy_1654,0.266526,0.411263,0.443322,0.633126,0.319774,0.438882,O=C(CNc1ccccc1)NN1C(=O)CNC1=O
decoy_1655,0.42188,0.445972,0.686255,0.724446,0.464288,0.476669,O=c1[nH]c2c(c(=O)[nH]1)[C@H](c1cccs1)C=CO2
decoy_1656,0.405267,0.519703,0.606892,0.689635,0.423981,0.51078,O=c1[nH]cc(CSc2ncnc3[nH]cnc23)[nH]1
decoy_1657,0.386633,0.498133,0.593123,0.669796,0.413708,0.482399,O=c1[nH]cc(CSc2ncc3nc[nH]c3n2)[nH]1
decoy_1658,0.273526,0.333099,0.548157,0.600706,0.337501,0.391712,O=C1CCc2ccc(O[C@@H]3CCCCO3)cc2O1
decoy_1659,0.290422,0.347048,0.578849,0.630401,0.358847,0.413212,O=C1CC=C2C=CC(O[C@H]3CCCCO3)=C[C@@H]2O1
decoy_166,0.380932,0.370425,0.62721,0.665095,0.422653,0.415806,O=C1NC(=O)C2(CCCC2)N1
decoy_1660,0.292666,0.347948,0.578885,0.631858,0.367391,0.409577,O=C1C=C[C@@H]2C=CC(O[C@H]3CCCCO3)=C[C@H]2O1
decoy_1661,0.271691,0.402769,0.509665,0.776243,0.336962,0.463962,O=C(Nc1ccccc1)N[C@H]1CC[C@H]2OC[C@@H]1O2
decoy_1662,0.285765,0.345067,0.521988,0.559173,0.325007,0.382421,C=C1C(=O)Nc2ccccc2N=C1c1ccccc1
decoy_1662_2,0.278503,0.317964,0.503316,0.535166,0.302363,0.341124,CC1=C(c2ccccc2)Nc2ccccc2NC1=O
decoy_1663,0.357874,0.439724,0.627796,0.723028,0.425039,0.486996,c1ccc(NCC[NH2+]CCOc2cnon2)cc1
decoy_1664,0.391114,0.453914,0.677253,0.700374,0.4581,0.510313,O=C(Nc1cccnc1)C(=O)NC1CC[NH2+]CC1
decoy_1665,0.300713,0.25874,0.49716,0.49365,0.316082,0.334191,c1ccc(N(c2ccccc2)c2ncncn2)cc1
decoy_1666,0.323914,0.282906,0.52508,0.489622,0.344935,0.335592,C1=Nc2nc3ccccc3n2[C@@H](c2ccccc2)N1
decoy_1667,0.336999,0.420246,0.614197,0.761706,0.427861,0.515116,c1ccc(Nc2cncc(-c3cccnc3)n2)cc1
decoy_1668,0.315986,0.465826,0.60202,0.83505,0.400563,0.54329,c1ccc(Nc2nccc(-c3cccnc3)n2)cc1
decoy_1669,0.294925,0.388255,0.468563,0.583122,0.322871,0.393744,O=S(=O)(NNc1ccccc1)c1ccccc1
decoy_167,0.360113,0.331394,0.841841,0.825174,0.394975,0.378292,O=C1CCC2(CCCCC2)O1
decoy_1670,0.426018,0.537427,0.692508,0.833077,0.476599,0.571959,O=C1C[C@H](CNc2ncnc3sccc23)CN1
decoy_1671,0.365908,0.509963,0.630593,0.814015,0.431546,0.549545,O=C(CCSc1nc[nH]n1)Nc1ccccc1
decoy_1672,0.39137,0.547888,0.643468,0.780436,0.45403,0.618279,O=C(Nc1cc2c(s1)C[NH2+]CC2)c1cc[nH]n1
decoy_1673,0.391882,0.419254,0.642396,0.672808,0.462809,0.463761,O=C(NCCc1ccccc1)Nc1nncs1
decoy_1674,0.274823,0.33498,0.583172,0.662354,0.377391,0.438231,c1cc(N2CCOCC2)cc(N2CCOCC2)c1
decoy_1675,0.273397,0.381388,0.546111,0.791693,0.336884,0.450916,c1ccc(N[C@@H]2CCCO2)c(N[C@H]2CCCO2)c1
decoy_1676,0.316144,0.422827,0.698216,0.949243,0.401431,0.529366,c1cc(N[C@H]2CCCO2)cc(N[C@@H]2CCCO2)c1
decoy_1677,0.316051,0.411865,0.710292,0.926811,0.392232,0.478839,c1cc(N[C@@H]2CCCO2)ccc1N[C@H]1CCCO1
decoy_1678,0.435467,0.433124,0.746689,0.768553,0.501891,0.477661,O=C1NCCC[C@@H]1[NH2+]CCCOc1ccccc1
decoy_1679,0.338768,0.42677,0.630958,0.76415,0.411877,0.47944,O=C1CC[N@H+](CCCOc2ccccc2)CCN1
decoy_168,0.382084,0.314768,0.60905,0.569777,0.431429,0.415443,c1ccc(-c2ccccc2)cc1
decoy_1680,0.342784,0.362448,0.641045,0.64808,0.403639,0.407959,O=C(C[NH+]1CCCC1)NCCOc1ccccc1
decoy_1681,0.270124,0.343131,0.471818,0.600263,0.300739,0.372492,c1ccc([C@H]2[NH2+]CCc3c2[nH]c2ccccc32)cc1
decoy_1682,0.241281,0.296672,0.479486,0.592858,0.285053,0.348896,c1ccc([C@H]2NCCC3=c4ccccc4=N[C@H]32)cc1
decoy_1683,0.279633,0.358975,0.586996,0.761203,0.372096,0.444057,c1nc(N2CCCCC2)cc(N2CCOCC2)n1
decoy_1684,0.358539,0.509825,0.653363,0.791645,0.443285,0.564795,O=C(NCCN1CC[NH2+]CC1)Nc1ccccc1
decoy_1685,0.449051,0.492443,0.721688,0.767022,0.512654,0.520173,c1csc(CSc2ncnc3nc[nH]c23)c1
decoy_1686,0.475273,0.399855,0.80697,0.765109,0.50505,0.452802,c1ccc(OCCC[NH2+]Cc2cscn2)cc1
decoy_1687,0.391194,0.520282,0.64605,0.794977,0.44798,0.553097,c1nc(NC[C@H]2CCC[NH2+]C2)c2ccsc2n1
decoy_1688,0.22236,0.300318,0.475044,0.634945,0.284173,0.391579,C1=C[C@@]23CCC[C@]2(C1)CC[C@H]3O[C@@H]1CCCCO1
decoy_1689,0.421568,0.404918,0.792666,0.825399,0.498047,0.464376,c1ccc(OCCC[NH2+]CCN2CCCC2)cc1
decoy_169,0.404965,0.346518,0.871703,0.867368,0.412585,0.39409,c1csc(N2CCCC2)n1
decoy_1690,0.288943,0.416482,0.559347,0.896722,0.374116,0.489876,c1coc(CN2CCC([NH+]3CCCCC3)CC2)c1
decoy_1691,0.364243,0.366861,0.759963,0.749052,0.47077,0.46731,c1ccc(OCCC[NH2+]CC2CC[NH2+]CC2)cc1
decoy_1691_2,0.335175,0.392951,0.627995,0.73893,0.431245,0.481164,c1ccc(OCCCNCC2CC[NH2+]CC2)cc1
decoy_1692,0.424041,0.511629,0.787161,0.939717,0.488183,0.568133,O=C([C@@H]1CC=CCC1)N1CCC2(CC[NH2+]CC2)C1
decoy_1693,0.435921,0.418119,0.756785,0.730014,0.52736,0.498107,O=C(N[C@H]1CC[NH2+]C1)[C@]12C[C@H]3C[C@@H](C[C@H](C3)C1)C2
decoy_1694,0.28178,0.368931,0.535871,0.743538,0.332994,0.420394,O=C(NC[C@H]1CCCO1)c1ccc2c(c1)OCO2
decoy_1695,0.332355,0.37571,0.687084,0.71504,0.457796,0.491914,c1ccc(Oc2ccc(-c3ncncn3)cc2)cc1
decoy_1696,0.407821,0.510483,0.69688,0.744165,0.46174,0.538705,O=c1[nH]c2nc(C[NH+]3CCCCC3)nc-2c([O-])[nH]1
decoy_1697,0.360417,0.410236,0.643019,0.700979,0.426888,0.449637,c1ccc2nc([C@H]3CNc4nccnc43)ncc2c1
decoy_1698,0.282995,0.424175,0.517117,0.73056,0.339849,0.480942,c1ccc(Nc2ncnc(-c3ccncc3)n2)cc1
decoy_1699,0.43035,0.607366,0.660398,0.840943,0.471301,0.633818,O=C(Nc1cc2c(s1)C[NH2+]CC2)c1ccno1
decoy_17,0.369978,0.311155,0.751815,0.731596,0.407315,0.390375,c1ccc2[nH]ncc2c1
decoy_170,0.270594,0.321963,0.473323,0.554691,0.29976,0.34927,C1CCC(OC2CCC2)CC1
decoy_1700,0.287989,0.390464,0.452478,0.571847,0.31333,0.397731,O=S(=O)(NNc1ccccn1)c1ccccc1
decoy_1701,0.364288,0.379985,0.68413,0.698673,0.385389,0.395608,c1ccc2c(c1)CC[C@@H]2Nc1cccn2cc[nH+]c12
decoy_1702,0.340509,0.402547,0.610754,0.676445,0.390368,0.420913,c1cncc(CCNc2cc[nH+]c3ccccc23)c1
decoy_1703,0.281268,0.427582,0.473286,0.681898,0.339731,0.462968,O=c1[nH]c(C[NH+]2CCCCC2)nc2sccc12
decoy_1704,0.276825,0.414588,0.493527,0.8334,0.319017,0.444705,O=C(CSc1ccccc1)Nc1cccs1
decoy_1705,0.371776,0.453818,0.668722,0.735087,0.432791,0.491308,S=C(NCc1ccccc1)NC1CC[NH2+]CC1
decoy_1706,0.214349,0.285099,0.489069,0.632788,0.276822,0.374489,O=C(C[C@H]1CCC[C@H]2CCCC[C@@H]21)N1CCCC1
decoy_1707,0.268128,0.312828,0.53331,0.584477,0.351333,0.394537,c1coc([C@H]2c3ccccc3Oc3ncncc32)c1
decoy_1708,0.296575,0.339207,0.4932,0.537498,0.336327,0.384864,O=C1NC(=O)C2(N1)c1ccccc1-c1ccccc12
decoy_1709,0.265497,0.406565,0.469171,0.693179,0.312809,0.450632,O=C(N/N=C1\C=Nc2ccccc21)c1ccccn1
decoy_171,0.502905,0.445418,0.784651,0.741061,0.527798,0.49159,C1CCN([C@H]2CC[NH2+]C2)CC1
decoy_1710,0.311111,0.441365,0.464355,0.619236,0.341112,0.433428,O=S(=O)(NNc1ccncn1)c1ccccc1
decoy_1711,0.301407,0.379296,0.61144,0.760279,0.370796,0.455213,O=C(NCNc1ccccc1)OC[C@H]1CCCO1
decoy_1712,0.316069,0.3347,0.555318,0.591905,0.341472,0.372485,N/C(=C/[C@@H]1C(=O)Nc2ccccc21)c1ccccc1
decoy_1713,0.249262,0.39815,0.462311,0.793844,0.292309,0.432624,O=c1[nH]c2ccccc2nc1CCc1ccccc1
decoy_1714,0.283105,0.312123,0.498459,0.497261,0.313747,0.342361,O=C1NC(c2ccccc2)=C[C@@H](c2ccccc2)N1
decoy_1715,0.400251,0.469493,0.700569,0.765695,0.480527,0.547818,O=C(NCC1CCCC1)NNC(=O)c1ccc[nH]1
decoy_1716,0.390667,0.559081,0.673769,0.89066,0.463136,0.602134,O=C(NCCNc1cccc[nH+]1)N1CCOCC1
decoy_1717,0.393601,0.472475,0.677416,0.800707,0.490781,0.543417,c1ccc(CCNc2cc[nH+]c3nccnc23)cc1
decoy_1718,0.26997,0.327766,0.563048,0.63572,0.32892,0.400272,O=C1C=C2CC[C@@H](O[C@H]3CCCCO3)CC[C@@H]2C1
decoy_1719,0.253575,0.294361,0.464297,0.48743,0.311097,0.333982,[NH2+]=C1C[C@@H](c2ccccc2)N[C@H](c2ccccc2)C1
decoy_172,0.423034,0.507533,0.701144,0.807145,0.474449,0.55963,C1C[NH2+][C@H](C2CC[NH2+]CC2)C1
decoy_1720,0.311525,0.453212,0.578629,0.846139,0.356949,0.500629,O=C(CSc1nccs1)Nc1ccccc1
decoy_1721,0.372396,0.451171,0.689305,0.821412,0.488841,0.560694,O=C(NCCCc1cc[nH]n1)NC1CCCCC1
decoy_1722,0.323326,0.49256,0.595017,0.86551,0.379324,0.519162,O=C(CC[NH+]1CCSCC1)Nc1ccccc1
decoy_1723,0.449249,0.469474,0.771307,0.789506,0.500875,0.508975,O=C(c1cccs1)N1CCC2(CC[NH2+]CC2)C1
decoy_1724,0.465388,0.537751,0.794385,0.905411,0.521798,0.575011,O=C(c1ccsc1)N1CCC2(CC[NH2+]CC2)C1
decoy_1725,0.355935,0.480751,0.661293,0.755895,0.422108,0.522798,S=C(NC[C@H]1CCC[NH2+]1)NNc1ccccc1
decoy_1726,0.401192,0.481676,0.775578,0.905166,0.472686,0.532596,O=C(C1CCCCC1)N1CCC2(CC[NH2+]CC2)C1
decoy_1727,0.286411,0.368945,0.523669,0.710052,0.351586,0.425736,c1csc(CN2CC[C@H]([NH+]3CCCCC3)C2)c1
decoy_1728,0.35412,0.439306,0.570621,0.645148,0.389307,0.434135,O=C(Cn1c(=O)[nH]c(=O)c2ccsc21)N1CC1
decoy_1729,0.297592,0.435484,0.441695,0.596183,0.321768,0.423027,O=S(=O)(NNc1ncncn1)c1ccccc1
decoy_173,0.457677,0.36906,0.933839,0.904161,0.491984,0.452012,c1ccc(-c2ccncc2)cc1
decoy_1730,0.294855,0.378484,0.50622,0.579995,0.321196,0.390578,[NH2+]=c1ccc2c(COc3ccccc3)ccoc-2c1
decoy_1731,0.259835,0.331142,0.471264,0.567041,0.29402,0.349901,N/C(=C/[C@@H]1OC(=O)c2ccccc21)c1ccccc1
decoy_1732,0.293746,0.402347,0.518113,0.717657,0.336,0.42695,O=C1c2ccccc2C(=O)c2c1[nH]c1c2CCCC1
decoy_1733,0.333231,0.411447,0.591466,0.679116,0.385369,0.446319,O=C(C[NH+]1CCCC1)NC(=O)NCc1ccco1
decoy_1734,0.291748,0.381063,0.567145,0.720782,0.371762,0.44906,c1nc(N2CCOCC2)nc(N2CCOCC2)n1
decoy_1735,0.273981,0.324109,0.485527,0.526042,0.315761,0.351911,O=C1C[C@@H](c2ccccc2)[NH2+][C@H](c2ccccc2)C1
decoy_1736,0.248667,0.298066,0.525164,0.581485,0.320626,0.352524,O=C(/C=C/c1ccccc1)NCCc1ccccc1
decoy_1737,0.333137,0.499503,0.620264,0.822235,0.387405,0.532573,O=C(CC[C@H]1CNC(=O)[C@@H]2CCC[N@H+]12)NC1CC1
decoy_1738,0.323705,0.378884,0.579552,0.62288,0.372399,0.404079,O=C(CSc1nncs1)Nc1ccccc1
decoy_1739,0.313933,0.387949,0.627677,0.696497,0.407523,0.469744,O=C(NCCCn1ccnc1)NC1CC[NH2+]CC1
decoy_174,0.420295,0.377977,0.676849,0.677299,0.466713,0.42895,S=c1nc(C2CC2)nc[nH]1
decoy_1740,0.369503,0.495,0.636084,0.780662,0.42139,0.523311,O=C1NCC[N@@H+]2C[C@@H](NCc3cccs3)C[C@@H]12
decoy_1741,0.407909,0.446629,0.688879,0.72251,0.489745,0.510784,O=C(Nc1cc2c(s1)CCC2)N1CC[NH2+]CC1
decoy_1742,0.414941,0.485883,0.72974,0.823848,0.503833,0.536545,C1=N[C@H](N2CCN(Cc3cnc[nH]3)CC2)SC1
decoy_1743,0.366357,0.456164,0.693427,0.796874,0.479936,0.538424,O=C(C1CCNCC1)N1CCC2(CC[NH2+]CC2)C1
decoy_1744,0.342353,0.416347,0.667253,0.729752,0.433722,0.498468,O=C(NC1CCCC1)[C@H]1CNCC12CC[NH2+]CC2
decoy_1745,0.376135,0.456601,0.662191,0.777864,0.455709,0.529185,c1cs[n+](/C(=N\C2CC2)NC2CCNCC2)c1
decoy_1746,0.258883,0.394218,0.433552,0.646078,0.295463,0.411399,c1ccc(C[NH2+]CCSc2nncs2)cc1
decoy_1747,0.32922,0.396418,0.651335,0.76658,0.425252,0.490784,C1CC[NH+](CC2CCN(CCNC3CC3)CC2)C1
decoy_1748,0.406866,0.341964,0.706598,0.639632,0.430453,0.371114,O=C1C[C@@]2(C=CN1)C(=O)N1CC=Cc3cccc2c31
decoy_1749,0.299614,0.344044,0.544109,0.592196,0.367371,0.407106,O=c1ccccn1Cc1ncc(-c2ccccc2)o1
decoy_175,0.304919,0.357683,0.47279,0.524595,0.344866,0.405926,C1CC[NH+]([C@H]2CCOC2)CC1
decoy_1750,0.353098,0.379711,0.61155,0.617928,0.40573,0.421018,O=C1N[C@H](c2ccccc2)/C(=C/c2cc[nH]c2)C1=O
decoy_1751,0.354566,0.379268,0.622695,0.631564,0.412351,0.427298,O=C1C=C(C(=O)[C@H]2C=CN=C2)[C@@H](c2ccccc2)N1
decoy_1752,0.517048,0.45005,0.818983,0.77661,0.53995,0.487089,O=c1[nH]c2ccc(Cc3ccccc3)cc2[nH]c1=O
decoy_1753,0.239657,0.419176,0.442459,0.801059,0.282092,0.465986,O=C(NCc1cccc2ccccc12)c1cocn1
decoy_1754,0.409604,0.495438,0.709772,0.745591,0.448167,0.529517,O=C(C[NH+]1CCCCC1)Nc1c[nH]c(=O)[nH]c1=O
decoy_1755,0.369349,0.466494,0.653751,0.758651,0.442126,0.523469,O=C(NC[C@H]1CCCO1)NNC(=O)c1ccc[nH]1
decoy_1756,0.284986,0.334612,0.531094,0.582657,0.353353,0.392061,O=c1oc2ccc(O[C@@H]3CCCCO3)cc2s1
decoy_1757,0.35515,0.477052,0.599645,0.712999,0.415803,0.531344,O=C(NCC[NH2+]Cc1cccs1)c1cnon1
decoy_1758,0.335719,0.363199,0.889377,0.91633,0.430607,0.418499,c1ccc(OCCCn2cnc3ccccc32)cc1
decoy_1759,0.25469,0.344892,0.445258,0.598168,0.286705,0.359776,O=C1[NH+]=CN=C2c3ccccc3CC3(CCCC3)[C@H]12
decoy_176,0.24875,0.321421,0.408324,0.799268,0.286969,0.382023,C1=NC2(CCCCC2)CS1
decoy_1760,0.31784,0.414249,0.649702,0.820609,0.386476,0.484139,O=C1CCc2ccc(NCc3ccccc3)cc2N1
decoy_1761,0.391579,0.404689,0.753687,0.797725,0.439598,0.433067,O=C1CCCc2cc(Cc3cccnc3)ccc2N1
decoy_1762,0.34488,0.373321,0.729063,0.759308,0.416024,0.434497,O=C1CN(CCc2ccccc2)c2ccccc2N1
decoy_1763,0.259582,0.304542,0.484612,0.500436,0.317567,0.351666,O=C1N[C@H](c2ccccc2)C[C@H](c2ccccc2)N1
decoy_1764,0.31954,0.348646,0.654377,0.691849,0.35993,0.392474,O=C1CS[C@@H](c2ccco2)N1c1nccs1
decoy_1765,0.256572,0.356558,0.487634,0.733901,0.325931,0.43371,c1ccc(Sc2cc(-c3ccccc3)n[nH]2)cc1
decoy_1766,0.417885,0.491641,0.700723,0.749149,0.480551,0.520245,O=C(CSc1ncccn1)NC[C@H]1CC[NH2+]C1
decoy_1767,0.42823,0.508982,0.792397,0.917849,0.514513,0.583651,O=C(C1CCOCC1)N1CCC2(CC[NH2+]CC2)C1
decoy_1768,0.240546,0.333593,0.506619,0.658588,0.303319,0.394,C1=C2[C@@H](CN1)C1=C(CCCC1)N[C@H]2c1ccccc1
decoy_1769,0.451577,0.375126,0.800227,0.728723,0.553519,0.477858,c1ccc(C(c2ccccc2)N2CC[NH2+]CC2)cc1
decoy_177,0.403991,0.355739,0.604796,0.707001,0.386859,0.389743,c1ccc(-c2ccccn2)nc1
decoy_1770,0.363925,0.369226,0.722457,0.750205,0.450765,0.44166,c1ccc(CN2CC[NH2+][C@H](c3ccccc3)C2)cc1
decoy_1771,0.503844,0.468308,0.883543,0.887877,0.556753,0.507022,c1ccc(-c2ccc(C[NH+]3CCNCC3)cc2)cc1
decoy_1772,0.322362,0.379246,0.648131,0.674209,0.41672,0.458492,O=C(C/C=N/C1CC[NH2+]CC1)NC1CCNCC1
decoy_1773,0.323707,0.404562,0.566784,0.680821,0.355914,0.427432,O=C(CNCc1cccs1)Nc1cccs1
decoy_1774,0.323207,0.478184,0.608179,0.863486,0.408145,0.546619,O=C(NCCC[NH+]1CCCCC1)c1cccs1
decoy_1775,0.299679,0.456616,0.623369,0.894799,0.383387,0.518445,O=C(NCC[NH+]1CCCCC1)C1CCCCCC1
decoy_1776,0.438665,0.359691,0.684436,0.633058,0.459933,0.424787,c1cc2[nH]c(-c3cnon3)nc2c(-c2ccoc2)n1
decoy_1777,0.391794,0.33388,0.741043,0.681691,0.431656,0.385923,O=C1C=C(C(=O)c2ccco2)[C@@H](c2ccccc2)N1
decoy_1778,0.335808,0.393973,0.64112,0.707288,0.413557,0.458128,O=C1C=C(C(=O)c2ccccc2)[C@H](c2ccco2)N1
decoy_1779,0.359494,0.340219,0.584916,0.594744,0.371793,0.38176,O=C1C=C(C(=O)c2cc[nH]c2)[C@@H](c2ccccn2)N1
decoy_178,0.460319,0.360408,0.797584,0.759563,0.494253,0.453846,c1ccc(-c2ccncn2)cc1
decoy_1780,0.363527,0.413203,0.591475,0.630424,0.41696,0.444337,O=C1N[C@H](c2ccncc2)/C(=C/c2cc[nH]c2)C1=O
decoy_1781,0.293211,0.393332,0.486837,0.641824,0.308223,0.40867,O=C1C=C(C(=O)c2cc[nH]c2)[C@@H](c2ccncc2)N1
decoy_1782,0.354974,0.420056,0.597739,0.62986,0.397219,0.451079,NC1=Nn2ccc(=[NH2+])nc2/C1=N/Nc1ccccc1
decoy_1783,0.26031,0.306474,0.508601,0.567904,0.307384,0.35169,O=C1O[C@H](c2ccccc2)CN1Cc1ccccc1
decoy_1784,0.362053,0.452763,0.628662,0.736601,0.397849,0.493874,O=c1[nH]c2ccc(C[NH2+]Cc3ccccc3)cc2[nH]1
decoy_1785,0.282485,0.423869,0.547903,0.769978,0.342936,0.47773,O=C(CNc1ccccc1)N/N=C/c1ccccc1
decoy_1786,0.386966,0.455827,0.696459,0.747051,0.466868,0.525879,O=C(NCCC[NH+]1CCOCC1)Nc1cn[nH]c1
decoy_1787,0.312349,0.456237,0.508005,0.691862,0.365672,0.52241,O=C(CSc1ncccn1)Nc1nncs1
decoy_1788,0.287195,0.339622,0.505486,0.543963,0.338857,0.366663,O=S(=O)(/C=C/c1ccccc1)N1CCOCC1
decoy_1789,0.315057,0.404054,0.587307,0.720252,0.392909,0.496819,O=C(CNC(=O)c1ccns1)NC1CCCC1
decoy_179,0.455603,0.366299,0.795809,0.763132,0.513795,0.478119,c1ccc(-c2cncnc2)cc1
decoy_1790,0.382334,0.500769,0.643612,0.749526,0.456514,0.566154,O=C(Nc1cccs1)C(=O)NC1CC[NH2+]CC1
decoy_1791,0.295177,0.390109,0.53073,0.708214,0.39062,0.478228,c1cnc2c(c1)C[C@@H](C1N=c3ccccc3=N1)S2
decoy_1792,0.265222,0.396048,0.47351,0.693849,0.29818,0.410811,c1cnc(SCc2cccc3cccnc23)nc1
decoy_1793,0.262055,0.399834,0.503132,0.762002,0.337519,0.439935,O=C(O[C@H]1CCCCO1)[C@@H]1C[C@@H]2CCCC[C@@H]2[NH2+]1
decoy_1794,0.347316,0.398973,0.819547,0.884863,0.418538,0.451058,c1ccc(Oc2ccc(C[NH+]3CCCC3)cc2)cc1
decoy_1795,0.296449,0.416437,0.563492,0.733949,0.372945,0.481546,O=C(C[NH+]1CCCCC1)NC(=O)NC1CCCC1
decoy_1796,0.288801,0.361751,0.456083,0.571023,0.312827,0.360246,O=S(=O)(NCc1ccccc1)c1ccsc1
decoy_1797,0.353512,0.439351,0.638508,0.770988,0.414797,0.486328,c1ccc(-c2cc([C@H]3C[N@H+]4CC[C@@H]3CC4)[nH]n2)cc1
decoy_1798,0.296953,0.390715,0.610986,0.816366,0.332278,0.415711,c1ccc(C[NH+]2CCN(c3ccccn3)CC2)cc1
decoy_1799,0.331352,0.363163,0.620417,0.63558,0.396454,0.413289,O=S1(=O)CC[C@H]([NH2+]CCCc2ccccc2)C1
decoy_18,0.329575,0.279204,0.610579,0.598052,0.346288,0.329932,c1ccn2ccnc2c1
decoy_180,0.411356,0.324588,0.6364,0.601447,0.402524,0.381229,c1ccc(-c2ncccn2)cc1
decoy_1800,0.244925,0.312158,0.448105,0.528474,0.281915,0.352189,O=S(=O)(NC1CCCCCC1)c1ccccc1
decoy_1801,0.239102,0.337069,0.445191,0.630426,0.291686,0.389056,O=S(=O)(NCC1CCCCC1)c1ccccc1
decoy_1802,0.402936,0.387017,0.846883,0.853953,0.466225,0.443028,c1csc(C[NH2+]CCCOC2CCCCC2)c1
decoy_1803,0.336621,0.426136,0.531442,0.613614,0.343335,0.43088,C1=CN=C(c2[nH+]ccc3c2N[C@@H](c2cnon2)N3)C1
decoy_1804,0.373615,0.517299,0.59077,0.740694,0.410587,0.548729,C1=NC=C(c2[nH+]ccc3c2N[C@@H](c2cnon2)N3)C1
decoy_1805,0.362988,0.517185,0.627686,0.799981,0.442469,0.577951,c1ccc(Nc2cc(Nc3ccon3)ncn2)nc1
decoy_1806,0.3941,0.540344,0.624445,0.755547,0.420577,0.548664,c1nc(Nc2cc[nH+]cc2)cc(Nc2ccon2)n1
decoy_1807,0.280256,0.289709,0.587618,0.588432,0.394968,0.407682,c1ccc([C@@H]2CCOc3cc4c(cc32)OCO4)cc1
decoy_1808,0.407085,0.429889,0.756859,0.787768,0.451335,0.467235,O=c1[nH]c2ccc(CCOc3ccccc3)cc2[nH]1
decoy_1809,0.317249,0.424357,0.61474,0.778256,0.368065,0.47738,O=C(CNC(=O)c1ccccc1)Nc1ccccc1
decoy_181,0.447564,0.413814,0.747347,0.873227,0.457593,0.465587,c1cncc(-c2ccncc2)c1
decoy_1810,0.252491,0.3454,0.500759,0.675015,0.313633,0.39666,O=C(NCc1ccccc1)C(=O)Nc1ccccc1
decoy_1811,0.435227,0.423161,0.763048,0.731397,0.505386,0.500587,C1=C[C@@H]2C3=C(NN2CN1)OC=C[C@@H]3c1cccnc1
decoy_1812,0.302783,0.368902,0.53108,0.615005,0.347987,0.399564,O=C(Cc1cn[nH]c1)NC[C@H]1C=c2ccccc2=N1
decoy_1813,0.345603,0.482893,0.639272,0.870266,0.401063,0.533523,O=C(Nc1ccccc1)c1cc2cccnc2s1
decoy_1814,0.381689,0.498945,0.632485,0.793221,0.432026,0.527352,Nc1sc(-c2ccccn2)n[n+]1-c1ccccc1
decoy_1815,0.34031,0.42598,0.722555,0.905544,0.453644,0.53052,O=C(CCNc1ccccc1)NCc1ccccc1
decoy_1816,0.293532,0.375866,0.618229,0.779849,0.37473,0.446133,O=C(CNc1ccccc1)NCCc1ccccc1
decoy_1817,0.310316,0.345618,0.64408,0.699914,0.426872,0.45064,O=C(CNCc1ccccc1)NCc1ccccc1
decoy_1818,0.285232,0.365118,0.603689,0.766728,0.35704,0.424036,O=C(NCCc1ccccc1)NCc1ccccc1
decoy_1819,0.348679,0.429562,0.62207,0.687698,0.443853,0.493152,c1ccc([C@H]2N[C@H](c3c[nH]cn3)[C@H]3C[NH2+]C[C@H]32)cc1
decoy_182,0.363674,0.325906,0.549209,0.598733,0.374168,0.365121,[H]/N=C1/C=CC=C2C(=O)C=CC=C21
decoy_1820,0.296834,0.398724,0.567666,0.736581,0.347577,0.425824,c1ccc(C[NH+]2CCN(c3ccncn3)CC2)cc1
decoy_1821,0.299612,0.379531,0.621343,0.728879,0.355874,0.409319,c1ccc2c(C[NH2+]CCCn3cc[nH+]c3)c[nH]c2c1
decoy_1822,0.381153,0.474251,0.634644,0.711507,0.450044,0.491009,O=C(CS[C@@H]1N=CC=CN1)Nc1nccs1
decoy_1823,0.36776,0.443236,0.556028,0.621574,0.387376,0.441139,O=C(NCCc1nnc([S-])[nH]1)c1cccs1
decoy_1824,0.486567,0.510929,0.759708,0.796899,0.538252,0.53184,S=c1[nH]cnc2c1[nH]c(=S)n2[C@@H]1CCCO1
decoy_1825,0.341182,0.418658,0.623241,0.723448,0.404641,0.464762,O=S(=O)(NCC[NH+]1CCCC1)c1ccccc1
decoy_1826,0.319242,0.349609,0.732581,0.761581,0.412572,0.415568,c1ccc(CCSC2N=c3ccccc3=N2)cc1
decoy_1827,0.367397,0.502758,0.663872,0.765577,0.414449,0.518682,O=C1NCC[N@@H+]2C[C@@H](NC(=S)NC3CC3)C[C@@H]12
decoy_1828,0.300707,0.386034,0.64112,0.781907,0.374624,0.476129,c1ccc(C[NH2+]CCC[NH2+]Cc2ccccc2)cc1
decoy_1829,0.355064,0.379357,0.668124,0.690165,0.45526,0.459085,C(\NCCCN1CCNCC1)=[NH+]/C[C@H]1CCCO1
decoy_183,0.453258,0.359117,0.753624,0.718173,0.487681,0.451651,c1ccc(-c2ncncn2)cc1
decoy_1830,0.346864,0.426332,0.670847,0.736138,0.455492,0.515591,O=C(NCCN1CCCCC1)NC1CC[NH2+]CC1
decoy_1831,0.301022,0.42086,0.591102,0.758846,0.38433,0.484357,O=C(NCN1CCCCC1)NC[NH+]1CCCCC1
decoy_1832,0.418711,0.489059,0.75486,0.859265,0.504946,0.541769,NC1=CCCc2oc(C(=O)Oc3ccccc3)cc21
decoy_1833,0.278526,0.395625,0.527121,0.750134,0.322948,0.442683,O=C(COC(=O)c1ccccc1)Nc1ccccc1
decoy_1834,0.361335,0.440989,0.613348,0.6793,0.382125,0.45513,O=C1NC(=O)[C@H]2C[NH2+][C@@H](c3c[nH]c4ccccc34)[C@@H]12
decoy_1835,0.306087,0.383723,0.55748,0.672318,0.340204,0.404542,O=C(Cn1ccccc1=O)N/N=C/c1ccccc1
decoy_1836,0.291092,0.408889,0.559594,0.743751,0.342805,0.463264,O=C(NCc1cccnc1)C(=O)Nc1ccccc1
decoy_1837,0.292605,0.371569,0.546426,0.671994,0.349053,0.44091,O=C(NCc1ccncc1)C(=O)Nc1ccccc1
decoy_1838,0.289176,0.42582,0.554877,0.767322,0.368486,0.516454,O=C(NNc1ccccc1)C(=O)Nc1ccccc1
decoy_1839,0.453697,0.47783,0.734917,0.732706,0.487355,0.499036,O=c1[nH]c(NCCc2ccccc2)nc2[nH]ncc12
decoy_184,0.487903,0.394736,0.915313,0.873429,0.574718,0.498742,C1=C2[C@@H](CN1)[C@H]2c1ccccc1
decoy_1840,0.368891,0.486243,0.632523,0.751119,0.421929,0.504847,c1ccc(NCCn2cnnc2-c2cn[nH]c2)nc1
decoy_1841,0.353288,0.393658,0.663589,0.696095,0.433816,0.442209,O=c1/c(=C/C=C/c2ccccc2)sc2ncnn12
decoy_1842,0.409249,0.400777,0.817474,0.82704,0.459679,0.448153,c1ccc(C[NH2+]Cc2ccc3c(c2)OCCO3)cc1
decoy_1843,0.289198,0.384468,0.513178,0.611429,0.340222,0.412675,[NH2+]=c1oc2cc3c(cc2c2c1CCCC2)CCCO3
decoy_1844,0.236188,0.327792,0.483139,0.698783,0.29856,0.379503,O=C(COc1ccccc1)NCCc1ccccc1
decoy_1845,0.273156,0.382965,0.47279,0.825472,0.307886,0.39644,C(=N/[n+]1cscc1-c1ccccc1)\c1ccco1
decoy_1846,0.235589,0.377162,0.463621,0.709215,0.28721,0.425972,O=C(NCCc1ccccc1)NCc1cccnc1
decoy_1847,0.378616,0.529728,0.662763,0.869347,0.476356,0.614192,O=C(NCCCNc1cccc[nH+]1)c1ccccc1
decoy_1848,0.36556,0.436077,0.696209,0.823415,0.455147,0.524016,O=C(NCCNc1ccccc1)Nc1ccccc1
decoy_1849,0.259863,0.390985,0.463831,0.676141,0.30695,0.417423,c1ccc(N2CC[NH+](Cc3ncncn3)CC2)cc1
decoy_185,0.401974,0.355273,0.891118,0.855644,0.424404,0.414064,c1ccc(Cc2cc[nH]c2)cc1
decoy_1850,0.392882,0.430509,0.670171,0.695743,0.469223,0.473196,c1ccc(Nc2cc(N3CC[NH2+]CC3)ncn2)cc1
decoy_1851,0.395631,0.552282,0.662383,0.837572,0.457121,0.605604,c1ccc(Nc2nccc(N3CC[NH2+]CC3)n2)cc1
decoy_1852,0.397531,0.541084,0.669523,0.831142,0.454992,0.568218,c1ccc(Nc2ccnc(N3CC[NH2+]CC3)n2)cc1
decoy_1853,0.471531,0.566544,0.811118,0.806282,0.523049,0.609323,C1=C(C[NH2+]Cc2cc(-c3ccccc3)[nH]n2)CNN1
decoy_1854,0.430769,0.50338,0.687804,0.780089,0.461654,0.523762,O=C1NC(=O)[C@]2(CC[N@H+]([C@H]3CCSC3)CC2)N1
decoy_1855,0.357952,0.484018,0.656724,0.780184,0.418114,0.537243,O=S(=O)(NC[C@H]1CCCC[NH2+]1)c1cccnc1
decoy_1856,0.321174,0.421791,0.581023,0.697788,0.38211,0.457236,O=S(=O)(NCC[NH+]1CCCC1)c1cccnc1
decoy_1857,0.383827,0.386325,0.816707,0.848474,0.446609,0.436194,c1ccc(C[NH2+]CCCOCc2ccccc2)cc1
decoy_1858,0.352969,0.373003,0.762887,0.824028,0.445845,0.445843,c1ccc(CC[NH2+]CCCOc2ccccc2)cc1
decoy_1859,0.230114,0.325938,0.482105,0.696648,0.301969,0.37634,c1ccc(C[NH2+]C[C@]23C[C@H]4C[C@@H](C[C@H](C4)C2)C3)cc1
decoy_186,0.449936,0.363325,0.890905,0.83969,0.595872,0.495703,C1=CC(c2ccccc2)C=CN1
decoy_1860,0.413662,0.500785,0.682427,0.791769,0.494685,0.581235,c1n[nH]c(-c2cn([C@@H]3CCCO3)c3ncncc23)n1
decoy_1861,0.499016,0.480965,0.788338,0.714732,0.545596,0.536819,O=c1[nH]c2ccccc2cc1C[NH2+]Cc1nnn[n-]1
decoy_1862,0.291358,0.454789,0.516208,0.703002,0.341967,0.496326,O=C(N/N=C/C1=c2ccccc2=NC1)[C@@H]1N=NCN1
decoy_1863,0.340292,0.398124,0.575541,0.647318,0.365275,0.418603,[H]/N=C1C(=C/c2ccccc2)/C(=O)N=C2SC=NN2/1
decoy_1864,0.361309,0.420903,0.603458,0.665616,0.412267,0.448088,[H]/N=C1C(=C/c2ccccc2)/C(=O)N=C2SN=CN2/1
decoy_1865,0.25449,0.311153,0.544985,0.623719,0.323027,0.381269,c1ccc(OCCc2ccc3c(c2)OCCO3)cc1
decoy_1866,0.265684,0.368329,0.494475,0.667173,0.310227,0.400475,C1=C[C@H]2[C@H](C=NC23OCCO3)[C@@H](c2ccccc2)N1
decoy_1867,0.266828,0.353071,0.502017,0.637229,0.304601,0.403829,c1ccc(-c2nncnc2N[C@@H]2CCCCO2)cc1
decoy_1868,0.371091,0.520286,0.660537,0.797338,0.429571,0.539209,[H]/N=C(/Cc1ccccc1)C(=O)NCCc1c[nH+]c[nH]1
decoy_1869,0.299125,0.442897,0.561487,0.740364,0.376216,0.493247,O=C(CCC1=c2ccccc2=NC1)N[C@@H]1CC=NN1
decoy_187,0.26368,0.350211,0.409996,0.670009,0.284044,0.380773,C1CCC2(CC1)NCCS2
decoy_1870,0.340927,0.422597,0.612755,0.732041,0.44179,0.499159,O=C(Nc1cn[nH]c1)NC1(c2ccccc2)CCC1
decoy_1871,0.387558,0.535974,0.668768,0.802848,0.453444,0.592381,c1ccc(Nc2cc(N3CC[NH2+]CC3)ncn2)nc1
decoy_1872,0.281301,0.314,0.510281,0.530621,0.337944,0.358829,O=S(=O)(OC[C@H]1CCCCO1)c1ccccc1
decoy_1873,0.324977,0.414021,0.606211,0.762508,0.375669,0.459139,O=C(NCc1cccs1)c1c[nH]c2ccccc12
decoy_1874,0.24571,0.344878,0.397297,0.545343,0.282707,0.355129,[O-]/C(=N\C(=S)Nc1ccccc1)c1ccccc1
decoy_1875,0.305899,0.396075,0.635836,0.784522,0.392722,0.497889,c1ccc([C@H]2[NH2+]CC[C@@H]2C[NH2+]Cc2ccco2)cc1
decoy_1876,0.295635,0.385106,0.562875,0.692203,0.351748,0.425011,O=c1[nH]c2ccccc2cc1C[NH2+]C1CCCCC1
decoy_1877,0.333439,0.400949,0.739343,0.899957,0.41784,0.467108,O=C(CCC1=c2ccccc2=NC1)N1CCCCC1
decoy_1878,0.287199,0.373101,0.560599,0.68312,0.35105,0.428298,c1ccc(C[NH2+][C@H]2CC[C@@H](n3ccnn3)CC2)cc1
decoy_1879,0.257742,0.282352,0.491877,0.504143,0.330883,0.331975,c1ccc([C@H]2[NH2+]CC[C@@H]2CNCc2cc[nH]n2)cc1
decoy_188,0.357527,0.297254,0.583152,0.569055,0.391032,0.359823,O=C1C=CC(=O)c2ccccc21
decoy_1880,0.259321,0.322018,0.500981,0.578386,0.316786,0.370009,c1cncc(-c2n[nH]cc2C[NH2+]C2CCCCC2)c1
decoy_1881,0.381363,0.452047,0.682251,0.738621,0.46855,0.522251,c1ccc([C@H]2[NH2+]CC[C@@H]2CNCc2cn[nH]c2)cc1
decoy_1882,0.354131,0.417077,0.637476,0.692042,0.435682,0.481916,c1ccc([C@H]2[NH2+]CC[C@@H]2CNCc2ncc[nH]2)cc1
decoy_1883,0.330569,0.387561,0.603753,0.646968,0.375889,0.421921,c1nc2n[nH]cc2c2c1C[N@H+](C1CCCCC1)CC2
decoy_1884,0.389847,0.472321,0.66518,0.715394,0.449871,0.514557,[H]/N=C(/C(=O)NC[C@H]1NCCS1)c1cscn1
decoy_1885,0.332581,0.412936,0.751104,0.927569,0.421958,0.495413,c1ccc2c(c1)CC[N@@H+](C[C@H]1C[N@H+]3CC[C@@H]1CC3)C2
decoy_1886,0.383395,0.399792,0.781937,0.816628,0.529746,0.530542,NC1=CC[C@@H]2C(=C1)CC[C@@H]1[C@H]2CCC2=C(N)CC[C@H]21
decoy_1887,0.264505,0.413472,0.499757,0.873043,0.321897,0.488773,O=C(N/C=C/c1ccc2c(c1)OCO2)c1ccco1
decoy_1888,0.323253,0.398712,0.529555,0.6062,0.335129,0.41933,O=C1NC(=O)[C@@H]2CN[C@@]3(C(=O)Nc4ccccc43)[C@H]12
decoy_1889,0.40732,0.448875,0.666981,0.682006,0.467542,0.483411,O=C(/C=C/c1ccccc1)Nc1c[nH]c(=O)[nH]c1=O
decoy_189,0.313906,0.282326,0.576044,0.550013,0.370786,0.382053,c1ccc(Cc2ccco2)cc1
decoy_1890,0.326034,0.394929,0.653954,0.787869,0.391516,0.451402,O=C(CCc1ccccc1)OCC(=O)c1ccc[nH]1
decoy_1891,0.321278,0.354129,0.60302,0.64021,0.399497,0.425321,O=C(CCc1ccccc1)NNC(=O)c1ccc[nH]1
decoy_1892,0.385728,0.480564,0.682826,0.786682,0.465699,0.560418,O=C(CNCC(=O)c1ccc[nH]1)Nc1ccccc1
decoy_1893,0.296311,0.40716,0.534606,0.681489,0.356572,0.436856,O=C(N[C@H]1CCCc2[nH]c(=O)ccc21)c1ccc[nH]1
decoy_1894,0.339746,0.423841,0.602656,0.718336,0.433664,0.490353,O=C(NCc1ccccc1)NCc1ccc[nH]c1=O
decoy_1895,0.317257,0.36126,0.581449,0.63223,0.397934,0.432849,O=C(NCCc1ccccc1)Nc1ccc[nH]c1=O
decoy_1896,0.330631,0.451103,0.625571,0.824408,0.393934,0.485948,c1cncc(-c2cc3c(cn2)cnc2ccccc23)c1
decoy_1897,0.290045,0.345501,0.573158,0.613482,0.356293,0.421266,c1ncnc(CN(Cc2ncncn2)CC2CC2)n1
decoy_1898,0.262132,0.347313,0.495877,0.651764,0.309611,0.381533,O=c1cc(CNc2ccccc2)nc2sccn12
decoy_1899,0.357003,0.462929,0.6437,0.779631,0.413546,0.489279,O=C1CCc2cc(Sc3ncccn3)ccc2N1
decoy_19,0.372017,0.306546,0.941833,0.922119,0.413385,0.387793,c1ccc2ocnc2c1
decoy_190,0.278243,0.315283,0.476285,0.569935,0.325965,0.370932,C1=CC(c2ccccc2)C=CO1
decoy_1900,0.383563,0.474464,0.628192,0.74704,0.434772,0.512714,S=C(/N=C/Nc1ncccn1)Nc1ccccc1
decoy_1901,0.275004,0.364712,0.453453,0.558839,0.321455,0.399906,S=C(N/N=C/c1cnccn1)Nc1ccccc1
decoy_1902,0.414874,0.347689,0.913819,0.861796,0.479692,0.422432,N=C1C=CC(=C(c2ccccc2)c2ccccc2)C=C1
decoy_1903,0.404959,0.396963,0.705927,0.681097,0.460163,0.445678,O=C(Cc1c[nH]c2ccccc12)NC1CC[NH2+]CC1
decoy_1904,0.417535,0.425189,0.72612,0.723668,0.494565,0.479839,O=C(CCC1=c2ccccc2=NC1)N1CC[NH2+]CC1
decoy_1905,0.293112,0.373598,0.591184,0.732998,0.340761,0.428664,O=C(NCCC1N=c2ccccc2=N1)C1CCCC1
decoy_1906,0.337898,0.411388,0.606864,0.689642,0.397685,0.451855,O=S(=O)(NCC[NH+]1CCCCC1)c1cc[nH]c1
decoy_1907,0.316573,0.420881,0.575281,0.752751,0.350815,0.443101,S=C(NCCc1ccccc1)Nc1ccccn1
decoy_1908,0.353033,0.43271,0.593488,0.685825,0.399768,0.453801,O=C(CSc1nncs1)Nc1cccs1
decoy_1909,0.285986,0.336598,0.554692,0.604178,0.355535,0.393238,O=C1C=C(O[C@@H]2CCCCO2)C(=O)c2ccccc21
decoy_191,0.484153,0.410619,0.891299,0.869136,0.497198,0.465538,c1ccc(Cc2cn[nH]c2)cc1
decoy_1910,0.366595,0.456558,0.685444,0.833234,0.4589,0.55258,O=C(CNc1ccccc1)OCC(=O)c1ccc[nH]1
decoy_1911,0.310088,0.398969,0.587813,0.72778,0.370514,0.458494,O=C(CNc1ccccc1)OCC(=O)c1cc[nH]c1
decoy_1912,0.349462,0.435229,0.657174,0.797001,0.444374,0.508165,O=C(COC(=O)c1ccc[nH]1)NCc1ccccc1
decoy_1913,0.293173,0.378821,0.589675,0.733661,0.368049,0.448041,O=C(NCCc1ccco1)C(=O)Nc1ccccc1
decoy_1914,0.37945,0.466044,0.66083,0.752629,0.463884,0.548156,O=C(NCc1ccccc1)NNC(=O)c1ccc[nH]1
decoy_1915,0.322715,0.437447,0.555115,0.716352,0.369921,0.483718,O=C(NCCn1cc[nH+]c1)C(=O)Nc1ccccc1
decoy_1916,0.378399,0.454059,0.645179,0.780463,0.439863,0.535406,O=C1C=C(C(=O)c2cc[nH]c2)[C@H](c2cccs2)N1
decoy_1917,0.52845,0.511555,0.815818,0.824966,0.567539,0.544218,O=c1[nH]c2ccc(Cc3cccs3)cc2[nH]c1=O
decoy_1918,0.359589,0.308805,0.906479,0.852573,0.432234,0.393086,O=C1C=CC(=C(c2ccccc2)c2ccccc2)C=C1
decoy_1919,0.283137,0.332709,0.691163,0.788869,0.409046,0.446177,c1ccc(OCCCCCOc2ccccn2)nc1
decoy_192,0.394162,0.3439,0.881649,0.853577,0.409247,0.395413,c1ccc(Cn2cccn2)cc1
decoy_1920,0.251472,0.342181,0.538443,0.764933,0.314607,0.401328,c1cncc(OCCCCCOc2cccnc2)c1
decoy_1921,0.297566,0.392813,0.555464,0.68587,0.341452,0.439051,O=c1[nH]c2ccccc2cc1C[NH2+]C[C@H]1CCCO1
decoy_1922,0.326177,0.409858,0.584173,0.679043,0.401232,0.461401,O=c1[nH]cnc2cc(NCC[NH+]3CCCC3)ccc12
decoy_1923,0.321574,0.458531,0.561533,0.743462,0.383917,0.492919,O=C(C[NH+]1CCCCC1)NC1N=c2ccccc2=N1
decoy_1924,0.417617,0.485941,0.715802,0.759379,0.494335,0.531843,O=C(CN1CC[NH2+]CC1)Nc1c[nH]c2ccccc12
decoy_1925,0.42586,0.557038,0.738459,0.838865,0.532504,0.625515,O=C(CN1CC[NH2+]CC1)NC1=c2ccccc2=NC1
decoy_1926,0.335556,0.405318,0.620903,0.731878,0.410735,0.480218,O=C(NCCc1ccccc1)NCCc1cn[nH]c1
decoy_1927,0.30835,0.47427,0.571827,0.810996,0.367888,0.512228,O=C(NCCc1ccccc1)NCCn1cc[nH+]c1
decoy_1928,0.293141,0.450207,0.550155,0.779269,0.350642,0.493117,O=C(NCCCCn1cc[nH+]c1)Nc1ccccc1
decoy_1929,0.398057,0.559756,0.65743,0.871925,0.468678,0.597863,O=C(Nc1cc2c(s1)C[NH2+]CC2)c1ccccc1
decoy_193,0.408266,0.357939,0.878518,0.851386,0.409435,0.396007,c1ccc(Cn2ccnc2)cc1
decoy_1930,0.32503,0.352919,0.736272,0.78279,0.393656,0.41746,O=C1CC[C@H]2C(=CC[C@@H]3[C@@H]4CCC[C@@H]4CC(=O)[C@@H]32)C1
decoy_1931,0.378543,0.445107,0.729742,0.855002,0.459734,0.504457,c1ccc2c(CC[NH2+]C[C@H]3CCCCO3)c[nH]c2c1
decoy_1932,0.389161,0.461791,0.738585,0.867435,0.474333,0.525336,O=C(Cc1ccccc1)N1CCC2(CC[NH2+]CC2)C1
decoy_1933,0.324551,0.467186,0.625434,0.880623,0.413558,0.528219,O=C(/C=C/c1ccccc1)NCC[NH+]1CCCCC1
decoy_1934,0.245782,0.359765,0.446836,0.816841,0.279918,0.367835,c1ccc(N2CC[NH+](Cc3cccs3)CC2)cc1
decoy_1935,0.386527,0.447335,0.7092,0.830103,0.432238,0.47534,c1ccc(-c2nc(C[NH2+]C3CCCC3)cs2)cc1
decoy_1936,0.289123,0.377104,0.668778,0.818888,0.37217,0.469337,c1ccc(C[NH2+]C[C@H]2CCC[N@@H+]3CCCC[C@@H]23)cc1
decoy_1937,0.334045,0.419316,0.72783,0.929246,0.435771,0.515329,c1ccc(CN2CCC([NH+]3CCCCC3)CC2)cc1
decoy_1938,0.390238,0.417688,0.688505,0.676975,0.442215,0.461007,O=C1NC(=O)C(=CNCCc2ccccc2)C(=O)N1
decoy_1939,0.398812,0.538961,0.684349,0.822961,0.506816,0.623463,O=C(CCc1ccccc1)Nc1c[nH]c(=O)[nH]c1=O
decoy_194,0.436007,0.374887,0.732642,0.726983,0.431614,0.41844,O=C1C=C[C@@H](c2ccccc2)N1
decoy_1940,0.38309,0.518966,0.644497,0.783462,0.449893,0.562298,O=C(CCc1c[nH]c(=O)[nH]c1=O)Nc1ccccc1
decoy_1941,0.388494,0.450979,0.656814,0.673749,0.42587,0.479376,O=C(CNCc1ccccc1)c1c[nH]c([O-])nc1=O
decoy_1942,0.311582,0.383453,0.564513,0.670982,0.376021,0.448467,O=C(NCc1ccccc1)NNC(=O)c1ccoc1
decoy_1943,0.363073,0.457161,0.644546,0.712286,0.439008,0.516734,O=C(NCc1ccccn1)NNC(=O)c1ccc[nH]1
decoy_1944,0.308415,0.433485,0.554637,0.718863,0.369456,0.502198,O=C(NCCOc1ncncn1)Nc1ccccc1
decoy_1945,0.373017,0.387583,0.631216,0.586553,0.378808,0.39229,O=c1[nH]c([O-])ncc1S(=O)(=O)NC1CCCC1
decoy_1946,0.268206,0.348882,0.448726,0.558232,0.2911,0.363106,O=S(=O)(c1ccccc1)n1nnc2ccccc21
decoy_1947,0.371134,0.515763,0.645421,0.812891,0.431881,0.548318,O=C(N[C@H]1C[C@H]2C(=O)NCC[N@H+]2C1)c1ccccc1
decoy_1948,0.33061,0.399255,0.635408,0.688725,0.386357,0.449961,OC1=C2C(=CCC1)N[C@@H]1NCNN1[C@H]2C1=CC=NC1
decoy_1949,0.567592,0.548552,0.925642,0.837708,0.615217,0.593951,O=C1CNN[C@@H](NCCC2=c3ccccc3=NC2)N1
decoy_195,0.583021,0.476078,0.866217,0.841832,0.550747,0.504449,C1=NC=[NH+]CN1c1ccccc1
decoy_1950,0.351387,0.487892,0.641662,0.77215,0.43381,0.558101,O=C(NCCCc1[nH]cc[nH+]1)NNc1ccccc1
decoy_1951,0.357821,0.460222,0.714054,0.790308,0.422241,0.513433,c1nc(NCc2c[nH+]c[nH]2)cc(N2CC[NH2+]CC2)n1
decoy_1952,0.344446,0.40049,0.718678,0.771111,0.422816,0.452003,O=C1CCc2cc(OCc3cccs3)ccc2N1
decoy_1953,0.276047,0.31732,0.465154,0.499714,0.29291,0.349268,O=S(=O)(c1ccccc1)N1CCc2ccccc21
decoy_1954,0.346355,0.390218,0.685103,0.729909,0.422864,0.448747,c1coc(CCCNc2ncnc3sccc23)c1
decoy_1955,0.323574,0.474446,0.500491,0.70203,0.379514,0.507184,O=C(CSc1nncs1)Nc1nncs1
decoy_1956,0.254374,0.395392,0.48688,0.69856,0.3149,0.451853,O=C(NC[C@H]1C[C@H]2CC[N@@H+]1CC2)Nc1ccccc1
decoy_1957,0.306358,0.336502,0.688615,0.745744,0.371601,0.392986,O=C(CCc1ccccc1)NCCc1cccs1
decoy_1958,0.280568,0.351072,0.433814,0.480209,0.29935,0.338788,O=S(=O)(NCc1cccs1)c1cccs1
decoy_1959,0.37067,0.414624,0.722027,0.795543,0.436651,0.486293,c1ccc(-c2csc(NC[C@H]3CCCN3)n2)cc1
decoy_196,0.572725,0.475558,0.772585,0.735521,0.561918,0.487355,c1ccc(Nc2c[nH+]c[nH]2)cc1
decoy_1960,0.251149,0.360743,0.4562,0.656754,0.303202,0.420606,O=S(=O)(NC1CCCCCC1)c1ccsc1
decoy_1961,0.377712,0.422269,0.698191,0.770788,0.462586,0.498457,c1ccc(CN[C@H]2CCN(C3CC[NH2+]CC3)C2)cc1
decoy_1962,0.333919,0.411773,0.701795,0.816253,0.421322,0.47202,c1ccc(C[NH+]2CCN(C3CC[NH2+]CC3)CC2)cc1
decoy_1962_2,0.379513,0.430264,0.719269,0.81054,0.474884,0.517219,c1ccc(CN2CCN(C3CC[NH2+]CC3)CC2)cc1
decoy_1963,0.318801,0.390024,0.647193,0.781116,0.403416,0.469865,c1ccc(CN2CCC([NH+]3CCCCC3)CC2)nc1
decoy_1964,0.438547,0.507525,0.795276,0.916793,0.513118,0.574582,c1ccc(CN2CCC([NH+]3CCNCC3)CC2)cc1
decoy_1965,0.400294,0.486431,0.65709,0.715387,0.457823,0.520296,O=C(CNc1ccccc1)Nc1c[nH]c(=O)[nH]c1=O
decoy_1966,0.381441,0.511102,0.637006,0.74624,0.441069,0.550475,O=C(CNc1c[nH]c(=O)[nH]c1=O)Nc1ccccc1
decoy_1967,0.309795,0.484149,0.547069,0.758594,0.383617,0.546792,O=C(CNC(=O)Nc1ccccc1)Nc1ccon1
decoy_1968,0.291047,0.46471,0.456186,0.675147,0.317116,0.476088,O=C1CS/C(=N/N=C2\C(=O)Nc3ccccc32)N1
decoy_1969,0.270969,0.311535,0.522519,0.550594,0.32451,0.362159,O=c1ccc2cc(CO[C@@H]3CCCCO3)ccc2o1
decoy_197,0.534461,0.44078,0.814179,0.802258,0.577283,0.503887,c1ccc(Nc2cn[nH]c2)cc1
decoy_1970,0.243423,0.370791,0.479107,0.700362,0.302463,0.415605,O=C(Cc1ccccc1)N/N=C/C[C@H]1CCC(=O)O1
decoy_1971,0.343555,0.360306,0.879015,0.901048,0.395485,0.411248,c1ccc(-c2ccc(-c3cn4ccccc4n3)o2)cc1
decoy_1972,0.260872,0.340365,0.548745,0.882851,0.332633,0.421575,c1ccc(-n2ccc(-c3cc4ccccc4o3)n2)cc1
decoy_1973,0.246642,0.276575,0.481839,0.496369,0.287365,0.333357,c1ccc([C@H]2c3ccccc3Oc3ncncc32)cc1
decoy_1974,0.343736,0.45992,0.636622,0.746776,0.400468,0.51757,O=C(CNCC1=CCNC(=O)N1)Nc1ccccc1
decoy_1975,0.38437,0.451289,0.696042,0.720162,0.458546,0.495207,O=C(Nc1ccc2[nH]c(=O)[nH]c2c1)[C@H]1CCC[NH2+]C1
decoy_1976,0.329569,0.42135,0.62063,0.68731,0.371195,0.478253,O=C(NCc1ccc2[nH]c(=O)[nH]c2c1)[C@@H]1CCC[NH2+]1
decoy_1977,0.341883,0.373903,0.607446,0.633326,0.366444,0.402425,c1ccc(-n2cnnc2-c2c[nH]c3ccccc23)cc1
decoy_1978,0.398051,0.450711,0.688287,0.698667,0.464978,0.51646,c1nc(Nc2ccon2)cc(NC2CC[NH2+]CC2)n1
decoy_1979,0.384497,0.494326,0.674733,0.776539,0.430413,0.544724,O=C(NCCCn1cccn1)NNc1ccccn1
decoy_198,0.278841,0.29963,0.481548,0.530994,0.338839,0.36498,C1OCC2(CO1)COCOC2
decoy_1980,0.295922,0.414088,0.541922,0.672444,0.349449,0.445126,O=C(NCCCn1cc[nH+]c1)NNc1ccccn1
decoy_1981,0.252266,0.360128,0.468239,0.668806,0.289034,0.393747,O=C(NCc1ccccc1)C(=O)Nc1cccs1
decoy_1982,0.309704,0.410311,0.486516,0.615886,0.339432,0.426321,O=S1(=O)N[C@@H](c2ccccc2)Nc2ccccc21
decoy_1983,0.486975,0.548586,0.767854,0.764994,0.516935,0.558446,O=C(CSC1=[NH+]NCN1)C1=c2ccccc2=NC1
decoy_1984,0.339213,0.445937,0.612084,0.758054,0.416644,0.524522,O=C(CSCc1ncncn1)Nc1ccccc1
decoy_1985,0.408822,0.438341,0.751501,0.789947,0.500815,0.499353,O=C1OC2(CC[NH2+]CC2)CN1CCc1ccccc1
decoy_1986,0.329315,0.395125,0.691825,0.818073,0.423883,0.498001,O=C(NCC1CCCCC1)C(=O)Nc1ccccc1
decoy_1987,0.343929,0.428286,0.604526,0.71323,0.402953,0.455472,c1cnc(SCc2ncc3ccsc3n2)nc1
decoy_1988,0.341148,0.430317,0.617095,0.753677,0.39,0.486142,O=C(C[NH2+]Cc1cccs1)NCc1ccccc1
decoy_1989,0.290747,0.372358,0.599331,0.769069,0.347506,0.42457,O=C(NCCc1cccs1)NCc1ccccc1
decoy_199,0.384295,0.335004,0.737412,0.729842,0.435816,0.423024,c1ccc(Cc2ncon2)cc1
decoy_1990,0.284297,0.366132,0.434347,0.50397,0.297322,0.344628,O=S(=O)(NCc1cncs1)c1cccs1
decoy_1991,0.41866,0.470018,0.70336,0.743092,0.466087,0.488132,c1nc(N2CC[NH2+]CC2)c2c3c(sc2n1)CCC3
decoy_1992,0.242098,0.407062,0.457652,0.733331,0.297705,0.435421,S=c1[nH]c(C2CC2)nn1CNCc1ccccc1
decoy_1993,0.31015,0.468058,0.623454,0.898503,0.41302,0.56893,O=C(NCCCC[NH+]1CCCCC1)c1ccccc1
decoy_1994,0.256909,0.29454,0.519129,0.550871,0.315595,0.357981,C1CC[C@@H]2[C@H](C1)C[C@]1(N[NH2+]1)[C@H]1[C@@H]3CCC[C@H]3CC[C@H]21
decoy_1995,0.424461,0.463684,0.689731,0.703567,0.484998,0.501671,O=C(COc1ccccc1)Nc1c[nH]c(=O)[nH]c1=O
decoy_1996,0.460515,0.524976,0.753423,0.843985,0.517664,0.559752,O=c1[nH]cc(NCCCOc2ccccc2)c(=O)[nH]1
decoy_1997,0.284215,0.394645,0.466689,0.615722,0.328044,0.411338,[NH2+]=c1oc2ccccc2cc1C1N=c2ccccc2=N1
decoy_1998,0.25857,0.414236,0.473514,0.785692,0.310777,0.470958,O=C(COC(=O)c1ccccc1)Nc1cccs1
decoy_1999,0.451954,0.44339,0.73934,0.694857,0.508075,0.474475,O=C1NC(=S)NC(=O)C1=CNCc1ccccc1
decoy_2,0.406117,0.34752,0.748573,0.747995,0.449519,0.40845,S=C1NCCN1
decoy_20,0.36607,0.318102,0.740373,0.753181,0.396069,0.398102,c1cnc2cncn2c1
decoy_200,0.515127,0.413585,0.908183,0.892984,0.566662,0.474173,c1ccc(Oc2ccn[nH]2)cc1
decoy_2000,0.301887,0.395089,0.498822,0.616358,0.328994,0.435318,O=c1[nH]c(C[NH2+]Cc2ccco2)nc2sccc12
decoy_2001,0.377676,0.491853,0.648151,0.793248,0.428693,0.53279,O=C(CNC(=O)c1ccccc1)Nc1nccs1
decoy_2002,0.400979,0.5062,0.675319,0.808728,0.473393,0.560371,O=C(CSc1nccc(=O)[nH]1)Nc1ccccc1
decoy_2003,0.297229,0.439662,0.500689,0.698933,0.330716,0.46021,O=C(NNC(=S)Nc1ccccc1)c1ccco1
decoy_2004,0.353397,0.378943,0.654288,0.632345,0.419887,0.439292,NC1=CCCc2oc(C(=O)NC3CC[NH2+]CC3)cc21
decoy_2005,0.308667,0.424707,0.582637,0.732792,0.365445,0.46579,O=C(C[NH+]1CCCCC1)NC(=O)Nc1ccccc1
decoy_2006,0.30399,0.408622,0.569097,0.688574,0.365797,0.467083,O=C(C[NH+]1CCCCC1)NNC(=O)c1ccccc1
decoy_2007,0.337783,0.470971,0.636193,0.76537,0.438766,0.555145,O=C(CNC(=O)c1ccccc1)NC1CC[NH2+]CC1
decoy_2008,0.339228,0.438757,0.598199,0.739077,0.397916,0.492949,O=C(NCC[NH+]1CCCC1)C(=O)Nc1ccccc1
decoy_2009,0.337485,0.421591,0.62437,0.750406,0.415614,0.487861,C1=Nc2ccccc2/C1=C1\C[C@@H](c2ccccc2)NN1
decoy_201,0.274757,0.324499,0.452302,0.541821,0.297235,0.35271,O=C1CCCCc2ccccc21
decoy_2010,0.256089,0.34509,0.507316,0.669861,0.324007,0.419857,c1ccc(NCc2ncncc2-c2ccccc2)cc1
decoy_2011,0.286492,0.381515,0.612833,0.808882,0.395145,0.506723,c1ccc(CNc2ccc(-c3cncnc3)cc2)cc1
decoy_2012,0.292552,0.349178,0.47498,0.541284,0.306401,0.364445,c1ccc(-n2nncc2Sc2cnns2)cc1
decoy_2013,0.275462,0.354901,0.484966,0.62598,0.323466,0.382271,O=S(=O)(NCCc1ccccc1)c1ccccc1
decoy_2014,0.39494,0.450984,0.668109,0.711235,0.471845,0.50583,O=C(NC1CC[NH2+]CC1)c1cc2cccnc2s1
decoy_2015,0.252446,0.360223,0.458845,0.622638,0.299993,0.403495,O=C(NCCc1ccsc1)NNc1ccccc1
decoy_2016,0.269232,0.4223,0.502873,0.884914,0.310376,0.455257,S=c1[nH]c(-c2ccccc2)nn1[C@@H]1CCCCO1
decoy_2017,0.418921,0.410554,0.847794,0.888348,0.505682,0.485429,N/C(=C\CCCO[C@@H]1CCCCO1)c1ccccc1
decoy_2018,0.328032,0.486319,0.627186,0.819586,0.407409,0.565496,O=C(N[C@H]1CC[NH2+]C2(CCCCC2)C1)c1ccc[nH]1
decoy_2019,0.304615,0.467786,0.597834,0.818266,0.385246,0.519474,O=C(NCCC[NH+]1CCCCC1)Nc1ccccc1
decoy_202,0.436943,0.37069,0.927405,0.878238,0.538623,0.492798,O=C1CCN(c2ccccc2)C1
decoy_2020,0.297496,0.400719,0.583313,0.726565,0.36228,0.451462,O=C(NCC[NH+]1CCCCC1)NCc1ccccc1
decoy_2021,0.415898,0.503402,0.714721,0.833316,0.498176,0.563633,c1nc(NC2CC[NH2+]CC2)cc(N2CCCCC2)n1
decoy_2022,0.390084,0.479801,0.645793,0.776246,0.431425,0.50669,c1csc(C[NH2+]Cc2ncc3ccsc3n2)c1
decoy_2023,0.397748,0.427548,0.717452,0.733801,0.459478,0.47415,O=S(=O)(NC1CC[NH2+]CC1)N1CCCCCC1
decoy_2024,0.261141,0.323994,0.552007,0.658293,0.335448,0.3945,c1c/c(=N\CCN2CCCCC2)c1=[N+]1CCNCC1
decoy_2025,0.293197,0.361245,0.549794,0.653393,0.342011,0.397596,S=C(NNc1ccccc1)N[C@H]1C[C@@H]2CC[C@H]1C2
decoy_2026,0.382898,0.414391,0.665508,0.670819,0.434429,0.455951,O=C(CNCc1ccccc1)NN1C(=O)CNC1=O
decoy_2027,0.364602,0.439137,0.630758,0.706835,0.435499,0.494275,O=C(NCCc1ccco1)NNC(=O)c1ccc[nH]1
decoy_2028,0.258135,0.369305,0.476829,0.66354,0.310836,0.414519,c1ccc(-c2ccn3nc(-c4ncco4)cc3n2)cc1
decoy_2029,0.294122,0.403056,0.512184,0.621545,0.350531,0.436544,O=C(CSc1ncccn1)N/N=C/c1cn[nH]c1
decoy_203,0.316255,0.479322,0.492321,0.863343,0.346668,0.477575,O=C(Nc1ccccc1)C1CC1
decoy_2030,0.273153,0.330713,0.565061,0.63837,0.335033,0.415776,O=C1C[C@H]2C=C[C@@H]3[C@@H](O[C@H]4CCCCO4)OC=C1[C@H]32
decoy_2031,0.333035,0.385522,0.853158,0.936446,0.408871,0.442689,O=C1OCCc2c(CO[C@@H]3CCCCO3)cccc21
decoy_2032,0.271158,0.345264,0.484576,0.598999,0.308686,0.388252,O=C1C=C[C@H]2C(=O)c3cc4ccccc4cc3C[C@H]2C1
decoy_2033,0.30231,0.37412,0.495172,0.539041,0.357211,0.40202,O=C1C2=C([O-])C=CC[C@@H]2Cc2cc3ccccc3cc21
decoy_2034,0.328492,0.401959,0.606699,0.705292,0.39827,0.444598,O=C1N=c2ccccc2=C/C1=C\NCc1ccccc1
decoy_2035,0.381026,0.428559,0.703292,0.693228,0.46032,0.478813,NC1=CCCc2oc(C(=O)NN3CC[NH2+]CC3)cc21
decoy_2036,0.403719,0.465764,0.703997,0.759406,0.478683,0.513549,O=C(CCNc1ccccc1)NNC(=O)NC1CC1
decoy_2037,0.365799,0.500877,0.678285,0.780798,0.44422,0.546741,O=C(CN1CC[NH2+]CC1)NC(=O)Nc1ccccc1
decoy_2038,0.351583,0.449467,0.677683,0.742832,0.427933,0.514285,O=C(NNC(=O)c1ccccc1)N[C@H]1CCC[NH2+]C1
decoy_2039,0.34731,0.425819,0.655486,0.701352,0.423059,0.483938,O=C(NNC(=O)c1ccccc1)NC1CC[NH2+]CC1
decoy_204,0.443809,0.34359,0.937775,0.901349,0.465009,0.416089,c1ccc(-c2cscn2)cc1
decoy_2040,0.44634,0.410843,0.595657,0.629873,0.426936,0.427506,O=C1Nc2ccccc2/C1=C1/SC(=S)N=C1[O-]
decoy_2041,0.251577,0.345092,0.479767,0.606848,0.311887,0.402024,C1=C(c2ccccc2)CN(C2N=c3ccccc3=N2)N1
decoy_2042,0.274973,0.346795,0.485424,0.589055,0.321536,0.372709,C1=N[C@@H](c2ccccc2)N2C=[NH+][C@@H](c3ccccc3)N12
decoy_2043,0.252547,0.397541,0.45003,0.685042,0.291354,0.423616,c1ccc(N2CN[NH+]=C2C2=c3ccccc3=NC2)cc1
decoy_2044,0.279885,0.34092,0.523115,0.589913,0.346232,0.3808,C(=C/c1cc[nH]n1)\c1ccc(/C=C/c2cc[nH]n2)cc1
decoy_2045,0.350648,0.428017,0.659419,0.791418,0.404168,0.47024,c1ccc2c(c1)=NC(CCc1nc3ccccc3[nH]1)N=2
decoy_2046,0.268653,0.307217,0.563896,0.594412,0.347681,0.389277,c1ccc(CN(c2ccccn2)c2ccncn2)cc1
decoy_2047,0.411252,0.398514,0.672696,0.65703,0.440981,0.423256,O=C(CCc1ccccc1)NCc1nnc([S-])[nH]1
decoy_2048,0.347785,0.380065,0.621293,0.653498,0.388965,0.41765,O=C(Cn1cnnc1)Nc1cc2c(s1)CCCC2
decoy_2049,0.279192,0.392013,0.489474,0.683437,0.326081,0.423375,S=c1[nH]c(-c2ccncc2)nn1[C@@H]1CCCCO1
decoy_205,0.45465,0.350815,0.941524,0.904676,0.452874,0.41223,c1ccc(-c2nccs2)cc1
decoy_2050,0.224185,0.259941,0.496134,0.518157,0.301194,0.342747,C1COCCOCC[NH2+]CCOCCOCCN1
decoy_2051,0.23456,0.280399,0.542168,0.595062,0.324883,0.353797,C(=C/c1ccccc1)\COCCO[C@@H]1CCCCO1
decoy_2052,0.235927,0.324814,0.489647,0.621193,0.310042,0.397367,C(\NCCCNc1ccccn1)=[NH+]/C[C@H]1CCCO1
decoy_2053,0.254742,0.378763,0.388736,0.584444,0.280957,0.399878,[O-]/C(=N\C(=S)Nc1cccs1)c1ccccc1
decoy_2054,0.320309,0.432287,0.685215,0.783351,0.396731,0.503676,c1nc(NC2CC[NH2+]CC2)cc(N2CC[NH2+]CC2)n1
decoy_2055,0.288272,0.345376,0.492081,0.531322,0.318504,0.367645,c1csc(-c2nnc3sc(C4CCC4)nn23)c1
decoy_2056,0.304246,0.424478,0.531449,0.726179,0.36452,0.477653,c1nc(NCC[NH+]2CCCCC2)c2ccsc2n1
decoy_2057,0.397037,0.395275,0.76889,0.77421,0.469252,0.477252,c1c(C[C@H]2CCC[NH2+]C2)noc1CC1CCCCC1
decoy_2058,0.312657,0.373368,0.640051,0.717692,0.422781,0.452522,c1cnn(CCCN2CC[C@H]([NH+]3CCCCC3)C2)c1
decoy_2059,0.378788,0.441373,0.670367,0.743349,0.45874,0.488863,c1ccc(-c2nccc3[nH]c(-c4cnon4)nc23)cc1
decoy_206,0.285712,0.39885,0.432979,0.64479,0.298891,0.380586,c1ccc(C[NH2+]CC2CC2)cc1
decoy_2060,0.279797,0.346891,0.507821,0.622217,0.308769,0.377114,O=C1N[C@H](c2ccccc2)/C(=C/c2ccccc2)C1=O
decoy_2061,0.314165,0.349124,0.619109,0.669427,0.361501,0.396086,O=C1C=C(C(=O)c2ccccc2)[C@@H](c2ccccc2)N1
decoy_2062,0.361063,0.524365,0.638276,0.825695,0.437985,0.585793,O=C(Nc1ccc2c(c1)OCO2)NC1CC[NH2+]CC1
decoy_2063,0.292359,0.386098,0.50457,0.612436,0.32902,0.407409,[H]/N=C(\Cc1ccccc1)c1nc2ccccc2nc1[O-]
decoy_2064,0.330673,0.381265,0.708401,0.788065,0.401441,0.446604,C1=C[C@H](c2ccc[nH]2)c2cnn(-c3ccccc3)c2O1
decoy_2065,0.286155,0.344382,0.524566,0.592549,0.337223,0.389754,c1ccc(N2CC(C3N=c4ccccc4=N3)=NN2)cc1
decoy_2066,0.348601,0.49267,0.629333,0.819198,0.416179,0.548373,c1ccc(Nc2cc(Nc3ccccn3)ncn2)cc1
decoy_2067,0.350108,0.503396,0.636008,0.841524,0.412197,0.578415,c1ccc(Nc2cc(Nc3cccnc3)ncn2)cc1
decoy_2068,0.353872,0.443359,0.581006,0.692289,0.422238,0.491889,c1ccc(Nc2cc(Nc3cc[nH+]cc3)ncn2)cc1
decoy_2069,0.425637,0.469127,0.726442,0.736572,0.479663,0.514171,NC1=Nc2nc3ccccc3n2[C@@H](c2ccccc2)N1
decoy_207,0.522787,0.457393,0.868877,0.831419,0.540791,0.48718,c1ccc(C2CC[NH2+]CC2)cc1
decoy_2070,0.407363,0.49326,0.675575,0.774133,0.456744,0.512117,O=C1CN(C(=S)NC(=O)c2ccccc2)CCN1
decoy_2071,0.288051,0.374384,0.536077,0.683291,0.382609,0.449652,O=C(c1cocn1)N1CCC([NH+]2CCCCC2)CC1
decoy_2072,0.305767,0.457947,0.583014,0.799628,0.376956,0.505491,O=C(NCCC[NH+]1CCOCC1)Nc1ccccc1
decoy_2073,0.317838,0.35949,0.696426,0.78738,0.371984,0.418218,c1cnc2c(c1)CCN2CCc1c[nH]c2ccccc12
decoy_2074,0.235933,0.344312,0.448627,0.626126,0.269142,0.380519,c1ccc(C[NH2+]Cc2ccccc2-n2cccn2)cc1
decoy_2075,0.270874,0.349691,0.493721,0.608277,0.31337,0.377269,c1ccc(C[NH2+]Cc2c[nH]nc2-c2ccccc2)cc1
decoy_2076,0.339175,0.44362,0.657927,0.828745,0.395931,0.490106,c1ccc(C[NH2+]Cc2cnn(-c3ccccc3)c2)cc1
decoy_2077,0.419807,0.482721,0.722403,0.800337,0.486555,0.5455,c1ncc2c(n1)NC[N@H+](CCCN1CCOCC1)C2
decoy_2078,0.357151,0.438301,0.688068,0.734999,0.449735,0.505236,O=C(NCc1cn[nH]c1)[C@H]1CNCC12CC[NH2+]CC2
decoy_2079,0.379495,0.46247,0.778083,0.815297,0.465201,0.534264,c1nc(NN2CC[NH2+]CC2)cc(N2CC[NH2+]CC2)n1
decoy_208,0.390062,0.360924,0.93324,0.906992,0.465934,0.428217,c1cncc(C2CCCCC2)c1
decoy_2080,0.253817,0.383241,0.466492,0.644578,0.310265,0.438625,O=c1[nH]c(C[NH2+]C2CCCCC2)nc2sccc12
decoy_2081,0.318975,0.410911,0.606594,0.7139,0.377197,0.464633,O=C(NNC(=S)NC1CCCC1)c1ccccc1
decoy_2082,0.274192,0.412155,0.522716,0.850485,0.318449,0.436951,O=C(CCSc1ccccc1)Nc1cccs1
decoy_2083,0.21129,0.37129,0.442695,0.853075,0.270435,0.418045,O=C(Cc1cccs1)N[C@H]1CC[C@H]2CCCC[C@@H]21
decoy_2084,0.369337,0.410054,0.694215,0.70398,0.438075,0.454462,S=C(NCCc1ccccc1)NC1CC[NH2+]CC1
decoy_2085,0.279027,0.423187,0.470841,0.69216,0.325015,0.435657,[NH2+]=c1oc2ccccc2cc1C(=O)Nc1ccccc1
decoy_2086,0.407669,0.483522,0.729803,0.830841,0.462925,0.519095,O=C1c2ccccc2C(=O)c2c1ccc1c2NCCN1
decoy_2087,0.280211,0.342451,0.510422,0.599018,0.321624,0.389995,O=C1N[C@H](c2cccnc2)/C(=C/c2ccccc2)C1=O
decoy_2088,0.3287,0.361894,0.599086,0.631425,0.377026,0.399298,O=C1C=C(C(=O)c2ccccc2)[C@@H](c2cccnc2)N1
decoy_2089,0.285051,0.383912,0.549426,0.70278,0.381162,0.458814,c1coc(C2=NN[C@H](c3ccc4nccnc4c3)C2)c1
decoy_209,0.276909,0.382581,0.512882,0.903982,0.325002,0.450907,c1ccc(NC2CCCC2)cc1
decoy_2090,0.318876,0.395827,0.583877,0.70436,0.401944,0.477862,O=C1N=c2ccccc2=N[C@H]1/C=N/Nc1ccccc1
decoy_2091,0.344656,0.379731,0.645964,0.679757,0.385441,0.428586,O=C(Cc1ncncn1)c1ccn(-c2ccccc2)c1
decoy_2092,0.303514,0.445123,0.544899,0.749703,0.370016,0.510481,O=C(N/N=C/c1c[nH]c2ccccc12)c1ccncc1
decoy_2093,0.34065,0.483042,0.615448,0.782993,0.400901,0.539893,c1ccc(Nc2cc(Nc3ccccn3)ncn2)nc1
decoy_2094,0.342394,0.475861,0.614231,0.761375,0.39174,0.530894,c1ccc(Nc2cc(Nc3cccnc3)ncn2)nc1
decoy_2095,0.366167,0.445816,0.586864,0.667073,0.427403,0.49692,c1ccc(Nc2cc(Nc3cc[nH+]cc3)ncn2)nc1
decoy_2096,0.294296,0.388403,0.571173,0.718477,0.351579,0.440989,O=C(NCCc1ccco1)C(=O)Nc1cccs1
decoy_2097,0.330438,0.408588,0.585226,0.702916,0.422235,0.483196,O=C(c1ccco1)N1CCN(c2nncs2)CC1
decoy_2098,0.390512,0.518194,0.632801,0.731146,0.439576,0.527749,O=C(Nc1ccc2[nH]c(=O)[nH]c2c1)[C@@H]1CSCN1
decoy_2099,0.253322,0.28974,0.530737,0.564928,0.319904,0.350299,c1ccc(O[C@H]2OCCC[C@H]2O[C@H]2CCCO2)cc1
decoy_21,0.329981,0.325194,0.644246,0.715537,0.383352,0.406516,C1=NCC2=NC=NC2=N1
decoy_210,0.3461,0.312428,0.62729,0.58982,0.419026,0.413894,c1ccc(N2CCCCC2)cc1
decoy_2100,0.224665,0.283694,0.492858,0.587591,0.301511,0.362822,c1ccc(O[C@@H]2CC[C@@H](O[C@H]3CCCO3)CO2)cc1
decoy_2101,0.280296,0.324204,0.584868,0.618214,0.33101,0.365673,O=C1C=C[C@H]2C(=O)C3=Cc4ccccc4C[C@H]3C[C@H]2C1
decoy_2102,0.342783,0.387271,0.726147,0.797447,0.417565,0.44287,O=C1C=C[C@H]2C=C3C(=O)c4ccccc4C[C@@H]3C[C@@H]2C1
decoy_2103,0.296179,0.354429,0.582407,0.656529,0.360568,0.410307,O=C1C2=C[C@@H]3C(=O)C=CC[C@H]3C[C@H]2Cc2ccccc21
decoy_2104,0.366109,0.370168,0.644415,0.658971,0.427891,0.416354,O=C1Nc2ccccc2[C@@]12CC[NH2+][C@H]2c1ccccc1
decoy_2105,0.297555,0.385342,0.549032,0.673963,0.340049,0.409026,O=c1[nH]c2ccccc2cc1C[NH2+]Cc1ccccc1
decoy_2106,0.34344,0.378799,0.620305,0.670349,0.39128,0.412848,O=C(c1ccccc1)[C@H]1C[NH+]=CN[C@H]1c1ccccc1
decoy_2107,0.312471,0.363846,0.638847,0.706826,0.402703,0.425779,O=C(NCCC1=c2ccccc2=NC1)c1ccccc1
decoy_2108,0.245429,0.393488,0.500303,0.874152,0.330491,0.449588,O=C(NCCn1ccc2ccccc21)c1ccccc1
decoy_2109,0.357442,0.406558,0.661332,0.712272,0.437802,0.491361,O=C(NCC1CCCCC1)NNC(=O)c1ccc[nH]1
decoy_211,0.307877,0.366707,0.468863,0.512322,0.338333,0.367283,c1ccc(C[NH+]2CCCC2)cc1
decoy_2110,0.370143,0.452019,0.65036,0.760851,0.415102,0.491263,c1ccc(C[N@@H+]2CCc3c(cnc4n[nH]cc34)C2)cc1
decoy_2111,0.233716,0.306309,0.515381,0.65473,0.312067,0.377813,c1ccc(N2CCC3(CCc4ccccc43)CC2)nc1
decoy_2112,0.316608,0.411737,0.656398,0.807805,0.397421,0.478622,c1cc2c(c(-c3cccc4c3C[NH2+]CC4)c1)C[NH2+]CC2
decoy_2113,0.33393,0.412829,0.669743,0.855057,0.399351,0.45813,C=C1C[N@@H+]2CC[C@H]1C[C@@H]2Cc1ccnc2ccccc12
decoy_2114,0.429943,0.59507,0.685223,0.882822,0.476452,0.619934,O=C(Nc1cc2c(s1)C[NH2+]CC2)c1cccs1
decoy_2115,0.435244,0.599821,0.684248,0.891923,0.474784,0.625504,O=C(Nc1cc2c(s1)C[NH2+]CC2)c1ccsc1
decoy_2116,0.308896,0.485996,0.594534,0.885349,0.385313,0.541556,O=C(CCC[NH+]1CCSCC1)Nc1ccccc1
decoy_2117,0.324792,0.408949,0.616704,0.760081,0.379258,0.456498,O=C(C[NH+]1CCCC1)NCCSc1ccccc1
decoy_2118,0.312497,0.400623,0.598832,0.753557,0.357124,0.42436,O=C(C[NH+]1CCCCC1)Nc1cc2c(s1)CCC2
decoy_2119,0.308856,0.426779,0.595176,0.779841,0.366834,0.455791,O=C(C[NH+]1CCCCC1)Nc1cc(C2CC2)cs1
decoy_212,0.465765,0.38917,0.682853,0.658207,0.517066,0.461775,O=c1[nH]c2ccccc2[nH]c1=O
decoy_2120,0.41436,0.435545,0.746798,0.757464,0.503357,0.499206,O=C(CSCc1ccccc1)NC1CC[NH2+]CC1
decoy_2121,0.38964,0.416643,0.697794,0.720447,0.476791,0.484328,O=C(NC1CC[NH2+]CC1)c1cc2c(s1)CCCC2
decoy_2122,0.380085,0.523161,0.667549,0.859658,0.452915,0.570463,O=C(Nc1cc2c(s1)CCCC2)C1CC[NH2+]CC1
decoy_2123,0.383056,0.458551,0.759983,0.894399,0.474953,0.535524,O=C(CCC1CCCC1)N1CCC2(CC[NH2+]CC2)C1
decoy_2124,0.314592,0.351283,0.656409,0.684122,0.39995,0.419961,O=C(N[C@H]1CC[N@@H+]2CCCC[C@H]12)C1CCCCCC1
decoy_2125,0.321276,0.406509,0.731713,0.916226,0.393306,0.471918,c1csc(C[N@H+]2CC[C@H](C[NH+]3CCCC3)CC2)c1
decoy_2126,0.292336,0.376509,0.646464,0.816571,0.348159,0.409481,O=C(Oc1ccccc1)c1conc1-c1ccccc1
decoy_2127,0.468872,0.422641,0.799262,0.775443,0.551988,0.518401,Nc1ncnc2c1[C@@H](c1ccco1)c1ccccc1O2
decoy_2128,0.353079,0.368497,0.660782,0.668048,0.403683,0.417747,O=C1Cc2c(ncc3cnccc23)N1Cc1ccco1
decoy_2129,0.351467,0.448995,0.655039,0.805551,0.422081,0.50077,O=C1COc2ccc(-c3cn4ccccc4n3)cc2N1
decoy_213,0.489329,0.404001,0.748236,0.721504,0.545731,0.486826,O=c1[nH]c(=O)c2ccccc2[nH]1
decoy_2130,0.405322,0.475744,0.652658,0.674673,0.440873,0.496411,O=C(CNCc1cccs1)c1c[nH]c([O-])nc1=O
decoy_2131,0.260083,0.376572,0.473658,0.64558,0.30691,0.416653,O=c1cc(C[NH2+]Cc2ccccc2)c2ccccc2o1
decoy_2132,0.274488,0.365036,0.518907,0.646484,0.339585,0.422071,O=C(C[NH+]1CCCCC1)NC(=O)NCc1ccco1
decoy_2133,0.424866,0.445862,0.830006,0.884663,0.472864,0.496722,C1=NC=[NH+]CN1c1ccc(OCc2ccccc2)cc1
decoy_2134,0.266423,0.340241,0.480056,0.584001,0.307405,0.376505,O=c1cc(C[NH2+]Cc2ccccc2)nc2ccccn12
decoy_2135,0.326096,0.449012,0.587245,0.739095,0.392576,0.493862,O=c1[nH]c(C[NH2+]Cc2ccccc2)nc2ccccc12
decoy_2136,0.405552,0.463572,0.724115,0.847785,0.487141,0.53812,O=C(NCc1ccc2[nH]ccc2c1)Nc1ccccc1
decoy_2137,0.262268,0.358273,0.500153,0.645967,0.325122,0.417427,c1ccc(N2C[C@@H](C3N=c4ccccc4=N3)NN2)cc1
decoy_2138,0.334781,0.431058,0.639431,0.729722,0.392562,0.466169,C1=C2C(=NC(Nc3ccccc3)=C3C[NH2+]CC[C@@H]23)[NH+]=N1
decoy_2138_2,0.269132,0.359572,0.497279,0.584963,0.323189,0.390811,c1ccc(Nc2nc3[nH]ncc3c3c2C[NH2+]CC3)cc1
decoy_2139,0.241162,0.361375,0.47995,0.629898,0.301641,0.407311,[NH2+]=C(N/N=C/c1ccccc1)N/N=C/c1ccccc1
decoy_214,0.449323,0.375737,0.733469,0.700996,0.468178,0.433564,O=C1NCCN1c1ccccc1
decoy_2140,0.333008,0.439159,0.565906,0.697972,0.377298,0.451825,O=S(=O)(NCCCc1ccn[nH]1)c1ccccc1
decoy_2141,0.344882,0.441466,0.637703,0.795724,0.404984,0.478763,c1ccc(-c2cc([C@H]3C[N@H+]4CC[C@@H]3CC4)ncn2)cc1
decoy_2142,0.272895,0.323211,0.495559,0.529963,0.303136,0.328324,C(=N/[n+]1cscc1-c1ccccc1)\c1ccccc1
decoy_2143,0.336385,0.380552,0.608456,0.651337,0.399307,0.423675,O=C(CSc1nncs1)NCc1ccccc1
decoy_2144,0.223593,0.3712,0.474818,0.859466,0.287958,0.426472,O=C(CCSc1ccccc1)N[C@H]1CCCOC1
decoy_2145,0.388769,0.466436,0.66587,0.766579,0.460234,0.514893,O=C(CN1CC[NH2+]CC1)Nc1cc2c(s1)CCC2
decoy_2146,0.3237,0.471592,0.596262,0.818985,0.385894,0.502498,O=C(CN1CC[N@@H+]2CCC[C@H]2C1)Nc1cccs1
decoy_2147,0.372059,0.518628,0.656234,0.853239,0.444496,0.566779,O=C(Nc1cc2c(s1)CCCC2)N1CC[NH2+]CC1
decoy_2148,0.228352,0.294109,0.517553,0.617997,0.328951,0.377988,C1CCCC([NH2+][C@H]2CCN(C3CCNCC3)C2)CC1
decoy_2149,0.379091,0.318663,0.588439,0.511246,0.385237,0.344709,C=C1C(=O)N(c2cccc3ccccc23)C(=O)N=C1[O-]
decoy_215,0.449023,0.356814,0.805514,0.771477,0.496553,0.444605,c1ccc(-c2nncs2)cc1
decoy_2150,0.328754,0.402924,0.534593,0.650522,0.333992,0.416307,O=C1Nc2ccccc2[C@@]12C=COc1cc[nH]c(=O)c12
decoy_2151,0.416334,0.552058,0.65105,0.757308,0.470487,0.567229,O=C(CNc1c[nH]c(=O)[nH]c1=O)Nc1cccs1
decoy_2152,0.425549,0.565096,0.659977,0.769098,0.475542,0.579443,O=C(CNc1c[nH]c(=O)[nH]c1=O)Nc1ccsc1
decoy_2153,0.273015,0.351665,0.577456,0.875014,0.35996,0.433416,O=C(/C=C/c1ccc2c(c1)OCCO2)c1ccccc1
decoy_2154,0.326883,0.376151,0.656097,0.717457,0.382466,0.420275,[H]/N=C1/C(=O)N(CCOc2ccccc2)c2ccccc21
decoy_2155,0.416206,0.340219,0.677711,0.559972,0.431917,0.369074,O=C1NC(=O)[C@H]2C[NH2+][C@@H](c3cccc4ccccc34)[C@@H]12
decoy_2156,0.225864,0.319603,0.461679,0.644258,0.278671,0.375771,O=C(NN1C(=O)C[C@H]1c1ccccc1)c1ccccc1
decoy_2157,0.483865,0.467732,0.827382,0.838192,0.534108,0.510203,O=C1CC(=O)Nc2cc(Cc3ccccc3)ccc2N1
decoy_2158,0.408192,0.482394,0.736,0.758854,0.471398,0.53112,O=C(C[NH+]1CCCCCC1)Nc1c[nH]c(=O)[nH]c1=O
decoy_2159,0.327599,0.441296,0.655035,0.754925,0.377595,0.486691,O=C(C[NH2+]C1CCCCC1)Nc1c[nH]c(=O)[nH]c1=O
decoy_216,0.285938,0.316031,0.518425,0.563266,0.32377,0.35632,c1ccc(C2CCOCC2)cc1
decoy_2160,0.358671,0.401194,0.698705,0.689552,0.423104,0.459315,O=C(C[NH2+]CC1CCCC1)Nc1c[nH]c(=O)[nH]c1=O
decoy_2161,0.366168,0.433194,0.620736,0.669539,0.382169,0.454744,O=c1[nH]cncc1[C@H]1[NH2+]CCc2c1[nH]c1ccccc21
decoy_2162,0.323346,0.396223,0.598417,0.693967,0.424671,0.494724,O=C1Nc2ccccc2N2[C@@H]1NN[C@@H]2c1ccccc1
decoy_2163,0.27128,0.423787,0.501396,0.729056,0.319611,0.482733,O=C(NCc1cn2ccccc2[nH+]1)Nc1ccccc1
decoy_2164,0.295836,0.404571,0.461248,0.5962,0.337291,0.414658,O=c1[nH]c(CSc2nncs2)nc2occc12
decoy_2165,0.318807,0.377606,0.572814,0.626829,0.405612,0.432768,C1=C(CCC2=NC3=c4ccccc4=NCN3N2)CN=N1
decoy_2166,0.316512,0.412697,0.543689,0.648151,0.349034,0.429929,O=S(=O)(NCCCc1cn[nH]c1)c1cccnc1
decoy_2167,0.273515,0.336177,0.557771,0.641198,0.339763,0.383794,O=C1CCC2=C1CC(C1=CCC3=C(C1)C(=O)CC3)=CC2
decoy_2168,0.251753,0.322072,0.496955,0.591892,0.308922,0.353768,O=C1CCCC2=C1[C@H]1C(=O)c3ccccc3C[C@H]1CC2
decoy_2169,0.252269,0.304887,0.521763,0.588562,0.300979,0.352163,O=C1C2=C(CC[C@H]3CCCC(=O)[C@@H]23)Cc2ccccc21
decoy_217,0.29572,0.351339,0.5297,0.603364,0.334926,0.380468,c1ccc([C@@H]2CCCCO2)cc1
decoy_2170,0.290029,0.340526,0.584031,0.652466,0.348269,0.39247,O=C1c2ccccc2C[C@H]2C[C@H]3CC=CC(=O)[C@@H]3C[C@H]12
decoy_2171,0.351527,0.502945,0.642448,0.855857,0.454475,0.588122,[NH2+]=C(CCC(=O)Nc1ccccc1)Cc1ccccc1
decoy_2172,0.238929,0.322066,0.461164,0.613235,0.282762,0.350967,O=C1[NH+]=CN=C2c3ccccc3CC3(CCCCC3)[C@H]12
decoy_2173,0.356262,0.391177,0.658046,0.693844,0.440595,0.462131,O=C(CCc1ccccc1)Nc1cccc2c1C[NH2+]C2
decoy_2174,0.24055,0.38022,0.498665,0.794463,0.302566,0.43112,O=C(CNCc1ccccc1)N1CCc2ccccc21
decoy_2175,0.245254,0.303563,0.530473,0.617529,0.305371,0.358675,O=C(c1ccccc1)N(Cc1ccncc1)CC1CC1
decoy_2176,0.214686,0.354995,0.46194,0.752015,0.271892,0.411107,O=C(NCc1ccccc1)N[C@H]1C[C@H]1c1ccccc1
decoy_2177,0.242635,0.331037,0.487868,0.672063,0.300284,0.386343,O=C(NCc1ccccc1)N[C@H]1CCc2ccccc21
decoy_2178,0.399245,0.466987,0.686937,0.770462,0.460662,0.532632,c1cncc(NCC[NH2+]Cc2c[nH]c3ccccc23)c1
decoy_2179,0.353409,0.410324,0.715584,0.826692,0.445251,0.509292,O=C(NCC1CCCCC1)C(=O)Nc1cccs1
decoy_218,0.538859,0.470706,0.786213,0.73715,0.553792,0.497827,c1ccc(N[C@H]2CC[NH2+]C2)cc1
decoy_2180,0.270647,0.371193,0.491776,0.658656,0.325308,0.4037,O=S(=O)(c1ccc2c(c1)NCC2)N1CCCCC1
decoy_2181,0.34092,0.371191,0.62812,0.640522,0.389711,0.399937,O=S(=O)(N[C@H]1CC[N@@H+]2CCC[C@H]12)c1ccccc1
decoy_2182,0.336111,0.410736,0.623163,0.720013,0.403785,0.462044,O=S(=O)(N[C@H]1CC[N@@H+](C2CC2)C1)c1ccccc1
decoy_2183,0.452897,0.371683,0.763748,0.676794,0.502013,0.448964,c1ccc(-c2c3c(nc4sccc24)CC[NH2+]C3)cc1
decoy_2184,0.317483,0.377277,0.625148,0.710489,0.420134,0.470055,O=C(CSCc1ncncn1)NC1CCCCC1
decoy_2185,0.306433,0.453537,0.626802,0.887964,0.386506,0.524237,O=C(NC[C@@H]1OCC[C@H]1[NH+]1CCCC1)C1CCCC1
decoy_2186,0.311216,0.382837,0.657601,0.775916,0.38967,0.458704,c1ccc(C[NH2+]C[C@H]2CC[NH2+][C@@H]2c2ccccc2)cc1
decoy_2187,0.305823,0.385072,0.676299,0.871665,0.395013,0.459275,c1ccc(NC[C@@H](c2ccccc2)[NH+]2CCCC2)cc1
decoy_2188,0.326793,0.398917,0.675443,0.718628,0.426034,0.48412,O=C(NC1CCNCC1)[C@H]1CNCC12CC[NH2+]CC2
decoy_2189,0.341055,0.38117,0.640672,0.681311,0.45226,0.47048,O=C(NC1CC[NH2+]CC1)N1CC[C@H](N2CCCC2)C1
decoy_219,0.545129,0.482355,0.869477,0.835664,0.553545,0.508062,c1ccc(N2CC[NH2+]CC2)cc1
decoy_2190,0.355207,0.41936,0.668719,0.746194,0.446557,0.495476,O=C(NC1CC[NH2+]CC1)N1CCCN(C2CC2)CC1
decoy_2191,0.33472,0.370219,0.694546,0.683755,0.425724,0.452495,O=C(NC[C@H]1CCCN1)[C@H]1CNCC12CC[NH2+]CC2
decoy_2192,0.357928,0.529862,0.62252,0.846805,0.429986,0.587349,O=C(CC[NH2+]Cc1cccs1)Nc1cccs1
decoy_2193,0.31371,0.470516,0.623093,0.89491,0.390735,0.516562,O=C(CCc1cccs1)NCC[NH+]1CCCCC1
decoy_2194,0.359888,0.429611,0.613703,0.74521,0.376004,0.457081,O=C1Nc2ccccc2[C@@]12C=COc1c2occc1=O
decoy_2195,0.270935,0.321643,0.455308,0.502726,0.312005,0.362659,O=C1Nc2ccccc2[C@@]12C=COc1ccoc(=O)c12
decoy_2196,0.25881,0.306071,0.461466,0.508743,0.301841,0.344873,O=C1CCCC2=C1[C@]1(C=CO2)C(=O)Nc2ccccc21
decoy_2197,0.251697,0.402527,0.488788,0.866932,0.312484,0.471376,O=C(N/C=C/c1ccc2c(c1)OCO2)c1ccccc1
decoy_2198,0.252199,0.378815,0.4878,0.760187,0.310206,0.42443,O=C(ONCc1ccccc1)c1coc2ccccc12
decoy_2199,0.24581,0.346026,0.465213,0.610575,0.300119,0.440942,O=C(/C=C/c1ccccc1)NNC(=O)c1cccnc1
decoy_22,0.349445,0.299491,0.687724,0.676666,0.391446,0.365558,c1cnc2ncnn2c1
decoy_220,0.491854,0.39152,0.742005,0.693502,0.503457,0.449552,O=c1[nH+]csc2ccccc12
decoy_2200,0.320765,0.440355,0.598787,0.771594,0.395318,0.49331,O=C(NCCn1ncc2cncnc21)c1ccccc1
decoy_2201,0.331868,0.419022,0.60438,0.671953,0.411288,0.473377,c1ccc(CNc2nccc(Nc3cc[nH]n3)n2)nc1
decoy_2202,0.349558,0.365737,0.641063,0.693304,0.390685,0.427186,C1=C[C@@H](c2cccnc2)c2cnc3cnsc3c2O1
decoy_2203,0.392593,0.532431,0.791232,0.879408,0.504752,0.62454,O=C1OCC[C@@H]1NC(=O)[C@H]1C[NH2+]CC12CC[NH2+]CC2
decoy_2203_2,0.278875,0.402646,0.553936,0.680653,0.35624,0.454403,O=C1OCC[C@@H]1NC(=O)[C@H]1CNCC12CC[NH2+]CC2
decoy_2204,0.497678,0.479396,0.86868,0.89332,0.580374,0.541907,Nc1[nH+]c2ccccc2n1CCCOc1ccccc1
decoy_2205,0.324941,0.471817,0.58567,0.767761,0.392242,0.517147,O=C(CNc1cccc2c1C[NH2+]C2)Nc1ccccc1
decoy_2206,0.394651,0.579651,0.677673,0.87611,0.461571,0.606653,O=C(Nc1ccccc1)Nc1cccc2c1CC[NH2+]C2
decoy_2207,0.352657,0.410188,0.650378,0.741209,0.412103,0.469038,O=C(CNC(=O)c1ccns1)NC1CCCCC1
decoy_2208,0.379422,0.533212,0.663346,0.860986,0.454817,0.577727,O=C(Nc1cc2c(s1)COCC2)N1CC[NH2+]CC1
decoy_2209,0.346497,0.450626,0.590528,0.736237,0.402563,0.483011,O=C(NCC[NH+]1CCCC1)C(=O)Nc1cccs1
decoy_221,0.352614,0.313132,0.567194,0.528092,0.36998,0.360599,c1ccc(N2CCOCC2)cc1
decoy_2210,0.335868,0.382221,0.609275,0.637153,0.396007,0.429675,O=S(=O)(N[C@H]1CC[N@@H+]2CCC[C@H]12)c1cccnc1
decoy_2211,0.347065,0.432565,0.625565,0.717505,0.427334,0.493472,O=S(=O)(N[C@H]1C[N@H+]2CC[C@@H]1CC2)c1cccnc1
decoy_2212,0.328218,0.39093,0.605191,0.677255,0.37114,0.418437,O=S(=O)(N[C@H]1CC[N@@H+](C2CC2)C1)c1cccnc1
decoy_2213,0.298599,0.336792,0.783772,0.843837,0.369002,0.400092,c1ccc(OCCC[N@@H+]2CCc3ccccc3C2)cc1
decoy_2214,0.230881,0.271904,0.573438,0.618976,0.354555,0.378624,c1ccc(COCCCN2CCc3ccccc32)cc1
decoy_2215,0.265584,0.388078,0.534285,0.699898,0.35781,0.485521,O=C(C[NH+]1CCCCC1)NC(=O)NC1CCCCC1
decoy_2216,0.227228,0.382886,0.440893,0.730498,0.268706,0.430191,c1ccc2c(c1)CC[C@]21CC[N@H+](Cc2cc[nH]n2)CC1
decoy_2217,0.271721,0.323532,0.547109,0.612243,0.317377,0.364433,c1ccc([C@H]2NCC[C@@H]2C[NH2+]Cc2cccnc2)cc1
decoy_2218,0.360797,0.424433,0.713962,0.845738,0.429674,0.495174,c1ccc(C[NH2+][C@H]2CCCN(c3ccccn3)C2)cc1
decoy_2219,0.353795,0.383667,0.671,0.698968,0.432376,0.460335,O=C1CS[C@@H]([C@H]2CC=CCC2)N1c1nncs1
decoy_222,0.299653,0.409263,0.49199,0.911501,0.339995,0.453564,c1ccc(N[C@@H]2CCCO2)cc1
decoy_2220,0.228088,0.335268,0.444644,0.637972,0.289231,0.388541,O=S(=O)(NCC1CCCCCC1)c1ccccc1
decoy_2221,0.237365,0.309296,0.48466,0.592979,0.300238,0.371616,C1CCc2nnc(SC[C@H]3CCCCO3)n2CC1
decoy_2222,0.390335,0.468696,0.742764,0.901296,0.437335,0.511158,O=C1Oc2ccc3c(c2Oc2ccccc21)COC3=O
decoy_2223,0.241309,0.338631,0.445191,0.676667,0.278404,0.381921,O=C1OCCOC(=O)c2ccccc2-c2ccccc21
decoy_2224,0.311538,0.401434,0.560346,0.672556,0.38034,0.463721,O=C(Cc1cnc2cc(O)nn2c1)Nc1ccccc1
decoy_2225,0.265693,0.376431,0.524216,0.717839,0.335007,0.434874,O=C(NCc1ccccc1)c1cc2c([nH]1)CCCC2=O
decoy_2226,0.302068,0.376638,0.620624,0.754487,0.386108,0.439378,O=C(CCC1=c2ccccc2=NC1)NCc1ccco1
decoy_2227,0.275716,0.360742,0.587879,0.737649,0.355072,0.437635,O=C(NCCc1ccccc1)C(=O)Nc1ccccc1
decoy_2228,0.273877,0.41793,0.498656,0.773343,0.324266,0.473135,c1ccc2c(-c3nncn3C[C@H]3CCCO3)c[nH]c2c1
decoy_2229,0.437132,0.469907,0.741419,0.760227,0.508371,0.513446,[NH2+]=C1CCN(c2ccc3c(=O)ccn(C4CC4)c3n2)C1
decoy_223,0.451576,0.400729,0.911175,0.872538,0.490493,0.442699,O=c1ccn(C2CCCC2)cc1
decoy_2230,0.340525,0.419722,0.620499,0.731731,0.404898,0.459452,O=C([C@@H]1C=c2ccccc2=N1)N1CCN2NC=C[C@H]2C1
decoy_2231,0.400241,0.527473,0.634465,0.762605,0.450414,0.566071,O=C(CSc1nccc(=O)[nH]1)Nc1nccs1
decoy_2232,0.326641,0.433357,0.545074,0.685592,0.3833,0.462966,O=C(CN[C@H]1CCS(=O)(=O)C1)Nc1ccccc1
decoy_2233,0.332966,0.43097,0.559801,0.694436,0.397915,0.478805,O=C(NCN[C@H]1CCS(=O)(=O)C1)c1ccccc1
decoy_2234,0.375751,0.459557,0.641561,0.721651,0.423586,0.490292,O=C(CSc1ncc[nH]1)N[C@H]1CCCCNC1=O
decoy_2235,0.327929,0.451516,0.617108,0.715972,0.417257,0.526075,O=C(NNC(=O)c1cccs1)NC1CC[NH2+]CC1
decoy_2236,0.227167,0.272538,0.522008,0.578692,0.313868,0.36476,O=C1CC[C@H](C/C=C/CCCO[C@H]2CCCCO2)O1
decoy_2237,0.345551,0.412936,0.742383,0.897612,0.437235,0.504462,O=C(CCc1ccccc1)NCCNc1ccccc1
decoy_2237_2,0.275088,0.359616,0.621725,0.798518,0.399383,0.485579,O=C(CCc1ccccc1)NCCNc1ccccc1
decoy_2238,0.34559,0.503492,0.659207,0.865663,0.439346,0.585724,O=C(CC[NH2+]CCc1ccccc1)Nc1ccccc1
decoy_2239,0.267136,0.359345,0.577908,0.754409,0.323168,0.424084,O=C(CNCc1ccccc1)NCCc1ccccc1
decoy_224,0.423483,0.371664,0.728674,0.676778,0.48934,0.456707,c1cc(NC2CCCC2)ncn1
decoy_2240,0.282588,0.356198,0.612933,0.767455,0.359849,0.429064,O=C(NCCc1ccccc1)NCCc1ccccc1
decoy_2241,0.383017,0.415569,0.625385,0.650791,0.43021,0.443839,[H]/N=C1/S[C@H]2CS(=O)(=O)C[C@H]2N1c1ccccc1
decoy_2242,0.3818,0.480117,0.620165,0.751156,0.423057,0.494757,O=S1(=O)C[C@@H]2SC(Nc3ccccc3)=N[C@@H]2C1
decoy_2243,0.255088,0.355413,0.4829,0.65073,0.333086,0.413684,c1ccc(-c2cn(C[C@H]3C[C@H]4CC[N@@H+]3CC4)nn2)cc1
decoy_2244,0.239963,0.340458,0.468975,0.616948,0.29453,0.385996,c1ccc(C[C@H]2CC[N@H+](Cc3ncncn3)CC2)cc1
decoy_2245,0.467179,0.446639,0.744328,0.763401,0.510273,0.482521,c1ccc(CN2C[C@H]3C[NH2+][C@H](c4c[nH]cn4)[C@H]3C2)cc1
decoy_2246,0.2477,0.38421,0.482088,0.704332,0.314071,0.44047,c1ccc2c(c1)CC[N@H+](CCCNc1ccncn1)C2
decoy_2247,0.317678,0.401355,0.611717,0.722637,0.392574,0.452349,O=S(=O)(NCC[NH+]1CCCCC1)c1ccccc1
decoy_2248,0.325574,0.375737,0.657324,0.690866,0.413011,0.447941,O=C(NCCCN1CCCCC1)NC1CC[NH2+]CC1
decoy_2249,0.450554,0.459058,0.726504,0.715149,0.511033,0.508267,O=c1cc(Cc2nncn2-c2ccccc2)[nH]c(=O)[nH]1
decoy_225,0.470083,0.552939,0.717211,0.843859,0.514351,0.571854,c1ccc(N2CC[NH2+]CC2)nc1
decoy_2250,0.446238,0.554326,0.725277,0.782749,0.488223,0.575135,O=C1Nc2cn[nH]c2NC=C1NC(=O)c1ccccc1
decoy_2251,0.238411,0.336109,0.490488,0.711367,0.314857,0.402625,O=C(Cc1ccc2c(c1)OCO2)NCc1ccccc1
decoy_2252,0.333793,0.380515,0.67032,0.718386,0.412495,0.436145,O=C1Cc2c(ncc3cnccc23)N1C[C@H]1CCCO1
decoy_2253,0.341353,0.477886,0.634621,0.826626,0.407458,0.54291,O=C(CCC(=O)Nc1ccccn1)Nc1ccccc1
decoy_2254,0.460114,0.568896,0.684571,0.7749,0.51838,0.575706,O=C(CSc1nccs1)c1c[nH]c(=O)[nH]c1=O
decoy_2255,0.328123,0.396749,0.616943,0.668888,0.366906,0.428568,[H]/N=C1/N=C/C(=C\CNC(=O)/C(Cc2ccccc2)=N/[H])N1
decoy_2256,0.447058,0.530029,0.651216,0.715921,0.46094,0.528367,O=S(=O)(Nc1cn[nH]c1)c1cnc2sccn12
decoy_2257,0.285278,0.337883,0.515822,0.565083,0.3316,0.367291,O=S(=O)(c1ccc2c(c1)OCCO2)N1CCCC1
decoy_2258,0.275549,0.324852,0.48676,0.527869,0.296572,0.339569,O=C1C=C(C(=O)c2cccs2)[C@@H](c2ccccc2)N1
decoy_2259,0.263259,0.333864,0.47334,0.535665,0.304998,0.351048,O=C1C=C(C(=O)c2ccccc2)[C@H](c2cccs2)N1
decoy_226,0.477756,0.4767,0.727981,0.790889,0.498039,0.513935,c1cc(N2CC[NH2+]CC2)ccn1
decoy_2260,0.296563,0.344405,0.537508,0.573346,0.337744,0.375689,N/C(=N\S(=O)(=O)c1ccccc1)N1CCOCC1
decoy_2261,0.468627,0.382199,0.768938,0.689639,0.521128,0.446526,O=c1ccnc(SNc2cccc3ccccc23)[nH]1
decoy_2262,0.324515,0.417069,0.590596,0.738916,0.374416,0.448406,O=C(CSc1ncccn1)C1=c2ccccc2=NC1
decoy_2263,0.284028,0.400041,0.509532,0.699549,0.351488,0.450205,O=C(Nc1nc(-c2cc[nH]c2)cs1)c1ccccc1
decoy_2264,0.355406,0.493544,0.628791,0.807371,0.429645,0.558035,c1ccc(Nc2cc(Nc3nccs3)ncn2)cc1
decoy_2265,0.370903,0.383737,0.783238,0.82392,0.450343,0.448559,c1ccc(CC[NH2+]CCc2ccc3c(c2)OCO3)cc1
decoy_2266,0.302914,0.411375,0.576009,0.721195,0.365953,0.464482,O=C(C[NH+]1CCCCC1)NC(=O)NC[C@H]1CCCO1
decoy_2267,0.241548,0.326825,0.537777,0.748623,0.329373,0.406775,c1ccc(NCc2ccc(N3CCOCC3)nc2)cc1
decoy_2268,0.298853,0.402759,0.631239,0.856002,0.358354,0.453015,c1ccc(NCc2cc[nH+]c(N3CCOCC3)c2)cc1
decoy_2269,0.410215,0.503308,0.746069,0.902741,0.492151,0.558247,O=C(CCCc1ccccc1)N1CCc2[nH+]c[nH]c2C1
decoy_227,0.467751,0.403265,0.763752,0.750115,0.511098,0.440914,O=C1NC=C[C@@H](c2ccco2)N1
decoy_2270,0.305195,0.36561,0.64554,0.738778,0.430029,0.467093,O=C(CCCc1ccccc1)N1CCc2[nH]ncc2C1
decoy_2271,0.320636,0.426747,0.591149,0.737397,0.3914,0.492004,O=C(C[NH+]1CCCCC1)Nc1cccc2ncccc12
decoy_2272,0.361399,0.452404,0.652574,0.753497,0.434657,0.509421,O=C(NCC[NH2+]Cc1ccccc1)Nc1ccccc1
decoy_2273,0.403933,0.494825,0.663082,0.774553,0.458186,0.507658,O=C(CSc1nccc(=O)[nH]1)N[C@@H]1CC=CS1
decoy_2274,0.286415,0.380803,0.535521,0.66196,0.334663,0.413713,c1ccc(C[NH+]2CCN(Cc3ncncn3)CC2)cc1
decoy_2275,0.381231,0.510338,0.681768,0.797067,0.472138,0.56995,c1ccc(Nc2cc(NC3CC[NH2+]CC3)ncn2)cc1
decoy_2276,0.365105,0.506865,0.661187,0.794647,0.430265,0.554094,c1ccc(Nc2nccc(NC3CC[NH2+]CC3)n2)cc1
decoy_2277,0.331292,0.456488,0.590629,0.762698,0.376239,0.485482,c1ccc(Nc2ncnc(C[NH+]3CCCCC3)n2)cc1
decoy_2278,0.37978,0.337546,0.76864,0.732001,0.464273,0.419582,O=C(c1cccs1)[C@H]1CNC=C[C@H]1c1ccccc1
decoy_2279,0.395712,0.463997,0.737896,0.832264,0.46272,0.543597,C1=[NH+][C@@H](c2ccccc2)Nc2sc3c(c21)CC[NH2+]C3
decoy_228,0.303761,0.355225,0.531465,0.57545,0.344365,0.396253,c1ccc(C2OCCCO2)cc1
decoy_2280,0.375892,0.380086,0.818327,0.855108,0.465228,0.461078,c1ccc(CC[NH2+]CCCOCc2ccccc2)cc1
decoy_2281,0.241862,0.345069,0.474014,0.640233,0.299661,0.436517,O=C(COc1ccccc1)NNC(=O)c1ccccc1
decoy_2282,0.276426,0.396362,0.477309,0.66281,0.310087,0.423439,O=c1cc(CSc2ncccn2)c2ccccc2o1
decoy_2283,0.322152,0.399523,0.555293,0.638513,0.361285,0.418728,O=C(CSc1ncncn1)c1c[nH]c2ccccc12
decoy_2284,0.412093,0.358969,0.706083,0.647993,0.478495,0.452167,c1nc2c3c4c(sc3n3cnnc3n2n1)CCCC4
decoy_2285,0.276798,0.370242,0.473676,0.600229,0.332515,0.409129,c1ccc(-n2cnnc2SCc2ncncn2)cc1
decoy_2286,0.321973,0.410728,0.564739,0.679407,0.371743,0.450428,c1ccc(-c2nc(SCc3ncncn3)n[nH]2)cc1
decoy_2287,0.342772,0.433855,0.633708,0.771504,0.387345,0.47633,O=C(C[NH2+]CCOc1ccccc1)Nc1ccccc1
decoy_2288,0.246894,0.369071,0.498414,0.76603,0.304426,0.41601,O=C(NCc1ccccc1)N[C@H]1CCCc2occc21
decoy_2289,0.387133,0.524753,0.675966,0.83242,0.445951,0.558593,c1ccc(Oc2cc(NC3CC[NH2+]CC3)ncn2)cc1
decoy_229,0.370484,0.319108,0.570297,0.537866,0.36186,0.361978,c1ccc(N2CCOCC2)nc1
decoy_2290,0.261306,0.409112,0.548457,0.796358,0.331713,0.478057,c1ccc(Nc2ccnc(NC[C@H]3CCCO3)n2)cc1
decoy_2291,0.419018,0.448222,0.731993,0.728547,0.477627,0.485988,O=c1ccnc(-c2ccc(C[NH+]3CCNCC3)cc2)[nH]1
decoy_2292,0.362772,0.428495,0.648408,0.728929,0.424645,0.495816,O=C(N[C@H]1CCC[NH2+]C1)c1cnn(-c2ccccc2)c1
decoy_2293,0.389011,0.517838,0.706118,0.782911,0.463707,0.574645,c1ccc(Nc2cc(NC3CC[NH2+]CC3)ncn2)nc1
decoy_2294,0.325747,0.467796,0.685252,0.820962,0.401145,0.533622,c1nc(Nc2cc[nH+]cc2)cc(NC2CC[NH2+]CC2)n1
decoy_2294_2,0.355687,0.462733,0.661061,0.73666,0.426592,0.510213,c1cc(Nc2cc(NC3CC[NH2+]CC3)ncn2)ccn1
decoy_2295,0.413039,0.458139,0.72247,0.739159,0.472914,0.496999,c1cc(NCc2ccnc(N3CC[NH2+]CC3)c2)ncn1
decoy_2296,0.362843,0.439744,0.641289,0.744427,0.444509,0.499591,c1ccc(N2CCCN(Cc3ncncn3)CC2)[nH+]c1
decoy_2297,0.386438,0.516664,0.693272,0.773862,0.440847,0.562644,c1ccc(Nc2ncnc(C[NH+]3CCNCC3)n2)cc1
decoy_2298,0.406459,0.536726,0.734568,0.809538,0.471327,0.591911,c1ccc(Nc2cc(NN3CC[NH2+]CC3)ncn2)cc1
decoy_2299,0.268659,0.370313,0.466329,0.59847,0.303018,0.381557,O=c1[nH]c2ccccc2cc1C[NH2+]Cc1cccs1
decoy_23,0.25862,0.326467,0.515621,0.694595,0.288389,0.402503,c1ncc2cn[nH]c2n1
decoy_230,0.507629,0.484141,0.712548,0.717724,0.523199,0.513,c1cc(N2CC[NH2+]CC2)ncn1
decoy_2300,0.374874,0.472677,0.743514,0.928808,0.460013,0.579569,O=C1CSc2ccc(NCc3ccccc3)cc2N1
decoy_2301,0.312635,0.404566,0.62374,0.797894,0.378714,0.469186,O=C(NCCc1cccs1)c1cc2ccccc2[nH]1
decoy_2302,0.319665,0.46072,0.625783,0.867751,0.384311,0.500962,O=C(NCCc1c[nH]c2ccccc12)c1cccs1
decoy_2303,0.283944,0.310223,0.626807,0.661746,0.33324,0.348821,c1ccc(OCCC[N@@H+]2CCC[C@H]2c2ccc[nH]2)cc1
decoy_2304,0.395554,0.415944,0.756015,0.796052,0.472036,0.476571,O=C([C@@H]1CCCC[NH2+]1)N1CC=C(c2ccccc2)CC1
decoy_2305,0.310542,0.385586,0.620905,0.757699,0.381356,0.451857,c1ccc(CC[N@H+]2CC[C@H](Cn3ccnn3)CC2)cc1
decoy_2306,0.369616,0.458715,0.807458,0.958645,0.482213,0.55255,c1ccc2c(c1)[C@@H]([NH+]1CCCCC1)CC21CC[NH2+]CC1
decoy_2307,0.40311,0.445387,0.680438,0.720941,0.442283,0.469286,O=C1Cc2c(n(CCc3ccccc3)c(=O)[nH]c2=O)N1
decoy_2308,0.4523,0.473168,0.755709,0.815212,0.495815,0.505372,O=C1NC(Cn2ccccc2=O)=C[C@@H](c2ccco2)N1
decoy_2309,0.32656,0.373796,0.576883,0.599041,0.368868,0.41598,[NH2+]=C(Nc1ccc2c(c1)OCCO2)Nc1ncccn1
decoy_231,0.466419,0.54117,0.671387,0.765602,0.495381,0.539257,c1cnc(N2CC[NH2+]CC2)nc1
decoy_2310,0.416412,0.449959,0.715799,0.683074,0.453583,0.466421,O=c1cc(C[C@H]2N[NH+]=CN2c2ccccc2)[nH]c(=O)[nH]1
decoy_2311,0.394144,0.488844,0.715719,0.767786,0.462707,0.559813,O=C(CNC(=O)c1ccccc1)NNc1ccncn1
decoy_2312,0.311778,0.390039,0.580606,0.69517,0.381875,0.449659,O=C(OCc1ncc2ccsc2n1)c1ccccn1
decoy_2313,0.414779,0.335077,0.806641,0.742708,0.432628,0.370401,[NH2+]=c1ccc2c(-c3ccccc3)c3ccccc3oc-2c1
decoy_2314,0.258086,0.345384,0.491922,0.60627,0.321496,0.402519,O=c1[nH]cc([C@H](c2ccccc2)[NH+]2CCCC2)c(=O)[nH]1
decoy_2315,0.397603,0.462044,0.698636,0.769577,0.475408,0.521248,O=C(N[C@H]1CCC[NH2+]C1)c1conc1-c1ccccc1
decoy_2316,0.338341,0.360877,0.617489,0.639247,0.392178,0.420433,O=C(NCCCc1ccccc1)Nc1ccc[nH]c1=O
decoy_2317,0.246317,0.341617,0.526803,0.728625,0.313277,0.394824,c1ccc(-c2ccn3nc(-c4ccccc4)cc3n2)cc1
decoy_2318,0.452469,0.549755,0.74071,0.867963,0.501364,0.558934,c1ncc2c(C3=[NH+]CCCN3)cn([C@@H]3CCCO3)c2n1
decoy_2319,0.375145,0.462081,0.663344,0.737952,0.43907,0.513233,O=C(NCc1cn([C@H]2CC[NH2+]C2)nn1)c1ccccc1
decoy_232,0.275909,0.385006,0.393595,0.574389,0.293867,0.437241,C1=N[C@H]2C[NH+]=CN3CCC[C@]23N1
decoy_2320,0.421526,0.550691,0.755177,0.814621,0.480762,0.594021,c1ccc(Nc2cc(NN3CC[NH2+]CC3)ncn2)nc1
decoy_2321,0.253332,0.345805,0.512585,0.748868,0.325597,0.41497,c1ccc(-c2cn3nc([C@@H]4CCCO4)sc3n2)cc1
decoy_2322,0.423179,0.455913,0.674902,0.727313,0.444956,0.449197,C=C1C[C@@H](c2ccccc2)C2=C([O-])NC(=S)NC2=N1
decoy_2323,0.233262,0.36396,0.422355,0.605735,0.269903,0.393773,O=c1[nH]c(C[NH2+]Cc2ccccc2)nc2sccc12
decoy_2324,0.326404,0.389324,0.582009,0.649044,0.364346,0.417027,O=C(NNC(=S)Nc1ccccc1)c1ccccc1
decoy_2325,0.353939,0.380218,0.775209,0.841275,0.435096,0.439968,c1ccc(OCCC[NH2+]CCOc2ccccc2)cc1
decoy_2326,0.477442,0.457312,0.783974,0.836313,0.539084,0.511439,c1ccc(OCCC[NH2+]CCNc2ccccn2)cc1
decoy_2327,0.322202,0.400879,0.591538,0.700272,0.3882,0.45302,O=c1[nH]c2ccccc2cc1CNCC[NH+]1CCCC1
decoy_2328,0.3549,0.410025,0.643217,0.682721,0.413077,0.440006,O=C1Cc2ccc(N[C@H]3CC[N@@H+]4CCCC[C@H]34)cc2N1
decoy_2329,0.365428,0.405585,0.661659,0.682162,0.43025,0.447541,O=C1CCc2cc(N[C@H]3C[N@H+]4CC[C@@H]3CC4)ccc2N1
decoy_233,0.2671,0.297582,0.538268,0.595048,0.35674,0.38283,C1=CC(c2cccs2)C=CO1
decoy_2330,0.317074,0.449326,0.598098,0.792017,0.394858,0.517579,O=C(CC[NH+]1CCCCC1)Nc1c[nH]c2ccccc12
decoy_2331,0.313053,0.451693,0.603365,0.803409,0.390206,0.53549,O=C(CC[NH+]1CCCCC1)NC1=c2ccccc2=NC1
decoy_2332,0.36,0.451729,0.603279,0.715366,0.411737,0.476084,O=C(CSc1nccc(=O)[nH]1)N[C@@H]1CCCS1
decoy_2333,0.3609,0.37357,0.677627,0.655956,0.452421,0.440402,c1cc(N2CC[NH2+]CC2)ccc1CNCc1cn[nH]c1
decoy_2334,0.243617,0.327945,0.454323,0.573237,0.286028,0.354423,S=c1cc(-c2ccccc2)ccn1[C@@H]1CCCCO1
decoy_2335,0.339225,0.280168,0.547549,0.456722,0.360935,0.309689,C(=N/[n+]1cscc1-c1cccs1)\c1ccccc1
decoy_2336,0.413115,0.473969,0.672471,0.736136,0.4653,0.513554,O=C1NC(=O)[C@H]2[C@H]3C=C[C@@H]([C@@H]12)[C@@H]1[C@H]2C(=O)NC(=O)[C@H]2[C@H]31
decoy_2337,0.407924,0.50729,0.632493,0.716579,0.453017,0.516627,O=c1ccnc(Sc2ccc3c(=O)[nH]cnc3c2)[nH]1
decoy_2338,0.31115,0.367521,0.570327,0.634711,0.364825,0.424503,O=C(OCc1ncncn1)c1cc2cccnc2s1
decoy_2339,0.281942,0.336637,0.559323,0.614195,0.326603,0.380864,O=c1cccc(-c2ccccc2O[C@@H]2CCCCO2)o1
decoy_234,0.515465,0.405733,0.854689,0.817537,0.54452,0.479211,c1ccc(C2=NNCS2)cc1
decoy_2340,0.379455,0.38493,0.712415,0.735926,0.452819,0.452228,O=C(CNC(=O)c1ccco1)NCCc1ccccc1
decoy_2341,0.324052,0.434264,0.62092,0.750107,0.39964,0.502489,O=C(NCCCc1cc[nH]n1)C(=O)Nc1ccccc1
decoy_2342,0.362843,0.481472,0.649001,0.77496,0.41738,0.513999,O=C(NCCCc1[nH]cc[nH+]1)C(=O)Nc1ccccc1
decoy_2343,0.262978,0.3101,0.503796,0.547512,0.327202,0.373535,c1ccc(-c2nc3ccccn3c2-c2ccncn2)cc1
decoy_2344,0.266562,0.345095,0.49594,0.617312,0.306877,0.382101,c1ccc(-c2ncnc3nn(-c4ccccc4)cc23)cc1
decoy_2345,0.310305,0.399197,0.675902,0.822264,0.419344,0.469851,C(=N/n1ccc2nc3ccccc3nc21)\c1ccccc1
decoy_2346,0.277733,0.405216,0.483882,0.654607,0.323806,0.443186,O=C(N[N-]/C=C/Sc1ccccn1)c1ccncc1
decoy_2347,0.404893,0.438512,0.68219,0.700997,0.450196,0.453899,O=C(NNC(=S)Nc1ccccc1)c1ccccn1
decoy_2348,0.240875,0.291829,0.551725,0.616343,0.328175,0.385205,C1CC[C@@H](O[C@@H]2OCC[C@@H]2O[C@@H]2CCCCO2)OC1
decoy_2349,0.285017,0.308091,0.81454,0.865101,0.364358,0.397732,O=c1cccc(/C=C/C=C/CC/C=C/[C@@H]2CCCO2)o1
decoy_235,0.422261,0.363384,0.744123,0.701621,0.457927,0.437873,c1cc(N2CCOCC2)ncn1
decoy_2350,0.330456,0.413625,0.640883,0.760177,0.396394,0.465838,c1ccc(C[NH2+]Cc2cn(C[C@H]3CCCO3)nn2)cc1
decoy_2351,0.359533,0.443394,0.669839,0.785356,0.414738,0.493825,c1cc2n(n1)C[C@@H](C[NH2+][C@H]1CCCc3occc31)CN2
decoy_2352,0.283837,0.37223,0.633777,0.737704,0.374639,0.459303,C(\NCCC[NH2+]Cc1cccnc1)=[NH+]/Cc1ccco1
decoy_2352_2,0.362341,0.443438,0.662094,0.732905,0.467238,0.536763,C(\NCCCNCc1cccnc1)=[NH+]/Cc1ccco1
decoy_2353,0.373301,0.398581,0.664098,0.710001,0.442716,0.453994,c1ccc(OCCC[NH2+]CCNc2ncccn2)cc1
decoy_2354,0.420721,0.474455,0.744701,0.771571,0.498812,0.533363,O=C1NC(CN2CC[NH2+]CC2)=C[C@@H](c2ccccc2)N1
decoy_2355,0.333425,0.48162,0.632265,0.811461,0.412973,0.553928,O=C(CC[NH2+]CCCn1ccnc1)Nc1ccccc1
decoy_2356,0.440464,0.474536,0.806472,0.783053,0.536185,0.553335,O=C(NCCC1=C2CC=CC=C2N=C1)[C@@H]1C[NH2+]CCN1
decoy_2357,0.331171,0.408626,0.648883,0.743142,0.415839,0.481753,c1cc(NCCCCCCNc2ccncn2)ncn1
decoy_2358,0.230059,0.386178,0.456883,0.781149,0.290362,0.443247,O=C(CN1CCc2ccccc2C1)Nc1cccs1
decoy_2359,0.405256,0.373702,0.747373,0.721483,0.492388,0.448299,O=C(CN[C@H]1CCc2ccccc21)Nc1cccs1
decoy_236,0.448928,0.465621,0.695547,0.719008,0.505774,0.497832,O=C(CC1CC1)Nc1cc[nH]n1
decoy_2360,0.390545,0.392323,0.757009,0.777391,0.486013,0.470252,c1cc(OCCC[NH2+]C2CCCCC2)c2cc[nH]c2c1
decoy_2361,0.201732,0.320602,0.44402,0.656833,0.253599,0.363942,C(\NCC1(c2ccccc2)CCC1)=[NH+]/C[C@H]1CCCO1
decoy_2362,0.303103,0.464587,0.614212,0.838117,0.390155,0.550168,O=C(CC[NH2+]CCC1=CCCCC1)Nc1ccccc1
decoy_2363,0.204667,0.337417,0.470455,0.794553,0.272309,0.450271,O=C(Nc1ccc(N2CCCCC2)cc1)C1CCCC1
decoy_2364,0.297283,0.379413,0.612933,0.750004,0.371478,0.45354,C1=C(C[N@H+]2CC[C@H](Cn3ccnn3)CC2)[C@H]2C[C@@H](C1)C2
decoy_2365,0.309664,0.384221,0.642592,0.763855,0.393672,0.476964,c1ccc([C@H]2[NH2+]CC[C@@H]2C[NH2+]Cc2cccs2)cc1
decoy_2366,0.253326,0.323539,0.555624,0.692988,0.364146,0.420097,c1ccc(CNCC2([NH+]3CCCCC3)CCCC2)cc1
decoy_2367,0.309685,0.398318,0.699716,0.901734,0.39339,0.469245,c1cc(CN2CCCCC2)cc(C[NH+]2CCCCC2)c1
decoy_2368,0.321514,0.385557,0.717209,0.899243,0.421384,0.481284,c1cc(C[NH+]2CCCCC2)ccc1CN1CCCCC1
decoy_2369,0.381211,0.434712,0.68416,0.774918,0.472042,0.533792,O=C(CCC(=O)Nc1ccon1)NCc1ccccc1
decoy_237,0.427572,0.353686,0.751408,0.72589,0.459588,0.416525,O=C1CSc2ccccc2N1
decoy_2370,0.386514,0.412558,0.771438,0.822609,0.491338,0.513197,O=C(Nc1ccc(N2CCOCC2)cc1)c1cocn1
decoy_2371,0.44454,0.471303,0.752666,0.727963,0.488581,0.497911,O=c1cc(C[C@H]2NNCN2c2ccccc2)[nH]c(=O)[nH]1
decoy_2372,0.384503,0.521036,0.628567,0.812404,0.407252,0.53051,O=C1CCc2cc(Sc3nccc(=O)[nH]3)ccc2N1
decoy_2373,0.393412,0.435717,0.621531,0.671198,0.422584,0.464828,O=S(=O)(Nc1cccc2[nH]ncc12)c1ccccc1
decoy_2374,0.415079,0.324892,0.610438,0.509364,0.446365,0.375412,O=C(CSc1nnn[n-]1)N1CC=Cc2ccccc21
decoy_2375,0.372573,0.440074,0.546952,0.629141,0.410645,0.467821,[S-]c1ncnc2c1c1cncnc1n2[C@@H]1CCCO1
decoy_2376,0.233658,0.289691,0.499715,0.548777,0.291673,0.334654,C1=C[C@H](c2ccccc2)c2oncc2[C@H]1c1ccccc1
decoy_2377,0.233131,0.331271,0.520384,0.743636,0.312719,0.39484,c1ccc(-n2ncc(CCO[C@@H]3CCCCO3)n2)cc1
decoy_2378,0.343372,0.410254,0.639711,0.720705,0.414732,0.46243,c1cc(N2CCOCC2)ncc1C[NH2+]Cc1cn[nH]c1
decoy_2379,0.265422,0.401422,0.548268,0.787078,0.34387,0.490002,c1nc(NC2CCCC2)c2ncn([C@@H]3CCCO3)c2n1
decoy_238,0.287288,0.36235,0.451053,0.514909,0.317301,0.39429,c1coc(C[NH+]2CCCCC2)c1
decoy_2380,0.314641,0.36083,0.655303,0.720333,0.391018,0.422245,c1ncc2nc(N3CCCCC3)n([C@@H]3CCCO3)c2n1
decoy_2381,0.243173,0.347341,0.514243,0.714812,0.303257,0.401465,c1nc(N2CCCCC2)c2ncn([C@@H]3CCCO3)c2n1
decoy_2382,0.260852,0.355879,0.474469,0.62716,0.304794,0.377299,O=C(OCc1ccsc1)[C@@H]1Cc2ccccc2C[NH2+]1
decoy_2383,0.255369,0.338222,0.458164,0.559852,0.29509,0.375312,O=S(=O)(c1ccccc1)N1CCc2ccccc2C1
decoy_2384,0.373625,0.529671,0.653213,0.83119,0.431008,0.577643,O=C(CNc1cccc2c1C[NH2+]C2)Nc1cccs1
decoy_2385,0.357245,0.522343,0.611723,0.800688,0.42685,0.575413,O=C(Nc1ccccc1)Nc1cc2c(s1)C[NH2+]CC2
decoy_2386,0.415138,0.484041,0.798841,0.854242,0.527521,0.567002,O=C(NCc1ccccc1)[C@H]1C[NH2+]CC12CC[NH2+]CC2
decoy_2386_2,0.350471,0.419784,0.665489,0.727937,0.447868,0.515948,O=C(NCc1ccccc1)[C@H]1CNCC12CC[NH2+]CC2
decoy_2387,0.267634,0.35615,0.558228,0.699038,0.357422,0.41484,C(Nc1ncccn1)=[N+]1CCC(N2CCCCC2)CC1
decoy_2388,0.25667,0.352451,0.475941,0.64903,0.304385,0.382523,c1ccc(-c2nc(SCc3ccsc3)n[nH]2)cc1
decoy_2389,0.251151,0.346457,0.455535,0.609688,0.298089,0.362796,c1ccc(CSc2nc(-c3cccs3)n[nH]2)cc1
decoy_239,0.424445,0.377232,0.892665,0.867705,0.458579,0.43416,S=C1CC2=C(C=N1)CCCC2
decoy_2390,0.367939,0.473764,0.645275,0.731644,0.40745,0.494924,O=C(CS[C@@H]1NNCS1)NCCc1ccn[nH]1
decoy_2391,0.275041,0.373121,0.508565,0.714526,0.339295,0.424071,O=C(OC1CCOCC1)c1cc2ccccc2oc1=O
decoy_2392,0.511202,0.525074,0.775299,0.810921,0.551652,0.544844,O=C1NC(=O)[C@H]2C[NH2+][C@@H](c3ccc4c(c3)OCCO4)[C@@H]12
decoy_2393,0.359514,0.434446,0.63663,0.692236,0.429375,0.506698,O=C(CCNc1ccccc1)Nc1c[nH]c(=O)[nH]c1=O
decoy_2394,0.400656,0.467741,0.695684,0.735392,0.453311,0.515176,O=C(CNCc1ccccc1)Nc1c[nH]c(=O)[nH]c1=O
decoy_2395,0.349458,0.476762,0.631145,0.74952,0.440999,0.567941,O=C(CNCC(=O)Nc1ccon1)Nc1ccccc1
decoy_2396,0.353685,0.490286,0.653118,0.768984,0.400976,0.520142,O=C(Nc1ccc2[nH]c(=O)c(=O)[nH]c2c1)[C@@H]1CCC[NH2+]1
decoy_2397,0.276186,0.422666,0.434102,0.631374,0.320146,0.432453,O=C1Nc2ccccc2O/C1=C(/[O-])Nc1cccs1
decoy_2398,0.287353,0.438721,0.434465,0.599588,0.324671,0.441439,O=C1Nc2ccccc2C/C1=C(/[O-])Nc1nncs1
decoy_2399,0.245867,0.289774,0.491704,0.550021,0.297021,0.346411,C1=C[C@H](c2ccccc2)c2c(-c3ccccc3)n[nH]c2O1
decoy_24,0.308299,0.268567,0.587153,0.576362,0.3373,0.3326,c1ccc2c(c1)CCO2
decoy_240,0.376167,0.513804,0.600757,0.771174,0.424926,0.550899,O=c1[nH]c2c(c(=O)[nH]1)CNC=N2
decoy_2400,0.234455,0.294177,0.500293,0.620544,0.28229,0.365614,C1=C[C@H](c2ccccc2)c2cnn(-c3ccccc3)c2O1
decoy_2401,0.306089,0.40527,0.574103,0.672942,0.363361,0.440356,O=C(C[NH+]1CCCCC1)Nc1ccc2[nH]c(=O)[nH]c2c1
decoy_2402,0.345515,0.485645,0.642074,0.778455,0.411755,0.536621,O=C(Nc1ccccc1)N[C@H]1C[C@H]2C(=O)NCC[N@H+]2C1
decoy_2403,0.453412,0.386701,0.764284,0.67162,0.527149,0.473768,c1ncc2nc(N3CC[NH2+]CC3)n([C@@H]3CCCO3)c2n1
decoy_2404,0.280712,0.334729,0.557853,0.610042,0.345264,0.39594,O=C1C=C(S[C@H]2CCCCO2)C(=O)c2ccccc21
decoy_2405,0.273039,0.380081,0.509434,0.730143,0.319121,0.415006,O=C(Cc1ccccc1)N[C@H]1C(=O)N2C=CCS[C@@H]12
decoy_2406,0.330608,0.366915,0.651638,0.720748,0.404212,0.435491,O=C(CCc1ccccc1)NNC(=O)c1cccs1
decoy_2407,0.308029,0.38182,0.602394,0.730104,0.383831,0.462084,O=C(CNC(=O)c1cccs1)NCc1ccccc1
decoy_2408,0.237212,0.369235,0.466046,0.709876,0.292934,0.426631,O=C(NCCc1ccccc1)C(=O)Nc1cccs1
decoy_2409,0.280532,0.37153,0.572096,0.732999,0.346121,0.441916,O=C(NCCc1cccs1)C(=O)Nc1ccccc1
decoy_241,0.374214,0.388913,0.633841,0.665503,0.407126,0.426152,O=c1ncccn1[C@@H]1CCCO1
decoy_2410,0.284645,0.375267,0.579324,0.729242,0.344463,0.433991,O=C(NCCc1ccsc1)C(=O)Nc1ccccc1
decoy_2411,0.405868,0.3604,0.825626,0.780087,0.495949,0.440585,O=C(NCO/N=C/Cc1ccccc1)c1cccs1
decoy_2412,0.2959,0.425858,0.554582,0.716758,0.366862,0.469859,c1ccc([C@H]2NO[C@@H](CSc3ncccn3)N2)cc1
decoy_2413,0.325705,0.44569,0.601348,0.768068,0.416679,0.519009,O=C(CSCc1ncncn1)NCc1ccccc1
decoy_2414,0.340507,0.410481,0.666508,0.784349,0.422138,0.467342,O=C(c1ccccc1)N1CCN(c2nncs2)CC1
decoy_2415,0.409404,0.470076,0.704701,0.750355,0.470186,0.516665,O=C(N[C@@H]1CNCS1)[C@H]1C=C(c2ccccc2)N=N1
decoy_2416,0.379392,0.465942,0.743332,0.885781,0.469904,0.524604,O=C(COc1ccccc1)N1CCC2(CC[NH2+]CC2)C1
decoy_2417,0.338378,0.447668,0.541205,0.683768,0.381858,0.472243,O=C(CN[C@H]1CCS(=O)(=O)C1)Nc1cccs1
decoy_2418,0.294363,0.384876,0.488529,0.637884,0.301211,0.377428,O=c1[nH]c(CSc2ccccc2)nc2sccc12
decoy_2419,0.316258,0.417638,0.696486,0.779549,0.409808,0.494028,O=C(NCc1ccncc1)[C@H]1C[NH2+]CC12CC[NH2+]CC2
decoy_2419_2,0.35197,0.427131,0.682786,0.727114,0.448619,0.518177,O=C(NCc1ccncc1)[C@H]1CNCC12CC[NH2+]CC2
decoy_242,0.363169,0.291125,0.639282,0.607035,0.468703,0.419428,c1csc(-c2cccs2)c1
decoy_2420,0.361919,0.433577,0.637515,0.706876,0.418905,0.460793,c1cc(-c2ccc(CSc3ncn[nH]3)cc2)sn1
decoy_2421,0.305429,0.391674,0.618716,0.775898,0.369264,0.433248,O=C(NCC1CCCC1)c1c[nH]cc1-c1cccs1
decoy_2422,0.266116,0.334623,0.53614,0.693424,0.319557,0.398813,O=C(NCCc1ccccc1)NCCc1cccs1
decoy_2423,0.239302,0.329487,0.492202,0.672438,0.299251,0.388237,O=C(NCCc1ccccc1)NCCc1ccsc1
decoy_2424,0.305929,0.416166,0.582138,0.760744,0.359944,0.453489,c1nc(N2CC[NH+](CC3CC3)CC2)c2ccsc2n1
decoy_2425,0.245942,0.376592,0.487638,0.764041,0.295901,0.422452,S=c1[nH]c(-c2ccccc2)nn1CN1CCCCC1
decoy_2426,0.475171,0.441401,0.699586,0.697751,0.478005,0.4721,O=S(=O)(Oc1cccc2cccnc12)c1cn[nH]c1
decoy_2427,0.272753,0.34576,0.512198,0.609773,0.311127,0.378852,O=C1N=c2ccccc2=C2OC=C[C@@H](c3ccccc3)[C@H]12
decoy_2428,0.307175,0.432191,0.586431,0.768398,0.383791,0.489956,O=C(CNCC1OCCO1)NC1=c2ccccc2=NC1
decoy_2429,0.372962,0.4627,0.676673,0.748873,0.426137,0.496529,O=C1Nc2ccccc2O[C@H]1C(=O)NC1CC[NH2+]CC1
decoy_243,0.39279,0.368672,0.613086,0.647877,0.438088,0.429615,O=c1nccnn1[C@@H]1CCCO1
decoy_2430,0.339982,0.294478,0.653751,0.590336,0.408485,0.381449,C1=C[C@H](c2ccccc2)c2c(-c3ccncc3)n[nH]c2O1
decoy_2431,0.320281,0.278679,0.628464,0.572958,0.373906,0.35187,C1=C[C@@H](c2ccccc2)[C@@H]2C(=NN=C2c2ccncc2)O1
decoy_2432,0.242202,0.366419,0.459675,0.675714,0.292388,0.397694,O=C1CN(c2ccccc2)C=C1C1N=c2ccccc2=N1
decoy_2433,0.2978,0.348087,0.576601,0.642898,0.363578,0.401597,O=C1N[C@H](c2ccccc2)[C@@H]2C1=NN=C2c1ccccc1
decoy_2434,0.356407,0.387808,0.658437,0.71581,0.431209,0.463279,O=C1N[C@H](c2ccccc2)c2c1n[nH]c2-c1ccccc1
decoy_2435,0.260395,0.332067,0.47967,0.591499,0.300084,0.365205,O=C1CCCc2nc3ncncc3c(-c3ccccc3)c21
decoy_2436,0.351775,0.39464,0.644794,0.705205,0.405548,0.446249,O=c1[nH]cnc2c1nc(N1CCCC1)n2[C@@H]1CCCO1
decoy_2437,0.3196,0.363734,0.62469,0.683895,0.382283,0.426134,O=C(COC(=O)Cc1ccccc1)Nc1cccs1
decoy_2438,0.394981,0.425202,0.675732,0.741788,0.465119,0.483626,O=C(NCc1ccccc1)NNC(=O)c1cccs1
decoy_2439,0.425172,0.490158,0.699668,0.802766,0.511634,0.559358,O=C(NCNC(=S)Nc1ccccc1)c1ccco1
decoy_244,0.418298,0.35375,0.656771,0.634434,0.411834,0.371375,O=S1(=O)N=Cc2ccccc21
decoy_2440,0.299715,0.427349,0.54982,0.720509,0.35341,0.48694,O=C(NCCSc1ncncn1)Nc1ccccc1
decoy_2441,0.334715,0.399367,0.607986,0.645899,0.385262,0.43527,O=C(NNC(=S)NCc1ccccc1)c1cc[nH]n1
decoy_2442,0.241594,0.315082,0.543704,0.732945,0.31714,0.378407,O=C(CCc1ccccc1)OCC(=O)N1CCCCC1
decoy_2443,0.355809,0.410374,0.749106,0.866228,0.442984,0.488492,O=C(CCNC(=O)c1ccccc1)OC1CCCCC1
decoy_2444,0.365973,0.385835,0.59276,0.588604,0.416043,0.424452,O=S1(=O)CC[C@H](NS(=O)(=O)c2ccccc2)C1
decoy_2445,0.324428,0.472859,0.605277,0.798974,0.409143,0.535412,O=C(CCN/C=[NH+]/C[C@H]1CCCO1)Nc1ccccc1
decoy_2446,0.353783,0.452937,0.657029,0.772834,0.452535,0.525598,O=C(NCCC(=O)N1CCC[NH2+]CC1)c1ccccc1
decoy_2447,0.346563,0.410611,0.67454,0.748537,0.438684,0.497466,O=C(CNCc1ccccc1)NC(=O)NC1CCCC1
decoy_2448,0.284072,0.416413,0.549386,0.729752,0.35093,0.46954,O=C(C[NH+]1CCCCC1)NCC(=O)Nc1ccccc1
decoy_2449,0.287591,0.36789,0.579394,0.699342,0.367387,0.439834,O=C(CNC(=O)NCc1ccccc1)NC1CCCC1
decoy_245,0.414887,0.375737,0.741865,0.721532,0.473195,0.448317,O=C1CC2(CCCCC2)C(=O)N1
decoy_2450,0.322931,0.430353,0.595229,0.742808,0.427218,0.511814,O=C(NCCC[NH+]1CCCC1)C(=O)Nc1ccccc1
decoy_2451,0.314467,0.41878,0.583161,0.736698,0.395864,0.487512,O=C(NCC[NH+]1CCCCC1)C(=O)Nc1ccccc1
decoy_2452,0.37864,0.467695,0.692964,0.831872,0.494902,0.575276,O=C(NCCNC(=O)C1CC1)NCCc1ccccc1
decoy_2453,0.338588,0.350912,0.684304,0.680682,0.400857,0.428092,O=C(OCc1ccsc1)c1cc2cccnc2s1
decoy_2454,0.309968,0.401485,0.657022,0.869016,0.388976,0.460248,C(=[NH+]/CCc1ccccc1)\c1cnn(-c2ccccc2)c1
decoy_2455,0.350616,0.370936,0.646026,0.673801,0.418014,0.422517,c1ccc(C[NH2+]Cc2cccc(-c3cnccn3)c2)cc1
decoy_2456,0.357133,0.425123,0.62142,0.731689,0.410972,0.497822,O=C(Nc1nc(-c2cccs2)cs1)c1ccc[nH]1
decoy_2457,0.316357,0.441765,0.60312,0.739139,0.388375,0.495693,O=C(NNc1ccccn1)N[C@H]1CC[N@H+](C2CC2)CC1
decoy_2458,0.220112,0.306081,0.425453,0.530202,0.273701,0.342022,O=S(=O)(NCCCc1ccccc1)c1ccccc1
decoy_2459,0.38411,0.457502,0.705196,0.837983,0.446281,0.505994,c1cc2c3c(c(N4CCOCC4)nc2s1)C[NH2+]CC3
decoy_246,0.45897,0.359312,0.91596,0.885797,0.519391,0.472908,c1ccc2c(c1)ccc1[nH]ccc12
decoy_2460,0.306823,0.344146,0.592972,0.63878,0.374792,0.413894,O=C(Nc1nc(-c2cc[nH]c2)cs1)C1CCCCC1
decoy_2461,0.253992,0.376605,0.462266,0.642862,0.283912,0.40202,c1csc(CN2CC[NH+](Cc3ncncn3)CC2)c1
decoy_2462,0.245226,0.358296,0.460823,0.606639,0.279014,0.385178,c1ccc2c(c1)NC[C@@H]2C[NH2+]CCSc1nc[nH]n1
decoy_2463,0.228115,0.392956,0.495602,0.890188,0.305704,0.469114,O=C1O[C@H]2/C=C\CC/C=C\CC[C@H]2[C@@H]1C[NH+]1CCCC1
decoy_2464,0.191671,0.294076,0.468445,0.716891,0.266402,0.35283,O=C(C[C@H]1CCC[C@H]2CCCC[C@@H]21)NCc1ccco1
decoy_2465,0.282139,0.375666,0.57939,0.71314,0.370349,0.444297,O=C(CCNc1ccccc1)NCC[NH+]1CCCCC1
decoy_2466,0.382517,0.476216,0.7055,0.855784,0.482936,0.560375,O=C(NCCCC[NH+]1CCCCC1)Nc1ccccc1
decoy_2467,0.27773,0.43786,0.570445,0.805084,0.368325,0.530681,O=C(NCCC[NH+]1CCCCC1)NCc1ccccc1
decoy_2468,0.296697,0.451318,0.591593,0.807671,0.402996,0.552214,O=C(NCCC[NH+]1CCCCCC1)Nc1ccccc1
decoy_2469,0.299226,0.392594,0.598891,0.731043,0.385026,0.473363,O=C(NCCc1ccccc1)NCC[NH+]1CCCCC1
decoy_247,0.401506,0.315756,0.558526,0.509603,0.382549,0.347973,c1ccc2c(c1)[nH]c1ccccc12
decoy_2470,0.322895,0.426942,0.611722,0.742804,0.39347,0.470263,S=C(NC[C@H]1C[C@H]2CC[N@@H+]1CC2)Nc1ccccc1
decoy_2471,0.276476,0.315342,0.517277,0.587298,0.302977,0.35836,O=c1oc2ccccc2c2c1[C@H](c1ccccc1)C=CO2
decoy_2472,0.296353,0.354118,0.618811,0.704256,0.409261,0.457266,O=C1N=C/C(=C/c2ccccc2)C(=O)N1c1ccccc1
decoy_2473,0.36427,0.445361,0.654591,0.740744,0.399923,0.482529,O=C1CN(CC2=C[C@@H](c3ccco3)NC(=O)N2)CCN1
decoy_2474,0.326398,0.411435,0.581815,0.659068,0.385619,0.468301,O=C(C[NH+]1CCCCC1)Nc1occ2cn[nH]c(=O)c12
decoy_2475,0.329389,0.462342,0.633663,0.750872,0.425082,0.551674,O=C(NCc1ccccc1)NNC(=O)C(=O)NC1CC1
decoy_2476,0.282615,0.388472,0.531756,0.691279,0.334613,0.46353,O=C(N/N=C/c1cnc2ccccc2n1)c1ccccc1
decoy_2477,0.24964,0.365017,0.467662,0.649593,0.304225,0.477555,O=C(COc1ccccc1)NNC(=O)c1cccs1
decoy_2478,0.348992,0.395517,0.647582,0.726443,0.418082,0.453673,O=C(COc1ccccc1)NNC(=O)c1ccsc1
decoy_2479,0.403418,0.454915,0.695406,0.709255,0.442939,0.486723,O=C(NCC1N=c2ccccc2=N1)N[C@H]1NC=NS1
decoy_248,0.273927,0.388235,0.404036,0.571052,0.311665,0.405182,c1noc(C[NH+]2CCCCC2)n1
decoy_2480,0.223444,0.28394,0.519961,0.612427,0.318777,0.366188,O=C(/C=C/c1ccccc1)OCCO[C@@H]1CCCCO1
decoy_2481,0.298169,0.353141,0.581637,0.654662,0.363703,0.411307,C=C1c2ccccc2C(=O)C2=C[C@@H]3C(=O)C=CC[C@H]3C[C@@H]12
decoy_2482,0.345052,0.38597,0.739821,0.809695,0.431905,0.460484,C=C1c2ccccc2C(=O)C2=C[C@@H]3C=CC(=O)C[C@@H]3C[C@@H]12
decoy_2483,0.348838,0.383913,0.753164,0.795223,0.412219,0.43088,C=C1c2ccccc2C=C2C(=O)[C@@H]3C=CC(=O)C[C@H]3C[C@@H]12
decoy_2484,0.252412,0.338533,0.518767,0.699704,0.313637,0.388078,O=C1C=C[C@H]2[C@@H](c3ccccc3)C[C@@H]1N2c1ccccn1
decoy_2485,0.332589,0.381659,0.652202,0.719546,0.377918,0.415361,O=C1C=C[C@H]2c3[nH]nc4c3[C@@H](Cc3ccccc3-4)C[C@H]2C1
decoy_2486,0.346768,0.424213,0.693492,0.835356,0.418457,0.497643,O=C(Nc1ccccc1)C1=CNC=C[C@H]1c1ccccc1
decoy_2487,0.338791,0.4676,0.678319,0.767648,0.421709,0.539668,O=C(Cc1ccccc1)NNC(=O)NC1CC[NH2+]CC1
decoy_2488,0.336497,0.420218,0.652088,0.697058,0.417909,0.487728,O=C(CNC(=O)NC1CC[NH2+]CC1)Nc1ccccc1
decoy_2489,0.325994,0.452183,0.648823,0.751284,0.432331,0.530916,O=C(CNC(=O)NC[C@H]1CC[NH2+]C1)Nc1ccccc1
decoy_249,0.419509,0.336822,0.943717,0.919114,0.456048,0.409617,c1csc(-c2cscn2)c1
decoy_2490,0.388872,0.483756,0.71685,0.758588,0.466608,0.540877,O=C(NCCN1CC[NH2+]CC1)C(=O)Nc1ccccc1
decoy_2491,0.264068,0.332425,0.504812,0.617231,0.320981,0.38071,c1ccc([C@@H]2C[C@@H](c3ccccc3)n3ncnc3N2)cc1
decoy_2492,0.28967,0.371062,0.598545,0.73606,0.372202,0.461205,c1ccc(CNc2cc(Nc3ccccc3)ncn2)cc1
decoy_2493,0.275714,0.352874,0.484607,0.559847,0.315561,0.374915,c1cc2c3c(c(N4CCOCC4)[nH+]c2s1)COCC3
decoy_2494,0.34801,0.372771,0.659281,0.696574,0.417921,0.422237,O=C(CNCCOc1ccccc1)Nc1cccs1
decoy_2495,0.416258,0.455803,0.704141,0.732065,0.499666,0.518113,c1nc(N2CC[NH2+]CC2)c2c3c(sc2n1)COCC3
decoy_2496,0.310793,0.389892,0.56084,0.654331,0.364788,0.424244,[O-]/C(C[NH+]1CCCC1)=N\c1nc(-c2cc[nH]c2)cs1
decoy_2497,0.376834,0.544514,0.669399,0.798217,0.444728,0.588031,c1nc(Nc2nccs2)cc(NC2CC[NH2+]CC2)n1
decoy_2498,0.240028,0.339429,0.534648,0.772827,0.318339,0.437532,c1ccc(N[C@@H]2CCCCO2)c(N[C@H]2CCCCO2)c1
decoy_2499,0.278222,0.38683,0.678233,0.944947,0.398417,0.537599,c1cc(N[C@H]2CCCCO2)cc(N[C@@H]2CCCCO2)c1
decoy_25,0.325152,0.2937,0.682055,0.684263,0.412808,0.378661,O=S1(=O)CCCC1
decoy_250,0.292301,0.36608,0.432465,0.496648,0.322917,0.383057,c1csc(C[NH+]2CCCC2)c1
decoy_2500,0.29761,0.387608,0.697274,0.92301,0.385081,0.492644,c1cc(N[C@@H]2CCCCO2)ccc1N[C@H]1CCCCO1
decoy_2501,0.338839,0.423993,0.717052,0.910899,0.39612,0.47679,c1cc(CN2CCOCC2)cc(C[NH+]2CCOCC2)c1
decoy_2502,0.344528,0.422191,0.680935,0.828856,0.408116,0.477076,c1ccc(NCC[NH2+]Cc2cccc3ccccc23)cc1
decoy_2503,0.384572,0.446247,0.697929,0.784771,0.468448,0.509256,c1nc(NC2CC[NH2+]CC2)cc(OC2CCCCC2)n1
decoy_2504,0.306134,0.375559,0.594861,0.699841,0.406005,0.456734,C(\NCCCCNc1ccccn1)=[NH+]/C[C@H]1CCCO1
decoy_2505,0.245501,0.330216,0.402368,0.549903,0.270271,0.361394,[O-]/C(Cc1ccccc1)=N\C(=S)Nc1cccs1
decoy_2506,0.356239,0.377272,0.672275,0.66754,0.436444,0.429795,O=C(NCc1n[nH]c2c1CCCCC2)[C@H]1CCC[NH2+]C1
decoy_2507,0.327612,0.462294,0.654889,0.786735,0.424306,0.545012,O=C(NCCCCN1CC[NH2+]CC1)Nc1ccccc1
decoy_2508,0.279013,0.440383,0.575902,0.784451,0.36589,0.524958,O=C(NCCC[NH+]1CCCCC1)NCc1cccnc1
decoy_2509,0.250289,0.362879,0.588701,0.725055,0.332683,0.461058,c1nc(NC2CC[NH2+]CC2)cc(NC2CC[NH2+]CC2)n1
decoy_2509_2,0.272391,0.376804,0.571892,0.683458,0.343952,0.446091,c1nc(NC2CCNCC2)cc(NC2CC[NH2+]CC2)n1
decoy_251,0.314814,0.371128,0.52483,0.575268,0.367287,0.41293,C1CCC(C[NH+]2CCCC2)CC1
decoy_2510,0.306732,0.38687,0.621284,0.744868,0.375003,0.446763,c1ccc([C@H]2NCC[C@@H]2C[NH2+]C2CCSCC2)cc1
decoy_2511,0.283199,0.325869,0.497218,0.533937,0.30163,0.346883,O=C1N[C@H](c2ccccc2)c2c1oc1ccccc1c2=O
decoy_2512,0.342896,0.417904,0.595299,0.696685,0.406988,0.463212,O=C(COC(=O)/C=C/c1cn[nH]c1)Nc1cccs1
decoy_2513,0.488241,0.505457,0.770449,0.763624,0.543019,0.54317,O=C(CSc1ccccc1)Nc1c[nH]c(=O)[nH]c1=O
decoy_2514,0.319209,0.358976,0.646373,0.696439,0.378242,0.41488,O=C(CCc1ccccc1)c1cc2ccccc2[nH]c1=O
decoy_2515,0.322659,0.360103,0.650261,0.704531,0.404293,0.427499,O=C(CCc1ccccc1)c1c[nH]c2ccccc2c1=O
decoy_2516,0.299534,0.27303,0.549265,0.496787,0.350468,0.326746,O=C(CCc1ccccc1)/[NH+]=c1/ccc2cccoc-2c1
decoy_2517,0.341079,0.428011,0.665535,0.801803,0.439577,0.523421,O=C(CN1CCCCC1)c1cn(C2CC2)c(=O)[nH]c1=O
decoy_2518,0.271784,0.398788,0.53894,0.732493,0.339609,0.47692,O=C(CNc1ccccc1)NC(=O)NC[C@H]1CCCO1
decoy_2519,0.398142,0.410581,0.732522,0.795868,0.485169,0.494486,O=C(NCCC(=O)N1CCOCC1)Nc1ccccc1
decoy_252,0.304741,0.359213,0.51273,0.56499,0.35208,0.40125,C1CCC([NH+]2CCCCC2)CC1
decoy_2520,0.272656,0.387006,0.574389,0.747165,0.384104,0.493752,O=C(NCCN1CCOCC1)C(=O)Nc1ccccc1
decoy_2521,0.330972,0.427295,0.649554,0.811259,0.401543,0.514744,O=C(NCCNC(=O)N1CCOCC1)c1ccccc1
decoy_2522,0.291374,0.368842,0.573333,0.710654,0.3584,0.418018,C1=C[C@@H]2N=CC=C2C=C1[C@H]1NC(Cc2ccccc2)=NO1
decoy_2523,0.347719,0.385052,0.662967,0.747186,0.462067,0.533608,OC1=C2C(=CCC1)Nc1ncncc1[C@@H]2c1ccccc1
decoy_2524,0.373293,0.389627,0.700425,0.739161,0.428795,0.430055,O=C(NCc1ccccc1)c1c[nH]nc1-c1ccccc1
decoy_2525,0.345834,0.445374,0.667364,0.74229,0.428438,0.514246,O=C(NCCN1CC[NH2+]CC1)C(=O)Nc1cccnc1
decoy_2526,0.339597,0.426553,0.656693,0.802193,0.439351,0.515939,c1ccc(N2NN=N[C@H]2Cc2cc3ccccc3[nH]2)cc1
decoy_2527,0.309602,0.455457,0.517994,0.713462,0.36833,0.489218,O=c1[nH]c(SCc2ncncn2)nc2sccc12
decoy_2528,0.41613,0.468686,0.711111,0.797146,0.466692,0.500997,O=S1(=O)CC[C@H](n2ncc3ccc(C4CC4)nc32)C1
decoy_2529,0.320919,0.400446,0.590114,0.650472,0.397619,0.46287,[O-]/C(C[NH2+]CCNc1ccccc1)=N\c1nncs1
decoy_253,0.357491,0.306826,0.508769,0.48842,0.359172,0.349253,O=[P@H]1COCc2ccccc21
decoy_2530,0.310751,0.399561,0.559241,0.656821,0.350902,0.447019,O=C(NCCCc1ccn[nH]1)c1cc2c(s1)NNC2
decoy_2531,0.44537,0.573309,0.774653,0.826967,0.501831,0.607501,c1nc(Nc2nccs2)cc(NN2CC[NH2+]CC2)n1
decoy_2532,0.238837,0.338301,0.544775,0.93849,0.336921,0.435552,c1ccc(N[C@@H]2CC[C@@H](O[C@H]3CCCCO3)CO2)cc1
decoy_2533,0.366004,0.499523,0.678423,0.83475,0.458578,0.57169,O=C(NCCCOc1ccccc1)NC1CC[NH2+]CC1
decoy_2534,0.258136,0.404127,0.518481,0.740776,0.305111,0.443744,C1=c2ccccc2=N[C@H]1C[NH2+]C[C@H]1CNc2ccccc21
decoy_2535,0.342774,0.366628,0.681911,0.719602,0.413377,0.424131,c1ccc(C[NH2+]Cc2ccc(Cn3cccn3)cc2)cc1
decoy_2536,0.376289,0.511136,0.697599,0.814079,0.466384,0.578599,c1nc(NC[C@H]2CCCO2)cc(NC2CC[NH2+]CC2)n1
decoy_2537,0.330195,0.420766,0.567191,0.684091,0.366585,0.435295,O=C(CS[C@@H]1NN=CS1)C1=c2ccccc2=NC1
decoy_2538,0.33916,0.432246,0.6773,0.742994,0.429738,0.508542,O=C(NCCCN1CC[NH2+]CC1)c1cc(C2CC2)[nH]n1
decoy_2539,0.287331,0.405461,0.691656,0.82276,0.380322,0.497488,c1nc(NC2CC[NH2+]CC2)cc(NN2CC[NH2+]CC2)n1
decoy_254,0.44589,0.375569,0.743582,0.730323,0.497334,0.449233,O=c1[nH]c(=O)c2ccsc2[nH]1
decoy_2540,0.374339,0.459466,0.684054,0.793723,0.441663,0.5052,c1ccc(-n2ncc3c(Nc4ccon4)ncnc32)cc1
decoy_2541,0.264113,0.31007,0.528194,0.588413,0.308572,0.352084,C1=C(c2ccc3c(c2)OCCO3)[C@@H](c2ccccc2)N=N1
decoy_2542,0.307234,0.379685,0.568772,0.673776,0.35341,0.408898,[H]/N=C(/C[C@@H]1C(=O)Nc2ccccc21)C(=O)c1ccccc1
decoy_2543,0.318965,0.411632,0.588856,0.741764,0.378386,0.473742,O=c1[nH]cccc1C(c1ccccc1)c1ccc[nH]c1=O
decoy_2544,0.293752,0.40985,0.553511,0.734039,0.332651,0.437921,O=c1ccoc([C@@H](Nc2cccc[nH+]2)c2ccccc2)c1
decoy_2545,0.207585,0.310112,0.436401,0.643378,0.260099,0.361582,O=C(NC(c1ccccc1)c1ccccc1)c1cocn1
decoy_2546,0.256605,0.377352,0.496493,0.641549,0.319457,0.434246,O=C(C[N@@H+](CC1CC1)C1CC1)Nc1c[nH]c(=O)[nH]c1=O
decoy_2547,0.232946,0.38963,0.44756,0.716482,0.280217,0.433206,O=C(Nc1ccccc1)Nc1cnn(-c2ccccc2)c1
decoy_2548,0.285861,0.408732,0.553524,0.773414,0.342676,0.47329,O=C(NCc1cccnc1)c1ccc(-n2cccn2)cc1
decoy_2549,0.269638,0.352486,0.517228,0.619869,0.323812,0.420201,[H]/N=C1/NN(c2ccccc2)C(=N/[H])/C1=N\Nc1ccccc1
decoy_255,0.284304,0.320635,0.466939,0.524207,0.322121,0.358368,O=C1CCC[C@@H]2CCOC(=O)[C@H]12
decoy_2550,0.329119,0.463542,0.57001,0.751423,0.377385,0.498588,O=C(CNC(=O)c1cccs1)NCCn1cc[nH+]c1
decoy_2551,0.381587,0.464308,0.65017,0.732105,0.417516,0.496479,O=S(=O)(NCCNc1ncccn1)c1ccccc1
decoy_2552,0.278844,0.364725,0.490375,0.61999,0.315205,0.388049,c1ccc(-n2cc3c(-c4cccs4)ncnc3n2)cc1
decoy_2553,0.250037,0.265656,0.531639,0.536083,0.325718,0.333924,c1ccc(O[C@H]2OCCC[C@H]2O[C@H]2CCCCO2)cc1
decoy_2554,0.244344,0.293569,0.554998,0.622963,0.351741,0.393207,c1ccc(O[C@@H]2CC[C@@H](O[C@H]3CCCCO3)CO2)cc1
decoy_2555,0.247745,0.285301,0.555244,0.595532,0.355904,0.383701,c1ccc(O[C@@H]2C[C@@H](O[C@H]3CCCCO3)CCO2)cc1
decoy_2556,0.247779,0.285813,0.573937,0.612994,0.371374,0.406853,c1ccc(O[C@@H]2CCC[C@@H](CO[C@H]3CCCO3)O2)cc1
decoy_2557,0.217593,0.274721,0.504859,0.603985,0.295705,0.354734,O=C(CCCCOc1ccccc1)O[C@@H]1CCCCO1
decoy_2558,0.312093,0.319848,0.873098,0.900426,0.393775,0.393539,O=C1c2ccccc2C([C@@H]2CCCCO2)c2ccccc21
decoy_2559,0.483093,0.393292,0.847896,0.783238,0.540456,0.447611,C1=[NH+]CC[C@]2(C[C@@H](c3ccccc3)c3ccccc3O2)N1
decoy_256,0.390169,0.303445,0.611085,0.562807,0.407416,0.374508,c1ccc2c(c1)oc1ccccc12
decoy_2560,0.225396,0.323418,0.482916,0.755056,0.29516,0.388853,O=C1[C@@H]2CCCN2[C@@H](c2ccccc2)N1c1ccccc1
decoy_2561,0.370802,0.403028,0.742713,0.805896,0.434357,0.450761,Nc1cc(N2CCCCC2)nc[n+]1O[C@@H]1CCCCO1
decoy_2562,0.405239,0.46972,0.71158,0.79734,0.464938,0.522862,O=C(c1coc(CN2CC[NH2+]CC2)n1)N1CCCCC1
decoy_2563,0.287069,0.416399,0.579797,0.727876,0.373977,0.48949,O=C(NCCC[NH+]1CCCCC1)Nc1ccc[nH]c1=O
decoy_2564,0.387943,0.48177,0.740724,0.786384,0.466313,0.559651,O=C(NNC(=S)NC[C@H]1CCC[NH2+]1)c1ccccc1
decoy_2565,0.42816,0.525532,0.702811,0.846679,0.489223,0.57121,O=C(Cc1cccs1)Nc1cc2c(s1)C[NH2+]CC2
decoy_2566,0.436241,0.53158,0.731611,0.885583,0.509881,0.582753,S=C(Nc1cn[nH]c1)Nc1cc2c(s1)CCCC2
decoy_2567,0.31819,0.406452,0.621473,0.777781,0.409893,0.474195,O=C(C[NH+]1CCCCC1)Nc1cc2c(s1)CCCC2
decoy_2568,0.319896,0.360685,0.658237,0.713151,0.372099,0.40974,O=[P@@H](Oc1c[nH]c2ccccc12)OC1CCCCC1
decoy_2569,0.276378,0.373275,0.492625,0.653864,0.316175,0.395466,[NH2+]=c1ccc2c(COC(=O)c3ccccc3)ccoc-2c1
decoy_257,0.369993,0.408574,0.646589,0.710771,0.408999,0.427724,O=C1NCC=CN1[C@@H]1CCCO1
decoy_2570,0.306548,0.397945,0.567949,0.70258,0.340129,0.422704,O=c1cc(Nc2ccccc2)[nH]c(=O)n1-c1ccccc1
decoy_2571,0.296418,0.344207,0.577185,0.642724,0.373228,0.417407,O=C(Cc1ccccc1)Nc1nnc(-c2ccccc2)o1
decoy_2572,0.330363,0.370806,0.628948,0.701361,0.408177,0.443948,O=C(COc1ccccc1)N/N=C1\N=Cc2ccccc21
decoy_2573,0.237125,0.3551,0.446848,0.642142,0.296209,0.411481,O=C(NCc1nc2ccccc2c(=O)[nH]1)c1ccccc1
decoy_2574,0.293963,0.393952,0.567437,0.710767,0.361731,0.465457,O=C(NNC(=O)c1ccccc1)C1=c2ccccc2=NC1
decoy_2575,0.394521,0.420673,0.716594,0.743404,0.462768,0.471293,C1=Cc2ncnn2C(N2CCC(c3ccccc3)=N2)=NN1
decoy_2576,0.404982,0.358414,0.708023,0.660843,0.457212,0.412842,C1=Cc2nncn2C(N2CCC(c3ccccc3)=N2)=NN1
decoy_2577,0.248489,0.391875,0.446421,0.675113,0.293302,0.414081,O=C(Cc1ccco1)NCS(=O)(=O)c1ccccc1
decoy_2578,0.279614,0.393805,0.486762,0.727022,0.309791,0.433317,O=c1c(-c2nc3ccccc3s2)coc2ccccc12
decoy_2579,0.295043,0.433585,0.574416,0.752625,0.368928,0.475756,O=C(CC[NH+]1CCCCC1)NC(=O)NCc1ccco1
decoy_258,0.406137,0.367701,0.658154,0.635302,0.438974,0.406413,O=C1NC(=O)C2(CCCCC2)N1
decoy_2580,0.287245,0.391309,0.589634,0.692442,0.370714,0.455743,O=C(NCC[NH+]1CCCCC1)NNC(=O)c1ccc[nH]1
decoy_2581,0.262248,0.339392,0.539863,0.641252,0.357965,0.434267,c1ccc2c(c1)=NC([C@H]1CCCN(c3ccncn3)C1)N=2
decoy_2582,0.319223,0.402494,0.605585,0.734374,0.410142,0.499033,c1ccc(CNc2n[nH]c(NCc3ccccc3)n2)cc1
decoy_2583,0.373977,0.400791,0.649721,0.667708,0.432175,0.456768,O=C(Nc1cc2c(s1)CCC2)C(=O)N1CC[NH2+]CC1
decoy_2584,0.257801,0.370409,0.502893,0.659993,0.318459,0.429287,O=C(NNC(=S)NC[C@H]1CCCO1)c1ccccc1
decoy_2585,0.281991,0.412761,0.562323,0.733106,0.359184,0.482298,O=C(C[NH+]1CCCC1)NC(=O)NC[C@H]1C[C@@H]2CC[C@H]1C2
decoy_2586,0.368417,0.552528,0.620728,0.826738,0.439584,0.589286,O=C(Nc1ccsc1)Nc1cc2c(s1)C[NH2+]CC2
decoy_2587,0.289386,0.376546,0.600428,0.686806,0.360293,0.427689,O=C(NCCCc1cc[nH]n1)NCC[NH+]1CCCCC1
decoy_2588,0.279219,0.442288,0.571079,0.779542,0.370113,0.550649,O=C(NCCC[NH+]1CCCCC1)NCCn1cccn1
decoy_2589,0.22924,0.360553,0.507839,0.863808,0.299446,0.430358,O=C(CCCSc1ccccc1)N[C@H]1CCCOC1
decoy_259,0.543987,0.433897,0.744615,0.700026,0.519313,0.461493,c1ccc2c(c1)[nH]c1c[nH+]ccc12
decoy_2590,0.270242,0.315521,0.570662,0.637837,0.3261,0.365845,O=S(=O)(/C=C/c1ccccc1)NCC1CCCCC1
decoy_2591,0.364124,0.515386,0.652746,0.833538,0.448083,0.56034,O=C(CN1CC[NH2+]CC1)Nc1cc2c(s1)CCCC2
decoy_2592,0.36228,0.51135,0.668452,0.839844,0.459322,0.590013,O=C(NCCSc1ccccc1)NC1CC[NH2+]CC1
decoy_2593,0.230105,0.320304,0.47278,0.597423,0.300335,0.374077,[H]/N=C1\C=CS\[N+]1=C(/NCC1CC1)NC1CCNCC1
decoy_2594,0.353847,0.385616,0.724572,0.781076,0.408989,0.437554,c1csc(NC[C@H]2CCC[N@@H+]2CC2CCCCC2)n1
decoy_2595,0.258074,0.325332,0.538017,0.606978,0.328719,0.380872,O=C1/C(=C\c2cccc3c2OCOC3)Oc2ccccc21
decoy_2596,0.256597,0.309682,0.507265,0.567758,0.305253,0.365014,O=C(c1ccc2c(c1)OCCO2)c1cc2ccccc2o1
decoy_2597,0.334653,0.454598,0.588052,0.722463,0.378051,0.49828,O=c1[nH]cncc1C(c1ccccc1)c1cnc[nH]c1=O
decoy_2598,0.371901,0.457424,0.673802,0.715587,0.408262,0.494776,O=C(C[NH2+]Cc1cccs1)Nc1c[nH]c(=O)[nH]c1=O
decoy_2599,0.331197,0.400223,0.618341,0.708375,0.396638,0.448509,O=c1c2sc3ncccc3c2nnn1-c1ccccc1
decoy_26,0.291853,0.348798,0.594541,0.755372,0.346925,0.435634,c1ncn2cnnc2n1
decoy_260,0.303816,0.286179,0.584775,0.553836,0.38268,0.396587,c1ccc(Cc2ccccc2)cc1
decoy_2600,0.302326,0.361178,0.56845,0.62821,0.353627,0.378042,O=C1C=C[C@@H]2C([O-])=C3C(=O)c4ccccc4C[C@H]3C[C@@H]2C1
decoy_2601,0.279579,0.350503,0.486618,0.54268,0.310078,0.376225,O=C1C=CC[C@@H]2C[C@@H]3Cc4ccccc4C([O-])=C3C(=O)[C@H]12
decoy_2602,0.235606,0.372947,0.488091,0.753354,0.306719,0.421547,O=C(Nc1ccccc1)[C@H]1CC(=O)N(c2ccccc2)C1
decoy_2603,0.247774,0.374444,0.499387,0.726594,0.323111,0.442421,O=C1C[C@H](NCc2ccccc2)C(=O)N1c1ccccc1
decoy_2604,0.358711,0.445231,0.682244,0.728951,0.410855,0.501259,O=C(C[NH+]1CCCCC1)N[C@H]1OCC2=C1C(=O)NNC2
decoy_2605,0.306374,0.425742,0.622728,0.726251,0.383125,0.491767,O=C(C[NH2+]C1CCCCCC1)Nc1c[nH]c(=O)[nH]c1=O
decoy_2606,0.319988,0.403702,0.638456,0.692516,0.406622,0.472788,O=C(CNC(=O)NC1CC[NH2+]CC1)NCc1ccco1
decoy_2607,0.315674,0.412114,0.616936,0.73703,0.39997,0.486981,c1ccc2c(c1)=NC(CNc1cc(NC3CC3)ncn1)N=2
decoy_2608,0.473315,0.537796,0.814233,0.808916,0.540193,0.58352,[NH2+]=C(NCCc1c[nH]c2ccccc12)Nc1ncccn1
decoy_2609,0.342381,0.507564,0.624316,0.787489,0.40529,0.556663,O=C(Nc1ccsc1)N[C@H]1C[C@H]2C(=O)NCC[N@@H+]2C1
decoy_261,0.392764,0.327285,0.75668,0.764005,0.434914,0.404076,c1csc(-c2cscn2)n1
decoy_2610,0.328571,0.406283,0.629818,0.700627,0.39548,0.458529,O=C(NNC(=S)NC[C@H]1CCCO1)c1ccccn1
decoy_2611,0.430602,0.437009,0.772221,0.718887,0.482057,0.477723,O=S(=O)(NCC[NH2+]Cc1cn[nH]c1)c1ccccc1
decoy_2612,0.21754,0.308571,0.379003,0.513396,0.251441,0.322397,C1=C[C@@H](c2ccccc2)n2nc(-c3cccs3)nc2[N-]1
decoy_2613,0.378265,0.404401,0.677642,0.712978,0.450268,0.464022,c1ccc([C@@H]2C[C@]3(CC[NH2+]CN3)c3ccccc3O2)cc1
decoy_2614,0.322,0.34455,0.674888,0.71591,0.37975,0.407663,c1cc2c(c(Oc3ccc4c(c3)C[NH2+]CC4)c1)C[NH2+]CC2
decoy_2615,0.381864,0.402597,0.72492,0.767463,0.459453,0.458071,c1ccc(C[NH2+]CCCOc2cccc3[nH]ccc23)cc1
decoy_2616,0.351904,0.518577,0.65244,0.884658,0.437059,0.577657,[NH2+]=C(CCCC(=O)Nc1ccccc1)Cc1ccccc1
decoy_2617,0.306734,0.456398,0.568962,0.807877,0.35619,0.507291,O=C(CCC(=O)Nc1cccs1)Nc1cccs1
decoy_2618,0.247445,0.379487,0.467537,0.701485,0.303837,0.457869,O=C(NCCc1cccs1)C(=O)Nc1cccs1
decoy_2619,0.246789,0.386591,0.467008,0.723694,0.305626,0.448552,O=C(NCCc1ccsc1)C(=O)Nc1cccs1
decoy_262,0.341352,0.322435,0.619119,0.732961,0.384148,0.383083,c1csc(-c2nccs2)n1
decoy_2620,0.275108,0.375547,0.498476,0.714616,0.296603,0.392699,c1ccc(/N=C(/Nc2ccccc2)[n+]2cccs2)cc1
decoy_2621,0.395628,0.446404,0.667241,0.717907,0.446072,0.469124,O=C(CSc1nc[nH]n1)Nc1cc2c(s1)CCC2
decoy_2622,0.292873,0.336225,0.640522,0.708177,0.368967,0.411444,O=C(CN1CCOCC1)Nc1cc2c(s1)CCCC2
decoy_2623,0.399368,0.429376,0.731595,0.758052,0.471942,0.495045,S=C(NCCN1CCOCC1)NNc1ccccc1
decoy_2624,0.246851,0.344656,0.495967,0.708937,0.324263,0.390631,c1ccc2c3c([nH]c2c1)C[C@@H]1C[C@H]2CCCC[C@H]2C[N@H+]1C3
decoy_2625,0.362814,0.368083,0.800679,0.840951,0.432736,0.425328,c1ccc(C[NH2+]Cc2ccc(N3CCCCC3)cc2)cc1
decoy_2626,0.25929,0.383523,0.528955,0.866078,0.349972,0.456977,c1ccc(NC[C@@H](c2ccccc2)[NH+]2CCCCC2)cc1
decoy_2627,0.218046,0.319378,0.469642,0.697564,0.277018,0.387365,c1ccc(CC[NH2+]C2CCN(c3ccccc3)CC2)cc1
decoy_2628,0.31978,0.384169,0.680215,0.718633,0.434514,0.489089,O=C(NCC1CCNCC1)[C@H]1CNCC12CC[NH2+]CC2
decoy_2629,0.241767,0.336772,0.48018,0.651991,0.29887,0.384055,O=C(NCCc1cccs1)NCCc1cccs1
decoy_263,0.435016,0.507341,0.729067,0.818191,0.514048,0.55641,C1CC(C2CC[NH2+]CC2)CC[NH2+]1
decoy_2630,0.297126,0.413052,0.544476,0.704703,0.353471,0.489188,O=C(NNC(=O)c1ccco1)c1cnc2ccccc2c1
decoy_2631,0.420428,0.35456,0.791604,0.676851,0.517133,0.451159,N/C(=N\N=C\c1ccc(-c2ccccc2)o1)c1cnon1
decoy_2632,0.399713,0.533231,0.659864,0.752689,0.467646,0.614613,O=c1[nH]c2c(c(=O)[nH]1)[C@H](c1ccccc1)c1cn[nH]c1N2
decoy_2633,0.352089,0.374785,0.730458,0.787798,0.445038,0.468108,O=C(COC(=O)/C=C/c1ccccc1)Nc1ccccc1
decoy_2634,0.224739,0.291127,0.486599,0.581524,0.278591,0.331276,O=C(c1ccco1)N(Cc1ccccc1)Cc1ccco1
decoy_2635,0.493159,0.478754,0.834519,0.862817,0.541659,0.515016,Nc1[nH+]c2ccccc2n1CCc1ccc2c(c1)OCO2
decoy_2636,0.405249,0.475929,0.708086,0.82321,0.488417,0.549387,O=C1NC[C@@H](C(=O)c2cccnc2)[C@@H](c2ccccc2)N1
decoy_2637,0.265254,0.401551,0.529749,0.741649,0.354229,0.485152,O=C(CNC(=O)c1ccccc1)N/N=C/c1ccccc1
decoy_2638,0.260065,0.360495,0.492591,0.622624,0.328001,0.406662,O=C(NN=CC=C([O-])Nc1ccccc1)c1ccccc1
decoy_2639,0.2902,0.437101,0.534653,0.73996,0.359463,0.485423,O=C(NCCC1=c2ccccc2=NC1)c1c[nH]ccc1=O
decoy_263_2,0.46145,0.504064,0.727459,0.80453,0.53302,0.557926,C1CC(C2CC[NH2+]CC2)CCN1
decoy_264,0.446648,0.538494,0.772669,0.904063,0.492378,0.565914,C1CC[NH+](CC2CC[NH2+]CC2)C1
decoy_2640,0.355434,0.418038,0.677328,0.780437,0.466706,0.516807,c1ccc(CCNc2nccc(Nc3ccon3)n2)cc1
decoy_2641,0.272255,0.355861,0.545364,0.710521,0.310924,0.398711,O=C1S/C(=C/c2ccccc2)C(=O)N1c1ccccc1
decoy_2642,0.335732,0.313539,0.613569,0.577233,0.390558,0.375532,O=C1N/C(=N/c2ccccn2)S/C1=C\c1ccccc1
decoy_2643,0.350514,0.357482,0.676045,0.670243,0.409021,0.412604,O=C1Cc2c(ncc3cnccc23)N1Cc1cccs1
decoy_2644,0.348651,0.434665,0.667222,0.818564,0.383977,0.453259,C1=C[C@]2(CC[N@@H+](Cc3ccccc3)CC2)c2cn[nH]c2O1
decoy_2645,0.357415,0.370202,0.675247,0.686145,0.454492,0.459414,O=C1NCCN1c1ccc(C[NH2+]Cc2ccccc2)cc1
decoy_2646,0.340619,0.370936,0.623621,0.644052,0.37781,0.400957,O=C(CSc1nnco1)Nc1cc2c(s1)CCC2
decoy_2647,0.228032,0.372404,0.46958,0.726911,0.287753,0.452319,c1cncc(Nc2cc(N3C[C@H]4CCC[C@@H]3C4)ncn2)c1
decoy_2648,0.32743,0.413577,0.602573,0.730509,0.425262,0.489668,c1nc(Nc2cc[nH+]cc2)cc(N2C[C@H]3CCC[C@@H]2C3)n1
decoy_2649,0.35315,0.416549,0.63957,0.731396,0.429017,0.479457,c1ccc2c(NCCCCCc3cc[nH]n3)[nH+]ncc2c1
decoy_265,0.367335,0.472855,0.578417,0.674469,0.413745,0.498304,O=C1NC(=O)C2(CC[NH2+]CC2)N1
decoy_2650,0.421735,0.4327,0.7225,0.739458,0.480627,0.480964,O=C(CN1CC[NH2+]CC1)Nc1cc2c(s1)COCC2
decoy_2651,0.322796,0.430081,0.582775,0.734046,0.389739,0.472854,O=C(NCC[NH+]1CCCCC1)C(=O)Nc1cccs1
decoy_2652,0.414278,0.459462,0.749358,0.839872,0.464162,0.512802,c1ccc(NC[C@@H](c2ccccc2)[NH+]2CCNCC2)cc1
decoy_2653,0.295059,0.435301,0.584739,0.785929,0.386237,0.498708,O=C(NCCC[NH+]1CCCCC1)NCc1cccs1
decoy_2654,0.332809,0.340203,0.840046,0.867864,0.388353,0.400679,O=c1ccoc(O[C@H]2OCCC[C@H]2O[C@H]2CCCO2)c1
decoy_2655,0.347851,0.408318,0.633076,0.654886,0.385089,0.433373,O=c1[nH]cc([C@H]2[NH2+]CCc3c2[nH]c2ccccc32)c(=O)[nH]1
decoy_2656,0.450075,0.47353,0.765795,0.745934,0.507567,0.5111,O=c1[nH]cc([C@H]2NCCC3=c4ccccc4=N[C@@H]32)c(=O)[nH]1
decoy_2657,0.317283,0.384007,0.59503,0.69992,0.411594,0.450258,O=C(CCC1=c2ccccc2=NC1)OCc1ncncn1
decoy_2658,0.397049,0.498057,0.680739,0.782716,0.471568,0.553457,O=C(CNc1ccccc1)Nc1ccc2[nH]c(=O)[nH]c2c1
decoy_2659,0.400396,0.443679,0.690692,0.728082,0.461681,0.489786,O=C(NCCC1N=c2ccccc2=N1)c1c[nH]ccc1=O
decoy_266,0.400004,0.402035,0.722325,0.884234,0.472009,0.469059,O=C1CC[C@@H](c2cscn2)O1
decoy_2660,0.239451,0.340464,0.402135,0.575275,0.254454,0.356934,O=C1C[C@@H](c2ccco2)C2=c3ncccc3=CSC2=[NH+]1
decoy_2661,0.261862,0.312915,0.590466,0.64738,0.332886,0.378434,O=C1c2ccccc2O[C@@H]2C=CC([C@H]3CCCCO3)=C[C@@H]12
decoy_2662,0.304795,0.375329,0.668866,0.734851,0.381322,0.452192,C=C(C(=O)OC1CC[NH2+]CC1)C(=O)OC1CC[NH2+]CC1
decoy_2662_2,0.320677,0.331681,0.634299,0.608664,0.407985,0.417458,C/C(C(=O)OC1CC[NH2+]CC1)=C(/O)OC1CCNCC1
decoy_2663,0.403316,0.432383,0.742906,0.822888,0.485706,0.50172,O=C(CCc1ccccc1)NCC(=O)Nc1ccccc1
decoy_2664,0.333201,0.480526,0.656568,0.883224,0.42089,0.543102,O=C(CCCC(=O)Nc1ccccc1)Nc1ccccc1
decoy_2665,0.316735,0.382733,0.679362,0.809702,0.420896,0.487785,O=C(NCCCc1ccccc1)C(=O)Nc1ccccc1
decoy_2666,0.33268,0.407689,0.671806,0.730827,0.42484,0.496934,O=C(NCC1CCCCC1)NNC(=O)C(=O)NC1CC1
decoy_2667,0.405628,0.438442,0.715036,0.741239,0.483841,0.485357,c1cc2c(c(-c3cc(N4CC[NH2+]CC4)ncn3)c1)OCC2
decoy_2668,0.364483,0.389116,0.685689,0.721738,0.420238,0.434226,O=C1C[C@@H](c2c[nH]cn2)c2ccc(N3CCCC3)cc2N1
decoy_2669,0.325359,0.469398,0.546724,0.694298,0.37584,0.493713,O=C(CSc1n[nH]c(C2CC2)n1)Nc1nncs1
decoy_267,0.337386,0.359959,0.859472,0.888505,0.419815,0.427824,C=C1C=NC=C[C@@H]1c1ccccc1
decoy_2670,0.293739,0.384745,0.624561,0.804859,0.356494,0.446637,O=C(Nc1ccccc1)[C@H]1SC=N[C@H]1c1ccccc1
decoy_2671,0.25884,0.308214,0.516941,0.577335,0.312949,0.356937,O=C(NCCc1ccccc1)c1cc2cccnc2s1
decoy_2672,0.278505,0.308616,0.52404,0.547424,0.320036,0.351097,[O-]C(/C=C/c1ccccc1)=N\C(=S)Nc1ccccc1
decoy_2673,0.344948,0.440039,0.654677,0.814426,0.409193,0.502343,c1ccc2c(c1)NC(CSC1N=c3ccccc3=N1)N2
decoy_2674,0.239754,0.290851,0.565876,0.642046,0.331242,0.390963,C1=CO[C@H](O[C@H]2CCC[C@@H](O[C@H]3CCCCO3)C2)CC1
decoy_2675,0.308636,0.339294,0.801916,0.852299,0.375794,0.400762,c1ccc(OCC[NH+]2CCN(c3ccccc3)CC2)cc1
decoy_2676,0.253076,0.356254,0.569081,0.804333,0.338302,0.436867,O=C(CCCNc1ccccc1)NCCc1ccccc1
decoy_2677,0.332514,0.425055,0.688099,0.75025,0.425808,0.517505,O=C(CCNC(=O)NC1CC[NH2+]CC1)NC1CCCC1
decoy_2678,0.335279,0.36148,0.65297,0.694686,0.38897,0.403611,c1ccc(CC[C@H]2CC[N@H+](Cc3ncncn3)CC2)cc1
decoy_2679,0.213747,0.354288,0.503196,0.807051,0.29777,0.437979,c1ccc(CCNc2nccc(N3CCCCC3)n2)cc1
decoy_268,0.305274,0.412135,0.516058,0.915009,0.345636,0.467357,c1ccc(Nc2ccccc2)cc1
decoy_2680,0.340694,0.422169,0.641475,0.777562,0.412227,0.501084,c1ccc([C@H](CNc2ccncn2)[NH+]2CCCCC2)cc1
decoy_2681,0.304615,0.337137,0.657569,0.709188,0.397943,0.433,O=C(COC(=O)CCc1ccccc1)Nc1ccccc1
decoy_2682,0.313715,0.366873,0.604788,0.690564,0.402792,0.451488,O=C(CCc1ccccc1)NNC(=O)Nc1ccccc1
decoy_2683,0.333288,0.418628,0.643212,0.777982,0.41976,0.495672,O=C(CNc1ccccc1)NCC(=O)Nc1ccccc1
decoy_2684,0.383214,0.460014,0.705935,0.78836,0.48813,0.554377,O=C(CNCc1ccccc1)NC(=O)Nc1ccccc1
decoy_2685,0.372297,0.442314,0.692312,0.770491,0.453835,0.520866,O=C(CNCC(=O)Nc1ccccc1)Nc1ccccc1
decoy_2686,0.287426,0.400609,0.552242,0.723758,0.345985,0.452171,O=C(NCCc1ccccc1)NNC(=O)c1ccccc1
decoy_2687,0.229653,0.331016,0.489316,0.683677,0.301573,0.388856,O=C(NCCc1ccco1)C1=NN(c2ccccc2)CC1
decoy_2688,0.267496,0.389851,0.56124,0.743928,0.354123,0.481155,O=C(NCCNc1ccccc1)C(=O)Nc1ccccc1
decoy_2689,0.3587,0.428086,0.676843,0.715491,0.395668,0.463117,N/C(=N/c1nc(=O)c2c([nH]1)CCCC2)Nc1ccccc1
decoy_269,0.39794,0.483083,0.598458,0.702557,0.447937,0.516829,c1nnc(C2CC[NH2+]CC2)s1
decoy_2690,0.441048,0.453893,0.754021,0.78637,0.486189,0.492959,O=C1N=CC2=Nc3ccc(N4CCCCC4)cc3N[C@H]2N1
decoy_2691,0.342833,0.425981,0.649297,0.739644,0.430926,0.493382,O=C(Nc1ccc(CNc2ccncn2)cc1)NC1CC1
decoy_2692,0.325957,0.418253,0.57972,0.665513,0.397335,0.479341,O=C(NCc1ccccc1)NN[C@H]1CCS(=O)(=O)C1
decoy_2693,0.339047,0.4023,0.643972,0.747948,0.407032,0.476558,O=C(NCCN1CCOCC1)C(=O)Nc1cccs1
decoy_2694,0.271456,0.36285,0.50442,0.63842,0.315283,0.392409,O=C1N=C(c2ccncc2)N=C2S[C@H]3CCCCC3=C12
decoy_2695,0.325542,0.358448,0.621773,0.645442,0.391209,0.396838,O=C(CSC1N=c2ccccc2=N1)Nc1ccccc1
decoy_2696,0.389561,0.31387,0.62301,0.520026,0.429242,0.371654,[S-]c1nnc(-c2ccncc2)n1NCc1ccccc1
decoy_2697,0.235933,0.310161,0.542836,0.888607,0.320758,0.404569,c1ccc(CO[C@H]2OCCC[C@H]2Nc2ccccc2)cc1
decoy_2698,0.380999,0.369398,0.812118,0.810408,0.483881,0.456713,c1ccc(CO[C@H]2CC[C@@H](CNc3ccncn3)C2)cc1
decoy_2699,0.375847,0.534277,0.67799,0.859623,0.454621,0.603263,O=C(CC[NH2+]CCNc1ccccc1)Nc1ccccc1
decoy_27,0.311326,0.265432,0.634079,0.615215,0.358564,0.349996,c1ccc2c(c1)OCO2
decoy_270,0.460596,0.367162,0.696159,0.6531,0.47836,0.423553,c1ccc2c(c1)[nH]c1ncnnc12
decoy_2700,0.322039,0.407603,0.618793,0.726517,0.402316,0.469859,O=C(C[NH2+]CCCNc1ccccc1)Nc1ccccc1
decoy_2701,0.343578,0.499387,0.644789,0.830066,0.441572,0.581008,O=C(NCCC[NH2+]Cc1ccccc1)Nc1ccccc1
decoy_2702,0.370323,0.44591,0.691514,0.730871,0.432869,0.4994,c1ccc2c(c1)[C@@H](NCc1nc[nH]n1)CC21CC[NH2+]CC1
decoy_2703,0.357542,0.488521,0.665036,0.78691,0.444476,0.5581,c1ccc(CNc2cc(NC3CC[NH2+]CC3)ncn2)cc1
decoy_2704,0.325439,0.410396,0.620901,0.753744,0.382758,0.449321,C1=CN([C@H]2CC[N@H+](C[C@H]3C=c4ccccc4=N3)CC2)NN1
decoy_2705,0.3196,0.419628,0.614642,0.770307,0.358474,0.446086,C1=CN([C@H]2CCC[N@@H+](C[C@H]3C=c4ccccc4=N3)C2)NN1
decoy_2706,0.280014,0.400971,0.55885,0.681879,0.357748,0.447856,O=C1SCC[C@@H]1NC(=O)[C@H]1CNCC12CC[NH2+]CC2
decoy_2707,0.211616,0.346384,0.467212,0.698896,0.27443,0.422107,c1ccc([C@H]2CC[C@@H]([NH2+]CCCc3cc[nH]n3)CC2)cc1
decoy_2708,0.236478,0.373887,0.62432,0.926588,0.338894,0.509574,C1=C(NCCc2ccccc2)C=C(N2CCCCC2)CC1
decoy_2709,0.415781,0.510214,0.701595,0.77057,0.467607,0.531771,O=C1NC(=O)[C@H]2C[NH2+][C@H](c3coc4ccccc4c3=O)[C@@H]12
decoy_271,0.288378,0.338444,0.524332,0.543424,0.327213,0.370204,c1ccc(Oc2ccccc2)cc1
decoy_2710,0.286014,0.384742,0.598024,0.79141,0.350928,0.457645,O=C(CCNc1ccccc1)Nc1ccc2c(c1)OCO2
decoy_2711,0.282083,0.366276,0.576818,0.711129,0.356805,0.425934,O=C(CNCc1ccc2c(c1)OCO2)Nc1ccccc1
decoy_2712,0.322384,0.386463,0.623277,0.73154,0.403556,0.474868,O=C(COc1ccccc1)NCC(=O)Nc1ccccc1
decoy_2713,0.230503,0.346352,0.481671,0.700372,0.290037,0.404672,O=C(Nc1ccccc1)C(=O)N[C@H]1CCCc2occc21
decoy_2714,0.273807,0.401288,0.52047,0.680593,0.335359,0.439347,O=C(CCc1c[nH]c2ccccc12)N[C@@H]1C=NC(=O)NC1
decoy_2715,0.359372,0.313661,0.695886,0.642893,0.458216,0.419488,c1ccc(-c2nc3cncnc3nc2-c2ccccc2)cc1
decoy_2716,0.248441,0.342205,0.498556,0.662241,0.311038,0.428012,c1ccc(-c2cnc3nc(-c4ccccc4)ncc3n2)cc1
decoy_2717,0.396692,0.446622,0.751601,0.746623,0.471004,0.511144,O=c1ccnc(NCC[NH2+]CC2N=c3ccccc3=N2)[nH]1
decoy_2718,0.320127,0.340111,0.682159,0.715719,0.37457,0.390186,O=C(c1ccns1)N(Cc1ccco1)c1ccccc1
decoy_2719,0.244091,0.321067,0.44026,0.549257,0.289823,0.354472,O=S(=O)(c1ccccc1)c1cc(-c2ccccc2)n[nH]1
decoy_272,0.398607,0.355001,0.738933,0.702221,0.42,0.402374,c1ccc(Cc2cccnn2)cc1
decoy_2720,0.376249,0.480944,0.617726,0.752462,0.434592,0.516182,O=c1[nH]c2ccc(NC(=S)Nc3ccccc3)cc2[nH]1
decoy_2721,0.38119,0.394359,0.675841,0.683066,0.424,0.432505,O=C(Cn1cnnc1)Nc1cc(-c2ccccc2)cs1
decoy_2722,0.24128,0.384702,0.514996,0.884082,0.313701,0.436661,O=C(Cn1cccc1-c1ccccc1)NC[C@H]1CCCO1
decoy_2723,0.325766,0.410328,0.716812,0.904339,0.47024,0.529008,O=C(COc1ccccc1)NCCCNc1ccccc1
decoy_2724,0.32425,0.404427,0.706497,0.881921,0.431636,0.518949,O=C(NCCCOc1ccccc1)NCc1ccccc1
decoy_2725,0.241769,0.337081,0.541078,0.72632,0.32616,0.412893,c1ccc(CCNc2nccc(N3CCOCC3)n2)cc1
decoy_2726,0.327117,0.489441,0.614674,0.809026,0.399015,0.551069,O=C(NCCCc1[nH]cc[nH+]1)N[C@H]1CCc2ccccc21
decoy_2727,0.348943,0.419963,0.657378,0.697171,0.435068,0.484432,c1ccc(CNc2cc(NN3CC[NH2+]CC3)ncn2)cc1
decoy_2728,0.327647,0.348813,0.659024,0.68803,0.380927,0.389434,O=C1Nc2ccccc2N[C@H]1CSCc1ccccc1
decoy_2729,0.356772,0.545265,0.635798,0.869979,0.439875,0.616402,O=C(/C=C/c1ccccc1)Nc1cc2c(s1)C[NH2+]CC2
decoy_273,0.398917,0.354734,0.758766,0.721841,0.461456,0.454495,c1ccc(Cc2cncnc2)cc1
decoy_2730,0.265097,0.393984,0.577397,0.724802,0.368417,0.483795,O=C(NCCC[NH+]1CCCCC1)NC[C@H]1CNCCO1
decoy_2731,0.315942,0.405247,0.61125,0.737514,0.402061,0.481944,c1cc(C[NH+]2CCCCC2)ccc1CNCc1cn[nH]c1
decoy_2732,0.331687,0.359758,0.680177,0.738966,0.394748,0.418207,S=C(NCCc1ccccc1)NCCc1ccccc1
decoy_2733,0.369575,0.444827,0.70382,0.74857,0.449302,0.49265,O=C(NNC(=S)NC1CCCC1)NC1CCCCC1
decoy_2734,0.347924,0.471522,0.621993,0.712503,0.393961,0.499979,O=C(CN[C@H]1CCc2ccccc21)c1cnc([O-])[nH]c1=O
decoy_2735,0.261694,0.400196,0.494028,0.724752,0.314717,0.458538,O=C(Nc1ccn([C@@H]2CCCO2)c(=O)n1)c1ccccc1
decoy_2736,0.304632,0.401515,0.617376,0.7732,0.389156,0.488329,c1coc(CNc2nc3cncnc3n2[C@@H]2CCCO2)c1
decoy_2737,0.325456,0.381028,0.607732,0.69483,0.390746,0.444387,O=C(CCc1cnc2ncnn2c1)NCCc1ccco1
decoy_2738,0.335711,0.47893,0.577593,0.736863,0.395653,0.522092,O=C(NCC(=O)N1CCS(=O)(=O)CC1)c1ccc[nH]1
decoy_2739,0.376259,0.432422,0.609389,0.662915,0.413818,0.43587,[NH2+]=c1ccc2c(CSc3nccc(=O)[nH]3)ccoc-2c1
decoy_274,0.322423,0.475788,0.506947,0.884113,0.345274,0.491963,c1ccc(Nc2ccccn2)cc1
decoy_2740,0.378162,0.421806,0.702302,0.779495,0.438048,0.485888,O=C(CSc1n[nH]c(-c2ccco2)n1)c1ccccc1
decoy_2741,0.278327,0.340054,0.474443,0.513179,0.314797,0.35556,O=S1(=O)N=C([N-]/N=C/c2ccccc2)c2ccccc21
decoy_2742,0.250563,0.342944,0.439856,0.547106,0.281233,0.357349,O=S(=O)(/N=C1/CN=c2ccccc2=N1)c1ccccc1
decoy_2743,0.328604,0.45409,0.573475,0.703578,0.379602,0.487952,c1ccc(Nc2ncnc(CSc3nc[nH]n3)n2)cc1
decoy_2744,0.350028,0.410964,0.657666,0.70478,0.443354,0.477241,O=C(NCc1cc2ccccc2[nH]c1=O)[C@H]1CCC[NH2+]C1
decoy_2745,0.424879,0.436518,0.768464,0.823442,0.519605,0.528586,O=C(NCCCCn1ccccc1=O)Nc1ccccc1
decoy_2746,0.260492,0.377775,0.525421,0.673339,0.324043,0.424109,O=C(CNCCC1=c2ccccc2=NC1)NC1=CNNC1
decoy_2747,0.379584,0.453876,0.693904,0.749686,0.47729,0.518463,O=C(c1cnc2[nH]ncc2c1)N1CCC2(CC[NH2+]CC2)C1
decoy_2748,0.315016,0.445153,0.6363,0.747333,0.384474,0.494322,O=C(Nc1ccc(C[NH2+]Cc2cn[nH]c2)cc1)NC1CC1
decoy_2749,0.315524,0.371914,0.620564,0.695055,0.382717,0.43214,O=C(CCc1cccs1)C1=C[C@@H]2C=CC=C[C@@H]2NC1=O
decoy_275,0.308178,0.463176,0.48155,0.84338,0.318345,0.453259,c1ccc(Nc2cccnc2)cc1
decoy_2750,0.366044,0.382595,0.719137,0.73928,0.447821,0.446544,O=C(CCc1cccs1)C1=CN[C@@H]2C=CC=C[C@H]2C1=O
decoy_2751,0.256085,0.366623,0.476071,0.632179,0.291287,0.407319,O=c1[nH]c(C[NH2+]CCc2ccccc2)nc2ccsc12
decoy_2752,0.403485,0.541629,0.662181,0.821599,0.470519,0.578642,O=C1N[C@@H](c2ccccc2)Nc2sc3c(c21)CC[NH2+]C3
decoy_2753,0.286717,0.406401,0.538152,0.714076,0.344538,0.447536,O=C(Cc1ccccc1)NNC(=S)Nc1ccccc1
decoy_2754,0.353006,0.45688,0.622072,0.764954,0.442761,0.52294,O=C(NCNC(=S)Nc1ccccc1)c1ccccc1
decoy_2755,0.344487,0.361045,0.775713,0.835508,0.4229,0.436314,c1ccc(OCCC[NH2+]CCCOc2ccccc2)cc1
decoy_2756,0.384228,0.469296,0.704503,0.799502,0.468962,0.524372,O=C1CN([C@H]2CC3(CC[NH2+]CC3)c3ccccc32)CCN1
decoy_2757,0.289264,0.332855,0.525364,0.54347,0.340301,0.357985,N/C(=N\S(=O)(=O)c1ccccc1)N1CCSCC1
decoy_2758,0.265673,0.326819,0.588045,0.707749,0.362971,0.420807,O=C(CSC1=CC2(C=CN1)CCCC2)c1ccccc1
decoy_2759,0.301134,0.388955,0.593218,0.748145,0.367189,0.43524,c1cnc(SCCC[N@H+]2CCc3ccccc3C2)nc1
decoy_276,0.418692,0.349814,0.867649,0.842963,0.426132,0.400686,c1csc(N2CCOCC2)n1
decoy_2760,0.383746,0.396322,0.85732,0.908271,0.485226,0.473564,C1=C(COCCC[NH2+]CCc2ccccc2)[C@H]2C[C@@H](C1)C2
decoy_2761,0.328894,0.339851,0.766679,0.761113,0.42334,0.427846,c1ccc(N2CC[NH+](C[C@H]3C[N@H+]4CC[C@@H]3CC4)CC2)cc1
decoy_2762,0.365495,0.457252,0.675644,0.801564,0.470605,0.5439,O=C(CNC(=O)c1ccccc1)OCC(=O)c1ccc[nH]1
decoy_2763,0.452777,0.47675,0.752588,0.794672,0.517864,0.513578,O=c1[nH]c(=O)c2c(ncn2CCCOc2ccccc2)[nH]1
decoy_2764,0.527202,0.469022,0.824835,0.74856,0.557065,0.506918,O=C(CNc1c[nH]c(=O)[nH]c1=O)N1CCc2ccccc21
decoy_2765,0.353844,0.443066,0.63664,0.684737,0.3948,0.478052,O=C(NCc1ccccc1)NNC(=O)c1ccc(=O)[nH]c1
decoy_2766,0.321168,0.408559,0.585441,0.689906,0.413262,0.492359,O=C(CSc1nc2ncncn2n1)Nc1ccccc1
decoy_2767,0.291232,0.431656,0.564523,0.718646,0.344166,0.485179,NC1=CCCc2oc(C(=O)NCCCn3cc[nH+]c3)cc21
decoy_2768,0.31903,0.429077,0.626882,0.714828,0.402306,0.499847,O=C(NC1=CC2=CC=N[C@H]2C=C1)C(=O)NC1CC[NH2+]CC1
decoy_2769,0.360345,0.490675,0.64415,0.79945,0.438158,0.550331,O=C(NCCCc1c[nH+]c[nH]1)C1=NO[C@@]2(C=CC=CC2)C1
decoy_277,0.298646,0.342604,0.543424,0.590399,0.33992,0.373211,C1CC[C@@H](OC2CCCC2)OC1
decoy_2770,0.251382,0.323087,0.493744,0.615494,0.312752,0.373955,c1ccc(Cn2cc3c(-c4ccccc4)ncnc3n2)cc1
decoy_2771,0.416946,0.370883,0.756254,0.71516,0.478283,0.43792,O=C1NC[C@H](C(=O)c2cccs2)[C@@H](c2ccccc2)N1
decoy_2772,0.279584,0.32046,0.528138,0.569419,0.327015,0.371401,[O-]/C(COc1ccccc1)=N\C(=S)Nc1ccccc1
decoy_2773,0.368011,0.416409,0.642786,0.719598,0.408417,0.461016,O=C1NC(CSc2ncc[nH]2)=C[C@@H](c2ccccc2)N1
decoy_2774,0.286371,0.379861,0.567032,0.722757,0.356445,0.444786,O=C(CCc1cnc2cncn2c1)NCc1cccs1
decoy_2775,0.404559,0.460945,0.690995,0.720645,0.46741,0.507597,O=C(Nc1ncc(Cc2ccccc2)s1)C1=[NH+]CCN1
decoy_2776,0.32494,0.389185,0.603566,0.669167,0.384349,0.432188,O=C(NCc1nc(-c2ccccc2)c[nH]1)C1=CSNC1
decoy_2777,0.255606,0.304176,0.581595,0.646009,0.326013,0.374132,O=C1C=C[C@H]2C(=C1)CC[C@H]1[C@@H]3C[C@@H]4OCO[C@@H]4[C@@H]3CC[C@H]12
decoy_2778,0.409991,0.419181,0.752447,0.784204,0.512273,0.491588,c1ccc(OCCC[NH2+]C[C@H]2CNc3ccnn3C2)cc1
decoy_2779,0.359733,0.447275,0.679165,0.751411,0.439845,0.4983,O=C1NC(CN2CCC[NH2+]CC2)=C[C@@H](c2ccccc2)N1
decoy_278,0.335385,0.404752,0.58781,0.745425,0.369589,0.459955,c1cnc(Cc2ccncc2)nc1
decoy_2780,0.401521,0.437229,0.699008,0.697515,0.485183,0.495429,O=S(=O)(N[C@H]1CCC[NH2+]C1)c1cnc2sccn12
decoy_2781,0.398191,0.42648,0.70651,0.696901,0.471149,0.49288,O=S(=O)(NC1CC[NH2+]CC1)c1cnc2sccn12
decoy_2782,0.246393,0.305839,0.551178,0.632669,0.313783,0.368692,O=C(CCCc1ccccc1)N1CCc2ncsc2C1
decoy_2783,0.268234,0.347935,0.551148,0.687676,0.327783,0.400581,O=C(CNCc1ccccc1)Nc1cc2c(s1)CCC2
decoy_2784,0.347613,0.37873,0.730819,0.804721,0.430003,0.453054,O=C(NCNc1cc2c(s1)CCCC2)c1ccccc1
decoy_2785,0.388187,0.462606,0.672985,0.759164,0.47623,0.529609,c1ccc(Sc2cc(NC3CC[NH2+]CC3)ncn2)cc1
decoy_2786,0.218257,0.3246,0.483701,0.674846,0.286665,0.392424,C(\NCC1(c2ccccc2)CCCC1)=[NH+]/C[C@H]1CCCO1
decoy_2787,0.294327,0.368668,0.616008,0.759033,0.391441,0.450549,C1=C(CNCCC[NH+]2CCCCC2)COc2ccccc21
decoy_2788,0.267014,0.351841,0.593709,0.752384,0.354558,0.424465,c1ccc(N2CC[NH+](C[C@H]3CN4CCC3CC4)CC2)nc1
decoy_2789,0.316243,0.456543,0.601454,0.746875,0.365763,0.497121,NC1=CCCc2oc(C(=O)NNC(=O)c3ccco3)cc21
decoy_279,0.476375,0.380536,0.733463,0.678583,0.517343,0.446737,c1ccc(Nc2ccncn2)cc1
decoy_2790,0.315705,0.447436,0.610925,0.744831,0.388084,0.492258,NC1=CCCc2oc(C(=O)NNC(=O)c3ccoc3)cc21
decoy_2791,0.368755,0.425114,0.763597,0.891446,0.452565,0.504235,O=C(COC(=O)CCc1ccccc1)NCc1ccco1
decoy_2792,0.282373,0.402457,0.549798,0.729366,0.342443,0.459409,O=C(NN1C(=O)NC2(CCCCC2)C1=O)c1ccccc1
decoy_2793,0.366049,0.489418,0.673466,0.805702,0.438209,0.540627,O=C1NC(=O)[C@]2(CC[C@H](C(=O)Nc3ccccc3)CC2)N1
decoy_2794,0.408802,0.482238,0.723195,0.791849,0.50413,0.554226,O=C(CCc1c[nH]c(=O)[nH]c1=O)NCCc1ccccc1
decoy_2795,0.350191,0.437962,0.65336,0.776788,0.425268,0.507595,O=C(CNC(=O)NCc1ccco1)NCc1ccccc1
decoy_2796,0.37126,0.46978,0.660862,0.812105,0.48612,0.556624,O=C(NCCNC(=O)c1ccco1)NCc1ccccc1
decoy_2797,0.254895,0.293265,0.482853,0.515491,0.291359,0.334065,O=c1ccc2c(-c3ccccc3)nn(-c3ccccc3)c2[nH]1
decoy_2798,0.345825,0.466645,0.696486,0.780398,0.423676,0.546421,O=C(C[NH2+]CCNc1nccc(=O)[nH]1)Nc1ccccc1
decoy_2799,0.300457,0.408253,0.566782,0.690836,0.371216,0.467538,O=C(NCCCn1cc[nH+]c1)NNC(=O)c1ccccc1
decoy_28,0.28029,0.398944,0.489147,0.725982,0.327781,0.47998,C1=Nc2[nH]cnc2CN1
decoy_280,0.492205,0.424786,0.775325,0.768024,0.51188,0.47183,c1nc(S[C@H]2CCCO2)n[nH]1
decoy_2800,0.30513,0.389332,0.565292,0.68427,0.356367,0.439714,c1ccc2c(c1)=NC([C@@H]1CNc3nc4ccccc4nc31)N=2
decoy_2801,0.250632,0.384998,0.520968,0.752418,0.314552,0.477353,c1ccc(Nc2ncnc3c2cnn3-c2ccccc2)cc1
decoy_2802,0.29159,0.381458,0.569059,0.721888,0.346646,0.46542,O=C(COC(=O)C1=CCSC1)C1=c2ccccc2=NC1
decoy_2803,0.391246,0.338213,0.757821,0.722011,0.465231,0.433335,O=C(COC(=O)/C=C/c1ccccc1)Nc1cccs1
decoy_2804,0.355411,0.396152,0.625109,0.682883,0.454607,0.479369,O=C(/C=C/c1ccccc1)NCC(=O)Nc1nccs1
decoy_2805,0.260031,0.406122,0.475416,0.67231,0.312304,0.430218,O=C(NN=CC=C([O-])Nc1ccccc1)c1cccs1
decoy_2806,0.354806,0.463472,0.658307,0.750214,0.396894,0.501537,N/C(CSc1ccccn1)=N/NC(=O)c1ccncc1
decoy_2807,0.378298,0.459457,0.656324,0.738657,0.409259,0.478229,O=C1NC(CSc2ncn[nH]2)=C[C@@H](c2ccccc2)N1
decoy_2808,0.300519,0.331483,0.704576,0.761809,0.391161,0.396567,O=C(CCC1=c2ccccc2=NC1)OC[C@H]1CCCCO1
decoy_2809,0.397498,0.320279,0.752911,0.672035,0.446901,0.376812,O=C1NC(=S)S/C1=C/c1ccc(-c2ccccc2)o1
decoy_281,0.28596,0.396897,0.467862,0.882614,0.314316,0.420123,c1ccc2c3c([nH]c2c1)CCCC3
decoy_2810,0.37618,0.546438,0.680621,0.878748,0.443554,0.604794,O=C(CC[C@H]1CNC(=O)[C@@H]2CCC[N@H+]12)Nc1ccccc1
decoy_2811,0.371393,0.401596,0.714956,0.716589,0.469996,0.495494,O=C(/C=C/c1ccccc1)NCC(=O)NC1CC[NH2+]CC1
decoy_2812,0.302575,0.420571,0.569038,0.737184,0.390907,0.500731,O=C(Nc1ccccc1)C(=O)N[C@H]1CC[N@H+]2CCCC[C@H]12
decoy_2813,0.315988,0.423085,0.592597,0.743081,0.401172,0.486793,O=C(Nc1ccccc1)C(=O)N[C@H]1CC[N@H+](C2CC2)CC1
decoy_2814,0.333241,0.393369,0.686859,0.803413,0.425142,0.499816,O=C(NCCCc1ccco1)NCCNc1ccccc1
decoy_2815,0.348637,0.402588,0.603498,0.652767,0.393582,0.421528,[O-]C(=CC1=NCSC1)NCCC1=c2ccccc2=NC1
decoy_2816,0.276963,0.397272,0.556091,0.715254,0.33263,0.440056,O=C(NNC(=S)N[C@H]1C[C@H]2C=C[C@@H]1C2)c1ccccc1
decoy_2817,0.426029,0.419434,0.882303,0.949363,0.549132,0.541152,NC1=CC[C@H]2C(=C1)CC[C@@H]1[C@H]3C[C@@H]4OCO[C@@H]4[C@H]3CC[C@@H]12
decoy_2818,0.38412,0.399267,0.711347,0.720175,0.477655,0.494,O=C(N[C@H]1CC[NH2+]C1)C1(Nc2ccccc2)CCCCC1
decoy_2819,0.339067,0.372542,0.751181,0.755128,0.445336,0.467608,O=C(NCCc1ccccc1)[C@H]1C[NH2+]CC12CC[NH2+]CC2
decoy_2819_2,0.355613,0.424142,0.690081,0.754779,0.442543,0.492603,O=C(NCCc1ccccc1)[C@H]1CNCC12CC[NH2+]CC2
decoy_282,0.292893,0.319146,0.58097,0.601767,0.377952,0.397551,C1CCC(N2CCSCC2)C1
decoy_2820,0.297886,0.445994,0.604183,0.809498,0.375413,0.512461,O=C(NCCc1ccccc1)N[C@H]1CC[N@H+](C2CC2)CC1
decoy_2821,0.418746,0.465461,0.742145,0.814966,0.505641,0.537071,c1nc(NC2CC[NH2+]CC2)cc(N2C[C@H]3CCC[C@@H]2C3)n1
decoy_2822,0.297159,0.414262,0.665788,0.840195,0.385334,0.491023,c1cnc(N2CC[NH+](C[C@H]3C[N@H+]4CC[C@@H]3CC4)CC2)nc1
decoy_2823,0.263041,0.347233,0.624158,0.74262,0.3463,0.436799,c1cc2ncc(C[NH2+]CCCC[NH+]3CCCCC3)cn2n1
decoy_2824,0.260062,0.314831,0.510749,0.570169,0.318189,0.378774,O=c1ccc2cc3c(c(O[C@@H]4CCCCO4)c2o1)OCC3
decoy_2825,0.273711,0.324561,0.550003,0.588779,0.343763,0.390981,O=c1ccc2cc3c(cc2o1)OC[C@@H]3O[C@H]1CCCCO1
decoy_2826,0.291713,0.347425,0.590459,0.660983,0.373532,0.417732,O=C(COc1ccccc1)NCCCOc1ncncn1
decoy_2827,0.355468,0.483341,0.640662,0.768858,0.416325,0.538954,O=C(NCCc1ccco1)NNC(=O)Nc1ccccc1
decoy_2828,0.388142,0.427723,0.702495,0.754959,0.467599,0.479889,c1ccc(Oc2cccc(-c3ncnc4n[nH]cc34)c2)cc1
decoy_2829,0.278753,0.348409,0.52413,0.60992,0.328875,0.384221,O=c1[nH]c2cnc(-c3ccccc3)nc2n1-c1ccccc1
decoy_283,0.498951,0.43756,0.795044,0.800235,0.537711,0.506514,O=C1NC=N/C1=C/c1ccccc1
decoy_2830,0.275359,0.350977,0.519627,0.600821,0.312963,0.391539,C(=N/N=C1/N[C@H]2N=c3ccccc3=C2N=[NH+]1)\c1ccccc1
decoy_2831,0.240096,0.300701,0.431775,0.500231,0.28352,0.344762,C(=N/NC1=N[C@@H]2N=c3ccccc3=C2N=[NH+]1)\c1ccccc1
decoy_2832,0.239517,0.307776,0.485331,0.575601,0.29244,0.342053,O=C(c1ccns1)N(Cc1ccco1)Cc1ccco1
decoy_2833,0.413917,0.475827,0.694937,0.747714,0.464534,0.503121,O=C1NC=C(C(=O)CSC2N=c3ccccc3=N2)CN1
decoy_2834,0.401355,0.523979,0.667378,0.773812,0.447895,0.547437,O=C1NC=[NH+]C/C1=C(\[O-])CSc1nc2ccccc2[nH]1
decoy_2835,0.230542,0.311604,0.420548,0.499005,0.275931,0.349216,O=S(=O)(/N=C/[N-]/N=C/c1ccccn1)c1ccccc1
decoy_2836,0.398523,0.465122,0.677856,0.774022,0.459812,0.518053,c1nc(Sc2c[nH]cn2)c2ncn([C@@H]3CCCO3)c2n1
decoy_2837,0.416904,0.491558,0.704858,0.743781,0.483401,0.531152,O=c1ccnc(NCCNc2ncnc3sccc23)[nH]1
decoy_2838,0.315138,0.340312,0.872239,0.929063,0.407339,0.431274,O=c1ccc2cc(CCCO[C@@H]3CCCCO3)ccc2o1
decoy_2839,0.230081,0.272201,0.491915,0.53471,0.300749,0.331069,O=c1ccc2ccc(OCCC[C@H]3CCCCO3)cc2o1
decoy_284,0.574527,0.459561,0.853323,0.814595,0.583938,0.510385,O=c1cc(-c2ccccc2)nc[nH]1
decoy_2840,0.314285,0.352821,0.647455,0.648309,0.403557,0.429143,O=c1cc(NCC[NH2+]CCCc2ccccc2)[nH]c(=O)[nH]1
decoy_2841,0.346423,0.448157,0.648043,0.74439,0.406605,0.492025,Oc1c(NC[NH2+][C@@H]2CCCCO2)cnn1-c1ccccc1
decoy_2842,0.308342,0.426186,0.591176,0.721054,0.376177,0.472744,O=C(C[NH+]1CCCCC1)Nc1ncc2c(n1)CCCC2=O
decoy_2843,0.273025,0.412553,0.54371,0.762571,0.326828,0.464704,O=C(NCCCOc1ccccc1)NCCn1cc[nH+]c1
decoy_2844,0.307152,0.363601,0.61244,0.689132,0.3904,0.418784,c1ccc2c(c1)=NCC=2CCNc1ncnc2ccccc12
decoy_2845,0.296848,0.438846,0.598983,0.846618,0.385521,0.524587,c1ccc2c(c1)=NCC=2CCNc1ncc2ccccc2n1
decoy_2846,0.394853,0.390085,0.72158,0.682002,0.465046,0.463128,c1ncc2nc(NC3CC[NH2+]CC3)n([C@@H]3CCCO3)c2n1
decoy_2847,0.375844,0.451449,0.678611,0.744405,0.441928,0.502376,c1nc(NC2CC[NH2+]CC2)c2ncn([C@@H]3CCCO3)c2n1
decoy_2848,0.309006,0.41736,0.611272,0.728481,0.384251,0.476861,O=C(Cc1cnc2ncnn2c1)NCC[NH+]1CCCCC1
decoy_2849,0.290078,0.412572,0.477199,0.655386,0.341726,0.438553,O=C1N/C(=N\c2nncs2)S/C1=C/c1ccccc1
decoy_285,0.57074,0.449914,0.85607,0.814252,0.568874,0.503768,O=c1ccc(-c2ccccc2)n[nH]1
decoy_2850,0.298259,0.426888,0.595142,0.809093,0.399028,0.506058,O=C(CCCNC(=O)c1cccs1)Nc1ccccc1
decoy_2851,0.418693,0.42278,0.79177,0.866975,0.515175,0.512035,O=C(NCc1ccccc1)Nc1cc2c(s1)COCC2
decoy_2852,0.297787,0.356044,0.612045,0.734436,0.365131,0.431989,O=C(NCCc1ccccc1)C(=O)NCc1ccsc1
decoy_2853,0.336172,0.359792,0.684246,0.735799,0.438691,0.457638,O=C(NCCCc1ccccc1)C(=O)Nc1cccs1
decoy_2854,0.388027,0.432665,0.734708,0.801641,0.489973,0.531371,O=C(NC1CCCC1)C1(Oc2ccccc2)CC[NH2+]CC1
decoy_2855,0.412233,0.338051,0.697839,0.62954,0.445651,0.381439,[O-]C(/C=C/c1ccccc1)=N\C(=S)Nc1cccs1
decoy_2856,0.401772,0.484254,0.703954,0.789116,0.527286,0.583181,O=C(CCCOc1ccccc1)Nc1c[nH]c(=O)[nH]c1=O
decoy_2857,0.352022,0.396864,0.598401,0.632372,0.369022,0.43929,O=C1Nc2ccccc2[C@@]12NC=Nc1[nH+]c3ccccc3n12
decoy_2858,0.274093,0.366535,0.457247,0.576986,0.299211,0.38598,O=C1Nc2ccccc2[C@]12NC=Nc1[nH+]c3ccccc3n12
decoy_2859,0.373918,0.386627,0.613486,0.594999,0.399127,0.420088,O=c1[nH]c2ccc(S(=O)(=O)Nc3ccccc3)cc2[nH]1
decoy_286,0.493922,0.392981,0.722247,0.678188,0.492387,0.431776,O=c1ccnc(-c2ccccc2)[nH]1
decoy_2860,0.335152,0.417972,0.618344,0.663838,0.368337,0.454252,O=C(NNC(=S)/N=C(\[O-])c1ccccc1)c1ccn[nH]1
decoy_2861,0.297497,0.34229,0.520308,0.543543,0.33358,0.372849,O=S(=O)(/N=C/[N-]/N=C/c1cnccn1)c1ccccc1
decoy_2862,0.31261,0.350587,0.654462,0.703341,0.360272,0.390918,O=C1C=C(C(=O)/C=C/c2ccccc2)[C@@H](c2ccccc2)N1
decoy_2863,0.311085,0.407388,0.584133,0.694807,0.371626,0.44064,O=C(C[NH+]1CCCCC1)Nc1ccc2c(c1)NC(=O)CO2
decoy_2864,0.367272,0.456654,0.708541,0.754094,0.429382,0.502816,O=C(C[N@H+]1CCCNCC1)Nc1ccc2[nH]c(=O)[nH]c2c1
decoy_2865,0.314211,0.432315,0.482575,0.653371,0.331636,0.428725,O=C1NC(=S)S/C1=C/c1cnc2ccccn2c1=O
decoy_2866,0.235959,0.36008,0.45612,0.670137,0.289612,0.404992,O=C(Cc1ccccc1)NCS(=O)(=O)c1ccccc1
decoy_2867,0.388834,0.382534,0.762855,0.775626,0.464678,0.455465,O=C(COC(=O)CCc1ccccc1)Nc1cccs1
decoy_2868,0.257582,0.356534,0.526076,0.688021,0.357367,0.459574,O=C(CCC(=O)Nc1nccs1)NCc1ccccc1
decoy_2869,0.361429,0.440445,0.665242,0.75814,0.464609,0.53314,O=C(CNCC(=O)Nc1cccs1)Nc1ccccc1
decoy_287,0.476811,0.377015,0.697561,0.654881,0.535882,0.455499,c1ccc(Nc2ncncn2)cc1
decoy_2870,0.322792,0.404017,0.61053,0.737028,0.416148,0.490433,O=C(NCCc1ccccc1)NNC(=O)c1cccs1
decoy_2871,0.339642,0.378867,0.629805,0.693148,0.41012,0.447547,O=C(NCCc1cccs1)NNC(=O)c1ccccc1
decoy_2872,0.378147,0.45383,0.694564,0.742107,0.441484,0.492897,O=C(C[C@H]1NNCS1)N/N=C/C1=c2ccccc2=NC1
decoy_2873,0.345007,0.412675,0.658638,0.780787,0.455391,0.52436,O=C(Cc1ccccc1)NNC(=O)NCC1CCCCC1
decoy_2874,0.334091,0.367668,0.667716,0.673982,0.42516,0.442547,O=C(CCCNC(=O)c1ccccc1)NC1CC[NH2+]CC1
decoy_2875,0.306287,0.462703,0.602868,0.816401,0.393013,0.53635,O=C(NC[C@@H]1OCC[C@H]1[NH+]1CCCC1)Nc1ccccc1
decoy_2876,0.309224,0.417594,0.59438,0.74681,0.390423,0.483582,O=C(NCCC[NH+]1CCCCC1)C(=O)Nc1ccccc1
decoy_2877,0.33703,0.453922,0.638984,0.790382,0.415,0.522435,O=C(NCCCN/C=[NH+]/C[C@H]1CCCO1)c1ccccc1
decoy_2878,0.297767,0.416008,0.576569,0.749664,0.383824,0.480125,O=C(NCC[NH+]1CCCCCC1)C(=O)Nc1ccccc1
decoy_2879,0.288718,0.423109,0.560282,0.714173,0.360065,0.479326,O=C(NCC1CCCCC1)NN[C@H]1CCS(=O)(=O)C1
decoy_288,0.466171,0.375335,0.677084,0.647944,0.521804,0.448805,c1ccc(Nc2ccncn2)nc1
decoy_2880,0.289825,0.422994,0.567172,0.766715,0.371315,0.491073,O=C(C[C@H]1CSCN1)NCCc1c[nH]c2ccccc12
decoy_2881,0.383976,0.333912,0.889406,0.862008,0.440001,0.426133,C1=CC2(SC=CS2)C2=C(CNc3ccccc32)S1
decoy_2882,0.315924,0.411778,0.61246,0.78041,0.395251,0.498696,c1cc2cc(CNCCC[NH+]3CCCCC3)cnc2s1
decoy_2883,0.39747,0.485679,0.658661,0.715326,0.455851,0.506064,NC(C(=O)Nc1ccccc1)=C1C(=O)NC(=S)NC1=O
decoy_2884,0.258281,0.313343,0.554206,0.614384,0.34887,0.394832,O=C1C=C[C@]2(C=C[C@H]3C=CO[C@@H](O[C@H]4CCCCO4)[C@H]32)O1
decoy_2885,0.327443,0.460272,0.648279,0.767859,0.428764,0.55774,O=C(NCCc1ccccc1)NNC(=O)C(=O)NC1CC1
decoy_2886,0.340626,0.363823,0.653507,0.688028,0.394163,0.406562,c1ccc(-c2ccc(C(c3cn[nH]c3)c3cn[nH]c3)o2)cc1
decoy_2887,0.296319,0.46733,0.529407,0.764424,0.36823,0.528741,O=C(CNS(=O)(=O)c1ccccc1)Nc1ccccc1
decoy_2888,0.343131,0.423986,0.649988,0.795015,0.428136,0.517067,O=C(COC(=O)c1ccc[nH]1)Nc1cc2c(s1)CCC2
decoy_2889,0.346628,0.30778,0.665634,0.61235,0.433349,0.392209,O=C(COC(=O)c1cscn1)NCCc1ccccc1
decoy_289,0.392717,0.525649,0.587396,0.833484,0.395459,0.530416,c1cncc(Nc2ccncn2)c1
decoy_2890,0.356484,0.467343,0.640502,0.746854,0.408508,0.488263,O=c1cc(CS[C@@H]2NN[C@@H](c3ccncc3)N2)nc[nH]1
decoy_2891,0.206101,0.259772,0.496714,0.586586,0.282592,0.336497,O=C(/C=C/c1ccccc1)OCCCO[C@@H]1CCCCO1
decoy_2892,0.362033,0.385824,0.751916,0.807785,0.422482,0.45992,O=C1CN(Cc2ccccc2OC[C@H]2CCCO2)CCN1
decoy_2893,0.353338,0.365255,0.754974,0.791329,0.429323,0.43921,O=C1CN(Cc2cccc(OC[C@H]3CCCO3)c2)CCN1
decoy_2894,0.353896,0.389131,0.748631,0.827727,0.466028,0.489212,O=C1CN(Cc2ccc(OC[C@H]3CCCO3)cc2)CCN1
decoy_2895,0.332957,0.376275,0.717165,0.811961,0.444979,0.487526,O=C(N/N=C/CCCO[C@@H]1CCCCO1)c1ccccc1
decoy_2896,0.327246,0.423186,0.534474,0.645959,0.367775,0.428438,O=S1(=O)CCC(NS(=O)(=O)c2cccnc2)CC1
decoy_2897,0.330978,0.387299,0.682132,0.810031,0.428109,0.487902,O=C(/C=C/c1ccccc1)NCCc1c[nH]c2ccccc12
decoy_2898,0.377258,0.530172,0.709279,0.902721,0.483802,0.609957,O=C(Nc1ccccc1N1CC[NH2+]CC1)N1CCOCC1
decoy_2899,0.311277,0.430598,0.641805,0.740061,0.411996,0.514246,O=C(NCCNC(=O)c1ccccc1)NC1CC[NH2+]CC1
decoy_29,0.287748,0.26839,0.56536,0.585664,0.37064,0.370996,c1cc2c(o1)CCCC2
decoy_290,0.290787,0.360925,0.491768,0.599791,0.327223,0.418642,C1CC[C@@H](O[C@H]2CCCO2)OC1
decoy_2900,0.408601,0.406331,0.720342,0.718912,0.477039,0.458963,c1ccc(-c2nc(N3CC[NH2+]CC3)nc3ccccc23)cc1
decoy_2901,0.342168,0.436047,0.641826,0.785377,0.42234,0.492749,c1c[nH]c(Cc2ccc(Cc3ccc(-c4ccc[nH]4)[nH]3)[nH]2)c1
decoy_2902,0.294406,0.42987,0.530761,0.729098,0.346557,0.472542,O=C(CSc1nncs1)Cc1nc2ccccc2[nH]1
decoy_2903,0.256816,0.307366,0.550402,0.603916,0.32828,0.37783,O=c1c2c3c(sc2ncn1C[C@H]1CCCO1)CCCC3
decoy_2904,0.236863,0.335941,0.479311,0.608091,0.292812,0.38773,O=S(=O)(NCC[NH2+]Cc1ccccc1)c1ccccc1
decoy_2905,0.363124,0.434408,0.679653,0.73454,0.425852,0.478164,O=C1NCC[N@@H+]2C[C@@H](NC(=S)Nc3ccccc3)C[C@@H]12
decoy_2906,0.396073,0.462421,0.682399,0.756885,0.463613,0.518609,O=c1[nH]c(N2CC[NH2+]CC2)nc2sc3c(c12)CCCC3
decoy_2907,0.273055,0.36593,0.519291,0.635909,0.342867,0.424552,[O-]/C(C[NH+]1CCCCC1)=N\c1nc(-c2cc[nH]c2)cs1
decoy_2908,0.322397,0.464694,0.666751,0.864877,0.420827,0.544417,c1ccc(C[NH2+][C@H]2CCO[C@H]2CNC2CCOCC2)cc1
decoy_2909,0.267215,0.350212,0.652674,0.803709,0.343896,0.425922,c1cc2c(cc1C[NH2+]CCC[NH+]1CCCCC1)OCCO2
decoy_291,0.291956,0.352309,0.502699,0.598573,0.331513,0.386922,C1CC[C@@H](O[C@H]2CCOC2)OC1
decoy_2910,0.351968,0.356127,0.615238,0.610291,0.399561,0.401311,O=c1[nH]cc(S(=O)(=O)NCC2CCCCCC2)s1
decoy_2911,0.243415,0.278777,0.48218,0.504746,0.296955,0.317593,c1ccc([C@@]23CN4C[N@@H+](C2)C[C@](c2ccccc2)(C4)C3)cc1
decoy_2912,0.367402,0.375837,0.818716,0.867367,0.441187,0.437999,c1ccc(CC[NH2+]Cc2ccn(Cc3ccccc3)c2)cc1
decoy_2913,0.236982,0.29424,0.529389,0.618922,0.330173,0.39386,NC1=C2CCC[C@H]1[C@@H](c1ccccc1)N[C@H]2c1ccccc1
decoy_2914,0.342926,0.484377,0.66364,0.841346,0.429518,0.555666,O=C(NC[C@H]1CCCN(Cc2[nH]cc[nH+]2)C1)C1CCCC1
decoy_2915,0.300586,0.3755,0.599559,0.696629,0.401412,0.440663,O=C(NCCC[NH+]1CCCCC1)c1n[nH]c2c1CCCC2
decoy_2916,0.315201,0.330754,0.641096,0.649113,0.403346,0.420563,O=C(CSc1ccccn1)Nc1cc2c(s1)CCC2
decoy_2917,0.365256,0.505342,0.637735,0.820781,0.439624,0.55546,O=C(/C=C/c1cccs1)Nc1cc2c(s1)C[NH2+]CC2
decoy_2918,0.234156,0.376632,0.502672,0.790224,0.296416,0.425206,O=C(C[C@@H]1c2ncsc2C[C@@H]2CCCC[C@@H]21)NC1CC1
decoy_2919,0.26873,0.341592,0.554005,0.647875,0.327452,0.405376,O=C(COC(=O)c1ccccn1)NC(=O)NC1CCCC1
decoy_292,0.294101,0.351925,0.518088,0.604743,0.331626,0.423343,C1COC[C@@H](O[C@H]2CCCO2)C1
decoy_2920,0.333775,0.444863,0.587393,0.735054,0.37381,0.477286,[NH2+]=c1oc2ccccc2cc1C(=O)N/N=C/c1ccccc1
decoy_2921,0.258952,0.384608,0.480884,0.677458,0.314328,0.432863,O=c1c([C@H]2N=C(c3ccccc3)NO2)c[nH]c2ccccc12
decoy_2922,0.451912,0.477485,0.733179,0.751389,0.510774,0.525739,[NH2+]=C(N/N=C/c1ccccc1)c1c[n+]([O-])c2ccccc2n1
decoy_2923,0.27257,0.368569,0.508602,0.597253,0.306833,0.390379,O=C1Nc2ccccc2[C@]12NC(Nc1ccccc1)=NC=[NH+]2
decoy_2924,0.345766,0.466278,0.628209,0.788332,0.399209,0.509673,O=C(CSCC(=O)Nc1ccon1)Nc1ccccc1
decoy_2925,0.333296,0.416348,0.614131,0.684311,0.381041,0.462699,O=C(CSc1nc[nH]n1)NCC(=O)Nc1ccccc1
decoy_2926,0.219492,0.274162,0.498874,0.581779,0.28312,0.323845,O=C(c1ccccc1)N(Cc1ccccc1)Cc1ccco1
decoy_2927,0.214738,0.309435,0.478583,0.725789,0.280582,0.37011,O=C(NCc1ccco1)C(c1ccccc1)c1ccccc1
decoy_2928,0.288063,0.355331,0.601694,0.689677,0.367791,0.429726,NC1=CCCc2oc(C(=O)NCCN3CCOCC3)cc21
decoy_2929,0.305671,0.385842,0.617923,0.750178,0.40359,0.477743,O=C(COc1ccccc1)NNC(=O)NC1CCCCC1
decoy_293,0.45923,0.551161,0.694976,0.827233,0.48584,0.549641,c1ccc2c3c([nH]c2c1)C[NH2+]CC3
decoy_2930,0.359011,0.435526,0.668612,0.758129,0.443121,0.519685,O=C(NC[C@H]1COc2ccccc2O1)NC1CC[NH2+]CC1
decoy_2931,0.316976,0.417459,0.595701,0.736869,0.405319,0.497449,O=C(NCCC[NH+]1CCOCC1)C(=O)Nc1ccccc1
decoy_2932,0.295674,0.433301,0.62309,0.88277,0.366474,0.477153,O=C1c2ccccc2NCN1CCC1=c2ccccc2=NC1
decoy_2933,0.362575,0.416987,0.683318,0.74182,0.425384,0.451653,O=C1NCNc2c1[nH+]c(N1CCCCC1)n2[C@@H]1CCCO1
decoy_2934,0.317252,0.408019,0.59849,0.719382,0.375979,0.453982,O=c1[nH]cnc2c1N[C@H]([NH+]1CCCCC1)N2[C@H]1CCCO1
decoy_2935,0.27805,0.39663,0.57767,0.745229,0.347762,0.471341,c1ccc(CNCc2ncnc(Nc3ccccc3)n2)cc1
decoy_2936,0.361022,0.431157,0.623498,0.678074,0.405007,0.455524,O=C(CSc1nc[nH]n1)Nc1ccc2ncsc2c1
decoy_2937,0.366266,0.452009,0.641855,0.732767,0.443963,0.525999,O=C(CSC1N=c2ccccc2=N1)Nc1nncs1
decoy_2938,0.271302,0.31927,0.538478,0.672923,0.311278,0.361381,C=C1C(=O)/C(=C/c2ccccc2)S/C1=N\c1ccccc1
decoy_2939,0.369727,0.458538,0.681333,0.753308,0.448572,0.508283,O=C1CSc2ccc(C(=O)NC3CC[NH2+]CC3)cc2N1
decoy_294,0.512265,0.433266,0.754688,0.67944,0.512252,0.462799,c1ccc2c(c1)=N[C@H]1C[NH2+]CCC=21
decoy_2940,0.25567,0.31647,0.503723,0.578019,0.347427,0.39587,S=c1[nH]c(COc2ccccc2)nn1[C@@H]1CCCCO1
decoy_2941,0.351764,0.379941,0.729029,0.770741,0.463899,0.477034,O=C(CCC[NH2+]CCc1ccccc1)O[C@@H]1CCCCO1
decoy_2942,0.421228,0.489586,0.782458,0.885225,0.531988,0.571572,c1c[nH]c(C[NH2+][C@H]2C[C@@H](N3CCCCC3)[C@H]3OC[C@@H]2O3)c1
decoy_2943,0.318991,0.425617,0.618335,0.802467,0.408001,0.500858,O=C(NCCC[NH+]1CCCCC1)c1noc2c1CCCC2
decoy_2944,0.295795,0.34119,0.617712,0.689276,0.391488,0.429152,C1=C(CSc2n[nH]c(/C=C/c3ccco3)n2)CCS1
decoy_2945,0.305542,0.403917,0.576837,0.720587,0.344875,0.415542,O=C(CSC1N=c2ccccc2=N1)N[C@@H]1CC=CS1
decoy_2946,0.305655,0.346274,0.654567,0.659209,0.391933,0.422992,O=C(NCCCn1ccnc1)[C@H]1C[NH2+]CC12CCNCC2
decoy_2947,0.414343,0.490164,0.697335,0.814409,0.489499,0.54943,O=C(NCNC(=S)Nc1ccccc1)c1cccs1
decoy_2948,0.317919,0.370702,0.645798,0.708374,0.443052,0.483898,O=C(CCc1ccccc1)NNC(=S)NC1CCCC1
decoy_2949,0.368591,0.454212,0.677063,0.770665,0.447657,0.527783,O=C(NC1CC[NH2+]CC1)N[C@H]1CCSc2ccccc21
decoy_295,0.318472,0.428633,0.505443,0.773224,0.344186,0.479267,C1=C2Nc3ccccc3CN2CC1
decoy_2950,0.290453,0.311175,0.560162,0.583227,0.320456,0.340171,c1ccc2c(c1)CC[N@H+](CCCSc1nncs1)C2
decoy_2951,0.267469,0.289214,0.448718,0.441522,0.303807,0.325375,O=C1N=C([O-])/C(=C/c2ccccc2)C(=O)N1c1ccccc1
decoy_2952,0.347653,0.369585,0.619033,0.619502,0.38779,0.40464,O=c1ccoc2c1[N-]C=C[C@H]2c1conc1-c1ccccc1
decoy_2953,0.344005,0.409986,0.653666,0.782074,0.402708,0.451765,O=c1[nH]cnc2c1[C@H](c1ccc(-c3ccccc3)o1)C=CO2
decoy_2954,0.249829,0.353652,0.475456,0.637305,0.304587,0.430801,O=C(N/N=C/c1cc2ccccc2oc1=O)c1ccccc1
decoy_2955,0.265119,0.360726,0.511092,0.634483,0.331775,0.414049,O=C(N/N=C/[C@@H]1N=c2ccccc2=NC1=O)c1ccccc1
decoy_2956,0.289512,0.423041,0.544858,0.719672,0.357385,0.479458,O=C(NNC(=O)c1cnc2ccccc2c1)c1cccnc1
decoy_2957,0.309354,0.351871,0.603863,0.63982,0.356577,0.401093,O=C(COC(=O)c1cnoc1)Nc1cc2c(s1)CCC2
decoy_2958,0.288242,0.333159,0.80474,0.896254,0.36713,0.397211,O=C(O[C@@H]1CC[C@@H](O[C@H]2CCCO2)CO1)c1ccccc1
decoy_2959,0.270196,0.340751,0.470953,0.531239,0.306269,0.370328,C=C1c2ccccc2C([O-])=C2C(=O)[C@@H]3C=CC(=O)C[C@@H]3C[C@H]12
decoy_296,0.382724,0.463718,0.678878,0.875647,0.441987,0.507181,C(=C/c1ccc[nH]1)\Cc1ccc[nH]1
decoy_2960,0.343445,0.391048,0.622429,0.668646,0.389056,0.417794,C=C1C(=O)C[C@H]2C[C@H]3Cc4ccccc4C=C3C([O-])=C2C1=O
decoy_2961,0.325093,0.365422,0.683215,0.744689,0.405822,0.444815,C=C1C(=O)C[C@@H]2C[C@H]3Cc4ccccc4C(=O)C3=C[C@@H]2C1=O
decoy_2962,0.367491,0.384516,0.691015,0.754014,0.477875,0.485224,[H]/N=C(/CC(=O)/C=C/c1ccccc1)C(=O)Nc1ccccc1
decoy_2963,0.409761,0.47509,0.705198,0.803183,0.47249,0.53407,O=C1c2ccccc2C(=O)c2cc(N3CC[NH2+]CC3)ccc21
decoy_2964,0.386667,0.344662,0.685994,0.635125,0.456707,0.40768,O=C1[C@H]2[C@H](C[NH2+][C@H]2c2ccccc2)C(=O)N1c1ccccc1
decoy_2965,0.317294,0.360975,0.661507,0.717029,0.375372,0.411721,O=C1Nc2ccc(-c3ccccc3)cc2C(=O)N2CCC[C@@H]12
decoy_2966,0.233079,0.294984,0.493114,0.617096,0.286735,0.354201,O=C(c1cccnc1)N(Cc1ccccc1)Cc1ccco1
decoy_2967,0.302953,0.392082,0.593174,0.736877,0.390189,0.464981,O=C(NCCc1ccccc1)c1cc(=O)[nH]c2ccccc12
decoy_2968,0.320067,0.455978,0.651632,0.768289,0.415053,0.53916,O=C(COc1ccccc1)NNC(=O)NC1CC[NH2+]CC1
decoy_2969,0.324628,0.447846,0.590181,0.743484,0.396302,0.504851,O=C(Nc1ccccc1)c1cccc(NCc2c[nH]c[nH+]2)c1
decoy_297,0.298848,0.387509,0.486823,0.62968,0.328524,0.422115,c1ccc(CCn2cccn2)cc1
decoy_2970,0.277454,0.388639,0.539055,0.675931,0.326605,0.447311,[H]/N=C1/C=CC2=N[C@@H](CC[C@@H]3N=C4C=C/C(=N/[H])C=C4N3)NC2=C1
decoy_2971,0.246247,0.312137,0.522454,0.610485,0.305432,0.362759,O=C(c1ccns1)N(Cc1ccco1)C[C@H]1CCCO1
decoy_2972,0.330348,0.319978,0.597501,0.587081,0.37482,0.363356,O=C1C[C@@H](c2ccccc2)C2=c3ncccc3=CSC2=[NH+]1
decoy_2973,0.407309,0.470699,0.691231,0.759363,0.459952,0.509337,O=c1[nH]c(N2CC[NH2+]CC2)nc2sc3c(c12)CCOC3
decoy_2974,0.237036,0.366717,0.468406,0.658432,0.30229,0.41052,O=C(CNC1(c2ncon2)CCCC1)Nc1cccs1
decoy_2975,0.228682,0.27939,0.522581,0.597553,0.300169,0.372748,c1ccc(CO[C@H]2OCCC[C@H]2O[C@H]2CCCCO2)cc1
decoy_2976,0.222488,0.269059,0.539587,0.614193,0.319347,0.369265,c1ccc(O[C@@H]2CCC[C@@H](CO[C@H]3CCCCO3)O2)cc1
decoy_2977,0.227249,0.275989,0.52912,0.587769,0.311223,0.34987,c1ccc(CCO[C@H]2OCCC[C@H]2O[C@H]2CCCO2)cc1
decoy_2977_2,0.217418,0.268985,0.55192,0.621717,0.319944,0.366155,c1ccc(CCO[C@H]2OCCC[C@H]2O[C@H]2CCCO2)cc1
decoy_2978,0.32697,0.442041,0.664887,0.889025,0.413349,0.51969,c1coc(CN[C@H]2C[C@@H]([NH+]3CCCCC3)[C@H]3OC[C@@H]2O3)c1
decoy_2979,0.436798,0.400095,0.813337,0.801794,0.515986,0.470223,c1ccc(NCC[NH2+]Cc2ccc(-c3ccccc3)o2)cc1
decoy_298,0.4068,0.373356,0.700007,0.676364,0.42389,0.410093,O=S1(=O)C[C@H]2CC=CC[C@@H]2C1
decoy_2980,0.335023,0.362072,0.71958,0.793261,0.413047,0.434603,O=C(CCc1ccccc1)NCCC1=c2ccccc2=NC1
decoy_2981,0.233846,0.348229,0.406748,0.580557,0.2752,0.364426,[O-]/C(COc1ccccc1)=N\C(=S)Nc1cccs1
decoy_2982,0.278467,0.40106,0.58813,0.728598,0.354836,0.460916,O=C(NCCC[NH+]1CCCCC1)NCc1ccc[nH]c1=O
decoy_2983,0.313576,0.396287,0.617591,0.764163,0.384654,0.452161,c1ccc(N2CC[NH+](Cc3c[nH]c4ccccc34)CC2)nc1
decoy_2984,0.483421,0.393956,0.916623,0.721094,0.613904,0.522379,c1ccc([C@H]2C[NH2+][C@H](NCc3c[nH]c4ccccc34)[NH2+]2)cc1
decoy_2985,0.271758,0.366443,0.541327,0.666374,0.316546,0.411094,c1ccc2c(C[NH2+]Cc3ncc4c(n3)CCCC4)c[nH]c2c1
decoy_2986,0.384029,0.436026,0.681665,0.770872,0.48024,0.509632,c1ccc2c(c1)NC[C@@H]2C[NH2+]CCC1N=c2ccccc2=N1
decoy_2987,0.303244,0.424717,0.683365,0.813135,0.419546,0.527714,c1cc(N2CC[NH2+]CC2)nc(NCC[NH+]2CCOCC2)n1
decoy_2988,0.331256,0.417269,0.726009,0.858972,0.415681,0.513772,c1ccc(C[NH2+][C@H]2CC3(CC[NH2+]CC3)c3ccccc32)cc1
decoy_2989,0.339084,0.399009,0.703705,0.730555,0.434862,0.484492,O=C(N[C@H]1CN2CCC1CC2)[C@H]1CNCC12CC[NH2+]CC2
decoy_299,0.395078,0.354764,0.607086,0.840155,0.43447,0.39977,c1cnc2cc3c(cc2c1)OCO3
decoy_2990,0.323009,0.337088,0.647018,0.668887,0.383568,0.405975,O=C(CNCc1cccs1)Nc1cc2c(s1)CCC2
decoy_2991,0.270309,0.36584,0.574922,0.743614,0.341898,0.41968,c1ccc(C[NH2+]C[C@]2(N3CCOCC3)CCSC2)cc1
decoy_2992,0.290856,0.382343,0.594579,0.755649,0.359968,0.433039,O=C(CC[NH+]1CCCCC1)Nc1cc2c(s1)CCCC2
decoy_2993,0.39883,0.352542,0.797952,0.754999,0.492391,0.456542,O=C(C[C@H]1CC[C@@H]2CCCC[C@H]2C1)NCC[NH+]1CCCC1
decoy_2993_2,0.352156,0.333018,0.757611,0.739434,0.464334,0.439124,O=C(C[C@H]1CC[C@@H]2CCCC[C@H]2C1)NCC[NH+]1CCCC1
decoy_2994,0.238911,0.343373,0.509612,0.740377,0.30715,0.403018,O=C1OC(c2ccccc2)=N/C1=C/c1ccc2c(c1)OCO2
decoy_2995,0.357506,0.386964,0.67948,0.720456,0.475494,0.494418,c1ccc(COc2cc3[nH]c(-c4cnon4)nc3cn2)cc1
decoy_2996,0.429921,0.376472,0.710536,0.65402,0.484504,0.424372,O=C1[C@H]2[C@H](C[NH2+][C@H]2c2ccccn2)C(=O)N1c1ccccc1
decoy_2997,0.411505,0.490294,0.727667,0.853165,0.528591,0.584695,O=C1NC=C(C(=O)Nc2ccccc2)[C@H](c2ccccc2)N1
decoy_2998,0.397365,0.404171,0.687791,0.722766,0.4716,0.464587,O=C(CC1=c2ccccc2=NC1)NNC(=O)c1ccccc1
decoy_2999,0.284871,0.380185,0.552264,0.705269,0.347257,0.423208,O=C(CN1C(=O)C=CNc2ccccc21)Nc1ccccc1
decoy_3,0.293524,0.243984,0.589676,0.576626,0.376816,0.34572,C=c1ccccc1=C
decoy_30,0.378189,0.338122,0.854099,0.861423,0.402414,0.386544,c1cnn(CC2CC2)c1
decoy_300,0.294543,0.382388,0.504389,0.612334,0.359061,0.423541,c1ccc(NCc2ccco2)cc1
decoy_3000,0.286181,0.417647,0.542661,0.730492,0.343279,0.475602,O=C(NCc1cc2ccccc2[nH]c1=O)Nc1ccccc1
decoy_3001,0.390671,0.446314,0.696963,0.776437,0.471593,0.509946,O=C1c2nccnc2NCN1CCC1=c2ccccc2=NC1
decoy_3002,0.362624,0.404073,0.674031,0.742571,0.484706,0.496005,O=C(Cn1c(=O)[nH]c(=O)c2ccsc21)N1CCCCC1
decoy_3003,0.364092,0.48565,0.677677,0.754593,0.42165,0.542153,O=C(NCC[NH2+]Cc1cn[nH]c1)C(=O)Nc1cccs1
decoy_3004,0.352472,0.352278,0.806139,0.842916,0.447561,0.44527,c1coc(COCCC[NH2+]CCCOCc2ccco2)c1
decoy_3005,0.379218,0.377195,0.815173,0.841634,0.428901,0.416309,C1=NC=[NH+][C@@H](CCCOc2ccccc2)N1c1ccccc1
decoy_3006,0.312351,0.362948,0.656119,0.72948,0.366782,0.422386,C1=NC=[NH+]CN1c1ccc(OCCCc2ccccc2)cc1
decoy_3007,0.246841,0.289122,0.555122,0.586898,0.309498,0.355549,O=C1Cc2c(ncc3cnccc23)N1CCC1=CCCCC1
decoy_3008,0.334645,0.350282,0.640548,0.650422,0.403025,0.4127,O=C1NC(C[NH2+]Cc2ccccc2)=C[C@@H](c2ccccc2)N1
decoy_3009,0.278279,0.402888,0.588587,0.802995,0.349829,0.456972,O=C(CCC1=c2ccccc2=NC1)NCCc1ccccn1
decoy_301,0.297829,0.418321,0.51216,0.917094,0.36982,0.474091,c1ccc(NCc2ccoc2)cc1
decoy_3010,0.210054,0.383183,0.491165,0.840883,0.2865,0.450426,O=C(NCCc1ccccc1)C1=NN(c2ccccc2)CC1
decoy_3011,0.457582,0.503157,0.74665,0.819447,0.518872,0.554356,O=C(NCC[NH2+]Cc1c[nH]c2ccccc12)c1ccccc1
decoy_3012,0.304521,0.352645,0.56085,0.610469,0.337287,0.386195,C=C(C(=O)N[C@H]1C(=O)N2C=CCS[C@@H]12)c1cscn1
decoy_3013,0.316781,0.388057,0.611726,0.721758,0.393968,0.459843,c1cc(N2CCOCC2)nc(NCC[NH+]2CCOCC2)n1
decoy_3014,0.266683,0.376426,0.483471,0.659178,0.297471,0.399932,[H]/N=C(/C(=O)N[C@H]1C(=O)N2C=CCS[C@@H]12)c1ccsc1
decoy_3015,0.267619,0.404705,0.583852,0.734698,0.355688,0.492543,O=C(NCCC[NH+]1CCCCC1)NNC(=O)c1ccc[nH]1
decoy_3016,0.31974,0.397919,0.586577,0.684188,0.392445,0.467373,c1ccc2c(c1)[nH]cc2[C@H]1CC[N@H+](Cc2ncncn2)CC1
decoy_3017,0.406377,0.46325,0.734663,0.791615,0.481197,0.514646,c1ccc(-c2ncn(C3CC[NH2+]CC3)c2-c2c[nH]cn2)cc1
decoy_3018,0.402161,0.464028,0.698201,0.765695,0.483022,0.522336,c1cc(NC2CC[NH2+]CC2)nc(-c2cnc3ccccn23)c1
decoy_3019,0.357583,0.439921,0.615372,0.709021,0.389426,0.479425,O=C1N/C(=C\Sc2nc[nH]n2)C[C@@H](c2cccs2)N1
decoy_302,0.499234,0.421262,0.733991,0.67958,0.480224,0.427095,c1ccc(NCc2c[nH+]c[nH]2)cc1
decoy_3020,0.364946,0.444703,0.616348,0.692913,0.410299,0.464502,O=C(CSc1nc[nH]n1)N[C@H]1Nc2ccccc2S1
decoy_3021,0.266121,0.339603,0.541639,0.661761,0.333522,0.400986,O=C(CSc1ccccn1)NC(=O)NC1CCCCC1
decoy_3022,0.26911,0.400393,0.549902,0.725037,0.352762,0.477395,O=C(C[NH+]1CCCCC1)NC(=O)NC[C@H]1C[C@@H]2CC[C@H]1C2
decoy_3023,0.390299,0.458634,0.684099,0.793304,0.465821,0.514732,O=C(C[N@@H+]1CCCNCC1)Nc1cc2c(s1)CCCC2
decoy_3024,0.362318,0.384549,0.698626,0.744425,0.453627,0.470851,O=C1[C@H]2[C@H](ON[C@@H]2c2ccccc2)C(=O)N1c1ccccc1
decoy_3025,0.288359,0.337937,0.563953,0.637856,0.346773,0.413999,O=C(CN1C(=O)N[C@H](c2ccccc2)C1=O)c1ccccc1
decoy_3026,0.257668,0.335891,0.55771,0.706881,0.352831,0.43399,O=C(NCc1cc2ccccc2o1)C(=O)Nc1ccccc1
decoy_3027,0.276752,0.391375,0.54128,0.698849,0.367149,0.488081,O=C(CNC(=O)c1ccccc1)NC1N=c2ccccc2=N1
decoy_3028,0.290262,0.414044,0.556888,0.703297,0.349028,0.465358,O=C(NCc1nc2ccccc2c(=O)[nH]1)Nc1ccccc1
decoy_3029,0.294666,0.405801,0.586385,0.721563,0.377478,0.482028,O=C(N/N=C/c1ccccc1)C(=O)N/N=C/c1ccccc1
decoy_303,0.278374,0.310256,0.457701,0.530629,0.319107,0.369465,C1O[C@H]2OC[C@H]3OCO[C@H]3[C@H]2O1
decoy_3030,0.280661,0.417366,0.525602,0.701762,0.366374,0.497591,O=C(NNC(=O)[C@@H]1C=c2ccccc2=N1)Nc1ccccc1
decoy_3031,0.267617,0.323831,0.540157,0.611585,0.330684,0.382314,O=C(Cn1nnc(-c2ccccc2)n1)NCc1ccncc1
decoy_3032,0.339832,0.434533,0.588849,0.719189,0.404244,0.487384,O=C(CNS(=O)(=O)c1ccccc1)NCc1ccco1
decoy_3033,0.336119,0.411614,0.640713,0.749769,0.405083,0.458881,O=C1C[C@H]([NH2+]CCc2ccccc2)C(=O)N1c1ccccc1
decoy_3034,0.374167,0.377871,0.794735,0.82243,0.437037,0.446574,O=C1CC[C@@H](C(=O)N(Cc2ccccc2)c2ccccc2)N1
decoy_3035,0.343319,0.402316,0.733081,0.887107,0.41173,0.460599,O=C(c1ccccc1)N1C[C@H]2C[C@@H](C1)c1cccc(=O)n1C2
decoy_3036,0.272346,0.372608,0.47789,0.629221,0.297922,0.390046,[H]/N=C(/C(=O)N[C@H]1C(=O)N2C=CCS[C@@H]12)c1cncs1
decoy_3037,0.334712,0.297232,0.572855,0.534405,0.354828,0.342436,O=C1NC(CSc2nncs2)=C[C@@H](c2ccco2)N1
decoy_3038,0.308823,0.384125,0.570988,0.673189,0.36719,0.433833,c1cc(NC2CCCC2)nc(Nc2ccn3cc[nH+]c3c2)n1
decoy_3039,0.325259,0.384964,0.596362,0.6747,0.389311,0.436577,c1ccc(Nc2cc(NCCCn3cc[nH+]c3)ncn2)cc1
decoy_304,0.295072,0.373013,0.503996,0.586885,0.350174,0.405337,c1ccc(OCc2ccco2)cc1
decoy_3040,0.396968,0.459855,0.734449,0.743173,0.456707,0.497469,O=C1NCC[N@@H+]2C[C@@H](NC(=S)NCc3ccco3)C[C@@H]12
decoy_3041,0.363134,0.427008,0.724587,0.846502,0.438698,0.483666,c1ccc(OCCC[NH2+]CCc2c[nH]c3ccccc23)cc1
decoy_3042,0.291318,0.396217,0.64855,0.729961,0.397461,0.498321,O=C(CN1CCC([C@@H]2CCC[NH2+]2)CC1)NC(=O)NC1CC1
decoy_3043,0.287501,0.444308,0.593518,0.868917,0.369405,0.505094,O=C(Nc1ccccc1)[C@H]1CCC[N@H+](Cc2ccccc2)C1
decoy_3044,0.302233,0.379824,0.623434,0.769141,0.369103,0.428081,O=C(NC[C@@H](c1ccccc1)[NH+]1CCCC1)c1ccccc1
decoy_3045,0.347407,0.497482,0.651811,0.88264,0.431095,0.561039,O=C(CCCC(=O)Nc1cccs1)Nc1cccs1
decoy_3046,0.265894,0.31083,0.641875,0.690816,0.361118,0.405909,C(=[NH+]/CCCCCC/[NH+]=C/c1ccncc1)\c1ccncc1
decoy_3047,0.320347,0.432024,0.634278,0.794544,0.394845,0.501692,c1ccc(NCC[NH2+]CCCn2ccc3ccccc32)nc1
decoy_3048,0.311761,0.432402,0.579444,0.758815,0.401626,0.51432,O=C(CCSc1nc[nH]n1)Nc1cc2c(s1)CCC2
decoy_3049,0.381915,0.418003,0.665538,0.708563,0.422759,0.454978,O=C(CSc1nc[nH]n1)Nc1cc2c(s1)CCCC2
decoy_305,0.497077,0.411269,0.794083,0.739106,0.517095,0.445345,O=C1NC=C[C@@H](c2ccccc2)N1
decoy_3050,0.306632,0.37236,0.655782,0.692369,0.412812,0.461944,O=C(NCCN1CCCCC1)[C@H]1CNCC12CC[NH2+]CC2
decoy_3051,0.253938,0.345302,0.609579,0.74252,0.353152,0.450687,c1nnc(CCC[NH2+]C[C@H]2CCC[N@H+]3CCCC[C@H]23)s1
decoy_3052,0.33435,0.363347,0.622891,0.675617,0.388726,0.418751,O=C(N[C@H]1NC(=O)N(c2ccccc2)C1=O)c1ccccc1
decoy_3053,0.300862,0.398418,0.580197,0.658344,0.370086,0.459955,Nc1nc[nH]c(=O)c1[C@H](c1ccccc1)[C@H]1C=NC=[NH+]C1=O
decoy_3054,0.339518,0.475737,0.636791,0.79425,0.415502,0.547271,O=C(NNc1cc(Nc2ccccc2)ncn1)c1ccco1
decoy_3055,0.340965,0.386997,0.609303,0.660187,0.398553,0.433919,O=C(Cn1c(=O)[nH]c(=O)c2ccsc21)N1CCOCC1
decoy_3056,0.392744,0.414441,0.797798,0.860562,0.447307,0.47175,C1=NC=[NH+]CN1c1ccc(OCCOc2ccccc2)cc1
decoy_3057,0.398881,0.400862,0.736686,0.789159,0.4828,0.495079,O=C(Nc1ccccc1)N[C@H]1CC(=O)N(c2ccccc2)C1
decoy_3058,0.335834,0.473323,0.626701,0.766714,0.420304,0.543809,O=C(NCc1ccccc1)C(=O)Nc1cccc2c1C[NH2+]C2
decoy_3059,0.249524,0.335795,0.528076,0.67503,0.318462,0.410167,c1ccc(CNc2ncnc3c2ncn3[C@@H]2CCCO2)cc1
decoy_306,0.307683,0.487451,0.427538,0.690491,0.338077,0.46762,c1ccc(NCc2nnc[nH]2)cc1
decoy_3060,0.399531,0.426724,0.74893,0.720999,0.441532,0.456593,NC1=NC(N)=[N+](c2cccc(OCc3ccccc3)c2)CN1
decoy_3061,0.396952,0.477294,0.722702,0.782307,0.452564,0.514451,O=C1N=C[C@H]2C[NH+]=CN[C@H]2N1CCC1=c2ccccc2=NC1
decoy_3062,0.352748,0.470478,0.661534,0.748537,0.392102,0.505018,O=C1C[C@@H](c2c[nH]c[nH+]2)C2=CNN(Cc3ccccc3)[C@@H]2N1
decoy_3063,0.381879,0.434436,0.686281,0.699471,0.434721,0.481871,c1ccc2c(c1)nnn2-c1cc(NC2CC[NH2+]CC2)ncn1
decoy_3064,0.312636,0.396046,0.586054,0.666125,0.381541,0.441983,c1ccc(Nc2cc(NCCCn3cc[nH+]c3)ncn2)nc1
decoy_3065,0.305849,0.386256,0.57752,0.712738,0.388502,0.465467,O=C(Nc1ccc2c(c1)SCN2)[C@@H]1C=c2ccccc2=N1
decoy_3066,0.378091,0.530488,0.645724,0.859831,0.462199,0.597167,O=C(NCc1ccccc1)c1ccc2c[nH]c(=S)nc2c1
decoy_3067,0.25091,0.31335,0.495388,0.576515,0.294504,0.353193,O=C(c1ccns1)N(Cc1ccncc1)c1ccccc1
decoy_3068,0.39905,0.45418,0.692201,0.784249,0.468599,0.486879,O=C1NCC=C(CSc2nncn2C[C@H]2CCCO2)N1
decoy_3069,0.289263,0.41091,0.563977,0.738256,0.379065,0.476148,c1ccc(Nc2ncnc(CSc3ccccn3)n2)cc1
decoy_307,0.394109,0.366861,0.717722,0.84795,0.430008,0.451146,C1=C[C@@H]2N=CC=C2c2scnc21
decoy_3070,0.285358,0.363785,0.702576,0.90557,0.386855,0.464107,O=C(CCc1ccccc1)N1CCN(c2ccccn2)CC1
decoy_3071,0.339967,0.461091,0.630105,0.781488,0.42826,0.531235,O=C(N[C@H]1CCC[NH2+]C1)c1ccccc1Nc1ccccc1
decoy_3072,0.311061,0.452278,0.597961,0.799767,0.382173,0.508709,O=C(NCC[N@H+]1CCc2ccccc2C1)Nc1ccccc1
decoy_3073,0.455271,0.430704,0.760284,0.762953,0.533766,0.509664,c1cnc(NCC[NH2+]CCCn2ccc3ccccc32)nc1
decoy_3074,0.300407,0.461315,0.582147,0.797297,0.367603,0.517036,O=C(NC[C@@H]1OCC[C@H]1[NH+]1CCCC1)Nc1ccsc1
decoy_3075,0.274076,0.433898,0.547184,0.804719,0.320401,0.466122,S=C(NCCC1=c2ccccc2=NC1)Nc1ccccc1
decoy_3076,0.294658,0.319314,0.684593,0.755993,0.398285,0.441661,N/C(=C/CCC(=O)OC1CCCCC1)OC1CCCCC1
decoy_3077,0.209498,0.326502,0.451745,0.839786,0.263567,0.400631,c1cc2c3c(c1)O[C@H]1CCC[C@H]4[C@@H](C2)[N@@H+](CC2CC2)CC[C@]314
decoy_3078,0.209092,0.258444,0.489793,0.556739,0.284893,0.337783,c1ccc(C[NH+](Cc2ccccc2)C[C@H]2CCCCO2)cc1
decoy_3079,0.392371,0.451355,0.728997,0.823184,0.489258,0.53181,c1ccc(CNC[C@@H](c2ccccc2)N2CC[NH2+]CC2)cc1
decoy_308,0.295003,0.330906,0.557127,0.58349,0.370867,0.401774,C1=C[C@@H](Oc2ccccc2)CCC1
decoy_3080,0.200193,0.291689,0.486463,0.620214,0.298141,0.384875,C1CC(NCN(C2CCNCC2)C2CC[NH2+]CC2)CCN1
decoy_3081,0.262024,0.311821,0.542951,0.599172,0.324088,0.361162,O=c1ccocc1O[C@@H]1CCC[C@@H](CO[C@H]2CCCO2)O1
decoy_3082,0.261615,0.32072,0.539969,0.593695,0.31538,0.37162,O=c1ccoc2c1ccc1cc(O[C@@H]3CCCCO3)ccc12
decoy_3083,0.264475,0.320065,0.552125,0.61964,0.33404,0.385532,O=c1ccoc2cc3cccc(O[C@@H]4CCCCO4)c3cc12
decoy_3084,0.329261,0.364116,0.671966,0.711463,0.406196,0.429816,O=c1ccn([C@@H]2CC[C@@H](CO[C@H]3CCCCO3)O2)c(=O)[nH]1
decoy_3085,0.467349,0.441455,0.748607,0.749902,0.528051,0.499246,O=C1NC(=O)[C@H]2[C@@H]1[C@H](Cc1ccccc1)[NH2+][C@@H]2c1ccco1
decoy_3086,0.329756,0.41725,0.600216,0.717613,0.384539,0.457601,O=C1CC2=CNC(=O)N(CCc3c[nH]c4ccccc34)[C@@H]2N1
decoy_3087,0.397462,0.47367,0.721411,0.767768,0.479804,0.528386,O=C(CNCc1ccccc1)Nc1ccc2[nH]c(=O)[nH]c2c1
decoy_3088,0.261386,0.353218,0.524807,0.669585,0.333083,0.432131,O=C(Nc1ccccc1)c1ncn2c1C(=O)N(C1CC1)CC2
decoy_3089,0.32876,0.456144,0.628136,0.730581,0.420427,0.545124,O=C(NCc1ccncc1)C(=O)Nc1cccc2c1C[NH2+]C2
decoy_309,0.288041,0.330985,0.470928,0.545035,0.324958,0.353416,O=C1CCC[C@H](c2ccccc2)C1
decoy_3090,0.248438,0.361279,0.501227,0.682678,0.315857,0.440467,c1cc(CNc2ncnc3c2ncn3[C@@H]2CCCO2)ccn1
decoy_3091,0.278471,0.426398,0.531962,0.760915,0.335822,0.496133,O=C(Nc1ccccc1)c1cnc(Nc2ccccn2)s1
decoy_3092,0.306902,0.427278,0.580755,0.728058,0.378741,0.484183,c1ccc(Nc2ncnc(CSc3ncccn3)n2)cc1
decoy_3093,0.272969,0.372213,0.487276,0.698311,0.30711,0.399063,O=S(=O)(Cc1cccs1)c1ccc2c(c1)OCCO2
decoy_3094,0.205363,0.286442,0.444795,0.566431,0.270742,0.348095,O=C(/C=C/c1ccn(C2CCCCC2)c1)Cc1ncncn1
decoy_3095,0.254722,0.405626,0.517109,0.753676,0.314272,0.456416,O=C(C[NH+]1CCN(c2ccccn2)CC1)Nc1ccccc1
decoy_3096,0.223624,0.361321,0.481104,0.730592,0.304207,0.421491,O=C(Nc1ccccc1)NC1CCN(c2ccccn2)CC1
decoy_3097,0.345138,0.3494,0.713638,0.743678,0.433818,0.455683,O=C(NCc1ccnc(N2CCCC2)c1)Nc1ccccc1
decoy_3098,0.355563,0.440707,0.652611,0.75593,0.448894,0.517184,O=C(NCc1ccnc(N2CC[NH2+]CC2)c1)c1ccccc1
decoy_3099,0.428344,0.439986,0.707169,0.698696,0.465386,0.483174,O=C(CSc1n[nH]c(=O)[nH]1)Nc1cc2c(s1)CCC2
decoy_31,0.424074,0.372172,0.839802,0.843065,0.471469,0.448949,c1n[nH]c2c1CCCC2
decoy_310,0.379131,0.436201,0.641631,0.741691,0.437889,0.48259,C1COCC[NH2+]CCOCCN1
decoy_3100,0.237111,0.260463,0.458546,0.469941,0.27969,0.311742,O=C(c1ccccc1)[C@H]1CNC(=S)N[C@@H]1c1ccccc1
decoy_3101,0.311602,0.31826,0.681005,0.689722,0.40535,0.386542,c1ccc(C[NH2+]C[C@@H]2OCC[C@H]2[NH2+]Cc2ccccc2)cc1
decoy_3101_2,0.319041,0.38801,0.646493,0.771853,0.40321,0.467706,c1ccc(CN[C@@H]2CCO[C@H]2C[NH2+]Cc2ccccc2)cc1
decoy_3102,0.375254,0.375571,0.741154,0.760591,0.453573,0.452024,O=C([C@@H]1CCC2(CC2)C[NH2+]1)N1CC=C(c2ccccc2)CC1
decoy_3103,0.293504,0.412899,0.631499,0.735827,0.396885,0.502165,O=C(CCC1CCCCC1)NNC(=O)NC1CC[NH2+]CC1
decoy_3104,0.241748,0.312456,0.567054,0.701178,0.366879,0.43273,c1ccc2c(c1)NCCCNc1ccccc1NCCCN2
decoy_3105,0.403398,0.450041,0.724277,0.803547,0.46933,0.49835,c1ccc2c(c1)NC[C@@H]2C[NH2+]CCc1n[nH]c2c1CCCC2
decoy_3106,0.374582,0.398956,0.67637,0.703036,0.426679,0.442249,O=C(CSc1nc[nH]n1)N[C@@H]1CC2=C(CCCC2)S1
decoy_3107,0.438473,0.495237,0.698597,0.743232,0.496169,0.556774,O=C1OCC2=C1[C@@H](c1ccccc1)c1c([nH]c(=O)[nH]c1=O)N2
decoy_3108,0.370459,0.38922,0.712585,0.705236,0.472121,0.476189,NC1=CCCc2oc(C(=O)NNC(=O)c3ccccc3)cc21
decoy_3109,0.266415,0.354379,0.5202,0.654768,0.325774,0.402303,O=C1NC(COC(=O)c2ccc[nH]2)=C[C@@H](c2ccccc2)N1
decoy_311,0.294222,0.339482,0.551976,0.598084,0.369526,0.440771,c1ccn(CCCn2cccc2)c1
decoy_3110,0.412969,0.435378,0.704294,0.734575,0.477215,0.479941,O=C(Cc1cc2ccccc2oc1=O)NCCc1c[nH+]c[nH]1
decoy_3111,0.324871,0.405836,0.61807,0.713536,0.392206,0.482835,O=C(CNC(=O)c1ccccc1)NNC(=O)c1ccccc1
decoy_3112,0.323257,0.412065,0.598307,0.723172,0.386482,0.471036,O=c1[nH]cnc2c1nc(Nc1ccccc1)n2[C@@H]1CCCO1
decoy_3113,0.247085,0.370265,0.483807,0.666895,0.307695,0.417168,O=C1N=CN=C2C1=N[C@@H](Nc1ccccc1)N2[C@H]1CCCO1
decoy_3114,0.289686,0.367992,0.555155,0.652833,0.371782,0.446087,O=C(CCn1cnc2[nH]ncc2c1=O)NCc1ccccc1
decoy_3115,0.26076,0.374066,0.496509,0.673718,0.308099,0.412506,O=C(NNC(=O)c1cc2cccnc2s1)c1ccccc1
decoy_3116,0.239217,0.288466,0.538311,0.607398,0.304908,0.352984,O=C(CCc1ccccc1)NC[C@H]1COc2ccccc2O1
decoy_3117,0.333949,0.356007,0.719686,0.784584,0.428265,0.436439,O=C(COC(=O)CCc1ccccc1)NCc1ccccc1
decoy_3118,0.373,0.43334,0.673858,0.775279,0.4349,0.486174,O=C(Cc1ccccc1)NNC(=O)NCCc1ccccc1
decoy_3119,0.332141,0.438953,0.64241,0.792918,0.440572,0.520743,O=C(CCc1ccccc1)NCCC(=O)Nc1cccnc1
decoy_312,0.533052,0.493433,0.750155,0.726152,0.578794,0.537521,NC1=C2C3=C(N)C[C@H]4[C@@H](C1)[C@@H]2C[C@@H]34
decoy_3120,0.299089,0.437976,0.594599,0.738474,0.370136,0.510064,O=C(CC[NH2+]CC(=O)Nc1ccccc1)Nc1ccccc1
decoy_3121,0.366368,0.45067,0.715988,0.817277,0.467362,0.563125,O=C(CNCc1ccccc1)NCC(=O)Nc1ccccc1
decoy_3122,0.363225,0.435203,0.696166,0.776304,0.43665,0.511387,O=C(CNCC(=O)Nc1ccccc1)NCc1ccccc1
decoy_3123,0.331963,0.384485,0.646913,0.73268,0.424371,0.461637,O=C(CNC(=O)NCc1ccccc1)NCc1ccccc1
decoy_3124,0.31932,0.445434,0.621148,0.799241,0.406051,0.511684,O=C(CNC(=O)NCCc1ccccc1)Nc1ccccc1
decoy_3125,0.245902,0.356897,0.504735,0.692615,0.310221,0.423873,O=C1N[C@H](C(=O)NC2CCCC2)Cn2c1cc1ccccc12
decoy_3126,0.32738,0.430016,0.641226,0.739206,0.397807,0.48284,O=C(NCC[NH2+]Cc1ccccc1)C(=O)Nc1ccccc1
decoy_3127,0.320514,0.444661,0.620129,0.74358,0.384239,0.493885,O=C(Nc1ccccc1)[C@H]1CC[N@H+](Cc2ncncn2)CC1
decoy_3128,0.288546,0.409376,0.558473,0.719994,0.375141,0.475093,O=C(NCC/[NH+]=C/c1ccccc1)c1cc2n(n1)CCCN2
decoy_3129,0.339293,0.391097,0.694622,0.708464,0.42446,0.456465,O=C(CNS(=O)(=O)c1ccccc1)NC1CC[NH2+]CC1
decoy_313,0.241599,0.293747,0.373367,0.541072,0.272534,0.339841,O=S1(=O)[C@H]2CCC[C@@H]1CCC2
decoy_3130,0.338118,0.398424,0.641663,0.670191,0.389257,0.440087,O=C(NCCc1ccccc1)NN[C@H]1CCS(=O)(=O)C1
decoy_3131,0.358323,0.497956,0.695057,0.829585,0.445468,0.550011,O=C(NCCS(=O)(=O)N1CC[NH2+]CC1)c1ccccc1
decoy_3132,0.300732,0.362047,0.567358,0.667504,0.359201,0.41815,C(\NCc1nc(-c2ccccc2)cs1)=[NH+]/Cc1ccco1
decoy_3133,0.223199,0.334142,0.443037,0.655186,0.281713,0.372686,O=c1ccccn1Cc1ncc2c3c(sc2n1)CCCC3
decoy_3134,0.39397,0.446915,0.682674,0.744648,0.447509,0.496334,O=c1[nH]c(C[NH2+]C2CC2)nc2scc(-c3ccccc3)c12
decoy_3135,0.346426,0.431502,0.616811,0.73168,0.385959,0.457826,O=c1[nH]cnc2sc3c(c12)CC[N@@H+](Cc1ccccc1)C3
decoy_3136,0.27053,0.317254,0.543721,0.608618,0.355434,0.391488,O=C(CCc1ccccc1)Nc1nc(-c2cc[nH]c2)cs1
decoy_3137,0.314062,0.393786,0.604971,0.734294,0.410155,0.486417,O=C(/C=C/c1ccccc1)NNC(=S)Nc1ccccc1
decoy_3138,0.211333,0.266455,0.532358,0.639341,0.305284,0.371179,O=C(C1CCCCC1)N(Cc1ccccc1)Cc1ccco1
decoy_3139,0.254138,0.319346,0.582563,0.68705,0.30713,0.383641,C(\NC[C@@H](c1ccccc1)[NH+]1CCCC1)=[NH+]/Cc1ccco1
decoy_314,0.403807,0.420484,0.71658,0.733585,0.418695,0.428715,O=S1(=O)CC[C@H](CC2CC2)C1
decoy_3140,0.298158,0.369039,0.66531,0.848873,0.390472,0.448188,c1ccc(N2CC[NH+](CCCOc3cccnc3)CC2)cc1
decoy_3141,0.261237,0.328536,0.531041,0.628804,0.311315,0.388517,O=C1/C(=C/c2ccccc2)SC(=S)N1c1ccccc1
decoy_3142,0.308064,0.375477,0.639617,0.768298,0.397136,0.463091,O=C(Cn1cccc1-c1ccccc1)NCC[NH+]1CCCC1
decoy_3143,0.271666,0.3286,0.625266,0.656672,0.368225,0.412538,O=C(NCCC(=O)N1CC[NH2+]CC1)NC[C@H]1CCCCN1
decoy_3144,0.366511,0.438848,0.697645,0.753006,0.446583,0.504231,c1ccc(CCNc2cc(NC3CC[NH2+]CC3)ncn2)cc1
decoy_3145,0.305708,0.42473,0.591677,0.76463,0.385171,0.4918,c1ccc(Nc2cc(NCC[NH+]3CCCCC3)ncn2)cc1
decoy_3146,0.246225,0.339262,0.581011,0.7153,0.318995,0.429614,c1cc(-c2cn([C@H]3CC[NH2+]C3)nn2)ccc1C[NH+]1CCCC1
decoy_3147,0.280547,0.412003,0.564757,0.773478,0.381308,0.494796,c1ccc(N2CC[NH+](CCCNc3ccncn3)CC2)cc1
decoy_3148,0.321577,0.426285,0.651726,0.720296,0.388769,0.494091,C1=C(C[NH2+]CCCc2cc[nH]n2)CN(Cc2ccccc2)N1
decoy_3149,0.235074,0.374815,0.430001,0.682954,0.285102,0.40942,O=C(CSc1nncs1)Nc1cc2c(s1)CCC2
decoy_315,0.313099,0.264205,0.585344,0.537444,0.40761,0.366973,C1=CC(c2ccccc2)C=CS1
decoy_3150,0.189509,0.264441,0.488646,0.580538,0.26619,0.346196,O=C(NCCCCN1CC[NH2+]CC1)NC[C@H]1CCCCN1
decoy_3151,0.368117,0.447408,0.551355,0.680093,0.377417,0.437617,S=[P@H]1OC[C@H]2O[C@@H](n3cnc4cncnc43)C[C@@H]2O1
decoy_3152,0.221475,0.336467,0.444097,0.643288,0.273169,0.383844,O=C1NC(COC(=O)c2ccccc2)=C[C@@H](c2ccco2)N1
decoy_3153,0.396226,0.404286,0.700264,0.741043,0.452773,0.471427,O=C(COC(=O)c1ccccc1)NNC(=O)c1ccccc1
decoy_3154,0.264958,0.337043,0.556731,0.691265,0.361986,0.435745,O=C(NCc1ccc2c(c1)OCO2)C(=O)Nc1ccccc1
decoy_3155,0.410678,0.501298,0.709797,0.752845,0.451873,0.51527,O=C1NC(=O)[C@H]2C[NH2+][C@H](c3cnn(-c4ccccc4)c3[O-])[C@@H]12
decoy_3156,0.411394,0.426753,0.746009,0.71915,0.492601,0.497356,O=C1NC(=O)C(=CNCCC2=c3ccccc3=NC2)C(=O)N1
decoy_3157,0.332888,0.47866,0.617534,0.783248,0.435003,0.536016,O=C(CCc1nc2ccccc2[nH]1)NNC(=O)c1ccoc1
decoy_3158,0.328589,0.387561,0.614983,0.662418,0.377109,0.436203,O=C(CNCc1ccccc1)Nc1occ2cn[nH]c(=O)c12
decoy_3159,0.315533,0.392424,0.612504,0.710306,0.387617,0.481887,O=C(CNC(=O)c1ccco1)NCC1N=c2ccccc2=N1
decoy_316,0.398458,0.328223,0.598728,0.563656,0.398188,0.36879,O=C1CCC(=O)N1c1ccccc1
decoy_3160,0.383058,0.476785,0.635029,0.708678,0.397912,0.495423,O=c1[nH]cc(CSc2nnc3c(n2)[nH]c2ccccc23)[nH]1
decoy_3161,0.280522,0.335097,0.514819,0.550226,0.339111,0.376621,O=C1C2=C([O-])c3ccccc3O[C@H]2C=C[C@H]1[C@H]1CCCCO1
decoy_3162,0.376432,0.3596,0.779359,0.78396,0.467667,0.454293,O=C1CC[C@@H](C(=O)N(Cc2ccccc2)Cc2ccco2)N1
decoy_3163,0.215068,0.340964,0.460123,0.685282,0.278881,0.393169,O=C(CCc1ccccc1)NNC(=O)COc1ccccc1
decoy_3164,0.226061,0.375832,0.481134,0.782796,0.297706,0.4423,O=C(NCc1ccccc1)NC[C@H]1COc2ccccc2O1
decoy_3165,0.318835,0.388983,0.615785,0.735218,0.381199,0.440617,c1cc(N2CC[NH+](Cc3ccc4c(c3)OCO4)CC2)ncn1
decoy_3166,0.289288,0.377607,0.560772,0.666802,0.348816,0.420629,O=C1C=C(C(=O)NCCCc2ccn[nH]2)C2=CCC=C[C@@H]2N1
decoy_3167,0.368467,0.425403,0.696547,0.753816,0.427148,0.486384,O=C1NC(=O)C2(CCN(C[C@H]3C=c4ccccc4=N3)CC2)N1
decoy_3168,0.414158,0.435941,0.739537,0.747908,0.476257,0.504541,O=C(CCCC1=c2ccccc2=NC1)N[C@@H]1C=NC(=O)NC1
decoy_3169,0.410874,0.435882,0.755672,0.83417,0.514428,0.518781,O=C(Nc1ccccc1)Nc1ccc(N2CCOCC2)nc1
decoy_317,0.379544,0.437802,0.64423,0.714526,0.455073,0.490418,c1coc(CNc2ccncn2)c1
decoy_3170,0.349985,0.414938,0.666725,0.69697,0.425947,0.481974,O=C(Nc1cccc2ncccc12)C(=O)NC1CC[NH2+]CC1
decoy_3171,0.30586,0.426328,0.601748,0.744626,0.397776,0.517126,O=C(NCCc1ccccc1)NNC(=O)Nc1ccccc1
decoy_3172,0.228264,0.366588,0.467843,0.715523,0.277241,0.415305,c1ccc(-c2nc(-c3ccncc3)[nH]c2-c2ccncc2)cc1
decoy_3173,0.36319,0.457725,0.696871,0.753674,0.44475,0.51724,O=C(NNc1cc(N2CC[NH2+]CC2)ncn1)c1ccccc1
decoy_3174,0.283438,0.357616,0.553132,0.654392,0.340555,0.406703,O=C1[C@H]2[C@@H](c3cccs3)NC[C@H]2C(=O)N1c1ccccc1
decoy_3175,0.237512,0.297831,0.523442,0.601506,0.295138,0.346846,O=C(c1ccns1)N(Cc1ccccc1)Cc1ccco1
decoy_3176,0.343704,0.45903,0.67829,0.765446,0.461875,0.54726,O=C(CSCC(=O)N[C@H]1CCC[NH2+]C1)Nc1ccon1
decoy_3177,0.354131,0.430187,0.681464,0.722458,0.421736,0.478104,O=C(CSCC(=O)NC1CC[NH2+]CC1)Nc1ccon1
decoy_3178,0.437136,0.36614,0.699996,0.604999,0.470588,0.404194,O=c1[nH]c(=S)[nH]cc1[C@H]1NCCc2c1[nH]c1ccccc21
decoy_3179,0.408926,0.436792,0.67765,0.68596,0.443796,0.461926,O=c1[nH]c(=S)[nH]cc1[C@H]1NCCC2=c3ccccc3=N[C@@H]21
decoy_318,0.305024,0.485043,0.417958,0.738145,0.332703,0.469215,c1ccc(OCc2nnc[nH]2)cc1
decoy_3180,0.390558,0.47419,0.683614,0.751669,0.447242,0.511647,O=c1ccnc(-c2ccc(C[NH2+]Cc3cscn3)cc2)[nH]1
decoy_3181,0.297589,0.401161,0.580031,0.729229,0.366665,0.46622,O=C(CNCc1ncc2ccsc2n1)Nc1ccccc1
decoy_3182,0.208299,0.368316,0.445624,0.750434,0.269138,0.436754,C(\NCC1(c2ccccc2)CCOCC1)=[NH+]/Cc1ccco1
decoy_3183,0.366646,0.372718,0.701085,0.706064,0.464754,0.470949,O=C1[C@H]2[C@H](C[NH2+][C@H]2c2ccccc2)C(=O)N1C1CCCCC1
decoy_3184,0.359957,0.461226,0.733476,0.783847,0.466797,0.555704,O=C(CNC(=O)C1CCOCC1)NCCN1CC[NH2+]CC1
decoy_3185,0.227901,0.359076,0.476147,0.738593,0.290934,0.425202,O=C(N[C@H]1CCCC[N@@H+](Cc2ccco2)C1)c1ccccc1
decoy_3186,0.401799,0.398861,0.819661,0.892494,0.495543,0.499915,O=C(NCCCOc1ccccc1)NCCc1ccccc1
decoy_3187,0.223881,0.301894,0.474296,0.621331,0.305285,0.365381,O=C(NC[C@@H](c1ccco1)[NH+]1CCCCC1)c1ccccc1
decoy_3188,0.313984,0.402261,0.676044,0.84346,0.438423,0.523324,c1ccc(CCNc2nccc(NC[C@H]3CCCO3)n2)cc1
decoy_3189,0.369434,0.524259,0.678093,0.860241,0.4394,0.57153,c1ccc(OCCCNc2ncnc3c2CC[NH2+]CC3)cc1
decoy_319,0.45427,0.390169,0.66959,0.637877,0.506831,0.482148,c1ccc(CNn2cnnn2)cc1
decoy_3190,0.404714,0.397191,0.72632,0.730722,0.476074,0.460618,O=C1[C@@H](C[NH2+]Cc2ccn[nH]2)CCCN1Cc1ccccc1
decoy_3191,0.414919,0.382606,0.747366,0.707763,0.47122,0.433139,O=C1[C@@H](C[NH2+]Cc2cn[nH]c2)CCCN1Cc1ccccc1
decoy_3192,0.300167,0.355511,0.589474,0.649933,0.379384,0.430823,O=C(NCC[NH+]1CCCCC1)c1ccc(-n2cccn2)cc1
decoy_3193,0.288993,0.411093,0.574695,0.730881,0.364539,0.474174,c1ccc(Nc2cc(NCC[NH+]3CCCCC3)ncn2)nc1
decoy_3194,0.230052,0.316216,0.530068,0.702089,0.298538,0.418747,c1nc(N2CCCCC2)c2ncnc(N3CCCCC3)c2n1
decoy_3195,0.213649,0.302092,0.522847,0.690334,0.29135,0.411496,c1nc(N2CCCCC2)nc2cnc(N3CCCCC3)nc12
decoy_3196,0.229463,0.299135,0.517738,0.617618,0.304456,0.375174,c1ncc2nc(N3CCCCC3)nc(N3CCCCC3)c2n1
decoy_3197,0.21883,0.362664,0.487694,0.797416,0.294106,0.423599,O=C(CN1CC=C(c2ccccc2)CC1)Nc1cccs1
decoy_3198,0.337606,0.342121,0.698106,0.697833,0.437827,0.425813,c1ncc2nc(S[C@]34C[C@H]5C[C@H](C[C@H](C5)C3)C4)cnc2n1
decoy_3199,0.255342,0.355356,0.522149,0.700108,0.294431,0.397334,c1cnn(-c2ccc(NC3=[NH+][C@@H]4CCCC[C@@H]4S3)cc2)c1
decoy_32,0.360765,0.378913,0.671514,0.861002,0.378673,0.436675,c1cc2n(n1)CCCN2
decoy_320,0.30748,0.380329,0.511183,0.585688,0.328559,0.387102,O=C(CC1CC1)Nc1ccccc1
decoy_3200,0.262455,0.30236,0.494268,0.528484,0.345566,0.377282,c1ccc([C@H](c2cn3ncnc3s2)[NH+]2CCCCC2)cc1
decoy_3201,0.295414,0.411283,0.618377,0.729533,0.372532,0.468239,N/C(=C/CS/C=C/NCc1cncnc1)c1ccccc1
decoy_3202,0.227484,0.263554,0.573309,0.620757,0.343233,0.373214,C1CCC(CO[C@@H]2CC[C@@H](O[C@H]3CCCCO3)CO2)CC1
decoy_3203,0.213986,0.361175,0.468422,0.715668,0.291124,0.418327,O=C(C[NH2+]C[C@]12C[C@H]3C[C@@H](C[C@H](C3)C1)C2)Nc1ccccc1
decoy_3204,0.29318,0.343923,0.602136,0.66986,0.382198,0.422306,c1ccc(-c2n[nH]cc2CNCCC[NH+]2CCCCC2)cc1
decoy_3205,0.259291,0.331504,0.633354,0.7478,0.347354,0.421166,c1cnn(-c2ccc(C[NH2+]CCC[NH+]3CCCCC3)cc2)c1
decoy_3206,0.294952,0.362005,0.597575,0.714757,0.39197,0.455456,c1ccc(-n2cc(CNCCC[NH+]3CCCCC3)cn2)cc1
decoy_3207,0.366657,0.443483,0.740003,0.853857,0.465051,0.522858,c1ccc2[nH]c(C[N@H+]3CC[C@H](N4CC[NH2+]CC4)CC3)cc2c1
decoy_3208,0.245789,0.341575,0.494761,0.752484,0.299457,0.40219,c1ccc(SCc2cc(Sc3ccccc3)[nH]n2)cc1
decoy_3209,0.306188,0.387329,0.640767,0.721993,0.424922,0.494043,O=C(NCC1CCCCC1)NNC(=S)NC1CCCC1
decoy_321,0.307677,0.415058,0.505364,0.704243,0.328558,0.42539,O=C(NC1CCC1)c1ccccc1
decoy_3210,0.304958,0.397704,0.604816,0.750105,0.36799,0.448585,c1cn(C[C@H]2CC[N@H+](C3CSCCSC3)CC2)nn1
decoy_3211,0.411223,0.435322,0.711928,0.773169,0.485695,0.492595,O=C1NC(COC(=O)c2cnoc2)=C[C@@H](c2ccccc2)N1
decoy_3212,0.244698,0.33264,0.502063,0.645279,0.313722,0.406646,O=C1N=C[C@H](/C=N/[C@H]2CCCOC2)C(=O)N1c1ccccc1
decoy_3213,0.348982,0.481711,0.641776,0.799454,0.414824,0.530962,O=C(C[C@H]1Cc2ccccc2OC1=O)NCCc1c[nH+]c[nH]1
decoy_3214,0.365202,0.384721,0.643363,0.633022,0.422369,0.422022,O=C(CN1CCC[C@H]1c1ccccc1)c1cnc([O-])[nH]c1=O
decoy_3215,0.328447,0.418293,0.650309,0.762765,0.445932,0.543249,O=C(CNCc1ccccc1)c1cn(C2CC2)c(=O)[nH]c1=O
decoy_3216,0.362284,0.401446,0.646524,0.729282,0.449947,0.492485,O=C(COc1ccccc1)NNC(=O)NCc1ccccc1
decoy_3217,0.264086,0.389406,0.540503,0.746688,0.314143,0.425869,O=C(Nc1ccccc1)N[C@H]1CCN(C(=O)c2ccco2)C1
decoy_3218,0.350742,0.486117,0.647813,0.781863,0.422427,0.540823,O=C(NCCc1ccco1)C(=O)Nc1cccc2c1C[NH2+]C2
decoy_3219,0.358005,0.433106,0.686092,0.718359,0.406524,0.471444,O=c1[nH]c(=O)c2c(ncn2CC[NH2+]CCc2ccccc2)[nH]1
decoy_322,0.384203,0.334739,0.877768,0.856346,0.399782,0.386951,c1ccc(Cc2nccs2)cc1
decoy_3220,0.50817,0.489208,0.827899,0.794564,0.54367,0.531753,O=C1NC(=O)C2=Nc3ccc(N4CCCCC4)cc3N[C@H]2N1
decoy_3221,0.326693,0.433476,0.648522,0.728704,0.386381,0.487648,O=C(NCCNc1cccc[nH+]1)NNC(=O)c1ccccc1
decoy_3222,0.227216,0.369477,0.477061,0.848349,0.296714,0.438357,O=C(COc1ccccc1)Nc1cc(-c2ccco2)cs1
decoy_3223,0.328172,0.424295,0.656822,0.830519,0.450035,0.538336,O=C(NCc1ccco1)c1csc(Nc2ccccc2)n1
decoy_3224,0.232329,0.313904,0.420702,0.517062,0.262981,0.346769,O=C(NNC(=S)/N=C(\[O-])c1ccccc1)c1ccccc1
decoy_3225,0.356941,0.477349,0.652085,0.74441,0.460185,0.565505,C(=N/Nc1nnc(SCc2ccccc2)[nH]1)\c1cn[nH]c1
decoy_3226,0.429045,0.408997,0.800561,0.832756,0.499047,0.463033,C(\NCc1ccc(N2CCOCC2)cc1)=[NH+]/Cc1ccco1
decoy_3227,0.391554,0.409324,0.74144,0.75144,0.479759,0.47535,O=C1OC2(CC[NH2+]CC2)CN1CCc1c[nH]c2ccccc12
decoy_3228,0.401837,0.351749,0.717771,0.658119,0.473279,0.418747,O=C1[C@H]2[C@H](C[NH2+][C@H]2c2ccccn2)C(=O)N1C1CCCCC1
decoy_3229,0.339046,0.423206,0.637567,0.741385,0.450573,0.513776,O=C(CCc1ncc(-c2ccccc2)o1)NC1CC[NH2+]CC1
decoy_323,0.477389,0.489673,0.854043,0.885706,0.522518,0.513293,c1ccc(CC2CC[NH2+]CC2)cc1
decoy_3230,0.379211,0.521141,0.692094,0.856141,0.445407,0.574692,O=C(NCCc1ccccc1)c1coc([C@H]2CCC[NH2+]C2)n1
decoy_3231,0.28873,0.438577,0.578744,0.79036,0.366924,0.509319,O=C(NC[C@@H](c1ccco1)[NH+]1CCCC1)Nc1ccccc1
decoy_3232,0.310881,0.433678,0.596038,0.751579,0.378884,0.485411,c1ccc(Nc2cc(NCC[NH+]3CCOCC3)ncn2)cc1
decoy_3233,0.307173,0.417245,0.593667,0.748747,0.380262,0.486978,c1ccc(Nc2ccnc(NCC[NH+]3CCOCC3)n2)cc1
decoy_3234,0.32558,0.425951,0.644963,0.720131,0.417398,0.51701,O=C1C(=CNCCN2CC[NH2+]CC2)C=NN1c1ccccc1
decoy_3235,0.341567,0.409623,0.679182,0.734816,0.42692,0.475651,O=C(c1cccc(NCc2c[nH]cn2)c1)N1CCC[NH2+]CC1
decoy_3236,0.385739,0.453433,0.717493,0.74563,0.44873,0.490347,O=S(=O)(NCc1ncn[nH]1)c1cc2c(s1)C[NH2+]CC2
decoy_3237,0.328794,0.399925,0.615694,0.704821,0.419356,0.477417,O=C1NC(C[NH2+]Cc2ccccc2)=C[C@@H](c2cccs2)N1
decoy_3238,0.390779,0.420457,0.68765,0.750513,0.450332,0.46667,O=C(CCc1ccccc1)NNC(=S)Nc1ccccc1
decoy_3239,0.243998,0.321457,0.519076,0.700031,0.303543,0.369745,S=c1ccc(/N=N/c2ccccc2)cn1[C@@H]1CCCCO1
decoy_324,0.271419,0.384824,0.505242,0.918067,0.323361,0.443426,c1ccc(NC2CCCCC2)cc1
decoy_3240,0.260673,0.286127,0.599998,0.618993,0.352549,0.393074,O=C(CSC1=CC2(C=CN1)CCCCC2)c1ccccc1
decoy_3241,0.218727,0.348327,0.456754,0.687129,0.286287,0.405038,O=C(COc1ccccc1)NNC(=O)COc1ccccc1
decoy_3242,0.377701,0.490085,0.700454,0.78457,0.479229,0.569858,O=C(CN1CCc2ccccc2C1)Nc1c[nH]c(=O)[nH]c1=O
decoy_3243,0.374695,0.46124,0.6715,0.767515,0.447944,0.524951,O=C1Nc2ccccc2O/C1=C(\[O-])NCCCn1cc[nH+]c1
decoy_3244,0.295718,0.369146,0.558531,0.633759,0.356958,0.425943,O=C(NCCNC(=O)c1ccccc1)Nc1ccc[nH]c1=O
decoy_3245,0.353845,0.481144,0.591365,0.759326,0.395603,0.513938,O=c1cc[nH]c2ccc(S(=O)(=O)Nc3ccccc3)cc12
decoy_3246,0.368108,0.461169,0.620526,0.74549,0.412357,0.485104,O=c1ccc2cc(S(=O)(=O)Nc3ccccc3)ccc2[nH]1
decoy_3247,0.414058,0.57366,0.7097,0.832862,0.47301,0.594909,O=C(Nc1ccon1)C1=CNC(=S)N[C@H]1c1ccccc1
decoy_3248,0.204626,0.248948,0.480669,0.54761,0.270569,0.321481,O=c1ccoc2ccc(C/C=C/CO[C@@H]3CCCCO3)cc12
decoy_3249,0.225071,0.280816,0.502982,0.58118,0.294411,0.335504,O=c1ccc2cccc(C/C=C/CO[C@@H]3CCCCO3)c2o1
decoy_325,0.297409,0.356354,0.48122,0.525171,0.337936,0.373726,c1ccc(C[NH+]2CCCCC2)cc1
decoy_3250,0.285727,0.341818,0.671604,0.792431,0.385588,0.431895,O=C(NC[C@H]1CCCO1)c1coc(CCc2ccccc2)n1
decoy_3251,0.276486,0.370319,0.626601,0.818915,0.382601,0.469367,c1ccc(CNc2cc3c(cn2)cnn3-c2ccccc2)cc1
decoy_3252,0.404003,0.436729,0.662019,0.684231,0.45707,0.468267,c1cc(CSc2nc3ncncc3[nH]2)c2nsnc2c1
decoy_3253,0.347783,0.389371,0.700732,0.793988,0.436412,0.473343,O=C(CSCc1ccccc1)NNC(=O)c1ccccc1
decoy_3254,0.420394,0.447005,0.738971,0.723852,0.470008,0.481134,O=C1NC(=S)NC[C@H]1[C@H]1NCCC2=c3ccccc3=N[C@@H]21
decoy_3255,0.36202,0.359325,0.78853,0.813868,0.477111,0.461481,O=C1CC[C@@H](C(=O)N(Cc2ccccc2)C2CCCCC2)N1
decoy_3256,0.262412,0.411245,0.546314,0.745056,0.341604,0.485357,O=C(NCCC[NH+]1CCCCC1)Nc1ccc2[nH]ccc2c1
decoy_3257,0.241075,0.313019,0.480613,0.586627,0.315553,0.391567,O=C(CSc1nncs1)NC(=O)NC1CCCCC1
decoy_3258,0.313923,0.420694,0.670983,0.751568,0.384979,0.483243,c1ccc2c(c1)=NC(C[NH2+]C[C@H]1NN[C@@H]3CCCCCN31)N=2
decoy_3259,0.301432,0.37636,0.616524,0.70663,0.381254,0.428353,C1=N[C@@H]2C(N3CCCCC3)=[NH+]C=N[C@H]2C(N2CCCCC2)=N1
decoy_326,0.524881,0.444847,0.895205,0.886958,0.572799,0.499921,c1nc2cc3c(cc2[nH]1)OCCO3
decoy_3260,0.366196,0.325272,0.785863,0.755648,0.43897,0.4176,O=C(CN(Cc1ccccc1)CC1CC1)Nc1cccs1
decoy_3261,0.241186,0.372988,0.536507,0.774315,0.316986,0.457537,O=C(CNCc1ccccc1)Nc1cc2c(s1)CCCC2
decoy_3262,0.245806,0.392137,0.544599,0.797267,0.314214,0.452974,O=C(CNCc1ccccc1)NCCSc1ccccc1
decoy_3263,0.42436,0.435842,0.777932,0.793346,0.522352,0.512403,O=C(c1csc2ccccc12)N1CCC2(CC[NH2+]CC2)C1
decoy_3264,0.323302,0.437957,0.634947,0.768509,0.425161,0.516648,O=C(NCCNC(=O)c1ccco1)C(=O)Nc1ccccc1
decoy_3265,0.236867,0.320687,0.544467,0.767188,0.308188,0.408429,O=C(O[C@@H]1CCCCO1)c1ccccc1NCc1ccco1
decoy_3266,0.23442,0.326817,0.556116,0.910089,0.325431,0.406765,C1=C[C@@H](c2ccco2)c2cc(/C=N/c3ccccc3)ccc2O1
decoy_3267,0.377882,0.503026,0.704835,0.827145,0.441873,0.556728,O=C1NC(=O)[C@]2(CC[C@H](C(=O)NCc3ccccc3)CC2)N1
decoy_3268,0.326876,0.40629,0.607217,0.719935,0.38754,0.455606,O=C(C[NH+]1CCCCC1)Nc1c[nH]c2cc3c(cc12)OCO3
decoy_3269,0.260908,0.438845,0.54349,0.803059,0.37902,0.546513,O=C(CNC(=O)NCc1ccco1)NCCc1ccccc1
decoy_327,0.467804,0.410272,0.709934,0.708829,0.45861,0.443328,O=C1NC(=O)[C@@H](c2ccccc2)N1
decoy_3270,0.396673,0.469875,0.707519,0.763724,0.459322,0.544719,O=C(Cc1ccccc1)NNC(=O)NCCCn1cc[nH+]c1
decoy_3271,0.32513,0.44018,0.665701,0.747752,0.398465,0.50217,O=C(C[NH2+][C@H]1CCCCNC1=O)NC1N=c2ccccc2=N1
decoy_3272,0.339032,0.42192,0.674023,0.726303,0.437583,0.505247,O=C(NCc1nc(-c2ccccc2)no1)NC1CC[NH2+]CC1
decoy_3273,0.283005,0.372019,0.564812,0.666127,0.363121,0.436684,O=C(NCCCCn1cc[nH+]c1)NNC(=O)c1ccccc1
decoy_3274,0.334612,0.372307,0.640333,0.705504,0.42445,0.459425,c1ccc(-c2n[nH]cc2CNc2ncnc3ccccc23)cc1
decoy_3275,0.222871,0.320236,0.475517,0.670645,0.314978,0.410073,O=C(COC(=O)c1ccccc1)Nc1cc2c(s1)CCC2
decoy_3276,0.281554,0.385379,0.546645,0.698331,0.335799,0.43941,O=C(CSc1ccccn1)NCC(=O)Nc1ccccc1
decoy_3277,0.218647,0.307775,0.543494,0.773661,0.344295,0.433757,c1ccc(-n2ncc(CCCCO[C@@H]3CCCCO3)n2)cc1
decoy_3278,0.362007,0.398785,0.708754,0.716401,0.443849,0.453634,O=C1NC(=O)[C@](CCCc2ccccc2)(C2CC[NH2+]CC2)N1
decoy_3279,0.298995,0.447603,0.596023,0.787489,0.367217,0.519656,O=C(C[N@@H+]1CCC[C@H](C(=O)NC2CC2)C1)Nc1ccccc1
decoy_328,0.525818,0.434679,0.927899,0.866348,0.56278,0.474101,O=C1CN(c2ccccc2)CCN1
decoy_3280,0.294917,0.448731,0.59319,0.786868,0.371324,0.529798,O=C(C[N@H+]1CC[C@H](C(=O)NC2CC2)CC1)Nc1ccccc1
decoy_3281,0.304401,0.386145,0.624236,0.755696,0.394072,0.459271,O=C(CN1CCC(NC(=O)C2CC2)CC1)Nc1ccccc1
decoy_3282,0.36086,0.455146,0.689236,0.774746,0.449616,0.53478,O=C(NCC1CCCCC1)C(=O)Nc1cccc2c1C[NH2+]C2
decoy_3283,0.386561,0.454065,0.78096,0.798679,0.487175,0.521429,c1nc(NCCCn2cc[nH+]c2)cc(NC2CC[NH2+]CC2)n1
decoy_3284,0.345832,0.401215,0.713821,0.816109,0.463127,0.484712,O=C(CN1CC[C@H](Nc2ccccc2)C1)Nc1cccs1
decoy_3285,0.21966,0.375715,0.432055,0.725409,0.279092,0.42256,O=C(C[NH+]1CCN(c2ccccc2)CC1)Nc1cccs1
decoy_3286,0.312661,0.432905,0.606825,0.800376,0.378233,0.486659,O=C(Nc1nc(C[NH+]2CCCCC2)cs1)c1ccccc1
decoy_3287,0.275371,0.44686,0.541665,0.788593,0.339361,0.495289,O=C(NCC[N@@H+]1CCc2sccc2C1)Nc1ccccc1
decoy_3288,0.233681,0.302754,0.493932,0.606364,0.274298,0.364853,S=c1n([C@@H]2CCCCO2)nc(-c2ccccc2)n1C1CC1
decoy_3289,0.391053,0.470908,0.681088,0.779971,0.44794,0.519779,c1cc(Nc2cc3c(s2)CCC3)nc(N2CC[NH2+]CC2)n1
decoy_329,0.362223,0.42704,0.62483,0.688316,0.417479,0.455526,O=C(CC1CC1)Nc1cccnc1
decoy_3290,0.283703,0.307814,0.654858,0.655664,0.384703,0.396343,Nc1ccs[n+]1/C(Nc1ccccc1)=[NH+]\C1CC[NH2+]CC1
decoy_3290_2,0.31617,0.345354,0.626919,0.630795,0.40759,0.431433,Nc1ccs[n+]1/C(=N/c1ccccc1)NC1CCNCC1
decoy_3291,0.404664,0.371843,0.876022,0.858323,0.47674,0.438211,C1C[C@H]2C[NH2+][C@H]3[C@@]4(C1)[C@@H]2C[C@@]31OCO[C@]12CC[C@H]1C[C@@H]4[C@@H]2C1
decoy_3292,0.289186,0.375946,0.628669,0.779184,0.372147,0.456704,C(\NC[C@H](c1ccccc1)N1CCCC1)=[NH+]/C[C@H]1CCCO1
decoy_3293,0.429452,0.408101,0.790001,0.755174,0.508351,0.473702,[NH2+]=C(NCC1(c2ccccc2)CCOCC1)NC1CCCC1
decoy_3294,0.284131,0.372944,0.615868,0.765987,0.395495,0.463505,O=C(CN1CCCCC1)N1CC[NH+](Cc2ccccc2)CC1
decoy_3295,0.235942,0.367849,0.5094,0.764698,0.33536,0.45287,O=C(Nc1ccccc1)N1CC[NH+](CC2CCCCC2)CC1
decoy_3296,0.268501,0.431646,0.577443,0.808729,0.361671,0.523634,O=C(Nc1ccccc1)N[C@H]1CC[N@H+](CC2CCCC2)CC1
decoy_3297,0.337003,0.480555,0.660241,0.831935,0.449896,0.576399,O=C(NCC1(c2ccccc2)CCCC1)NC1CC[NH2+]CC1
decoy_3298,0.375736,0.446303,0.72095,0.841768,0.490873,0.549676,O=C(NCCC[NH+]1CCCCC1)N[C@H]1C[C@H]1c1ccccc1
decoy_3299,0.287364,0.362901,0.611061,0.721088,0.375061,0.436893,O=C(NCCC[NH+]1CCCCC1)N[C@H]1CCc2ccccc21
decoy_33,0.360704,0.317184,0.654576,0.653307,0.404716,0.393432,C=C1C=NC(=O)NC1=O
decoy_330,0.299206,0.477669,0.464513,0.772493,0.34328,0.521047,O=C(Nc1ccccc1)NC1CC1
decoy_3300,0.307694,0.392258,0.624717,0.744906,0.396122,0.462085,c1nc(NC2CC2)cc(N2CCC([NH+]3CCCCC3)CC2)n1
decoy_3301,0.236083,0.303079,0.524609,0.730509,0.29259,0.360844,O=C(CSc1ccccc1)N[C@]12C[C@H]3C[C@@H](C[C@H](C3)C1)C2
decoy_3302,0.315836,0.383423,0.592227,0.700583,0.408507,0.445023,O=C(COC(=O)c1cc2cccnc2s1)Nc1ccco1
decoy_3303,0.374358,0.495348,0.625282,0.727631,0.41995,0.529311,O=C(CSc1nc2ccccc2[nH]1)c1c[nH]c(=O)[nH]c1=O
decoy_3304,0.224399,0.318995,0.458757,0.607106,0.288817,0.372328,O=[P@@]1(c2ccccc2)NN2C[C@H]3C=CC=C[C@@H]3C[C@@H]2CO1
decoy_3305,0.386715,0.41785,0.698876,0.742761,0.444063,0.466308,O=[P@H]1NN2C[C@H]3C=C(c4ccccc4)C=C[C@H]3C[C@H]2CO1
decoy_3306,0.243725,0.29322,0.549458,0.608933,0.337157,0.370126,c1ccc(O[C@H]2CC[C@@H]3O[C@@H](c4ccco4)OC[C@H]3O2)cc1
decoy_3307,0.215537,0.273733,0.476433,0.560049,0.280278,0.335228,O=c1cc(CO[C@@H]2CCCCO2)oc2cc3c(cc12)CCO3
decoy_3308,0.258722,0.293892,0.565296,0.597582,0.336779,0.36566,O=c1ccoc2cc3c(cc12)C[C@H](CO[C@H]1CCCCO1)O3
decoy_3309,0.265351,0.308303,0.561207,0.604012,0.326748,0.366289,O=c1ccc2ccc3c(c2o1)C[C@H](O[C@H]1CCCCO1)CO3
decoy_331,0.425603,0.359072,0.771943,0.754824,0.506111,0.462937,c1ncc2c3c(sc2n1)CCC3
decoy_3310,0.302625,0.339295,0.583067,0.618008,0.36828,0.385205,O=C1N[C@H](c2c[nH]c3ccccc23)/C(=C/c2ccccc2)C1=O
decoy_3311,0.264643,0.331869,0.591103,0.721589,0.33043,0.387603,O=C(OCC1N=c2cc3ccccc3cc2=N1)c1ccccc1
decoy_3312,0.335275,0.357531,0.701591,0.72544,0.453848,0.4732,c1ncc2ncn([C@H]3C[C@H]4O[C@H]5CCCO[C@H]5C[C@H]4O3)c2n1
decoy_3313,0.367573,0.439298,0.680189,0.736941,0.442169,0.50033,O=C(CN1CC[NH2+]CC1)Nc1c[nH]c2cc3c(cc12)OCO3
decoy_3314,0.353182,0.40108,0.677035,0.705388,0.427028,0.461864,O=C(CN1C(=O)N[C@H](c2ccccc2)C1=O)N1CC[NH2+]CC1
decoy_3315,0.411457,0.424892,0.725722,0.724471,0.479619,0.474177,O=C(c1cnoc1-c1ccon1)N1CCC2(CC[NH2+]CC2)C1
decoy_3316,0.318365,0.383072,0.613091,0.674418,0.404407,0.466536,O=C(NC1CC[NH2+]CC1)c1nc(COc2ccccc2)no1
decoy_3317,0.285363,0.374196,0.592425,0.725658,0.354031,0.43466,O=C1CN(/N=C/c2ccccc2)C=C1C1N=c2ccccc2=N1
decoy_3318,0.374844,0.448713,0.644021,0.729407,0.415059,0.473209,O=C1Nc2ccccc2Nc2cc(Nc3cc[nH+]cc3)ccc21
decoy_3319,0.270959,0.345468,0.540167,0.665987,0.310009,0.401393,O=c1[nH]c(-c2c[nH]nc2Cc2ccccc2)nc2ccccc12
decoy_332,0.458998,0.360092,0.753902,0.739887,0.476192,0.407218,c1ccc(Nc2nccs2)cc1
decoy_3320,0.294672,0.371477,0.583969,0.712513,0.370714,0.448954,c1ccc(Nc2ncnc(Cn3cnc4ccccc43)n2)cc1
decoy_3321,0.379458,0.461816,0.649371,0.762042,0.451963,0.508527,O=C1CCc2cc(S(=O)(=O)Nc3ccccc3)ccc2N1
decoy_3322,0.32013,0.434525,0.582903,0.697377,0.382441,0.475557,O=C(Cc1cscn1)NN=CC=C([O-])Nc1ccccc1
decoy_3323,0.245218,0.286963,0.545746,0.585569,0.313632,0.347922,O=C1C[C@H]2[C@H](CCC[C@]23CO3)[C@@]2(CO[C@@H](c3ccoc3)C2)C1
decoy_3324,0.38053,0.395356,0.752591,0.772527,0.452274,0.454484,O=C([C@@H]1COc2ccccc2O1)N1CCC2(CC[NH2+]CC2)C1
decoy_3325,0.330697,0.338756,0.746935,0.759,0.387058,0.391182,O=C1CCCC2=C1[C@H](c1cccnc1)C=CN2c1ccccc1
decoy_3326,0.318524,0.402028,0.639724,0.737379,0.370766,0.451822,O=C1CN(Cc2ccc(CN3CCNC(=O)C3)cc2)CCN1
decoy_3327,0.358128,0.471801,0.805285,0.864738,0.479717,0.573003,O=C(CCNC(=O)[C@]12C[NH2+]C[C@@H]1C[NH2+]C2)Nc1ccccc1
decoy_3327_2,0.243622,0.336379,0.512653,0.632961,0.316549,0.398314,O=C(CCNC(=O)[C@]12CNC[C@@H]1C[NH2+]C2)Nc1ccccc1
decoy_3328,0.231629,0.349925,0.492788,0.644096,0.309561,0.407538,O=C(CNc1cccc2c1C[NH2+]C2)NC(=O)NC1CCCC1
decoy_3329,0.329656,0.420616,0.685638,0.851369,0.416642,0.503906,C1=C([C@H](c2ccccc2)c2cn[nH]c2)CN(c2ccccc2)N1
decoy_333,0.604062,0.457409,0.947434,0.903626,0.669076,0.567977,Nc1nc(-c2ccccc2)cs1
decoy_3330,0.264178,0.389106,0.528871,0.728937,0.310872,0.430853,c1ccc(-n2cccn2)c(C[NH2+]Cc2c[nH]c3ccccc23)c1
decoy_3331,0.412512,0.473718,0.745314,0.840503,0.505019,0.543124,c1ccc(-n2cc(C[NH2+]Cc3cc4ccccc4[nH]3)cn2)cc1
decoy_3332,0.297324,0.401763,0.629186,0.815012,0.360215,0.46931,O=C(NCc1ccco1)[C@H]1CSC[C@@H](c2ccccc2)N1
decoy_3333,0.230424,0.301371,0.494515,0.602945,0.300401,0.362559,O=C(c1ccns1)N(Cc1ccccc1)C[C@H]1CCCO1
decoy_3334,0.238864,0.341833,0.526278,0.726262,0.310727,0.404772,c1cc(Nc2cc3c(s2)CCC3)nc(N2CCOCC2)n1
decoy_3335,0.338847,0.472841,0.632711,0.796482,0.423124,0.544578,O=C(CSc1ncc(-c2ccccc2)[nH]1)N1CC[NH2+]CC1
decoy_3336,0.226365,0.253137,0.59168,0.624216,0.338012,0.364106,C1CC[C@@H](OCCCOCCCO[C@@H]2CCCCO2)OC1
decoy_3337,0.322322,0.445011,0.654346,0.888848,0.408305,0.516718,c1ccc(CN[C@H]2C[C@@H]([NH+]3CCCCC3)[C@H]3OC[C@@H]2O3)cc1
decoy_3338,0.317582,0.399967,0.639704,0.721647,0.428526,0.503303,O=C(NCCN1CCc2ccccc2C1)NC1CC[NH2+]CC1
decoy_3339,0.303162,0.349953,0.572318,0.654959,0.37638,0.419201,O=C(c1cccs1)[C@H]1CNC(=S)N[C@@H]1c1ccccc1
decoy_334,0.494038,0.393386,0.864746,0.848112,0.529595,0.432248,c1ccc(Sc2ccn[nH]2)cc1
decoy_3340,0.300031,0.405256,0.55102,0.68025,0.325721,0.43054,S=C(NNC(=S)Nc1ccccc1)Nc1ccccc1
decoy_3341,0.290304,0.358792,0.601015,0.731548,0.375296,0.432128,c1ccc(N2CC[NH+](CCCNc3nccs3)CC2)cc1
decoy_3342,0.354527,0.424143,0.684409,0.772528,0.426768,0.493325,c1n[nH]c2c1C[C@@H]([NH2+]CC1(N3CCCCC3)CCCC1)CC2
decoy_3343,0.205401,0.287334,0.550442,0.669605,0.314188,0.379341,c1cncc(NCCC[NH2+]C2CCC3(CC[NH2+]CC3)CC2)c1
decoy_3343_2,0.200319,0.29272,0.485321,0.607844,0.30013,0.378952,c1cncc(NCCC[NH2+]C2CCC3(CCNCC3)CC2)c1
decoy_3344,0.364432,0.392965,0.644971,0.684379,0.450231,0.468718,O=C(COC(=O)c1cc2cccnc2s1)Nc1ccno1
decoy_3345,0.246284,0.279607,0.488365,0.515742,0.29804,0.320376,O=C1C=C(C(=O)c2cc3ccccc3o2)[C@@H](c2ccccc2)N1
decoy_3346,0.288969,0.326473,0.558552,0.562856,0.354174,0.382312,O=C(CNCCCOc1ccccc1)c1c[nH]c([O-])nc1=O
decoy_3347,0.355074,0.396959,0.64026,0.728388,0.456677,0.49821,O=C(COc1ccccc1)NNC(=O)NCCc1ccco1
decoy_3348,0.435904,0.435781,0.78891,0.826976,0.524796,0.506791,O=C(OC[C@H]1CC[C@@H](N2NC=CNC2=O)O1)c1ccccc1
decoy_3349,0.27855,0.364123,0.514601,0.657716,0.317954,0.398021,O=C1N[C@H](c2ccccc2)/C(=C/c2cnc3ccccn23)C1=O
decoy_335,0.557554,0.439784,0.944982,0.912984,0.605851,0.521898,c1ccc(Sc2cn[nH]c2)cc1
decoy_3350,0.29305,0.35881,0.588405,0.680893,0.394556,0.445336,O=C1C=C(C(=O)c2cnc3ccccn23)[C@@H](c2ccccc2)N1
decoy_3351,0.267228,0.347623,0.530227,0.662277,0.314791,0.380736,O=C1C=C(C(=O)c2cn3ccccc3n2)[C@@H](c2ccccc2)N1
decoy_3352,0.35305,0.479736,0.599984,0.768544,0.411158,0.51677,O=C(Nc1ccccc1)C1=CN2CCS(=O)(=O)N=C2C=C1
decoy_3353,0.374427,0.427276,0.694261,0.747623,0.460322,0.488595,O=C1CN(C(=O)C2(Oc3ccccc3)CC[NH2+]CC2)CCN1
decoy_3354,0.376163,0.421357,0.688156,0.682641,0.427425,0.46238,O=C(CSC1=[NH+]C(=O)CC=N1)N[C@H]1CCS(=O)(=O)C1
decoy_3355,0.246577,0.304863,0.483536,0.532499,0.316629,0.350749,c1ccc(C[NH2+]Cc2c[nH]nc2-c2cc3ccccc3o2)cc1
decoy_3356,0.337433,0.375148,0.632931,0.688325,0.411758,0.423849,O=c1c([C@H]2[NH2+]CCc3ccccc32)cncn1-c1ccccc1
decoy_3357,0.364789,0.486285,0.687942,0.791164,0.425622,0.54664,c1ccc(-c2n[nH]cc2C[NH2+]Cc2nc3ccccc3[nH]2)cc1
decoy_3358,0.30981,0.349727,0.699404,0.76495,0.410065,0.442485,O=C(Cc1cscn1)c1ccc(O[C@@H]2CCCCO2)cc1
decoy_3359,0.282856,0.389096,0.591564,0.698273,0.357716,0.463073,O=C(C[NH+]1CCCCC1)NC(=O)N[C@H]1CCS(=O)(=O)C1
decoy_336,0.480252,0.570395,0.758464,0.901462,0.515838,0.58199,c1ccc(NC[C@H]2CC[NH2+]C2)cc1
decoy_3360,0.364328,0.441133,0.660446,0.789296,0.466776,0.531555,O=C(Cc1ccccc1)NNC(=O)NCCc1ccsc1
decoy_3361,0.425665,0.498098,0.739228,0.78865,0.488225,0.560052,O=C(C[NH2+]CCC(=O)Nc1cccs1)Nc1ccccc1
decoy_3362,0.361904,0.420957,0.713132,0.789274,0.462897,0.515536,O=C(CNCc1ccccc1)NC(=O)NCc1cccs1
decoy_3363,0.297011,0.432196,0.584868,0.728322,0.403043,0.509331,O=C(C[NH2+]Cc1cccs1)NCC(=O)Nc1ccccc1
decoy_3364,0.267258,0.403027,0.540081,0.745766,0.351063,0.467534,O=C(CNC(=O)NCCc1ccsc1)Nc1ccccc1
decoy_3365,0.314494,0.461397,0.59804,0.767943,0.386137,0.53811,O=C(NCC[NH2+]Cc1ccccc1)C(=O)Nc1cccs1
decoy_3366,0.300074,0.42482,0.594231,0.724336,0.368869,0.515159,O=C(CC1=CN=NC1)N[C@H]1CN[C@H](Nc2ccccc2)S1
decoy_3367,0.289413,0.380368,0.595573,0.713505,0.368663,0.450314,O=C(NC[C@@H]1OCC[C@H]1[NH+]1CCCCC1)Nc1ccccc1
decoy_3368,0.296911,0.404428,0.583866,0.741751,0.405901,0.515377,O=C(NCCCC[NH+]1CCCCC1)C(=O)Nc1ccccc1
decoy_3369,0.321421,0.397623,0.660516,0.802862,0.430621,0.480419,O=C(NC[C@@H](c1ccccc1)[NH+]1CCCC1)N1CCOCC1
decoy_337,0.28364,0.434258,0.486332,0.777625,0.321117,0.442715,c1ccc(NC2CCCCC2)[nH+]c1
decoy_3370,0.39582,0.441886,0.803637,0.82287,0.512867,0.531685,O=C(NCCOc1ccccc1)[C@H]1C[NH2+]CC12CC[NH2+]CC2
decoy_3371,0.33787,0.392972,0.606374,0.652856,0.405569,0.43564,O=C(NCCc1ccsc1)NN[C@H]1CCS(=O)(=O)C1
decoy_3372,0.296258,0.378983,0.607653,0.725838,0.36697,0.443358,O=C([C@H]1C[N@H+]2CC[C@@H]1C[C@H]2Cn1ccnn1)N1CCCCC1
decoy_3373,0.319147,0.406635,0.663921,0.764725,0.409402,0.492368,c1ccc(CCN[C@H]2CCO[C@H]2C[NH2+]C2CCNCC2)cc1
decoy_3374,0.285979,0.407288,0.661629,0.829642,0.380522,0.512473,c1ccc([C@H]2[NH2+]CC[C@@H]2C[NH2+]CCCN2CCOCC2)cc1
decoy_3375,0.23785,0.364114,0.520484,0.709773,0.332463,0.463741,c1c(C[N@H+]2CCC3(CCCC3)C2)nnn1C[C@H]1CCCNC1
decoy_3376,0.290759,0.341943,0.548467,0.59136,0.337533,0.410123,O=C1Cc2cc3n(c(=O)c2CO1)Cc1cc2ccccc2nc1-3
decoy_3377,0.349643,0.417708,0.63688,0.66973,0.405515,0.458368,O=C(C[NH2+]Cc1cccs1)Nc1occ2cn[nH]c(=O)c12
decoy_3378,0.299963,0.4219,0.593503,0.748642,0.367918,0.498393,O=C(OCc1ncncn1)c1ccsc1NC(=O)C1CC1
decoy_3379,0.260496,0.321179,0.513197,0.597813,0.317217,0.370433,C=C1C(=O)C[C@@H]2C[C@H]3C(=C)c4ccccc4C(=O)C3=C[C@@H]2C1=O
decoy_337_2,0.258607,0.386309,0.447245,0.775169,0.281192,0.422993,c1ccc(NC2CCCCC2)nc1
decoy_338,0.468884,0.551055,0.750619,0.886414,0.527182,0.582428,c1ccc(NC2CC[NH2+]CC2)cc1
decoy_3380,0.329347,0.415405,0.564327,0.658556,0.383512,0.447488,O=C(COC(=O)c1cnsc1)N[C@H]1CCS(=O)(=O)C1
decoy_3381,0.231548,0.271044,0.535432,0.580714,0.325309,0.354833,C1=C[C@@H](c2ccc(OCc3ccccc3)cc2)C2=CN=N[C@H]2O1
decoy_3382,0.254585,0.309066,0.538529,0.606961,0.352669,0.401429,O=c1c2ncn([C@H]3CCCCO3)c2ncn1[C@@H]1CCCCO1
decoy_3383,0.296703,0.319883,0.648271,0.693172,0.427031,0.439472,C1=C[C@@H](c2ccc(OCc3ccccc3)cc2)n2ncnc2N1
decoy_3384,0.298041,0.390545,0.599305,0.716885,0.367384,0.449893,[H]/N=c1/cc/c1=N\CCc1ccc(NC(=O)c2ccncc2)cc1
decoy_3385,0.281524,0.364096,0.538131,0.624435,0.335412,0.393822,O=c1[nH]nc(C[NH2+]Cc2c[nH]c3ccccc23)c2ccccc12
decoy_3386,0.31328,0.366163,0.631125,0.701879,0.412899,0.44049,O=c1[nH]c(=O)n([C@@H]2CCCO2)cc1CSc1ccccc1
decoy_3387,0.244399,0.355688,0.491978,0.692186,0.315692,0.415567,O=C(CCc1cccs1)NNC(=O)COc1ccccc1
decoy_3388,0.350394,0.496841,0.626208,0.820321,0.410166,0.544249,O=C(CCNS(=O)(=O)c1ccccc1)Nc1ccccc1
decoy_3389,0.353306,0.372025,0.680241,0.715846,0.443274,0.473308,O=C(COC(=O)c1ccc[nH]1)Nc1cc2c(s1)CCCC2
decoy_339,0.41504,0.450294,0.693163,0.740361,0.44914,0.453622,c1ccc(C[NH+]2CCNCC2)cc1
decoy_3390,0.412553,0.330303,0.808476,0.724062,0.523181,0.439559,O=C(Nc1nccs1)c1ccccc1O[C@@H]1CCCCO1
decoy_3391,0.277243,0.370813,0.493894,0.65294,0.297793,0.392563,[NH2+]=c1oc2ccccc2cc1-c1nc(-c2ccccc2)cs1
decoy_3392,0.276255,0.39604,0.544719,0.704894,0.360945,0.481549,O=C(NCCc1cccs1)NNC(=O)Nc1ccccc1
decoy_3393,0.383447,0.435104,0.691065,0.708937,0.454687,0.480293,O=S(=O)(c1ccccc1)c1cncnc1N1CC[NH2+]CC1
decoy_3394,0.38798,0.481057,0.760724,0.815653,0.449293,0.537037,O=C(CS[C@@H]1NN[C@@H]([C@H]2C=CN=N2)N1)Nc1ccccc1
decoy_3395,0.407617,0.356368,0.861687,0.808603,0.48545,0.435629,c1coc(C[NH2+]CCCn2c3ccccc3c3ccccc32)c1
decoy_3396,0.227423,0.291053,0.489274,0.613033,0.276248,0.33088,[NH2+]=c1ccc2c(CN(Cc3ccccc3)C3CC3)ccoc-2c1
decoy_3397,0.383658,0.452589,0.715448,0.767291,0.49128,0.551315,O=C(Cc1ccccc1)NNC(=O)NCC[NH+]1CCCCC1
decoy_3398,0.231587,0.305142,0.486786,0.586032,0.279636,0.341253,O=C(c1ccns1)N(Cc1ccco1)Cc1cccs1
decoy_3399,0.348065,0.436364,0.679344,0.760276,0.45173,0.530684,O=C(NC[C@@H]1OCC[C@H]1N1CC[NH2+]CC1)Nc1ccccc1
decoy_34,0.351963,0.414601,0.652342,0.809806,0.475251,0.533374,[H]/N=C1/C(=C)C(=O)NC1=O
decoy_340,0.423011,0.522492,0.697511,0.848991,0.464587,0.537427,c1ccc(NC[C@H]2CCC[NH2+]2)cc1
decoy_3400,0.375588,0.497806,0.668295,0.805365,0.435024,0.556433,c1ccc(C[N@@H+]2CN[C@@H](c3ccccc3)[C@H]2c2c[nH]cn2)cc1
decoy_3401,0.444108,0.500494,0.740748,0.826675,0.506529,0.559979,C1=C(C[NH2+]Cc2cc3ccccc3[nH]2)CN(c2ccccc2)N1
decoy_3402,0.280328,0.428835,0.558633,0.768641,0.333692,0.484149,C1=C(C[NH2+]C[C@H]2C=c3ccccc3=N2)CN(c2ccccc2)N1
decoy_3403,0.262003,0.305524,0.462804,0.506606,0.292739,0.334421,O=C1NC(CSc2nncs2)=C[C@@H](c2ccccc2)N1
decoy_3404,0.261579,0.357425,0.546013,0.664698,0.334643,0.415265,O=C(C[NH+]1CCN(Cc2ncncn2)CC1)N1CCCCC1
decoy_3405,0.33691,0.416803,0.719597,0.76213,0.420366,0.492131,O=C(NCC[NH+]1CCCCC1)NN[C@H]1CCS(=O)(=O)C1
decoy_3406,0.320542,0.427045,0.610168,0.7222,0.390339,0.470938,c1nc(NCC[NH+]2CCCCC2)cc(Nc2nccs2)n1
decoy_3407,0.354365,0.437717,0.681472,0.791064,0.44182,0.509413,O=C(NCCC[NH+]1CCCCC1)NCCNc1ccccc1
decoy_3408,0.386368,0.547927,0.687435,0.889508,0.458898,0.605014,O=C(CSc1ccccc1)Nc1cc2c(s1)C[NH2+]CC2
decoy_3409,0.36146,0.40194,0.623042,0.626263,0.416887,0.438971,O=c1[nH]cncc1-c1c(-c2ccccc2)[nH]c2nc[nH]c(=O)c12
decoy_341,0.425886,0.508343,0.705578,0.835447,0.488692,0.543997,c1ccc(N[C@H]2CCC[NH2+]C2)cc1
decoy_3410,0.284534,0.36895,0.542118,0.646862,0.356852,0.474253,O=C(COC(=O)c1ccccn1)NNC(=O)c1cccs1
decoy_3411,0.293497,0.360466,0.622287,0.719908,0.407443,0.448653,O=C1N[C@H](c2ccccc2)/C(=C/c2ccc3c(c2)CCO3)C1=O
decoy_3412,0.363147,0.420126,0.695223,0.733721,0.457687,0.495168,O=C(CNC(=O)c1ccccc1)OCC(=O)N1CC[NH2+]CC1
decoy_3413,0.224569,0.303233,0.501021,0.651015,0.298535,0.368595,O=C1C[C@H](c2noc(-c3ccccc3)n2)CN1c1ccccc1
decoy_3414,0.287109,0.369304,0.542945,0.615333,0.334021,0.400857,O=C1NC(c2ccccc2)=[NH+]N[C@@]12CC(c1ccccc1)=NN2
decoy_3415,0.362273,0.428331,0.681004,0.7437,0.429056,0.470384,O=C1NN=C(C[C@H]2C=NN=C2c2ccccc2)C2=CC=NC[C@H]12
decoy_3416,0.453155,0.447759,0.808332,0.749422,0.529769,0.509937,O=C(Nc1ccc(C2N=c3ccccc3=N2)cc1)[C@@H]1C=CNN1
decoy_3417,0.282089,0.333784,0.531577,0.564251,0.318211,0.363941,[O-]C(=N\c1nncs1)/C([O-])=N/c1nc2ccccc2s1
decoy_3418,0.223566,0.306718,0.507786,0.863961,0.291963,0.360408,O=C(Cc1ccccc1)N(Cc1ccccc1)Cc1ccco1
decoy_3419,0.271335,0.360508,0.559522,0.65521,0.360508,0.43565,NC1=CCCc2oc(C(=O)NCCC[NH+]3CCOCC3)cc21
decoy_342,0.557571,0.471206,0.776258,0.762647,0.607641,0.539954,C(=N/Nc1ncn[nH]1)\c1ccco1
decoy_3420,0.270238,0.420153,0.568503,0.813552,0.358257,0.489586,O=C(NC[C@@H]1OCC[C@H]1N1CCOCC1)Nc1ccccc1
decoy_3421,0.357293,0.41987,0.708347,0.829819,0.430466,0.478555,c1ccc(Oc2c(C[NH2+]C3CC3)cnn2-c2ccccc2)cc1
decoy_3422,0.327863,0.403468,0.64812,0.762215,0.38797,0.442638,c1ccc(Oc2[nH]nc(-c3ccccc3)c2C[NH2+]C2CC2)cc1
decoy_3423,0.237597,0.323994,0.517764,0.749619,0.296983,0.395332,C1=C[C@@]23CCN(c4ccncn4)Cc4cccc(c42)O[C@H]3CC1
decoy_3424,0.446365,0.451148,0.812298,0.80834,0.511885,0.496481,O=c1ccn(-c2ccccc2)c2cc(N3CC[NH2+]CC3)ccc12
decoy_3425,0.277053,0.408628,0.590167,0.808858,0.341309,0.478096,O=C(NCc1ccccc1)[C@@H]1CC=C2Nc3ccccc3CN21
decoy_3426,0.326388,0.3993,0.718801,0.870847,0.424258,0.474772,O=C(NCCCc1ccn(-c2ccccc2)n1)c1ccccc1
decoy_3427,0.313167,0.440801,0.636315,0.769937,0.419035,0.524278,O=C(Nc1ccc(N2CCOCC2)nc1)NC1CC[NH2+]CC1
decoy_3428,0.241268,0.373739,0.533769,0.685829,0.329356,0.444439,O=C(NCC[NH+]1CCCCC1)NNC(=O)Nc1ccccc1
decoy_3429,0.274157,0.349882,0.6048,0.738192,0.364113,0.42388,c1ccc(N2CCN(Cc3ncc4ccccc4n3)CC2)nc1
decoy_343,0.39994,0.550837,0.588552,0.767368,0.429094,0.559405,C(=N/Nc1ncn[nH]1)\c1cn[nH]c1
decoy_3430,0.345263,0.3714,0.701199,0.723777,0.439792,0.461654,c1ccc([C@H]2NCN(Cc3nc[nH]n3)[C@@H]2c2ccccc2)cc1
decoy_3431,0.326639,0.449915,0.629806,0.7536,0.389406,0.508346,c1ccc(CC[NH2+]Cc2ncnc(Nc3ccccc3)n2)cc1
decoy_3432,0.361198,0.458597,0.672821,0.755024,0.428333,0.530146,C1=C(C[NH2+]CC2N=c3ccccc3=N2)CN(c2ccccc2)N1
decoy_3433,0.329156,0.430509,0.639342,0.752346,0.430537,0.506761,[H]/N=C1/C=CC2=N[C@@H](CCCCc3nc4ccccc4[nH]3)NC2=C1
decoy_3434,0.324844,0.436098,0.631472,0.78743,0.365315,0.500915,O=C1NC(CS/C=[NH+]/C2CCCC2)=C[C@@H](c2ccco2)N1
decoy_3435,0.35287,0.414966,0.680268,0.725888,0.436175,0.462432,O=C(C[C@@H]1Sc2ccccc2NC1=O)NC1CC[NH2+]CC1
decoy_3436,0.284915,0.411781,0.559831,0.704922,0.340496,0.448071,O=C(CN1CC[NH+](Cc2cn[nH]c2)CC1)Nc1cccs1
decoy_3437,0.261106,0.362835,0.537687,0.659833,0.354656,0.443309,O=C(CS[C@H]1NCNN1)NCCC1=c2ccccc2=NC1
decoy_3438,0.369703,0.457438,0.712205,0.846675,0.478537,0.55278,O=C(NCCC[NH+]1CCCCC1)NCCOc1ccccc1
decoy_3439,0.381945,0.454298,0.732667,0.850314,0.486639,0.543575,O=C(NCCCOc1ccccc1)NCC[NH+]1CCCCC1
decoy_344,0.410256,0.476868,0.603902,0.651527,0.44772,0.469055,C1=NO[C@@H](CNc2cccc[nH+]2)C1
decoy_3440,0.274276,0.306991,0.505613,0.523879,0.311181,0.340352,O=S(=O)(c1ccccc1)N1CCS[C@H]1c1ccccc1
decoy_3441,0.31407,0.391812,0.618489,0.701495,0.409128,0.483702,C1=C(c2ccccc2)NC2(CC[NH2+]CC2)N[C@@H]1c1ccccc1
decoy_3442,0.247038,0.410565,0.543315,0.768439,0.336618,0.500221,O=C(Cn1cncn1)NCC1([NH+]2CCCCC2)CCCCC1
decoy_3443,0.326981,0.36321,0.617563,0.675461,0.392489,0.428833,O=C(CCc1cccs1)NNC(=S)Nc1ccccc1
decoy_3444,0.294226,0.332629,0.582308,0.624234,0.369156,0.403106,O=C(CSc1ncccn1)Nc1cc2c(s1)CCCC2
decoy_3445,0.233453,0.327881,0.586344,0.697231,0.315844,0.402206,c1nc(NCC[NH+]2CCCCC2)cc(NN2CC[NH2+]CC2)n1
decoy_3445_2,0.321216,0.41993,0.675192,0.752812,0.416589,0.510507,c1nc(NCCN2CCCCC2)cc(NN2CC[NH2+]CC2)n1
decoy_3446,0.353816,0.425293,0.68042,0.734526,0.431204,0.493241,O=C(NCCc1ccccc1)[C@@H]1CSC2(CC[NH2+]CC2)N1
decoy_3447,0.28271,0.337929,0.711895,0.745374,0.387921,0.437449,c1ccc(CC[C@@H]2CNCC[NH2+]CCCNCC[NH2+]C2)nc1
decoy_3448,0.225493,0.294022,0.47586,0.57503,0.288982,0.352516,O=C(c1ccco1)N1N=C(c2ccco2)C[C@H]1c1ccccc1
decoy_3449,0.332562,0.386673,0.651026,0.714044,0.415361,0.464681,[H]/N=C(/C(=O)Nc1ccccc1)[C@@H]1C=NN(c2ccccc2)C1=O
decoy_345,0.315477,0.428833,0.526675,0.886201,0.340203,0.427756,C(=C/c1cccs1)\c1ccno1
decoy_3450,0.3877,0.491517,0.673755,0.780795,0.433544,0.533531,O=C(Nc1cccnc1)c1ccc2c(c1)=C1CCNC(=O)[C@H]1N=2
decoy_3451,0.266549,0.372117,0.543125,0.692919,0.348249,0.448518,O=C(NCc1cccnc1)C(=O)Nc1cccc2cccnc12
decoy_3452,0.243524,0.31998,0.496752,0.62698,0.305681,0.388672,O=C(OCc1ncnc(Nc2ccccc2)n1)c1ccccc1
decoy_3453,0.27768,0.440831,0.555541,0.751795,0.3609,0.512793,O=C(NNc1cc(Nc2ccccc2)ncn1)c1ccncc1
decoy_3454,0.304992,0.410984,0.6088,0.7261,0.384792,0.486893,O=C(NNc1cc(Nc2ccccn2)ncn1)c1ccccc1
decoy_3455,0.305616,0.422613,0.567406,0.679486,0.369009,0.467096,O=C(NNc1cc(Nc2cc[nH+]cc2)ncn1)c1ccccc1
decoy_3456,0.392849,0.486733,0.703209,0.758102,0.487481,0.559091,O=C(CCNC(=O)c1cccs1)NNC(=O)c1ccc[nH]1
decoy_3457,0.239426,0.281008,0.548404,0.6061,0.338636,0.375413,O=C(OC[C@H]1CCC[C@@H](O[C@H]2CCCO2)O1)c1ccccc1
decoy_3458,0.254948,0.294674,0.576589,0.61837,0.321339,0.366725,O=c1c(-c2ccccc2)coc2c([C@@H]3CCCCO3)cccc12
decoy_3459,0.229952,0.298625,0.520747,0.637689,0.304937,0.422723,O=c1c(-c2ccccc2)coc2ccc([C@@H]3CCCCO3)cc12
decoy_346,0.468693,0.369608,0.717754,0.691317,0.536332,0.455688,c1ccc(Nc2nncs2)cc1
decoy_3460,0.235615,0.328219,0.477494,0.5957,0.293458,0.377282,O=C1NC(=O)[C@H]2[C@@H]1[C@H](Cc1ccccc1)[NH2+][C@@H]2c1ccccc1
decoy_3461,0.291576,0.372475,0.605415,0.68867,0.353771,0.428098,O=C(C[NH+]1CCCC1)N(c1c[nH]c(=O)[nH]c1=O)C1CCCC1
decoy_3462,0.424863,0.424395,0.75216,0.775238,0.48262,0.466735,c1ccc(COc2ccc([C@H]3NCCc4[nH+]cn[c-]43)cc2)nc1
decoy_3463,0.379023,0.40576,0.658786,0.713442,0.442546,0.46114,c1ccc(COc2ccc([C@H]3NCCc4[nH+]c[nH]c43)cc2)nc1
decoy_3464,0.28744,0.402153,0.609028,0.738668,0.376146,0.488781,N/C(=C/CC1=CNc2ccccc2N1)C(=O)Nc1ccccc1
decoy_3465,0.233333,0.301217,0.464281,0.537243,0.297091,0.355505,O=c1ncn(C2CC2)cc1[C@H]1NCCc2c1[nH]c1ccccc21
decoy_3466,0.277714,0.328452,0.603726,0.679877,0.362103,0.406351,O=C(CCc1ccccc1)NCc1cccnc1-n1cccn1
decoy_3467,0.207293,0.324784,0.424725,0.629263,0.273242,0.374168,O=C(CCc1ccc(N2C=NC=[NH+]C2)cc1)Nc1ccccc1
decoy_3468,0.340338,0.3977,0.636168,0.707716,0.417256,0.467513,O=C(Nc1cccc2c1C[NH2+]C2)C1=NN(c2ccccc2)CC1
decoy_3469,0.258631,0.40566,0.53423,0.761117,0.353658,0.471579,O=C(NCCNc1ccc2ccccc2n1)Nc1ccccc1
decoy_347,0.292827,0.401247,0.512603,0.895822,0.335772,0.438914,c1ccc(N[C@@H]2CCCCO2)cc1
decoy_3470,0.290137,0.368666,0.598793,0.714128,0.391059,0.446541,c1cnnc(N2CCN(Cc3ncc4ccccc4n3)CC2)c1
decoy_3471,0.277886,0.349458,0.595784,0.703449,0.349341,0.409262,c1ccc2nc(CN3CCN(c4ccncn4)CC3)ncc2c1
decoy_3472,0.303932,0.330888,0.65624,0.689811,0.380231,0.414121,c1ccc(N2CCN(c3cc(-n4cccn4)ncn3)CC2)cc1
decoy_3473,0.317235,0.432802,0.683493,0.80068,0.419269,0.518177,c1cc(Nc2cc(N3CC[NH2+]CC3)nc[nH+]2)c2cccnc2c1
decoy_3474,0.235292,0.275317,0.551173,0.597039,0.330386,0.369826,c1ccc(CCO[C@H]2OCCC[C@H]2O[C@H]2CCCCO2)cc1
decoy_3475,0.227546,0.263408,0.57646,0.625679,0.331949,0.369233,c1ccc(CO[C@@H]2CCC[C@@H](CO[C@H]3CCCCO3)O2)cc1
decoy_3476,0.225304,0.268342,0.567031,0.62186,0.34563,0.373648,c1ccc(CCO[C@@H]2CCC[C@@H](CO[C@H]3CCCO3)O2)cc1
decoy_3477,0.381982,0.320064,0.779534,0.649698,0.492431,0.427939,c1ccc(CNC2=[NH+]c3ccccc3NC23CC[NH2+]CC3)cc1
decoy_3478,0.227705,0.342957,0.529327,0.678845,0.305932,0.41373,c1ccc(CNC2=[NH+]c3ccccc3N[C@]23CCC[NH2+]C3)cc1
decoy_3479,0.318483,0.402145,0.639916,0.760153,0.397475,0.463202,c1ccc(N2CCC([NH2+]Cc3nc4ccccc4[nH]3)CC2)cc1
decoy_348,0.286184,0.398498,0.551332,0.929536,0.380282,0.489576,c1ccc(NC2CCOCC2)cc1
decoy_3480,0.241639,0.343681,0.591907,0.709256,0.330058,0.425746,c1nc(NCC[NH+]2CCOCC2)cc(NC2CC[NH2+]CC2)n1
decoy_3481,0.27715,0.341208,0.637692,0.769973,0.370988,0.42335,c1ccc(Nc2cc(NC3CCCCC3)cc3ccnn23)cc1
decoy_3482,0.270293,0.312489,0.633645,0.660084,0.346449,0.373317,c1cc(N2CC[NH2+]CC2)nc(NCCC[NH+]2CCOCC2)n1
decoy_3482_2,0.336478,0.424568,0.681794,0.757849,0.42361,0.506322,c1cc(N2CC[NH2+]CC2)nc(NCCCN2CCOCC2)n1
decoy_3483,0.331152,0.368903,0.691579,0.688007,0.426091,0.452824,O=C(NCc1cn([C@H]2CC[NH2+]C2)nn1)NC1CCCCCC1
decoy_3484,0.258869,0.339089,0.566332,0.641424,0.344007,0.415697,O=C(NCCC[NH+]1CCCCC1)NCCNc1ncccn1
decoy_3485,0.348,0.430546,0.693159,0.760599,0.467826,0.532437,O=C(NCCc1ccccc1)NNC(=S)NC1CCCC1
decoy_3486,0.439953,0.448012,0.773941,0.74272,0.515538,0.512335,N/C(=N\NC(=O)c1ccccc1)c1cc2ccccc2oc1=O
decoy_3487,0.256318,0.335234,0.494052,0.598882,0.307499,0.392403,O=C1NC(=O)N(c2ccccc2)C(=O)/C1=C\Nc1ccccc1
decoy_3488,0.303729,0.416998,0.593772,0.727547,0.354435,0.482536,O=C(Cc1nc2ccccc2[nH]c1=O)C(=O)Nc1ccccc1
decoy_3489,0.308885,0.405872,0.567237,0.702016,0.378895,0.459397,O=C(Nc1cn(-c2ccccc2)c(=O)[nH]c1=O)c1ccccc1
decoy_349,0.299899,0.386424,0.45498,0.644785,0.32886,0.404778,c1ccc(C[NH2+][C@H]2CCOC2)cc1
decoy_3490,0.265541,0.371941,0.535534,0.70173,0.334225,0.445401,O=C(/C=C/c1ccco1)NNC(=O)c1cnc2ccccc2c1
decoy_3491,0.283374,0.36708,0.578329,0.686867,0.381189,0.449067,O=C(NNc1cc(Oc2ccccc2)ncn1)c1cccnc1
decoy_3492,0.342152,0.37294,0.667592,0.702746,0.443278,0.480125,O=C(OCc1ncnc(Nc2ccccc2)n1)c1ccccn1
decoy_3493,0.323887,0.467771,0.606372,0.773087,0.422767,0.534172,O=C(CCC(=O)Nc1cccs1)NNC(=O)c1ccoc1
decoy_3494,0.262361,0.335461,0.536511,0.681924,0.34732,0.420384,O=C(Cc1cc2ccccc2oc1=O)NCCc1ccccc1
decoy_3495,0.221627,0.36147,0.4418,0.641642,0.276084,0.408727,[NH2+]=c1ccc2c(CNCC(=O)Nc3ccccc3)ccoc-2c1
decoy_3496,0.401856,0.532324,0.718357,0.887649,0.481927,0.604814,O=C1NC=C(C(=O)NCc2ccccc2)[C@H](c2ccccc2)N1
decoy_3497,0.361035,0.437229,0.642505,0.734021,0.42009,0.486177,O=C1Nc2ccc(-c3ccccc3)cc2C(=O)N2CC[NH2+]C[C@@H]12
decoy_3498,0.233362,0.27298,0.465951,0.494681,0.294165,0.317245,O=C1NC(=O)[C@H]2[C@@H]1[C@H](Cc1ccccc1)[NH2+][C@@H]2c1ccccn1
decoy_3499,0.31691,0.39873,0.614171,0.710898,0.389631,0.461536,O=C(Nc1ccccc1)[C@H]1CCN[C@@]12C(=O)Nc1ccccc12
decoy_35,0.358705,0.312955,0.648706,0.643435,0.397568,0.389769,C=C1C(=O)N=CNC1=O
decoy_350,0.289574,0.344763,0.578821,0.616311,0.373894,0.420411,c1ccc(CN2CCOCC2)cc1
decoy_3500,0.404751,0.431534,0.755044,0.837721,0.519087,0.526693,O=C(NCCc1ccccc1)Nc1cccc(-c2cnco2)c1
decoy_3501,0.28417,0.388791,0.588429,0.744345,0.363583,0.46925,O=C(NCCC1=c2ccccc2=NC1)C(=O)Nc1ccccc1
decoy_3502,0.311249,0.438502,0.51955,0.639367,0.34847,0.465276,O=S1(=O)N=C([N-][NH+]=c2cc[nH]cc2)Sc2ccncc21
decoy_3503,0.249171,0.322844,0.508986,0.585075,0.301711,0.383845,C1=C(c2cc[nH+]c(NCCC3N=c4ccccc4=N3)n2)CNN1
decoy_3504,0.323949,0.406313,0.664625,0.72197,0.39681,0.457079,O=S(=O)(NCc1cn([C@H]2CC[NH2+]C2)nn1)c1ccccc1
decoy_3505,0.355885,0.428263,0.695045,0.776364,0.489855,0.543423,O=C1NC(=O)[C@]2(CC[C@H](C(=O)NCC3CCCCC3)CC2)N1
decoy_3506,0.247687,0.342041,0.505597,0.687374,0.337828,0.423635,O=C(COC(=O)c1ccsc1)Nc1cc2c(s1)CCC2
decoy_3507,0.202605,0.35508,0.438629,0.683621,0.285039,0.435079,c1ccc([C@@]2(C[NH2+]Cc3nc4ccccc4[nH]3)CCOC2)cc1
decoy_3508,0.300215,0.436686,0.617173,0.80372,0.389917,0.507445,c1ccc(OCCC[NH2+]Cc2c[nH]nc2-c2ccccc2)cc1
decoy_3509,0.241704,0.37191,0.492228,0.695044,0.301037,0.428405,O=C1N[C@]2(CC[N@@H+](Cc3ccccc3)CC2)Nc2ccccc21
decoy_351,0.42937,0.462321,0.786984,0.840054,0.469067,0.475602,c1ccc(OCC[NH2+]C2CC2)cc1
decoy_3510,0.352881,0.446752,0.710003,0.79634,0.426335,0.531848,O=C(C[NH2+]Cc1cn[nH]c1N1CCOCC1)NC1CCCC1
decoy_3511,0.333977,0.431025,0.63744,0.789098,0.39027,0.492165,O=C(CSc1nccs1)NCC(=O)Nc1ccccc1
decoy_3512,0.368917,0.377067,0.655762,0.66716,0.423069,0.438521,O=C(CSc1nccc(=O)[nH]1)Nc1cc2c(s1)CCC2
decoy_3513,0.347945,0.482468,0.625621,0.788701,0.407556,0.505568,[O-]/C(=N\C(=S)Nc1cc2c(s1)C[NH2+]CC2)c1ccco1
decoy_3514,0.372109,0.394834,0.689473,0.70033,0.468983,0.475732,c1ccc(Nc2cc(NC[C@H]3CC[NH2+]C3)cc3ccnn23)cc1
decoy_3515,0.360755,0.463385,0.677789,0.797301,0.464964,0.544937,c1ccc(Cn2c(NC3CC[NH2+]CC3)nc3ccccc32)nc1
decoy_3516,0.419596,0.556176,0.749298,0.894726,0.481311,0.599852,c1ccc(Nc2cc(N[C@H]3CCC[NH2+]C3)cc3ccnn23)cc1
decoy_3517,0.352298,0.465879,0.647709,0.731472,0.423427,0.496205,[O-]/C(=N\C(=S)Nc1cc2c(s1)C[NH2+]CC2)c1ccn[nH]1
decoy_3518,0.293277,0.41142,0.556406,0.692584,0.365689,0.450379,OS1=NC=C(NCCSCc2cnc3ccccn23)N1
decoy_3519,0.26692,0.404668,0.546879,0.733709,0.327791,0.462102,O=C(C[N@@H+]1CCC[C@H](C(=O)NC2CC2)C1)Nc1cccs1
decoy_352,0.267116,0.415817,0.433761,0.720871,0.303012,0.43918,c1cnnc(NC2CCCCC2)c1
decoy_3520,0.253481,0.388985,0.522459,0.706352,0.34483,0.464317,O=C(C[N@H+]1CC[C@H](C(=O)NC2CC2)CC1)Nc1cccs1
decoy_3521,0.319872,0.445727,0.639769,0.821901,0.384644,0.498366,O=C(CN1CCC(NC(=O)C2CC2)CC1)Nc1cccs1
decoy_3522,0.341936,0.424949,0.673564,0.776605,0.429336,0.501789,O=C(CNCC(=O)NC1CC1)Nc1cc2c(s1)CCCC2
decoy_3523,0.332703,0.371485,0.691291,0.753777,0.434748,0.464469,O=C(NC1(CN2CCCCC2)CCCCC1)[C@H]1CCC[NH2+]C1
decoy_3524,0.331325,0.360971,0.679359,0.721885,0.395657,0.419083,O=c1ccc2ccc(O[P@@H](=O)OC3CCCCC3)cc2o1
decoy_3525,0.304841,0.376704,0.543967,0.631236,0.371966,0.452055,O=c1nc([O-])c2c(n1-c1ccccc1)NC(c1ccco1)=NC2
decoy_3526,0.280166,0.404766,0.538501,0.684437,0.351744,0.458929,O=C1N=c2ccccc2=C1NNC(=O)C(=O)Nc1ccccc1
decoy_3527,0.292459,0.41472,0.545876,0.683564,0.350694,0.458823,O=C(NNC(=O)c1n[nH]c(=O)c2ccccc12)c1ccccc1
decoy_3528,0.315475,0.47323,0.594991,0.820561,0.403125,0.536385,O=C(COC(=O)CNC(=O)c1ccco1)Nc1cccs1
decoy_3529,0.283957,0.350829,0.537002,0.602731,0.336967,0.381118,C=C1C(=O)C[C@@H]2C[C@@H]3Cc4ccccc4C(=O)[C@@H]3C([O-])=C2C1=O
decoy_353,0.410153,0.360262,0.794284,0.751865,0.501685,0.467494,c1cnc(N2CCCCCC2)cn1
decoy_3530,0.305237,0.323946,0.837087,0.885233,0.382523,0.396106,O=C1OC[C@H]2Cc3cc4c(cc3[C@@H](c3ccccc3)[C@@H]12)OCO4
decoy_3531,0.363126,0.440194,0.665897,0.770418,0.442473,0.500473,O=c1[nH]c2cc3c(cc2cc1C[NH2+]Cc1ccccc1)OCO3
decoy_3532,0.249006,0.325128,0.518791,0.63032,0.309254,0.392179,O=C(NCc1ccccc1)C1=NN(c2ccccc2)C(=O)CN1
decoy_3533,0.262253,0.416714,0.512101,0.70899,0.316457,0.452507,O=C(Nc1ccccc1)Nc1cccc([C@@H]2C=CNC(=O)N2)c1
decoy_3534,0.254053,0.398789,0.50266,0.693654,0.30977,0.445792,O=C(Nc1ccccc1)Nc1ccc([C@@H]2C=CNC(=O)N2)cc1
decoy_3535,0.298439,0.418891,0.584109,0.726442,0.373418,0.492873,O=C(Cc1ccccc1)NCC(=O)NC1N=c2ccccc2=N1
decoy_3536,0.293405,0.3596,0.609909,0.719335,0.372494,0.447015,O=C(Nc1ccccc1)c1cnn2c1N[C@H](c1ccco1)CC2
decoy_3537,0.28692,0.400775,0.602873,0.792534,0.349758,0.46089,O=C(Nc1ccccc1)c1cc2n(n1)CC[C@@H](c1ccco1)N2
decoy_3538,0.304861,0.365557,0.609736,0.699844,0.379554,0.439555,O=C(NCCC1N=c2ccccc2=N1)c1ccc2c(c1)NCO2
decoy_3539,0.305039,0.340477,0.635187,0.681534,0.392162,0.410435,O=C(/C=C/c1ccccc1)OCCCn1cnc2cncnc21
decoy_354,0.442036,0.591161,0.678908,0.873761,0.486162,0.614273,c1ccc(NC2CC[NH2+]CC2)nc1
decoy_3540,0.269085,0.404123,0.536537,0.734803,0.336143,0.458413,C(=N/Nc1nc2cncnc2n1[C@@H]1CCCO1)\c1ccccc1
decoy_3541,0.327289,0.447541,0.639122,0.758903,0.404645,0.497876,O=C(C[NH2+]Cc1ccco1)NCS(=O)(=O)c1ccccc1
decoy_3542,0.348914,0.440365,0.63224,0.762463,0.408278,0.478157,O=C(CNS(=O)(=O)c1ccccc1)NCCc1ccco1
decoy_3543,0.228013,0.291137,0.451713,0.530133,0.27858,0.335488,O=S(=O)(c1ccccc1)N(c1ccon1)[C@@H]1CCCCO1
decoy_3544,0.309111,0.390594,0.608151,0.717178,0.368712,0.437958,O=C1NC(=S)N=N[C@H]1c1ccccc1/N=C/c1ccccc1
decoy_3545,0.27468,0.402905,0.531015,0.730144,0.327149,0.476384,O=C1NC(c2ccccc2)=N[C@@H]1Nc1nc2ccccc2s1
decoy_3546,0.403909,0.346258,0.786385,0.725985,0.470426,0.41542,c1ccc(OCCC[NH2+]Cc2conc2-c2ccccc2)cc1
decoy_3547,0.325077,0.399475,0.636483,0.761303,0.419653,0.46381,O=C1C[C@H]([NH2+]CCc2ccccc2)C(=O)N1Cc1ccccc1
decoy_3548,0.320532,0.401711,0.675579,0.72707,0.42319,0.48184,O=C(C[NH2+]C1CCCC1)NN1C(=O)NC2(CCCCC2)C1=O
decoy_3549,0.278888,0.390756,0.606016,0.832948,0.350781,0.465697,O=C([C@@H]1Cc2ccccc2N1)N1CCN(c2ccccn2)CC1
decoy_355,0.46887,0.480708,0.745767,0.810108,0.518729,0.530833,c1cc(N2CCC[NH2+]CC2)ccn1
decoy_3550,0.286978,0.39107,0.54157,0.67871,0.338199,0.44177,O=C(CSc1nncs1)NCC(=O)Nc1ccccc1
decoy_3551,0.349798,0.41792,0.666439,0.719223,0.417566,0.469745,c1ccc(Cn2c(NC3CC[NH2+]CC3)nc3cccnc32)nc1
decoy_3552,0.274393,0.366388,0.565557,0.688945,0.372468,0.469407,c1ccc(-c2nc(NCCN3CCCC3)nc3n[nH]cc23)cc1
decoy_3553,0.425001,0.482943,0.752782,0.788189,0.503277,0.5475,O=c1[nH]c(C[NH2+]CCCN2CCOCC2)nc2sccc12
decoy_3554,0.34683,0.357274,0.784155,0.828712,0.444697,0.448415,c1ccc(OCCC[NH2+]CCCn2ccc3ccccc32)cc1
decoy_3555,0.25736,0.347962,0.622094,0.819551,0.334584,0.425871,O=C(NC1CCCCC1)[C@H](Nc1ccccc1)c1ccccc1
decoy_3556,0.379892,0.455674,0.756074,0.863012,0.469105,0.540111,C(\Nc1ccccc1)=[NH+]/C[C@@H](c1ccccc1)N1CC[NH2+]CC1
decoy_3557,0.362312,0.430501,0.685859,0.790091,0.441068,0.493914,O=C(CSc1nncs1)NCCCNc1ccccc1
decoy_3558,0.289177,0.40295,0.556405,0.701271,0.356671,0.470426,c1cc(NCCSSCCNc2ccncn2)ncn1
decoy_3559,0.186031,0.304029,0.476667,0.747076,0.277821,0.393244,O=C(CC[C@]12CCCC[C@H]1CCC2)NCCN1CCOCC1
decoy_356,0.430698,0.387321,0.689607,0.662594,0.448969,0.430658,O=c1ncccn1[C@@H]1C=CCCO1
decoy_3560,0.248792,0.263071,0.566002,0.557856,0.350618,0.36288,O=C(CC1CC[NH2+]CC1)N[C@H]1CCCN(C2CCNCC2)C1
decoy_3561,0.276052,0.367574,0.536782,0.671116,0.346031,0.427556,O=C(CN1C(=O)N[C@H](c2ccccc2)C1=O)Nc1ccccc1
decoy_3562,0.386457,0.34304,0.683848,0.578482,0.445392,0.393534,O=C(CNCc1cccc2ccccc12)c1c[nH]c([O-])nc1=O
decoy_3563,0.291294,0.40794,0.575531,0.712278,0.363086,0.46898,O=C(CCc1cnn(-c2nccc(=O)[nH]2)c1)Nc1ccccc1
decoy_3564,0.325591,0.369125,0.619981,0.688957,0.445265,0.471925,O=C(Nc1ccon1)c1cnn2c1N[C@H](c1ccccc1)CC2
decoy_3565,0.264445,0.332124,0.502488,0.580065,0.34946,0.403839,C(=N/[n+]1cscc1-c1ccccc1)\c1ccc2c(c1)OCO2
decoy_3566,0.294913,0.367211,0.58908,0.711548,0.36648,0.433936,c1ccc(OCCC[NH2+]Cc2nc(-c3ccccc3)no2)cc1
decoy_3567,0.435947,0.429269,0.7309,0.763121,0.519513,0.504048,O=c1[nH]c(C[NH2+]CCCOc2ccccc2)nc2ccccc12
decoy_3568,0.269301,0.391048,0.567729,0.762496,0.365725,0.486587,O=C(CNc1ccccc1C(=O)NC1CC1)Nc1ccccc1
decoy_3569,0.404069,0.412672,0.768928,0.829262,0.515554,0.502365,O=C(NC[C@H]1CC(=O)N(c2ccccc2)C1)Nc1ccccc1
decoy_357,0.453174,0.372587,0.692683,0.663806,0.499833,0.451189,O=c1[nH]c(=S)[nH]c2ccccc12
decoy_3570,0.361211,0.475677,0.678802,0.789864,0.440824,0.544292,O=C(NCCc1ccccc1)C(=O)Nc1cccc2c1C[NH2+]C2
decoy_3571,0.282023,0.401664,0.545036,0.720125,0.34667,0.4593,O=C(NCC[NH+]1Cc2ccccc2C1)C(=O)Nc1ccccc1
decoy_3572,0.228787,0.35626,0.512705,0.757921,0.299017,0.438886,c1ccc(CNc2ncnc3c2ncn3[C@@H]2CCCCO2)cc1
decoy_3573,0.24274,0.365285,0.5336,0.757411,0.309654,0.43163,c1ccc(CCNc2ncc3ncn([C@@H]4CCCO4)c3n2)cc1
decoy_3574,0.258858,0.381709,0.522845,0.681206,0.315205,0.432229,c1ccn2cc(C[NH+]3CCN(Cc4ncncn4)CC3)nc2c1
decoy_3575,0.368924,0.500333,0.718247,0.808312,0.454684,0.559302,c1ccc2[nH]c(Nc3nccc(N[C@H]4CCC[NH2+]C4)n3)nc2c1
decoy_3576,0.406154,0.421515,0.675889,0.696546,0.475235,0.474032,OC1=C2C(=CCC1)Nc1nc(=S)[nH]cc1[C@@H]2c1ccccc1
decoy_3577,0.392119,0.453093,0.677299,0.778871,0.431708,0.496103,O=c1[nH]c2ccccc2cc1CNC(=S)Nc1ccccc1
decoy_3578,0.401498,0.531334,0.716431,0.845048,0.46819,0.594038,O=C(Nc1ccccc1)C1=CNC(=S)N[C@H]1c1ccccc1
decoy_3579,0.297719,0.41895,0.55829,0.716308,0.361475,0.473054,O=C(Nc1ccccc1)c1cc2cc3c(nc2s1)CC[NH2+]C3
decoy_358,0.514628,0.451631,0.782084,0.801977,0.542994,0.504568,c1cc(Sc2ccn[nH]2)ncn1
decoy_3580,0.26233,0.410825,0.536982,0.785257,0.327991,0.4725,O=C(Nc1cc2c(s1)CCC2)c1cc(-c2ccccc2)n[nH]1
decoy_3581,0.378259,0.465052,0.681547,0.776001,0.434803,0.504669,O=C(Nc1ccc([C@@H]2C=CNC(=S)N2)cc1)c1ccccc1
decoy_3582,0.311012,0.338417,0.661944,0.702778,0.360089,0.395601,O=C(c1ccns1)N(Cc1ccccc1)Cc1cccnc1
decoy_3583,0.308522,0.44876,0.579522,0.731645,0.37261,0.493176,O=C(CCCC[C@@H]1SC[C@H]2NC(=O)N[C@@H]12)Nc1cn[nH]c1
decoy_3584,0.404823,0.459053,0.716512,0.730995,0.446146,0.494293,c1ccc([C@@H]2N[NH+]=C(SCC3N=c4ccccc4=N3)N2)cc1
decoy_3585,0.359981,0.441145,0.669294,0.722275,0.426203,0.510729,[H]/N=C1/N=c2ccccc2=C1NNC(=S)NCc1ccccc1
decoy_3586,0.337293,0.4023,0.742752,0.867388,0.392089,0.449982,C(\Nc1ccccc1)=[NH+]/[C@H]1C[C@H]2CC[C@@H](C1)[N@H+]2Cc1ccco1
decoy_3587,0.281923,0.34264,0.6744,0.812146,0.375124,0.441565,O=C(CNc1ccccc1N1CCCCC1)Nc1ccccc1
decoy_3588,0.296343,0.451642,0.588468,0.801022,0.37406,0.496173,O=C(Nc1ccccc1)N[C@H]1CC[N@H+](Cc2ccccc2)CC1
decoy_3589,0.308482,0.444365,0.614163,0.815354,0.382145,0.504478,O=C(NCc1ccccc1C[NH+]1CCCC1)Nc1ccccc1
decoy_359,0.299306,0.330858,0.52085,0.555245,0.348909,0.377855,c1ccc(O[C@@H]2CCCCO2)cc1
decoy_3590,0.293739,0.435777,0.587994,0.800309,0.380455,0.505106,O=C(NCCC[N@@H+]1CCc2ccccc2C1)Nc1ccccc1
decoy_3591,0.287321,0.373143,0.584445,0.712312,0.368757,0.461663,O=C(NC[C@@H](c1ccccc1)[NH+]1CCCC1)Nc1ccccc1
decoy_3592,0.293665,0.402584,0.622328,0.734059,0.359353,0.470163,c1ccc(-c2n[nH]cc2C[NH2+]CCCCCc2cc[nH]n2)cc1
decoy_3593,0.307275,0.381528,0.616648,0.722478,0.389136,0.44363,c1ccc2c(CCC[N@H+]3CC[C@H](n4ccnn4)CC3)c[nH]c2c1
decoy_3594,0.245913,0.380615,0.463092,0.660504,0.308352,0.409291,O=C(CSc1nncs1)NCC1(Cn2cc[nH+]c2)CC1
decoy_3595,0.383519,0.374243,0.741287,0.778313,0.4879,0.463721,O=C(NCCN1CCOCC1)Nc1cc2c(s1)CCCC2
decoy_3596,0.292626,0.343175,0.680644,0.706163,0.392977,0.433068,O=C(NCCN1CCCNCC1)[C@H]1CNCC12CC[NH2+]CC2
decoy_3597,0.342896,0.364758,0.698525,0.701814,0.43474,0.457429,c1nc(NCCNC2CC[NH2+]CC2)sc1N1CCCCCC1
decoy_3598,0.434554,0.444686,0.744613,0.731726,0.491622,0.488766,O=C1Cc2c(n(CCc3c[nH]c4ccccc34)c(=O)[nH]c2=O)N1
decoy_3599,0.314349,0.41413,0.589318,0.679111,0.37658,0.474209,O=C(CNC(=O)c1ccccc1)Nc1ccc2[nH]c(=O)[nH]c2c1
decoy_36,0.290056,0.255374,0.61712,0.613744,0.335676,0.319426,c1cn2ccsc2n1
decoy_360,0.285603,0.441369,0.454577,0.73825,0.30857,0.45488,O=C(NC1CCCC1)c1ccc[nH]1
decoy_3600,0.330117,0.393456,0.615008,0.675631,0.399004,0.476276,c1ccc2c(c1)=NCC=2c1nnc(SCc2ncncn2)o1
decoy_3601,0.285961,0.323862,0.638174,0.701372,0.378919,0.418204,O=C1N[C@H](c2ccccc2)C(=O)N1CCCOc1ccccc1
decoy_3602,0.314363,0.348245,0.670769,0.748803,0.43744,0.46208,O=C(NCCc1ccccc1)C(=O)Nc1ccc2c(c1)OCC2
decoy_3603,0.239103,0.322006,0.524015,0.684167,0.308004,0.39565,c1ccc(CCOc2ncc3ncn([C@@H]4CCCO4)c3n2)cc1
decoy_3604,0.27591,0.395156,0.585925,0.77659,0.36739,0.473095,O=C(NC1CCCCC1)c1cc(-c2ccco2)nc2cncn12
decoy_3605,0.291532,0.427458,0.588335,0.752297,0.367262,0.50464,O=C(NCc1cccnc1)Nc1ccc(C(=O)NC2CC2)cc1
decoy_3606,0.342755,0.443634,0.663945,0.76306,0.42343,0.517713,O=C(NCc1ccc(NC(=O)C2CC2)cc1)Nc1cccnc1
decoy_3607,0.305843,0.379451,0.528468,0.587075,0.370085,0.404886,O=C(CSc1nncs1)c1cn(C2CC2)c(=O)[nH]c1=O
decoy_3608,0.28757,0.353705,0.574588,0.677546,0.343838,0.409521,C1=Cc2cc3ccc(cc4ccc(cc5[nH+]c(cc1[nH+]2)C=C5)[nH]4)[nH]3
decoy_3609,0.265169,0.330143,0.562752,0.667293,0.326777,0.394979,c1cc(C2N=c3ccccc3=N2)cc(C2N=c3ccccc3=N2)c1
decoy_361,0.414288,0.548649,0.633155,0.777991,0.483401,0.586562,c1cc(NC2CC[NH2+]CC2)ncn1
decoy_3610,0.255331,0.315139,0.532377,0.635359,0.308668,0.367232,c1ccc(Cn2cc(-c3nncn3C[C@H]3CCCO3)nn2)cc1
decoy_3611,0.312662,0.371329,0.631349,0.670832,0.378371,0.434828,O=C(NCCCc1cc[nH]n1)c1cc(C2CC2)nc2[nH]ncc12
decoy_3612,0.254117,0.371899,0.516169,0.658629,0.319299,0.421635,O=C(NCCCn1cc[nH+]c1)Nc1cc(-c2ccccc2)n[nH]1
decoy_3613,0.298549,0.361987,0.584652,0.668709,0.368718,0.42581,O=C(CSC1N=c2ccccc2=N1)N/N=C/c1ccccc1
decoy_3614,0.291132,0.372774,0.670716,0.812029,0.413225,0.489134,c1ccc([C@H]2[NH2+]CC[C@@H]2C[NH2+]Cc2ccc3c(c2)OCO3)cc1
decoy_3615,0.38065,0.387727,0.740146,0.752757,0.471863,0.465356,O=C(c1ccc(-c2ccccc2)o1)N1CCC2(CC[NH2+]CC2)C1
decoy_3616,0.268868,0.318096,0.642864,0.769661,0.343198,0.39627,O=C(N[C@H]1C[C@H]2C[C@H](C2)C1)c1coc(CCc2ccccc2)n1
decoy_3617,0.256221,0.405714,0.534801,0.770064,0.330824,0.468994,O=C(C[N@H+]1CCCN(c2ccccn2)CC1)Nc1ccccc1
decoy_3618,0.417115,0.399862,0.770061,0.740849,0.5121,0.488678,O=C(N[C@H]1CCC[NH2+]C1)c1nn(-c2ccccc2)c2c1CCC2
decoy_3619,0.306852,0.375471,0.599746,0.694636,0.408977,0.460599,O=C(NC[C@@H](c1ccccc1)[NH+]1CCCCC1)c1cncnc1
decoy_362,0.291367,0.390704,0.445952,0.574256,0.329044,0.40346,c1ncnc(C[NH+]2CCCCC2)n1
decoy_3620,0.285434,0.360723,0.67417,0.74598,0.372899,0.452195,c1cncc(-c2nc3c(c(N[C@H]4CC[NH2+]C4)n2)CC[NH2+]CC3)c1
decoy_3621,0.35169,0.44624,0.610584,0.68064,0.39909,0.454301,O=S1(=O)C=C[C@@H](NC(=S)N[C@H]2CCS(=O)(=O)C2)C1
decoy_3622,0.314855,0.396097,0.613172,0.757108,0.367091,0.444166,c1ccc(C[NH+]2CCN(c3ncnc4sccc34)CC2)cc1
decoy_3623,0.323153,0.395192,0.741238,0.853593,0.422459,0.494554,c1ccc(COc2ccccc2C[NH2+]CC2CC[NH2+]CC2)cc1
decoy_3624,0.311037,0.369835,0.721572,0.815052,0.417563,0.468392,c1ccc(COc2ccc(C[NH2+]CC3CC[NH2+]CC3)cc2)cc1
decoy_3625,0.270075,0.357383,0.597169,0.749492,0.346022,0.428084,c1ccc(CCN[C@H]2CCO[C@H]2C[NH2+]Cc2ccccc2)cc1
decoy_3626,0.492383,0.339055,0.909593,0.752663,0.609615,0.451454,c1ccc(-c2ccc(OCCC[NH2+]C3CC[NH2+]CC3)cc2)cc1
decoy_3627,0.22952,0.332452,0.597373,0.715617,0.31745,0.413598,O=C(CC1CC[NH2+]CC1)NCCCC(=O)NC1CC[NH2+]CC1
decoy_3628,0.232042,0.330232,0.601697,0.709402,0.325547,0.421987,O=C(CCCCC(=O)NC1CC[NH2+]CC1)NC1CC[NH2+]CC1
decoy_3629,0.30414,0.350178,0.629097,0.707047,0.39633,0.439108,c1ccc2c(c1)CCN(C[C@H]1CC[N@H+](Cc3cn[nH]c3)CC1)C2
decoy_363,0.517339,0.426433,0.856002,0.827552,0.503757,0.467175,S=C1NCCN1c1ccccc1
decoy_3630,0.377019,0.384302,0.683058,0.694616,0.44057,0.430906,O=C(CSc1nc[nH]n1)N[C@@H]1CC2=C(CCCCC2)S1
decoy_3631,0.289467,0.3037,0.63488,0.637435,0.4063,0.42106,O=C(NCCCN1CCCCC1)NCCC[NH+]1CCCCC1
decoy_3632,0.379028,0.461348,0.67626,0.80576,0.48766,0.539916,O=C1COc2ccc(NC(=O)NCCc3ccccc3)cc2N1
decoy_3633,0.294513,0.434279,0.601774,0.777942,0.39937,0.525486,O=C(CCC(=O)Nc1ccccc1)NNC(=O)c1ccccc1
decoy_3634,0.278912,0.3935,0.555619,0.70406,0.364642,0.453325,O=C(Cc1ccccc1)NCC(=O)NNC(=O)c1ccccc1
decoy_3635,0.330238,0.389308,0.668136,0.766638,0.448157,0.510414,[H]/N=C1/C=Cc2ccc(-c3cc(-c4ccccc4)ccn3)nc2C1=O
decoy_3636,0.30376,0.355222,0.573039,0.652442,0.348724,0.396349,O=c1nc[nH]c2c1[C@H](c1ccccc1)C1=Cc3ccccc3C1=N2
decoy_3637,0.360097,0.429047,0.677897,0.778646,0.421905,0.486733,O=c1[nH]cnc2c1nc(NCc1ccccc1)n2[C@@H]1CCCO1
decoy_3638,0.278561,0.373238,0.571993,0.692423,0.358241,0.437033,O=C1N=CN=C2C1=N[C@@H](NCc1ccccc1)N2[C@H]1CCCO1
decoy_3639,0.307738,0.373938,0.570585,0.627134,0.360735,0.44166,O=C(CNc1ccccc1)NC(=O)N[C@H]1CCS(=O)(=O)C1
decoy_364,0.372501,0.356259,0.700395,0.688267,0.424653,0.41928,O=C1N=CC=C[C@@H]1[C@H]1CCCCO1
decoy_3640,0.322169,0.437495,0.610183,0.716917,0.385987,0.481674,O=C(CNC(=O)N[C@H]1CCS(=O)(=O)C1)Nc1ccccc1
decoy_3641,0.316185,0.38279,0.594392,0.634492,0.388721,0.452959,O=C(NCc1ccccc1)NNC(=O)[C@H]1CCS(=O)(=O)C1
decoy_3642,0.278269,0.376151,0.554537,0.711435,0.388024,0.477764,O=C(CNC(=O)c1cc2ccccc2s1)Nc1ccccn1
decoy_3643,0.344989,0.377654,0.681982,0.743313,0.457871,0.457283,O=C(Nc1nccs1)c1cccc(COc2ccccc2)n1
decoy_3644,0.314706,0.3758,0.587674,0.689232,0.361656,0.409284,O=C(Cn1ncn(Nc2ccncc2)c1=S)c1ccccc1
decoy_3645,0.32466,0.419069,0.622866,0.730885,0.384729,0.475287,O=C(CSc1n[nH]c(-c2ccccn2)n1)Nc1ccccc1
decoy_3646,0.280243,0.346999,0.621668,0.735677,0.377355,0.452202,O=C1N=CN(Cc2ccccc2)C(=O)C1=CNC1CCCCC1
decoy_3647,0.396746,0.413136,0.740252,0.750993,0.490239,0.487554,O=C(c1conc1-c1ccccc1)N1CCC2(CC[NH2+]CC2)C1
decoy_3648,0.364253,0.360939,0.735067,0.737399,0.476628,0.467382,c1nc(Nc2ccon2)cc(N[C@]23C[C@H]4C[C@H](C[C@H](C4)C2)C3)n1
decoy_3649,0.309932,0.38995,0.612378,0.681947,0.380694,0.450406,O=C(CN[C@H]1CCS(=O)(=O)C1)NCCNc1ccccc1
decoy_365,0.326809,0.404431,0.494107,0.622749,0.32698,0.409959,c1ccc2nc3ccccc3cc2c1
decoy_3650,0.281487,0.391438,0.573587,0.748843,0.371645,0.457648,O=C(CSc1ccccn1)NCCC1=c2ccccc2=NC1
decoy_3651,0.335653,0.472789,0.623932,0.816479,0.41846,0.542606,O=C(/C=C/c1ccccc1)NCNC(=S)Nc1ccccc1
decoy_3652,0.274985,0.378305,0.558697,0.68401,0.344508,0.436671,c1ccc([C@H]2NN[C@@H](SCC3N=c4ccccc4=N3)N2)cc1
decoy_3653,0.29994,0.315353,0.830285,0.860644,0.377866,0.391442,c1ccc(C[N@@H+](CCOc2ccccc2)C[C@H]2CCCO2)cc1
decoy_3654,0.259366,0.402655,0.62224,0.84849,0.349431,0.477475,C(\NCc1ccccc1C[NH+]1CCCCC1)=[NH+]/Cc1ccco1
decoy_3654_2,0.344025,0.413321,0.682326,0.801233,0.43057,0.496924,C(\NCc1ccccc1CN1CCCCC1)=[NH+]/Cc1ccco1
decoy_3655,0.242735,0.375632,0.585428,0.803323,0.338262,0.470687,C(\NC[C@@H](c1ccccc1)[NH+]1CCCCC1)=[NH+]/Cc1ccco1
decoy_3655_2,0.269863,0.34164,0.588161,0.707673,0.35926,0.427104,C(\NC[C@@H](c1ccccc1)N1CCCCC1)=[NH+]/Cc1ccco1
decoy_3656,0.37196,0.484021,0.715684,0.86109,0.454376,0.558084,c1ccc(CCN[C@H]2CCO[C@H]2C[NH2+]Cc2ccccn2)cc1
decoy_3657,0.305102,0.405298,0.63436,0.795713,0.410481,0.486405,O=C([C@@H]1C=c2ccccc2=N1)N1CCC([NH+]2CCCCC2)CC1
decoy_3658,0.293585,0.385314,0.591164,0.726245,0.37524,0.449368,c1ccc(CNc2cc(NCC[NH+]3CCCCC3)ncn2)cc1
decoy_3659,0.24842,0.328424,0.610325,0.723436,0.32744,0.410034,c1cc(-c2cn([C@H]3CC[NH2+]C3)nn2)ccc1C[NH+]1CCCCC1
decoy_366,0.391454,0.30851,0.510856,0.501551,0.336733,0.335635,N=C1c2ccccc2-c2ccccc21
decoy_3660,0.258433,0.350961,0.503058,0.704497,0.309114,0.379752,S=C1S[C@H](C2N=c3ccccc3=N2)CN1c1ccccc1
decoy_3661,0.230592,0.310702,0.492497,0.618864,0.275395,0.387303,S=c1cc(-c2ccccc2)c2c(n1[C@@H]1CCCCO1)CCC2
decoy_3662,0.255386,0.39037,0.52887,0.737876,0.329738,0.444883,O=C(COC(=O)c1ccccc1)NCC(=O)Nc1ccccc1
decoy_3663,0.31426,0.44676,0.620595,0.814032,0.424622,0.532488,O=C(COC(=O)CNC(=O)c1ccccc1)Nc1ccccc1
decoy_3664,0.23949,0.328265,0.471441,0.644987,0.28935,0.402244,O=C1C=CC(=O)c2nc(-c3cc(-c4ccccc4)ccn3)ccc21
decoy_3665,0.386688,0.468539,0.732914,0.78632,0.475479,0.531693,CC(NCCc1c[nH]c2ccccc12)=C1C(=O)NC(=O)NC1=O
decoy_3666,0.38851,0.396241,0.702361,0.680312,0.45934,0.44998,O=C(NCC[NH2+]Cc1ccc(-c2ccccc2)o1)c1cnon1
decoy_3667,0.242321,0.31472,0.480057,0.563239,0.284316,0.342727,O=C(CSc1ccccc1)Oc1ccc2ccc(=O)oc2c1
decoy_3668,0.333561,0.372297,0.64221,0.71462,0.418862,0.4435,O=C(COC(=O)c1cc2cccnc2s1)Nc1ccccc1
decoy_3669,0.4674,0.44172,0.778536,0.769144,0.532787,0.501799,O=C1NC(=S)NC(=O)C1=CNc1cccn1-c1ccccc1
decoy_367,0.430098,0.379338,0.692296,0.659358,0.499706,0.458329,c1cc(N[C@@H]2CCCCO2)ncn1
decoy_3670,0.397452,0.38668,0.798432,0.858383,0.502064,0.499635,O=C(CCNc1ccccc1)NCc1ccc2c(c1)OCCO2
decoy_3671,0.39278,0.415769,0.761614,0.843778,0.511244,0.530277,O=C(CNCc1ccccc1)Nc1ccc2c(c1)OCCCO2
decoy_3672,0.419597,0.397947,0.830437,0.869237,0.49487,0.473494,O=C(NCCCc1ccccc1)NCc1ccc2c(c1)OCO2
decoy_3673,0.381521,0.40574,0.673051,0.716645,0.490051,0.488871,O=C1CN(c2ccc(CN/C=[NH+]/Cc3ccco3)cc2)CCN1
decoy_3674,0.287295,0.403143,0.618411,0.819388,0.367435,0.482664,O=C(NCc1ccccc1)Nc1cccnc1N1CCOCC1
decoy_3675,0.314888,0.43935,0.633368,0.761423,0.406939,0.529451,O=C(NCc1ccc[nH]c1=O)c1ccc(N2CC[NH2+]CC2)cc1
decoy_3676,0.290441,0.368611,0.611017,0.671211,0.366511,0.429061,O=C(NCC[NH2+]Cc1ccccc1)C(=O)NNc1ccccc1
decoy_3677,0.332819,0.389363,0.682502,0.791985,0.412942,0.472078,c1ccc2c(c1)NC(c1ccc(C3N=c4ccccc4=N3)cc1)N2
decoy_3678,0.35071,0.391128,0.70498,0.710796,0.418143,0.448208,O=C1N=c2ccccc2=C[C@@H]1[C@H]([C@H]1N=NNN1)N1CCCCC1
decoy_3679,0.335444,0.409567,0.68215,0.73261,0.421342,0.476033,O=C(NCCCc1ccn[nH]1)c1cc(C2CC2)nc2c1CNN2
decoy_368,0.291858,0.424256,0.467484,0.707199,0.32139,0.447645,c1cc(NC[C@H]2CCCO2)ncn1
decoy_3680,0.339611,0.441615,0.682002,0.758898,0.438939,0.528212,O=C(NNc1cc(NC2CC[NH2+]CC2)ncn1)c1ccccc1
decoy_3681,0.357551,0.385968,0.65813,0.6986,0.429056,0.449245,O=S(=O)(NC[C@H]1CCCO1)[C@H]1CON[C@H]1c1ccccc1
decoy_3682,0.267854,0.325906,0.543372,0.612092,0.330475,0.378146,O=C1Nc2ccc(-c3ccsc3)cc2C(=O)N2CCCC[C@@H]12
decoy_3683,0.290107,0.326383,0.573565,0.604433,0.35056,0.376251,O=C1NC(=O)[C@H]2[C@@H]1[C@@H](c1cccs1)N[C@@H]2Cc1ccccc1
decoy_3684,0.284391,0.320174,0.616876,0.662883,0.376572,0.401499,O=C(CSC1=C[C@@H](c2ccco2)C=CN1)Nc1ccccc1
decoy_3685,0.255154,0.30573,0.572387,0.64083,0.31961,0.361513,O=C(c1ccns1)N(CCc1ccccc1)Cc1ccco1
decoy_3686,0.358308,0.423982,0.683699,0.762416,0.431531,0.486554,O=S(=O)(c1ccc(N2CC[NH2+]CC2)nc1)N1CCOCC1
decoy_3687,0.310998,0.367885,0.654648,0.751626,0.397028,0.445491,c1ncc2sc3nc(N4CCOCC4)c4c(c3c2n1)CCC4
decoy_3688,0.260574,0.353617,0.566062,0.734248,0.353372,0.442719,c1coc(CNc2nccc(Nc3cc4c(s3)CCC4)n2)c1
decoy_3689,0.254445,0.333834,0.515793,0.668803,0.305852,0.381805,c1ccc(CSc2ncc3ncn([C@@H]4CCCO4)c3n2)cc1
decoy_369,0.476022,0.423863,0.74156,0.710317,0.51892,0.479067,O=C(Nc1cn[nH]c1)C1CCCC1
decoy_3690,0.25398,0.337517,0.519038,0.668639,0.31348,0.385092,c1ccc(CSc2ncnc3c2ncn3[C@@H]2CCCO2)cc1
decoy_3691,0.310886,0.35453,0.666413,0.719877,0.390797,0.434999,c1ncc2sc3nc(N4CCCC4)c4c(c3c2n1)CCOC4
decoy_3692,0.305237,0.404526,0.603272,0.722125,0.370242,0.464058,O=C(/C=C/c1ccccc1)NCNC(=S)Nc1ccccn1
decoy_3693,0.335183,0.458035,0.61422,0.739915,0.416191,0.51521,c1ccc2sc(Nc3cc(N4CC[NH2+]CC4)ncn3)nc2c1
decoy_3694,0.519644,0.385317,0.882737,0.66024,0.599535,0.491809,c1ccc(N2N[NH2+]N[C@@H]2CSC2N=c3ccccc3=N2)cc1
decoy_3695,0.368258,0.44442,0.726784,0.771902,0.439345,0.522247,c1ccc2c(c1)=NC(CS[C@@H]1NN[C@@H](c3ccncc3)N1)N=2
decoy_3696,0.196572,0.265342,0.50721,0.604264,0.282146,0.358362,O=C(CCCCC(=O)OC1CC[NH2+]CC1)OC1CC[NH2+]CC1
decoy_3697,0.287614,0.452237,0.613526,0.845648,0.358805,0.528061,O=C(CC[NH2+]CCOc1ccccc1)NCCc1ccccc1
decoy_3698,0.253412,0.302011,0.593221,0.680483,0.349973,0.398604,O=C(NC1CCCCC1)[C@H](NCc1ccco1)c1ccccc1
decoy_3699,0.392138,0.420469,0.733143,0.74717,0.49757,0.505977,C(\NCc1ccccc1CN1CCNCC1)=[NH+]/Cc1ccco1
decoy_37,0.284002,0.25208,0.589951,0.58751,0.349289,0.355381,c1cc2c(s1)CCC2
decoy_370,0.277971,0.393115,0.446042,0.657048,0.305069,0.393593,c1cc(C[NH2+]C2CCCCC2)co1
decoy_3700,0.322759,0.409493,0.654037,0.798279,0.399697,0.480462,c1coc(C[NH2+][C@H]2CCCc3nc(N4CCCCC4)ncc32)c1
decoy_3701,0.357828,0.467148,0.708592,0.812714,0.436295,0.532183,c1ccc(CCN[C@H]2CCO[C@H]2C[NH2+]Cc2ccccn2)nc1
decoy_3702,0.287009,0.409701,0.591056,0.752267,0.371896,0.475079,O=C(CC[C@H]1CCC[N@@H+](Cc2c[nH]cn2)C1)Nc1ccccc1
decoy_3703,0.319176,0.354099,0.588722,0.638497,0.368867,0.402966,S=C1N=CC(C(c2ccccc2)C2C=NC(=S)N=C2)C=N1
decoy_3704,0.335358,0.363216,0.687756,0.688122,0.430928,0.448021,O=C1N[C@H]2[C@H](CCCCC(=O)N3CC[NH2+]CC3)SC[C@H]2N1
decoy_3705,0.277527,0.368735,0.52033,0.729176,0.315643,0.394107,C(\CSc1ccccn1)=N/c1csc[n+]1-c1ccccc1
decoy_3706,0.412028,0.510239,0.672184,0.757387,0.483382,0.561961,O=C(CSc1nncs1)Nc1cc2c(s1)C[NH2+]CC2
decoy_3707,0.400054,0.468729,0.695392,0.734159,0.45583,0.517548,O=C(CS[C@@H]1NNCS1)Nc1nc2ccccc2s1
decoy_3708,0.377389,0.382499,0.836245,0.863232,0.476144,0.475294,c1ccc2[nH]c(C[N@H+]3CC[C@H](C[C@H]4CCCCO4)CC3)cc2c1
decoy_3709,0.276204,0.338482,0.649622,0.7953,0.352065,0.417096,O=C(CCNc1ccccc1)NC[C@]12C[C@H]3C[C@@H](C[C@H](C3)C1)C2
decoy_371,0.272748,0.377114,0.446425,0.573188,0.315261,0.388833,c1n[nH]cc1C[NH2+]C1CCCCC1
decoy_3710,0.266821,0.368512,0.597011,0.780968,0.348339,0.438419,O=C(C[N@H+]1C[C@@H]2C[C@H]3C[C@@H](C2)C[C@H]1C3)NCCc1ccccc1
decoy_3711,0.300575,0.353549,0.647827,0.737539,0.406151,0.453965,c1ccc(Cn2cc(C[NH2+]CCCN3CCCCC3)cn2)cc1
decoy_3712,0.3273,0.399719,0.745513,0.826173,0.445643,0.525748,c1ccc2c(c1)NC1(CC[NH2+]CC1)C(NC1CCCCCC1)=[NH+]2
decoy_3713,0.337036,0.404284,0.70598,0.823405,0.414617,0.468357,c1nc(N2C[C@H]3CCC[NH2+][C@H]3C2)c2c(n1)C1(CCCC1)CCC2
decoy_3714,0.322192,0.377046,0.612275,0.665245,0.389549,0.434475,O=C(COC(=O)c1ccccn1)NCC(=O)Nc1ccccc1
decoy_3715,0.321019,0.415254,0.628909,0.744718,0.39816,0.488052,O=C(COC(=O)CNC(=O)c1ccccc1)Nc1ccccn1
decoy_3716,0.262804,0.357163,0.519262,0.664556,0.31546,0.446744,O=C(NNC(=O)c1csc(-c2ccco2)n1)c1ccccc1
decoy_3717,0.309046,0.360467,0.55095,0.564253,0.335651,0.393046,O=c1[nH]c2ccc(NC(=S)/N=C(\[O-])c3cccnc3)cc2[nH]1
decoy_3718,0.243961,0.308337,0.523055,0.618592,0.34031,0.403945,O=C1NC(=O)N(c2ccccc2)C(=O)/C1=C\NC1CCCCC1
decoy_3719,0.369863,0.388484,0.686215,0.740209,0.439399,0.45856,O=C(COc1ccccc1)NNC(=O)NCCc1ccccc1
decoy_372,0.358048,0.317065,0.584752,0.551897,0.381035,0.38289,c1ccc(N2CCSCC2)cc1
decoy_3720,0.370642,0.461147,0.693549,0.842448,0.495809,0.57896,O=C(NCCc1ccco1)Nc1cccc(C(=O)NC2CC2)c1
decoy_3721,0.337962,0.42938,0.63446,0.748579,0.400423,0.479563,O=C1NCNc2c1[nH+]c(NCc1ccccc1)n2[C@@H]1CCCO1
decoy_3722,0.317339,0.389197,0.644511,0.687964,0.398687,0.449508,O=c1[nH]c(=O)c2c(ncn2CCC[NH2+]CCc2ccccc2)[nH]1
decoy_3723,0.333766,0.410484,0.687613,0.73506,0.427272,0.498542,O=C(Nc1cn[nH]c1C(=O)NC1CC[NH2+]CC1)c1ccccc1
decoy_3724,0.322917,0.409779,0.655508,0.712083,0.403806,0.482753,O=C(NCCCn1ccnc1)C(=O)Nc1cccc2c1C[NH2+]C2
decoy_3725,0.343376,0.413272,0.666983,0.721382,0.417194,0.489929,O=C(/C=C/c1ccccc1)NNC(=O)NCCCn1cc[nH+]c1
decoy_3726,0.262116,0.396987,0.554532,0.742526,0.33682,0.472047,O=C(NNc1cc(NC[C@H]2CCCO2)ncn1)c1ccccc1
decoy_3727,0.370413,0.427953,0.680133,0.773095,0.413841,0.478216,O=S1(=O)CC[C@H](n2ncc3ccc(-c4ccccc4)nc32)C1
decoy_3728,0.341545,0.3204,0.64102,0.586329,0.418677,0.392064,O=S(=O)([N-]c1ccn(Cc2ccccc2)n1)c1ccccc1
decoy_3729,0.287877,0.37691,0.584828,0.737483,0.344016,0.438634,c1ccc(CSc2ncnc3c2ncn3[C@@H]2CCCO2)nc1
decoy_373,0.320437,0.438239,0.453306,0.683624,0.329762,0.458801,c1ccc([C@@H]2CSCC[NH2+]2)cc1
decoy_3730,0.302662,0.378724,0.600283,0.733624,0.348857,0.421349,c1cncc(CSc2ncnc3c2ncn3[C@@H]2CCCO2)c1
decoy_3731,0.234923,0.340588,0.486837,0.682871,0.295302,0.417816,c1ccc(CSc2ncnc3c2nnn3[C@@H]2CCCO2)cc1
decoy_3732,0.347188,0.421124,0.644246,0.722469,0.416393,0.486568,O=C(CSc1ncnc2[nH]cnc12)NCCc1ccccc1
decoy_3733,0.374146,0.373519,0.827125,0.858904,0.46335,0.459259,c1ccc(CC[NH2+]CCCOCc2ccc3c(c2)OCO3)cc1
decoy_3734,0.303228,0.331671,0.675805,0.729137,0.382086,0.43883,O=C(COC(=O)[C@]12C[C@H]3C[C@@H](C[C@H](C3)C1)C2)Nc1ccccc1
decoy_3735,0.237892,0.349678,0.52046,0.701504,0.309143,0.441378,C(\NC[C@@H](c1ccccc1)N1CCOCC1)=[NH+]/Cc1ccco1
decoy_3736,0.298132,0.410483,0.61347,0.760672,0.390545,0.485305,O=C(NCCC[NH+]1CCCCC1)c1cc(=O)[nH]c2ccccc12
decoy_3737,0.264545,0.418128,0.565351,0.788993,0.338406,0.503932,O=C(NCc1ccccc1)NC[C@@H](c1ccco1)[NH+]1CCCC1
decoy_3738,0.278938,0.420819,0.575636,0.788734,0.357563,0.487725,O=C(NC[C@@H](c1ccco1)[NH+]1CCCCC1)Nc1ccccc1
decoy_3739,0.301127,0.419215,0.59423,0.74544,0.392846,0.506668,c1ccc(CNc2ccnc(NCC[NH+]3CCOCC3)n2)cc1
decoy_374,0.303989,0.302963,0.637451,0.715182,0.350291,0.369312,N1=P\N=P/N=P\N=P/1
decoy_3740,0.329341,0.449582,0.62956,0.795968,0.412366,0.517173,c1ccc(Nc2cc(NCCC[NH+]3CCOCC3)ncn2)cc1
decoy_3741,0.291674,0.424632,0.585293,0.756957,0.375815,0.494579,c1ccc(Nc2ccnc(NCCC[NH+]3CCOCC3)n2)cc1
decoy_3742,0.338093,0.405474,0.669588,0.725987,0.436856,0.498477,O=C(N[C@H]1CCC[NH2+]C1)c1ccnc2c1nc1n2CCCCC1
decoy_3743,0.296772,0.388781,0.564826,0.717542,0.344731,0.441422,O=C(Nc1nc2ccccc2s1)[C@@H]1Cc2cccnc2S1
decoy_3744,0.398036,0.426834,0.839508,0.788815,0.518791,0.529196,O=C(NCc1cn2ccccc2n1)[C@H]1C[NH2+]CC12CC[NH2+]CC2
decoy_3745,0.315022,0.38707,0.661935,0.707688,0.397822,0.449882,O=C(NCc1nc2ccccc2[nH]1)[C@H]1CNCC12CC[NH2+]CC2
decoy_3746,0.357261,0.420508,0.678262,0.735869,0.465868,0.517565,O=C(NCCCN1CC[NH2+]CC1)c1ccc(-n2cccn2)cc1
decoy_3747,0.313111,0.441106,0.624332,0.814442,0.384972,0.521141,c1ccc(OCCC[NH2+]Cc2c[nH]nc2-c2cccs2)cc1
decoy_3748,0.351798,0.479989,0.681409,0.836578,0.438829,0.564035,O=c1cc(NCCC[NH2+]Cc2ccccc2)[nH]c2ccsc12
decoy_3749,0.341595,0.479612,0.666803,0.835761,0.431649,0.563701,O=c1cc(NCCC[NH2+]Cc2ccccc2)[nH]c2sccc12
decoy_375,0.367511,0.40309,0.643087,0.697852,0.377692,0.412255,O=C1NCC=CN1[C@@H]1C=CCCO1
decoy_3750,0.347697,0.42951,0.651136,0.746958,0.425862,0.48534,O=C(N[C@H]1CCC[NH2+]C1)c1cccnc1Sc1ccccc1
decoy_3751,0.329661,0.404628,0.651922,0.773047,0.430376,0.488227,O=C(NC(=S)NCCCNc1ccccc1)c1ccccc1
decoy_3752,0.327783,0.392991,0.625068,0.682671,0.38814,0.433194,c1ccc(Nc2nc(C[NH2+]CCCc3cc[nH]n3)cs2)cc1
decoy_3753,0.297141,0.331859,0.714335,0.748599,0.397536,0.411662,O=c1cccc2n1C[C@@H]1C[C@H]2C[N@@H+](C[C@H]2C[N@H+]3CC[C@@H]2CC3)C1
decoy_3753_2,0.26336,0.293077,0.640859,0.701472,0.370452,0.399692,O=c1cccc2n1C[C@@H]1C[C@H]2CN(C[C@H]2CN3CCC2CC3)C1
decoy_3754,0.30944,0.386478,0.668603,0.718494,0.411216,0.472136,O=C(NCC[NH+]1CCCCC1)NNC(=S)NC1CCCC1
decoy_3755,0.358355,0.384549,0.632756,0.621389,0.418939,0.439331,O=C(NNC(=O)c1ccc[nH]c1=O)c1cc2cccnc2s1
decoy_3756,0.440675,0.429877,0.845806,0.895451,0.55714,0.537763,O=C(NCCCOc1ccc2c(c1)OCO2)Nc1ccccc1
decoy_3757,0.388936,0.435171,0.704824,0.751136,0.518633,0.55299,O=C(CN1CCN(c2ccccc2)CC1)c1c[nH]c(=O)[nH]c1=O
decoy_3758,0.369438,0.437029,0.706951,0.745744,0.483445,0.529985,O=C(CN[C@H]1CCCc2ccccc21)Nc1c[nH]c(=O)[nH]c1=O
decoy_3759,0.393451,0.452329,0.74088,0.770295,0.504593,0.547597,O=C(CN(Cc1ccccc1)C1CC1)Nc1c[nH]c(=O)[nH]c1=O
decoy_376,0.396327,0.313925,0.526469,0.522033,0.355375,0.336821,O=C1c2ccccc2-c2ccccc21
decoy_3760,0.326052,0.474261,0.63119,0.846501,0.412314,0.56723,O=c1[nH]c2nc(Nc3ccccc3)ncc2cc1-c1ccccc1
decoy_3761,0.304238,0.350637,0.554098,0.587779,0.360037,0.39132,C1=Nc2[nH+]c3ccccc3n2[C@H](c2cn[nH]c2-c2ccccc2)N1
decoy_3762,0.321732,0.393498,0.580329,0.649523,0.386469,0.448792,c1cnc2c(Nc3cc(Nc4cc[nH+]cc4)ncn3)cccc2c1
decoy_3763,0.351746,0.441077,0.638851,0.760508,0.421358,0.494932,O=c1[nH]c2cc3c(cc2cc1C[NH2+]Cc1cccs1)OCO3
decoy_3764,0.349773,0.412881,0.630998,0.690857,0.396277,0.444279,O=C1NC=C(C(=O)CSc2nc(-c3ccccc3)c[nH]2)CN1
decoy_3765,0.337808,0.455303,0.62944,0.741501,0.406086,0.514192,O=C(CNCc1nc2ccccc2c(=O)[nH]1)Nc1cccs1
decoy_3766,0.273034,0.334495,0.544424,0.630989,0.329113,0.375779,O=C(CSc1nncn1Cc1ccco1)Nc1ccccc1
decoy_3767,0.35565,0.515255,0.682012,0.865386,0.445645,0.588987,O=C(NCCc1ccco1)Nc1ccccc1N1CC[NH2+]CC1
decoy_3768,0.370307,0.472942,0.721684,0.77413,0.460322,0.552935,O=C(NCCCN1CC[NH2+]CC1)c1cc2ccccc2[nH]c1=O
decoy_3769,0.261774,0.403762,0.546853,0.740332,0.309924,0.459634,O=C(NCc1cccnc1)NC[C@@H](c1ccco1)[NH+]1CCCC1
decoy_377,0.401721,0.323105,0.548821,0.543685,0.403996,0.355252,c1ccc2nc3ccccc3nc2c1
decoy_3770,0.278357,0.369083,0.639971,0.817721,0.376336,0.449947,c1ccc2c(c1)=NCC=2CCN1CCc2nc3ccccc3nc21
decoy_3771,0.267439,0.356452,0.594638,0.774813,0.333402,0.43582,c1ccc(NCc2ccc3ncn(Cc4ccccn4)c3c2)cc1
decoy_3772,0.203398,0.285404,0.446775,0.560433,0.279312,0.349685,c1ccc(NC(Nc2c[nH]cn2)=[NH+]CCN2CCOCC2)cc1
decoy_3773,0.345089,0.359379,0.670231,0.684387,0.417107,0.418511,O=C1C[C@H]([NH2+]CCc2ccccc2)C(=O)N1Cc1cccs1
decoy_3774,0.272846,0.354562,0.568411,0.709744,0.36234,0.443226,O=C(CNC(=O)c1ccccc1)Nc1cc2c(s1)CCCC2
decoy_3775,0.387219,0.394224,0.758518,0.819508,0.502466,0.492835,O=C(NNC(=O)c1cc2c(s1)CCCCC2)c1ccccc1
decoy_3776,0.378594,0.443976,0.707419,0.773039,0.433036,0.502004,O=C(CSc1ncc(Cc2ccccc2)[nH]1)N[C@@H]1CC=CN1
decoy_3777,0.283385,0.387164,0.602111,0.744381,0.363429,0.482474,O=C(NCCC[NH+]1CCCCC1)NCc1cccc2cc[nH]c12
decoy_3778,0.386077,0.550047,0.663028,0.881111,0.449547,0.589464,O=C(Nc1cc2c(s1)C[NH2+]CC2)c1cc2ccccc2s1
decoy_3779,0.226982,0.297718,0.473514,0.60258,0.269089,0.347132,O=C(c1ccns1)N(Cc1ccccc1)Cc1cccs1
decoy_378,0.444097,0.475056,0.692729,0.728316,0.485538,0.486578,c1coc(CNC2CC[NH2+]CC2)c1
decoy_3780,0.35213,0.351289,0.725737,0.741096,0.438604,0.437282,O=C(C[N@H+]1CC[C@H](Cc2ccccc2)CC1)Nc1cccs1
decoy_3781,0.323294,0.35067,0.683178,0.745909,0.424372,0.447636,O=C(CNCc1ccccc1)Nc1cc2c(s1)CCCCC2
decoy_3782,0.351415,0.358076,0.817381,0.858548,0.46167,0.452053,c1ccc2c(c1)ccn2CCC[NH2+]CCCOC1CCCCC1
decoy_3783,0.303875,0.380464,0.620345,0.727765,0.389279,0.466658,O=C1NC(=O)N(c2ccccc2)C(=O)C1=CN[C@H]1CCCOC1
decoy_3784,0.338628,0.418388,0.663413,0.759371,0.467069,0.521864,O=C1NC(=O)N(c2ccccc2)C(=O)/C1=C\N[C@H]1CCCOC1
decoy_3785,0.240191,0.285233,0.458414,0.505112,0.28866,0.338328,O=C1Nc2ccccc2[C@]12C=COc1[nH]nc(-c3ccccc3)c12
decoy_3786,0.248496,0.320305,0.495366,0.601757,0.300883,0.365896,O=C1N=CN(c2ccccc2)C(=O)/C1=C\[C@H]1C=c2ccccc2=N1
decoy_3787,0.257379,0.332389,0.598195,0.765047,0.380633,0.459961,O=C1OC(c2ccccc2)=N/C1=C\c1cnn(-c2ccccc2)c1
decoy_3788,0.378228,0.446623,0.663299,0.766605,0.456555,0.522183,O=C(Nc1cccc2cc3ccccc3cc12)c1cnc(=O)[nH]c1
decoy_3789,0.315161,0.449732,0.592965,0.725728,0.384078,0.497641,O=C1NC=C(C(=O)CSc2n[nH]c(-c3ccccc3)n2)CN1
decoy_379,0.417989,0.524305,0.652179,0.757714,0.505552,0.555511,c1nc(CCC2CC[NH2+]CC2)n[nH]1
decoy_3790,0.24762,0.381864,0.575191,0.843427,0.330438,0.462956,O=C(/C=C/C=C/CC(=O)c1ccccc1)NO[C@@H]1CCCCO1
decoy_3791,0.293723,0.378651,0.602027,0.730516,0.402316,0.487074,O=C(CCCN1C(=O)NC2(CCCC2)C1=O)Nc1ccccc1
decoy_3792,0.305259,0.385833,0.615481,0.746901,0.414588,0.492126,O=C(NCC1CCCCC1)NNC(=O)c1cc2ccccc2o1
decoy_3793,0.266612,0.370229,0.576843,0.751344,0.348744,0.482901,O=C(NC[C@@H](c1ccco1)N1CCOCC1)Nc1ccccc1
decoy_3794,0.26452,0.371435,0.565625,0.693453,0.340377,0.430072,O=C(CCc1ccccc1)NNC(=O)NCCCn1cc[nH+]c1
decoy_3795,0.334058,0.415801,0.701894,0.759365,0.414956,0.485936,O=C(NC1CC[NH2+]CC1)[C@H]1N[C@@H](C2=CC3=CC=N[C@@H]3C=C2)NO1
decoy_3796,0.277775,0.41565,0.565483,0.745539,0.350353,0.499147,O=C(NCc1ccco1)[C@H]1C[N@H+]2CC[C@@H]1C[C@H]2Cn1ccnn1
decoy_3797,0.318204,0.450353,0.629252,0.77262,0.396492,0.522439,O=C(NCCCOc1ccccc1)NCCNc1ncccn1
decoy_3798,0.319628,0.432767,0.664948,0.754293,0.386815,0.49541,O=C(NCC[NH+]1CCCC1)NNC(=O)c1c[nH]c2ccccc12
decoy_3799,0.274773,0.380824,0.599,0.756682,0.346787,0.436934,C=C([N-]NC(=O)CO[N-]C(=C)c1cccs1)c1ccccc1
decoy_38,0.38057,0.33622,0.725111,0.713137,0.478134,0.441342,C1C[C@@H]2C[NH2+]C[C@H](C1)C2
decoy_380,0.506774,0.493506,0.742787,0.752127,0.538472,0.525434,Nc1ccn([C@@H]2CCCO2)c(=O)n1
decoy_3800,0.435713,0.436622,0.716315,0.757047,0.515943,0.507536,O=c1[nH]c(C[NH2+]CCCOc2ccccc2)nc2sccc12
decoy_3801,0.318038,0.359575,0.621886,0.674301,0.439535,0.465059,O=C(CNc1ccc(N2CCCC2=O)cc1)Nc1cccs1
decoy_3802,0.248141,0.374716,0.529624,0.707512,0.340386,0.462048,O=C(C[N@H+]1CC[C@H](Cc2ccccc2)CC1)NC(=O)NC1CC1
decoy_3803,0.384685,0.457854,0.727133,0.850855,0.489672,0.546712,O=C(NCCC[NH+]1CCCCC1)NCc1cc2ccccc2o1
decoy_3804,0.239623,0.311912,0.526102,0.709576,0.297141,0.367821,O=C(Cc1csc(-c2ccccc2)n1)OCc1ccsc1
decoy_3805,0.402873,0.421057,0.661828,0.688004,0.470784,0.482344,OC1=C2C(=CCC1)Nc1nc(=S)[nH]cc1[C@@H]2c1cccs1
decoy_3806,0.32103,0.384645,0.615898,0.738642,0.384923,0.460033,O=C(CSc1ccccc1)Nc1nc(-c2cc[nH]c2)cs1
decoy_3807,0.264131,0.394641,0.550561,0.72719,0.323814,0.467572,O=c1[nH]c2ccccc2cc1CNC(=S)NC1CCCCC1
decoy_3808,0.25195,0.365532,0.505773,0.69457,0.329078,0.426279,O=C(CN1CC[NH+](Cc2ccccc2)CC1)Nc1cccs1
decoy_3809,0.274344,0.427779,0.555441,0.791381,0.346293,0.481757,O=C(CN1CC[NH+](Cc2cccs2)CC1)Nc1ccccc1
decoy_381,0.301376,0.405211,0.508006,0.719387,0.350869,0.432933,C1=C[C@@H]([NH2+][C@H]2CCCOC2)CCC1
decoy_3810,0.319298,0.449849,0.642472,0.848353,0.401159,0.514638,O=C(NC1CC1)[C@H]1CCC[C@@H]2NC(=S)N(c3ccccc3)[C@@H]21
decoy_3811,0.357561,0.482676,0.661783,0.815974,0.429027,0.556183,O=C(NCCc1ccccc1)c1csc(C2CC[NH2+]CC2)n1
decoy_3812,0.316237,0.400718,0.65347,0.802268,0.403987,0.466404,O=C(NCCC1=CCCS1)NCCC1=c2ccccc2=NC1
decoy_3813,0.29766,0.43059,0.596397,0.787193,0.368934,0.48539,O=C(NC[C@@H](c1cccs1)[NH+]1CCCC1)Nc1ccccc1
decoy_3814,0.273579,0.419199,0.559136,0.774487,0.34164,0.472882,O=C(NCC[N@H+]1CCc2sccc2C1)NCc1ccccc1
decoy_3815,0.376606,0.431875,0.711597,0.793623,0.488406,0.520107,S=C(Nc1ccccc1)N(Cc1ccco1)C1CC[NH2+]CC1
decoy_3816,0.206145,0.368103,0.475437,0.747514,0.296033,0.451039,O=C(NC[C@H]1CCC[N@@H+]1CC1CCCCC1)Nc1ccccc1
decoy_3817,0.278887,0.433845,0.592286,0.80683,0.372698,0.539021,O=C(NCC1([NH+]2CCCCC2)CCCCC1)Nc1ccccc1
decoy_3818,0.283065,0.403553,0.617198,0.805641,0.375892,0.483718,O=C(NCCC[NH+]1CCCCC1)N[C@H](c1ccccc1)C1CC1
decoy_3819,0.380985,0.454682,0.764927,0.836053,0.483849,0.550865,c1ccc(N2CC[NH+](CCCCNC3=[NH+]CCCN3)CC2)cc1
decoy_382,0.268284,0.337989,0.483026,0.603942,0.307757,0.362423,O=C(C1CCCC1)N1CCCCC1
decoy_3820,0.22559,0.318582,0.462336,0.608072,0.281078,0.39966,O=c1ccn(-c2ccccc2)nc1-c1nc(-c2ccccc2)no1
decoy_3821,0.239069,0.326396,0.449735,0.558304,0.290594,0.377783,O=C1N=c2cc3c(cc2N1)=NC(C1=CNN(c2ccccc2)C1)=N3
decoy_3822,0.219778,0.310255,0.451701,0.60169,0.283481,0.406797,c1coc(-c2nnc(SCc3cccc4c3OCOC4)o2)c1
decoy_3823,0.317422,0.406632,0.55538,0.644705,0.375385,0.440566,O=C(CNC(=O)c1cccs1)Nc1ccc2[nH]c(=O)[nH]c2c1
decoy_3824,0.29672,0.347693,0.628543,0.656316,0.381745,0.430343,O=C1CCc2cc(NC(=O)C(=O)NC[C@H]3CC[NH2+]C3)ccc2N1
decoy_3825,0.338628,0.388686,0.671188,0.724262,0.402215,0.447037,O=C(CNc1ccccc1)NN1C(=O)NC2(CCCCC2)C1=O
decoy_3826,0.301936,0.373714,0.607993,0.684538,0.362881,0.431397,O=C(CO/N=C/C1=CCCCC1=O)NCCNc1cccc[nH+]1
decoy_3827,0.369131,0.393507,0.724234,0.816108,0.485615,0.496955,O=C(NCCc1ccco1)Nc1ccc(N2CCOCC2)nc1
decoy_3828,0.311106,0.438744,0.616272,0.755471,0.386716,0.488484,O=C(NC[C@@H](c1ccco1)[NH+]1CCCC1)Nc1ccc[nH]c1=O
decoy_3829,0.301022,0.363114,0.604249,0.685191,0.357482,0.430993,O=C(COC(=O)CC1=c2ccccc2=NC1)N[C@@H]1CC=CS1
decoy_383,0.267285,0.365159,0.488339,0.70533,0.311098,0.389566,O=C(CC1CC1)NC1CCCCC1
decoy_3830,0.248567,0.303253,0.501768,0.563481,0.298519,0.353929,O=C1[C@H]2[C@@H](c3cccs3)NC[C@H]2C(=O)N1CCn1ccnc1
decoy_3831,0.300033,0.413756,0.597946,0.708232,0.380586,0.471266,O=C(CSc1n[nH]c(N/N=C/c2ccccc2)n1)NC1CC1
decoy_3832,0.204289,0.31822,0.401502,0.550928,0.261459,0.361647,O=C(NCCc1nnc([S-])[nH]1)C1=NN(c2ccccc2)CC1
decoy_3833,0.399915,0.486511,0.736846,0.795661,0.505996,0.571772,O=C(NNC(=S)Nc1ccccc1)c1cnn2c1NCCC2
decoy_3834,0.196569,0.258153,0.488389,0.609386,0.268471,0.338429,O=C(OCc1ccccc1O[C@H]1CCCCO1)[C@@H]1C=CCCC1
decoy_3835,0.271262,0.345734,0.592145,0.66965,0.374074,0.426995,O=C1Cc2cc(CNC(=O)NCC[NH+]3CCCCC3)ccc2N1
decoy_3836,0.346931,0.376585,0.68034,0.691826,0.445855,0.455884,O=C1NC(C[NH2+]CCN2CCOCC2)=C[C@@H](c2ccccc2)N1
decoy_3837,0.301607,0.43078,0.602713,0.847023,0.370878,0.504995,O=C(COc1ccc(-c2cscn2)cc1)Nc1cccs1
decoy_3838,0.302549,0.408045,0.582459,0.750861,0.355057,0.47536,O=C1C=C[C@@H]2SC(SCC(=O)Nc3ccccc3)=CC2=N1
decoy_3839,0.387795,0.43303,0.697422,0.793206,0.483224,0.523331,O=C(CSc1cc2[nH]c(=O)ccc2s1)Nc1ccccc1
decoy_384,0.291421,0.376962,0.451589,0.527087,0.321292,0.398802,c1csc(C[NH+]2CCCCC2)c1
decoy_3840,0.324289,0.431096,0.666186,0.751618,0.410389,0.50353,O=C(NCCN1CCCCC1)C(=O)Nc1cccc2c1C[NH2+]C2
decoy_3841,0.335935,0.415986,0.626239,0.761499,0.383961,0.468094,O=C(CSc1n[nH]c(-c2ccccc2)n1)Nc1cccs1
decoy_3842,0.286589,0.390811,0.601326,0.714912,0.378092,0.475507,O=C(NCCC[NH+]1CCCCC1)NCc1nnc2ccccn12
decoy_3843,0.30384,0.341323,0.653124,0.741204,0.40491,0.458011,O=C(CNCCOc1ccccc1)Nc1cc2c(s1)CCC2
decoy_3844,0.32489,0.414354,0.683463,0.865236,0.408986,0.492628,O=C(COc1ccccc1)NCNc1cc2c(s1)CCCC2
decoy_3845,0.271134,0.325613,0.543872,0.62163,0.332983,0.365424,O=S(=O)(c1ccccc1)[C@H]1CN(Cc2ccccc2)CCN1
decoy_3846,0.274749,0.357845,0.632347,0.807126,0.349086,0.428986,c1cc(Nc2cc3c(s2)CCCC3)nc(N2CCOCC2)n1
decoy_3847,0.275674,0.360043,0.604357,0.751526,0.358865,0.447205,c1cc(Nc2cc3c(s2)CCC3)nc(NC[C@H]2CCCO2)n1
decoy_3848,0.341075,0.35137,0.639983,0.625892,0.409121,0.405668,O=C1C[C@H](c2ccc(C[NH+]3CCCCC3)s2)c2cn[nH]c2N1
decoy_3849,0.345001,0.361467,0.707609,0.749375,0.454092,0.457517,O=C(CCN1CCN(c2ccccn2)CC1)Nc1cccs1
decoy_385,0.298495,0.347121,0.532487,0.571183,0.370651,0.395645,C1CCC(C[NH+]2CCCCC2)CC1
decoy_3850,0.303094,0.358982,0.604579,0.626855,0.372368,0.417161,C1=C[C@@H](c2ccc(C[N@H+]3CC[C@H](N4CC=NN4)CC3)s2)N=N1
decoy_3851,0.29083,0.368619,0.674256,0.806447,0.398853,0.471193,c1ccc(C[NH2+]Cc2ccc(C[NH2+]Cc3ccccc3)cc2)cc1
decoy_3852,0.207292,0.289562,0.498505,0.609825,0.297043,0.37499,c1n[nH]c2c1C[C@@H]([NH2+]CC1(N3CCCCC3)CCCCC1)CC2
decoy_3853,0.237224,0.358432,0.512023,0.688003,0.334846,0.449474,O=C1COc2cc(NC(=O)C(=O)NCC3CCCC3)ccc2N1
decoy_3854,0.268979,0.290461,0.536799,0.562114,0.319408,0.373471,O=C1[C@@H]2[C@@H]3N=c4ccccc4=C3CCN2C(=O)N1c1ccccc1
decoy_3855,0.34555,0.487644,0.649798,0.847153,0.44914,0.565897,O=C(Nc1ccccc1)C1=CNc2ncnn2[C@H]1c1ccccc1
decoy_3856,0.342644,0.409534,0.62006,0.681765,0.396619,0.45351,O=c1[nH]c2ccc(S(=O)(=O)NCCc3ccccc3)cc2[nH]1
decoy_3857,0.345055,0.437214,0.655145,0.760743,0.395258,0.47836,O=C1NC(CSc2nc(C3CC3)n[nH]2)=C[C@@H](c2ccco2)N1
decoy_3858,0.383578,0.443471,0.708474,0.711069,0.434839,0.481008,O=C(CCc1cnc[nH]c1=O)NNC(=S)Nc1ccccc1
decoy_3859,0.296647,0.321313,0.832005,0.882308,0.399897,0.415893,c1ccc2c(O[C@@H]3CC[C@@H](O[C@H]4CCCCO4)CO3)c[nH]c2c1
decoy_386,0.270823,0.377114,0.505511,0.7348,0.333937,0.43732,C1CCCC([NH2+]C2CCCC2)CC1
decoy_3860,0.354924,0.471489,0.624256,0.785658,0.395935,0.514113,O=C(CSc1nc2ccccc2c(=O)[nH]1)Nc1cccs1
decoy_3861,0.368709,0.430414,0.65499,0.760343,0.432271,0.495464,O=C(CSc1nc2sccc2c(=O)[nH]1)Nc1ccccc1
decoy_3862,0.380799,0.45211,0.756327,0.775987,0.462554,0.531549,O=C(NNC(=O)N[C@H]1CC[N@H+](C2CC2)CC1)Nc1ccccc1
decoy_3863,0.302756,0.339739,0.6219,0.631012,0.340957,0.37304,NC1=NC(N)=[N+](c2cccc(/C=C/C=C/c3ccccc3)c2)CN1
decoy_3864,0.348003,0.43962,0.638794,0.69493,0.407049,0.474575,[O-]/C(=N\c1nncs1)c1cc2cc3c(nc2s1)CC[NH2+]C3
decoy_3865,0.308519,0.399291,0.556343,0.649953,0.362581,0.417782,c1cnc(SCc2n[nH]c(CSc3ncccn3)n2)nc1
decoy_3866,0.277751,0.361137,0.571895,0.641845,0.357298,0.430222,O=C(NCC1CCCCC1)NNC(=O)[C@H]1CCS(=O)(=O)C1
decoy_3867,0.325809,0.443246,0.638845,0.753767,0.397008,0.524683,O=C(NCCC[NH2+]Cc1ccccc1)C(=O)Nc1cccs1
decoy_3868,0.251937,0.372407,0.521373,0.718029,0.321652,0.44769,O=C(NCCNC(=O)c1ccccc1)NCCc1ccsc1
decoy_3869,0.387365,0.418181,0.710416,0.731341,0.467758,0.479563,O=S(=O)(c1ccc(Nc2ccccc2)cc1)N1CC[NH2+]CC1
decoy_387,0.277815,0.396929,0.426526,0.706017,0.315777,0.436014,c1cc([C@H]2OC[C@@H]3OCO[C@@H]32)[nH]n1
decoy_3870,0.394501,0.484133,0.729995,0.828958,0.459024,0.527853,O=S(=O)(Nc1ccccc1N1CC[NH2+]CC1)c1ccccc1
decoy_3871,0.297394,0.409849,0.614579,0.727644,0.377289,0.479688,O=C(CCC1=CN=NC1)N[C@H]1CN[C@H](Nc2ccccc2)S1
decoy_3872,0.360472,0.458951,0.68808,0.75201,0.423929,0.50633,O=C(CSc1n[nH]c(-c2ccccc2)n1)NC1CC[NH2+]CC1
decoy_3873,0.238594,0.324419,0.54927,0.695368,0.311351,0.398581,C(\NC[C@@H](c1ccccc1)N1CCOCC1)=[NH+]/C[C@H]1CCCO1
decoy_3874,0.281919,0.38889,0.605281,0.767191,0.362294,0.468084,O=C(NCCC[NH+]1CCCCC1)N[C@H]1CCOc2ccccc21
decoy_3875,0.285847,0.371007,0.606619,0.713519,0.373519,0.448019,O=C(NC1CCCCC1)[C@H]1C[N@@H+]2CC[C@H]1C[C@H]2Cn1ccnn1
decoy_3876,0.237162,0.314603,0.472212,0.571878,0.27927,0.354248,[O-]/C(=N\C(=S)Nc1cc2c(s1)C[NH2+]CC2)c1ccccc1
decoy_3877,0.400752,0.394964,0.74621,0.775105,0.473904,0.459573,C(\NC[C@@H](c1cccs1)N1CCCCC1)=[NH+]/Cc1ccco1
decoy_3878,0.240468,0.317112,0.509472,0.60152,0.313015,0.37591,c1nc(NCCN2CCCCC2)c2c3c(sc2n1)C[NH2+]CC3
decoy_3879,0.315628,0.39058,0.749588,0.887315,0.442675,0.509621,c1cc(N2CCOCC2)ccc1C[NH2+]CCC[NH+]1CCCCC1
decoy_388,0.244131,0.312854,0.367386,0.51778,0.276514,0.346769,C=C1CCO[C@@H]2NC(=O)[C@H]1NC2=O
decoy_3880,0.367452,0.427632,0.722718,0.845598,0.46568,0.522909,c1ccc(CN2CCC([NH2+]CCCN3CCOCC3)CC2)cc1
decoy_3881,0.342408,0.437308,0.591071,0.728445,0.380122,0.469191,O=c1cc[nH]c2c3c(ccc12)Oc1c(ccc2c(=O)cc[nH]c12)O3
decoy_3882,0.384471,0.420314,0.637662,0.653851,0.41855,0.45167,O=c1[nH]c2ccc(S(=O)(=O)Oc3ccccc3)cc2[nH]c1=O
decoy_3883,0.245011,0.359292,0.465527,0.632377,0.285538,0.400323,[NH2+]=c1occ(C(=O)c2ccccc2)cc1C(=O)Nc1ccccc1
decoy_3884,0.298149,0.336543,0.58382,0.63139,0.356665,0.384839,C1=C[C@H](c2ccc([C@@H]3C=COc4[nH]ncc43)cc2)c2cn[nH]c2O1
decoy_3885,0.264252,0.417753,0.557808,0.816306,0.341558,0.483063,O=C(NCc1ccco1)c1nn2cccnc2c1-c1ccccc1
decoy_3886,0.232489,0.299909,0.436054,0.522099,0.278325,0.33803,[O-]/C(Nc1ccccc1)=C1\C=Nc2nnnn2[C@H]1c1ccccc1
decoy_3887,0.3408,0.44744,0.638178,0.760508,0.41493,0.500577,O=C(Nc1cccnc1)C1=CNc2ncnn2[C@H]1c1ccccc1
decoy_3888,0.360365,0.458214,0.667993,0.80593,0.467118,0.547665,O=C(COC(=O)CNC(=O)c1ccccc1)Nc1cccs1
decoy_3889,0.322832,0.385282,0.625939,0.717489,0.41239,0.47099,O=C(COC(=O)CNC(=O)c1cccs1)Nc1ccccc1
decoy_389,0.468216,0.468936,0.760641,0.791429,0.55919,0.5545,O=c1ccn([C@@H]2CCCO2)c(=O)[nH]1
decoy_3890,0.325143,0.42854,0.602972,0.692882,0.372422,0.47999,O=C(CNC(=O)c1ccco1)NNC(=S)Nc1ccccc1
decoy_3891,0.349183,0.436485,0.643739,0.714844,0.402749,0.48143,O=C(CSc1nccc(=O)[nH]1)NCC(=O)Nc1ccccc1
decoy_3892,0.289871,0.38129,0.595722,0.741224,0.383509,0.467605,O=C(COC(=O)CNC(=O)c1ccccc1)NC1CCCCC1
decoy_3893,0.207638,0.288873,0.429189,0.558471,0.251238,0.34876,O=C1[C@@H]2[C@H](/C=C/c3ccccc3)[NH2+]C[C@@H]2C(=O)N1c1ccccc1
decoy_3894,0.211624,0.336769,0.501465,0.734379,0.297408,0.418207,O=C(NCCc1ccccc1)C(=O)c1[nH]ccc1-c1ccccc1
decoy_3895,0.24904,0.33021,0.574156,0.725419,0.338468,0.421278,O=C(NCCc1ccccc1)C(=O)Nc1cccc2ccccc12
decoy_3896,0.346831,0.410271,0.658484,0.765865,0.421827,0.461657,O=C(COC(=O)c1cc2cccnc2s1)Nc1cccs1
decoy_3897,0.296768,0.341886,0.630519,0.710965,0.380068,0.426151,O=C(Nc1ccccc1)c1cnn2c1N[C@H](c1ccccc1)CC2
decoy_3898,0.32502,0.40429,0.590965,0.70672,0.398077,0.457062,O=C(CSc1nnc(-c2ccccc2)o1)Nc1nccs1
decoy_3899,0.330183,0.355898,0.683104,0.680312,0.422256,0.442164,C1=C(c2ccccc2)N=N[C@H]1[C@H]1NNCN1/N=C/c1ccccc1
decoy_39,0.256154,0.280779,0.410662,0.444416,0.289493,0.333956,C1CCC2(C1)CCC[NH2+]2
decoy_390,0.357993,0.418714,0.546222,0.607646,0.349144,0.39567,[H]/N=C1/C=CC=C/C1=[NH+]\c1ccccc1
decoy_3900,0.40037,0.449015,0.737875,0.717723,0.460269,0.496993,c1ccc2c(C[NH2+]CCc3nc(-c4ccncc4)n[nH]3)c[nH]c2c1
decoy_3901,0.309455,0.397788,0.575629,0.654649,0.363759,0.427521,O=C(CSc1n[nH]c(-c2ccccc2)n1)Nc1nncs1
decoy_3902,0.35038,0.369357,0.710145,0.754387,0.453763,0.471014,O=C(CNCc1ccc2c(c1)OCCCO2)Nc1cccs1
decoy_3903,0.219471,0.300655,0.451656,0.559544,0.280884,0.366235,O=S(=O)(Oc1ccccc1)[C@H]1CN(c2ccccc2)CCN1
decoy_3904,0.330607,0.358014,0.727135,0.795833,0.453287,0.464693,O=C(N/N=C/CCCCOC[C@H]1CCCCO1)c1ccccc1
decoy_3905,0.265701,0.376543,0.57035,0.708521,0.380341,0.479377,O=C(CNC(=O)NCCC[NH+]1CCCCC1)Nc1ccccc1
decoy_3906,0.316004,0.467179,0.621703,0.841641,0.395965,0.529192,c1ccc([C@H](CNc2ncnc3ccccc23)[NH+]2CCCC2)cc1
decoy_3907,0.250897,0.333475,0.578865,0.651505,0.362446,0.429001,O=C(NCCc1nnc[nH]1)[C@]12C[NH2+]C[C@H]1CN(C1CCCC1)C2
decoy_3908,0.334515,0.379118,0.695308,0.697084,0.425117,0.458603,O=C(NCCN1CC[NH2+]CC1)Nc1ccc(N2CCCC2)nc1
decoy_3909,0.316433,0.452972,0.596598,0.737401,0.375102,0.492506,[O-]/C(=N\C(=S)Nc1cc2c(s1)C[NH2+]CC2)c1cccnc1
decoy_391,0.388578,0.315171,0.461016,0.414911,0.349802,0.315176,[NH-]C1=C2CC=CN=C2c2ccccc21
decoy_3910,0.27397,0.347863,0.642065,0.794266,0.354876,0.424002,[H]/N=C1/C[C@H](c2ccc(OCCN3CCOCC3)cc2)C=CS1
decoy_3911,0.352459,0.48463,0.652837,0.827593,0.426603,0.551053,O=C(CCSc1ccccc1)Nc1cc2c(s1)C[NH2+]CC2
decoy_3912,0.3335,0.400598,0.643293,0.744216,0.411276,0.464338,c1cnc(-c2cccc(C[NH2+]Cc3ccc4c(c3)OCO4)c2)nc1
decoy_3913,0.338901,0.400751,0.63814,0.715907,0.435424,0.470343,O=c1[nH]c(=O)n(-c2ccccc2)cc1[C@H]1[NH2+]CCc2ccccc21
decoy_3914,0.321568,0.347153,0.612285,0.637057,0.388816,0.406607,O=c1[nH]cc([C@H]2[NH2+]CCc3ccccc32)c(=O)n1-c1ccccc1
decoy_3915,0.414564,0.459041,0.76219,0.86076,0.494047,0.540646,O=C1NC2=C(C(=O)N(Cc3ccccc3)C2)[C@@H](c2ccccc2)N1
decoy_3916,0.330943,0.452624,0.651305,0.828483,0.418826,0.532213,O=C(Nc1ccccc1)[C@H]1CNc2ncnn2[C@H]1c1ccccc1
decoy_3917,0.348166,0.431311,0.661427,0.758691,0.417998,0.501599,O=C(NNc1cc(NCc2ccccc2)ncn1)c1ccccc1
decoy_3918,0.381458,0.406239,0.682771,0.72316,0.47773,0.48661,O=c1[nH]c(C[NH2+]CCCOCc2ccco2)nc2sccc12
decoy_3919,0.362453,0.404093,0.649658,0.735099,0.459248,0.498063,O=C(COc1ccccc1)NNC(=O)NCCc1ccsc1
decoy_392,0.277137,0.335064,0.492985,0.592807,0.322181,0.388485,C1=CC[C@@H](O[C@@H]2CCCCO2)CC1
decoy_3920,0.330763,0.394004,0.650039,0.754965,0.412529,0.472897,O=C(CSCC(=O)Nc1ccon1)NCCc1ccccc1
decoy_3921,0.231276,0.331874,0.465026,0.678739,0.279005,0.387282,O=C(c1ccccc1)n1ncc2c1N=CS[C@@H]2c1ccccc1
decoy_3922,0.354346,0.386013,0.720441,0.757962,0.443752,0.453666,O=c1oc2c(C[NH2+]CCc3ccccc3)cccc2c2c1CCC2
decoy_3923,0.296793,0.361771,0.664944,0.755321,0.454915,0.497466,O=C1NC(=O)N(C2CCCCC2)C(=O)/C1=C\NC1CCCCC1
decoy_3924,0.31725,0.369553,0.629146,0.69304,0.415785,0.455982,O=c1ccn(COCC[NH2+][C@H]2[C@H]3C[C@H]4C[C@@H](C3)C[C@@H]2C4)c(=O)[nH]1
decoy_3925,0.280629,0.429128,0.588939,0.801277,0.378752,0.536062,O=C(NCCC[NH+]1CCCCC1)Nc1ccc2c(c1)OCCO2
decoy_3926,0.364763,0.423151,0.741122,0.866949,0.467534,0.506484,c1ccc(Oc2c(C[NH2+]CC3CC3)cnn2-c2ccccc2)cc1
decoy_3927,0.319506,0.390989,0.645093,0.756238,0.38705,0.438268,c1ccc(Oc2[nH]nc(-c3ccccc3)c2C[NH2+]CC2CC2)cc1
decoy_3928,0.319497,0.388907,0.627345,0.713824,0.372473,0.441882,O=C(N[C@H]1CC[N@@H+](Cc2ccccc2)C1)c1cccc2cc[nH]c12
decoy_3929,0.269807,0.349996,0.603282,0.684049,0.344245,0.417905,O=C(NC1CC[NH2+]CC1)c1nc[nH]c1C(=O)NC1CCCCC1
decoy_393,0.279932,0.343917,0.496145,0.601379,0.320542,0.390241,C1=C[C@@H](O[C@@H]2CCCCO2)CCC1
decoy_3930,0.295797,0.42116,0.657786,0.763187,0.391764,0.504962,O=C(NCCCCN1CC[NH2+]CC1)NNC(=O)c1ccccc1
decoy_3931,0.242615,0.307502,0.504306,0.58955,0.306407,0.369386,c1ccc([C@H]2NC[N@@H+](CCc3cccnc3)[C@@H]2c2c[nH]cn2)cc1
decoy_3932,0.288579,0.421578,0.546128,0.717978,0.348984,0.492548,O=C(CSc1n[nH]c(-c2ccncc2)n1)N[C@@H]1C=CCS1
decoy_3933,0.228102,0.335034,0.501069,0.717298,0.298645,0.401659,O=C(COC(=O)[C@]12C[C@H]3C[C@@H](C[C@H](C3)C1)C2)Nc1cccs1
decoy_3934,0.333836,0.453768,0.64392,0.809649,0.400284,0.524458,O=C(CCCC[C@@H]1SC[C@H]2NC(=O)N[C@@H]12)Nc1ccccc1
decoy_3935,0.371287,0.368778,0.832612,0.87251,0.459169,0.451068,c1ccc(CC[NH2+][C@@H]2CCC[C@@H](CO[C@H]3CCCCO3)O2)cc1
decoy_3936,0.271539,0.341412,0.593755,0.697192,0.338733,0.427003,O=C(C[NH+]1CCCCC1)NC(=O)N[C@]12C[C@H]3C[C@@H](C[C@H](C3)C1)C2
decoy_3937,0.37386,0.427449,0.728084,0.764568,0.459645,0.504965,O=C(CNC(=O)[C@]12C[C@H]3C[C@@H](C[C@H](C3)C1)C2)NC1CC[NH2+]CC1
decoy_3938,0.374986,0.409602,0.654569,0.686053,0.44664,0.46067,O=C(NC1CC[NH2+]CC1)c1ccc(Sc2nccs2)cc1
decoy_3939,0.280268,0.437163,0.591884,0.817172,0.379326,0.509367,O=C(NCC1([NH+]2CCSCC2)CCCC1)Nc1ccccc1
decoy_394,0.437965,0.471814,0.710359,0.731516,0.518189,0.520397,O=C(CC1CC1)NC1CC[NH2+]CC1
decoy_3940,0.306957,0.383314,0.766135,0.912585,0.421127,0.497024,C1CC[NH+]([C@H]2CC[N@H+](C[C@H]3CCC[N@@H+]4CCCC[C@@H]34)CC2)CC1
decoy_3941,0.275856,0.348684,0.533568,0.632972,0.334133,0.405528,O=C1C(=O)N(c2ccon2)[C@H](c2cccnc2)/C1=C/c1cc[nH]c1
decoy_3942,0.421529,0.46068,0.721369,0.751664,0.51243,0.532892,O=C(CSc1ccccc1)OCC(=O)c1c[nH]c(=O)[nH]c1=O
decoy_3943,0.341046,0.379767,0.643937,0.703646,0.400839,0.433755,C1=Nc2[nH+]c3cc4c(cc3n2[C@@H](c2ccccc2)N1)OCCCO4
decoy_3944,0.37005,0.417222,0.706382,0.779641,0.465004,0.494898,C1=Nc2nc3cc4c(cc3n2[C@H](c2ccccc2)N1)OCCCO4
decoy_3945,0.379392,0.469703,0.700544,0.799236,0.48051,0.561883,O=C1NC=C(C(=O)N/N=C/c2ccccc2)[C@H](c2ccccc2)N1
decoy_3946,0.266096,0.35444,0.540255,0.673561,0.318254,0.410353,O=C1CN(C(=O)c2cccc3[nH]c(-c4ccccc4)nc23)CCN1
decoy_3947,0.363618,0.436905,0.671639,0.747594,0.451505,0.502755,O=C(NNc1cc(=O)[nH]cn1)C(c1ccccc1)c1ccccc1
decoy_3948,0.319787,0.332694,0.632449,0.658561,0.422496,0.429438,O=C(N/N=C/c1cccc(COc2ccccc2)c1)c1cc[nH]n1
decoy_3949,0.426409,0.432871,0.756937,0.70572,0.490932,0.50043,NC(=N/c1ccccc1)/[NH+]=C/Nc1cnn(-c2ccccc2)c1[O-]
decoy_395,0.471343,0.496006,0.733619,0.762942,0.506904,0.503318,c1csc(CN2CC[NH2+]CC2)c1
decoy_3950,0.291106,0.393776,0.597841,0.709933,0.370228,0.463376,O=C(Cc1ccccc1)NNc1cc(Nc2ccccn2)ncn1
decoy_3951,0.229019,0.311095,0.459003,0.564773,0.273514,0.361314,O=C(c1ccco1)N1CCN(S(=O)(=O)c2ccccc2)CC1
decoy_3952,0.251749,0.394918,0.462306,0.694197,0.294318,0.436664,[NH2+]=c1oc2c(ccc3ccccc32)cc1C(=O)Nc1cccs1
decoy_3953,0.389486,0.431459,0.71906,0.708891,0.427416,0.474628,O=C(C[N@@H+]1CCC[C@H]1c1cccs1)Nc1c[nH]c(=O)[nH]c1=O
decoy_3954,0.292938,0.394892,0.619706,0.731719,0.372225,0.470262,O=C(COc1ccccc1)NNC(=O)NCC[NH+]1CCCCC1
decoy_3955,0.287967,0.351565,0.613772,0.675818,0.383145,0.435438,O=C(NC1CCN(C(=O)NC2CC[NH2+]CC2)CC1)c1ccco1
decoy_3956,0.314513,0.351459,0.669996,0.723793,0.428121,0.461006,c1ccc(-c2nc3ncncc3cc2CCN2CCOCC2)cc1
decoy_3957,0.318717,0.40988,0.667625,0.833689,0.433967,0.513206,c1ccc2c(Nc3cc(NC[C@H]4CCCO4)ncn3)cccc2c1
decoy_3958,0.296998,0.477405,0.547926,0.799379,0.369338,0.520988,O=C(CCSc1nc(-c2ccoc2)n[nH]1)Nc1cccs1
decoy_3959,0.284755,0.399055,0.575701,0.756431,0.344289,0.451802,c1ccc(-n2cccn2)c(C[NH+]2CCN(c3ccncn3)CC2)c1
decoy_396,0.415523,0.449939,0.733039,0.757987,0.48864,0.492537,C1CCC([NH2+]C2CC[NH2+]CC2)CC1
decoy_3960,0.346337,0.449126,0.656836,0.730348,0.421781,0.519703,c1cnc2c(Nc3cc(NC4CC[NH2+]CC4)ncn3)cccc2c1
decoy_3961,0.345697,0.471789,0.679884,0.776093,0.431477,0.547196,c1cc(Nc2cc(NC3CC[NH2+]CC3)ncn2)c2cccnc2c1
decoy_3962,0.240733,0.34953,0.53004,0.650131,0.307195,0.41367,c1ccc2c(c1)NC[C@@H]2C[NH2+]CCc1nc(-c2ccncc2)n[nH]1
decoy_3963,0.343811,0.38973,0.680192,0.679977,0.431642,0.462274,O=C(CCc1nc(=O)c2ccsc2[nH]1)NC[C@H]1CCC[NH2+]C1
decoy_3964,0.310006,0.349429,0.625718,0.66851,0.395058,0.445093,O=C(CNC1(c2ncon2)CCCCCC1)Nc1cccs1
decoy_3965,0.397187,0.484454,0.718327,0.770071,0.504964,0.575066,O=C(CNC(=O)C1CCCC1)NNC(=S)Nc1ccccc1
decoy_3966,0.385364,0.321256,0.833727,0.783317,0.506522,0.448,c1ccc(Cn2cccc2C[NH2+]CCCOc2ccccc2)cc1
decoy_3967,0.241969,0.35036,0.619608,0.748189,0.323645,0.436859,c1nc(NCCC[NH+]2CCOCC2)cc(NC2CC[NH2+]CC2)n1
decoy_3968,0.331123,0.342021,0.679931,0.693434,0.396586,0.406735,O=C(CSc1nncs1)N1CCN(c2ccccc2)CC1
decoy_3969,0.314778,0.375686,0.61956,0.687825,0.378478,0.420346,O=C(CSC1=NNCS1)NCCC1=c2ccccc2=NC1
decoy_397,0.430055,0.54355,0.771277,0.925433,0.505354,0.595164,C1C[NH2+]C[C@@H](CC[NH+]2CCCC2)C1
decoy_3970,0.29826,0.345432,0.628937,0.697902,0.362359,0.394928,O=C1C=C(C(=O)c2ccc3c(c2)OCCO3)[C@@H](c2ccccc2)N1
decoy_3971,0.227527,0.292045,0.480333,0.560926,0.299955,0.355471,O=C(COc1ccc(-c2nnco2)cc1)N1CCc2ccccc21
decoy_3972,0.335007,0.352094,0.688354,0.720642,0.488829,0.489626,c1ccc(CCCOc2cc3[nH]c(-c4cnon4)nc3cn2)cc1
decoy_3973,0.284364,0.408053,0.574627,0.731151,0.372747,0.48543,O=C(Cn1cc(C(=O)Nc2ccccc2)nn1)Nc1ccccc1
decoy_3974,0.276748,0.371605,0.543856,0.650986,0.337515,0.428244,O=C(NCC1N=c2ccccc2=N1)[C@H]1NC(c2ccccc2)=NO1
decoy_3975,0.417229,0.356877,0.756912,0.693774,0.512148,0.448086,O=C(Nc1ccon1)c1cc2c(-c3ccccc3)ccnc2s1
decoy_3976,0.362861,0.385131,0.686433,0.71723,0.447263,0.445513,[H]/N=C1C(=C/c2ccn(-c3ccccc3)c2)/C(=O)N=C2SC=NN2/1
decoy_3977,0.359684,0.38952,0.673202,0.713048,0.434701,0.446118,[H]/N=C1C(=C/c2ccn(-c3ccccc3)c2)/C(=O)N=C2SN=CN2/1
decoy_3978,0.234844,0.337964,0.431916,0.579445,0.281794,0.379284,O=c1cc(Sc2n[nH]nc2-c2ccccc2)nc2ccccn12
decoy_3979,0.339419,0.480845,0.664638,0.839281,0.445394,0.567988,O=C(NCCCOc1ccc2c(c1)OCO2)NC1CC[NH2+]CC1
decoy_398,0.418234,0.480367,0.754628,0.879042,0.476562,0.536031,C1CCN(CCC[NH2+]C2CC2)CC1
decoy_3980,0.290091,0.385477,0.629937,0.813,0.357844,0.470434,O=c1c2cc(N[C@@H]3CCCCO3)ccc2ncn1-c1ccccc1
decoy_3981,0.29037,0.379637,0.648305,0.82394,0.411371,0.487596,O=c1c2ccccc2ncn1-c1ccc(N[C@@H]2CCCCO2)cc1
decoy_3982,0.373973,0.325501,0.799875,0.75629,0.445578,0.408241,O=C(Nc1cn(Cc2ccccc2)c2ncccc12)[C@@H]1CCCO1
decoy_3983,0.221065,0.341226,0.506692,0.744261,0.307653,0.423836,O=C(NCCCn1ccc2ccccc21)C(=O)Nc1ccccc1
decoy_3984,0.362263,0.430892,0.684919,0.735995,0.445967,0.505216,c1cnc2c(Oc3cc(NC4CC[NH2+]CC4)ncn3)cccc2c1
decoy_3985,0.260903,0.389901,0.553727,0.754677,0.342528,0.482189,c1cc(Nc2cc(NC[C@H]3CCCO3)ncn2)c2cccnc2c1
decoy_3986,0.289654,0.380623,0.613698,0.745194,0.37907,0.477649,c1ccc(Nc2ncnc(CNCCOc3ccccc3)n2)cc1
decoy_3987,0.309406,0.408359,0.626643,0.703836,0.407714,0.493793,O=C(Nc1n[nH]c2nc(-c3ccccc3)ccc12)C1CC[NH2+]CC1
decoy_3988,0.311156,0.374295,0.651317,0.762966,0.395678,0.46008,O=C(NCCCc1ccccc1)Nc1cccnc1-n1cccn1
decoy_3989,0.330746,0.462101,0.594092,0.71458,0.392629,0.496281,O=C1NC=C(C(=O)CSc2n[nH]c(-c3cccs3)n2)CN1
decoy_399,0.483298,0.423509,0.729015,0.717013,0.524215,0.486912,O=c1cnn([C@@H]2CCCO2)c(=O)[nH]1
decoy_3990,0.340452,0.40121,0.674209,0.701608,0.425948,0.492105,c1cnc2c(Nc3cc(NN4CC[NH2+]CC4)ncn3)cccc2c1
decoy_3991,0.314516,0.426495,0.634501,0.728448,0.388,0.481343,c1cc(Nc2cc(NN3CC[NH2+]CC3)ncn2)c2cccnc2c1
decoy_3992,0.338335,0.413781,0.535227,0.605452,0.383083,0.433149,O=S1(=O)CC[C@H](NS(=O)(=O)c2cnc3sccn23)C1
decoy_3993,0.280593,0.329999,0.575506,0.6446,0.351383,0.375499,O=C(NCCC1=c2ccccc2=NC1)c1cc2cccnc2s1
decoy_3994,0.273222,0.338437,0.592031,0.691728,0.355489,0.417038,O=C(CN1CCOCC1)NC(=O)N[C@]12C[C@H]3C[C@@H](C[C@H](C3)C1)C2
decoy_3995,0.285432,0.417326,0.594631,0.762553,0.368784,0.501873,c1cc(NC[C@H]2CCCO2)nc(NCCC[NH+]2CCOCC2)n1
decoy_3996,0.416526,0.463011,0.840619,0.81693,0.520366,0.562909,O=C(C[NH2+]CCNc1nccc(=O)[nH]1)NC1CCCCCCC1
decoy_3997,0.32149,0.361656,0.583542,0.634377,0.384656,0.415704,O=C(CSC1=[NH+]C(=O)CC=N1)Nc1cc2c(s1)CCCC2
decoy_3998,0.32781,0.453368,0.658098,0.814656,0.407813,0.506137,c1ccc(Nc2cc(NC[C@H]3CCC[NH2+]C3)cc3ccnn23)cc1
decoy_3999,0.366182,0.380996,0.764498,0.730051,0.409446,0.446253,NC1=NC(N)=[N+](c2ccc(CCCCc3ccccc3)cc2)CN1
decoy_4,0.238904,0.250953,0.519015,0.545716,0.297153,0.332064,C1=C[C@H]2CC=C[C@H]2C1
decoy_40,0.274077,0.293948,0.562024,0.569799,0.329723,0.366615,C1CC(C2CC2)CCO1
decoy_400,0.280436,0.361733,0.47566,0.590077,0.319952,0.391187,c1cc(CO[C@@H]2CCCCO2)on1
decoy_4000,0.318835,0.411009,0.622911,0.71846,0.376147,0.476251,O=C(CS[C@@H]1NN[C@@H](c2ccccc2)N1)Nc1nccs1
decoy_4001,0.263029,0.404333,0.550228,0.733815,0.353057,0.484375,O=C(CC[N@@H+]1CCC[C@H](C(=O)NC2CC2)C1)Nc1cccs1
decoy_4002,0.28943,0.388203,0.587779,0.722308,0.367504,0.451573,O=C(CC[N@H+]1CC[C@H](C(=O)NC2CC2)CC1)Nc1cccs1
decoy_4003,0.349629,0.348569,0.739853,0.763679,0.421729,0.421587,O=C(Nc1nc2c(s1)C[C@@H]1CCCC[C@@H]1C2)N1CCOCC1
decoy_4004,0.271944,0.372466,0.551995,0.69702,0.3676,0.481991,O=C(NCC[NH+]1CCCCC1)C(=O)Nc1cc2c(s1)CCC2
decoy_4005,0.35839,0.504872,0.674704,0.865437,0.444064,0.561412,c1ccc(C[C@@H]2[NH2+]CCc3c(Sc4cnc[nH]4)cccc32)cc1
decoy_4006,0.224231,0.294919,0.581649,0.903149,0.325422,0.402681,O=C(C[C@H]1CCC[C@H]2[C@H]3COCO[C@H]3CC[C@@H]12)N1CCCCC1
decoy_4007,0.354618,0.34739,0.775566,0.777981,0.488484,0.461692,O=C(CSC1=NC=CC2(CCCCC2)C1)Nc1nccs1
decoy_4008,0.233792,0.339913,0.536566,0.714024,0.31884,0.422108,C(\NC[C@@H](c1cccs1)N1CCCCC1)=[NH+]/C[C@H]1CCCO1
decoy_4009,0.286708,0.398374,0.655959,0.840467,0.388825,0.494663,O=C(C[NH+]1CCCCC1)NCC1(N2CCCCC2)CCCCC1
decoy_401,0.322124,0.469762,0.471137,0.772349,0.329524,0.48974,c1c[nH]c(-c2cn3ccccc3n2)c1
decoy_4010,0.29237,0.392838,0.562945,0.677853,0.349543,0.444831,O=C(CNC(=O)c1ccccc1)NNC1=c2ccccc2=NC1=O
decoy_4011,0.334326,0.435752,0.623629,0.765044,0.406572,0.515466,O=C(Nc1c[nH]c2ncc(NCc3ccco3)cc12)c1ccco1
decoy_4012,0.299606,0.368281,0.556831,0.605458,0.370526,0.412111,O=C(CNS(=O)(=O)c1ccccc1)OCC(=O)c1cc[nH]c1
decoy_4013,0.337103,0.422727,0.628619,0.756317,0.423658,0.483596,O=C(COC(=O)CCNC(=O)c1ccco1)Nc1cccs1
decoy_4014,0.270299,0.337351,0.523833,0.638915,0.312434,0.416464,[H]/N=C1C(=C/c2ccccc2)/C(=O)N=C2SC(c3ccco3)=NN2/1
decoy_4015,0.384912,0.327547,0.704717,0.647639,0.445348,0.402549,[H]/N=C1C(=C/c2ccc(-c3ccccc3)o2)/C(=O)N=C2SC=NN2/1
decoy_4016,0.251133,0.291424,0.531336,0.586885,0.309305,0.351371,O=c1c(-c2ccccc2)coc2cccc(O[C@@H]3CCCCO3)c12
decoy_4017,0.292534,0.341314,0.845512,0.932253,0.377257,0.41598,O=c1c(-c2ccccc2)coc2cc(O[C@@H]3CCCCO3)ccc12
decoy_4018,0.305029,0.33175,0.843938,0.906652,0.384366,0.406533,O=c1c(-c2ccccc2)coc2c(O[C@@H]3CCCCO3)cccc12
decoy_4019,0.232125,0.301557,0.53873,0.63889,0.333936,0.399194,O=c1c(-c2ccc(O[C@@H]3CCCCO3)cc2)coc2ccccc12
decoy_402,0.31871,0.420667,0.521408,0.656846,0.353991,0.434562,c1ccc(/N=N/c2cccnc2)cc1
decoy_4020,0.34589,0.389521,0.652244,0.709011,0.428348,0.457144,O=c1[nH]c2cc3c(cc2cc1C[NH2+]Cc1ccccc1)OCCO3
decoy_4021,0.276739,0.399695,0.58577,0.792388,0.333054,0.453844,O=C(COC(=O)CCC1=c2ccccc2=NC1)Nc1ccccc1
decoy_4022,0.29189,0.410571,0.594226,0.737545,0.38379,0.496013,O=C(Cc1ccccc1)N/N=C/C=N/NC(=O)Cc1ccccc1
decoy_4023,0.322332,0.350672,0.637774,0.659178,0.387991,0.418089,O=C(CCc1ccccc1)NCC(=O)NC1N=c2ccccc2=N1
decoy_4024,0.333536,0.411924,0.634961,0.732964,0.400975,0.470446,O=C(CCc1c[nH]c[nH+]1)NCc1cccnc1Oc1ccccc1
decoy_4025,0.283237,0.419049,0.589739,0.761415,0.367536,0.490987,O=C(CCC(=O)N/N=C/c1ccccc1)N/N=C/c1ccccc1
decoy_4026,0.296358,0.428864,0.603294,0.741731,0.375901,0.50477,O=C(CNCC(=O)Nc1ccccc1)Cc1nc2ccccc2[nH]1
decoy_4027,0.362568,0.432194,0.68537,0.717786,0.443416,0.493844,c1cnc2c(Oc3cc(NN4CC[NH2+]CC4)ncn3)cccc2c1
decoy_4028,0.306029,0.431979,0.634957,0.770195,0.371804,0.489752,O=C(CC1=N[C@H]2N=CC=CN2N1)NCCC1=c2ccccc2=NC1
decoy_4029,0.291576,0.346257,0.588089,0.651044,0.358645,0.41872,O=C(NCc1cn[nH]c1)c1cnn2c1N[C@H](c1ccccc1)CC2
decoy_403,0.288976,0.373837,0.477939,0.622352,0.307247,0.390214,c1ccc2nc3c(cc2c1)CCCC3
decoy_4030,0.280062,0.292516,0.863857,0.898473,0.384915,0.388644,O=C(O[C@@H]1CCC[C@@H](CO[C@H]2CCCCO2)O1)C1=CC=CCC1
decoy_4031,0.341939,0.410076,0.676606,0.793831,0.458156,0.496568,[NH2+]=c1cc(C(=O)N[C@]23C[C@H]4C[C@@H](C[C@H](C4)C2)C3)oc2ccccc12
decoy_4032,0.328294,0.40514,0.688573,0.731638,0.420885,0.473035,O=C1NC(=O)[C@]2(CC[C@H](C(=O)NCC[NH+]3CCCCC3)CC2)N1
decoy_4033,0.28422,0.353286,0.604345,0.671011,0.353476,0.417079,O=C(CC[NH+]1CCCCC1)NN1C(=O)NC2(CCCCC2)C1=O
decoy_4034,0.19782,0.264371,0.47331,0.659709,0.263317,0.320711,c1ccc(C(C2=c3ccccc3=NC2)C2=c3ccccc3=NC2)cc1
decoy_4035,0.359201,0.408429,0.689517,0.71266,0.429179,0.477518,N/C(COc1ccccc1)=N/NC(=O)CSc1ccsn1
decoy_4036,0.377189,0.440471,0.699864,0.744335,0.464808,0.510428,O=c1ccc(/C=C2/SC(=S)N=C2[O-])c(N2CC[NH2+]CC2)[nH]1
decoy_4037,0.32571,0.363226,0.570216,0.59066,0.356541,0.384777,O=C(CSc1nncc([O-])n1)Nc1cc2c(s1)CCCC2
decoy_4038,0.265275,0.367215,0.538216,0.678833,0.354745,0.441013,c1ccc(-c2[nH]ncc2C[N@H+]2CC[C@H](Cn3ccnn3)CC2)cc1
decoy_4039,0.27592,0.345827,0.567361,0.647487,0.346236,0.411907,c1ccc(-c2nc(NCC[NH+]3CCCCC3)nc3n[nH]cc23)cc1
decoy_404,0.276206,0.346825,0.530512,0.622078,0.369683,0.421603,c1ccc(CNc2ccccc2)cc1
decoy_4040,0.269059,0.397622,0.560977,0.743224,0.342223,0.460214,c1ccc(CCNc2cc(NCCCn3cc[nH+]c3)ncn2)cc1
decoy_4041,0.312319,0.418738,0.594426,0.704809,0.370143,0.457709,O=C(CS[C@@H]1NN[C@@H](c2ccccc2)N1)Nc1nncs1
decoy_4042,0.217355,0.332995,0.477803,0.690217,0.272811,0.398841,O=C(CN[C@H](c1ccccc1)c1cccs1)Nc1ccccc1
decoy_4043,0.34916,0.476852,0.669733,0.781808,0.422889,0.543092,O=C(CN1CC[NH+](CC(=O)NC2CC2)CC1)Nc1cccs1
decoy_4044,0.287855,0.400354,0.609944,0.706428,0.391989,0.49419,O=C(NNC(=O)c1cc2c(s1)CCCC2)NC1CC[NH2+]CC1
decoy_4045,0.352095,0.511144,0.653078,0.817653,0.422237,0.578808,C1=CC2=C[N-]/C(=C\SCC3=[NH+]C=C4C=CC=C[C@H]4N3)N[C@H]2C=C1
decoy_4046,0.323724,0.466616,0.58868,0.793693,0.387622,0.505659,O=C(CSc1n[nH]c(-c2cccs2)n1)Nc1cccs1
decoy_4046_2,0.331432,0.408306,0.606323,0.739892,0.406152,0.494915,O=C(CSc1n[nH]c(-c2cccs2)n1)Nc1cccs1
decoy_4047,0.356649,0.349708,0.818392,0.843281,0.459267,0.445043,c1ccc(COCCC[NH2+]CCCn2ccc3ccccc32)cc1
decoy_4048,0.343935,0.365756,0.744567,0.777381,0.443209,0.450369,O=C1CC[C@H](CC[NH2+]Cc2ccccc2)N1CCc1ccccc1
decoy_4049,0.326664,0.343189,0.668378,0.695898,0.446865,0.449609,O=C(CCc1ccccc1)NC[C@@H](c1ccccc1)[NH+]1CCCC1
decoy_405,0.294972,0.362276,0.434004,0.482078,0.29496,0.339828,c1coc(C[NH+]2CCSCC2)c1
decoy_4050,0.379125,0.419702,0.721936,0.733186,0.450343,0.472061,O=C(CS[C@@H]1NNCS1)NCCC1=c2ccccc2=NC1
decoy_4051,0.317663,0.390818,0.668108,0.786629,0.416148,0.479694,O=S(=O)(c1ccccc1)N1CCC[C@H](CC[NH+]2CCCC2)C1
decoy_4052,0.356188,0.409371,0.744559,0.751271,0.464167,0.508821,S=C(NC1CCNCC1)N(Cc1ccco1)[C@@H]1CC[NH2+]NC1
decoy_4053,0.314316,0.342996,0.714552,0.756552,0.419717,0.430525,O=c1c(-c2ccccn2)coc2cc(O[C@@H]3CCCCO3)ccc12
decoy_4054,0.194562,0.266809,0.426725,0.521309,0.261672,0.362294,O=C(CCc1cn[nH]c1)OCC(=O)c1ccn(-c2ccccc2)c1
decoy_4055,0.367339,0.3926,0.674152,0.741078,0.458986,0.475862,O=C(NCCc1ccccc1)NNC(=O)c1cc2ccccc2o1
decoy_4056,0.350254,0.397694,0.680998,0.759608,0.449132,0.493276,O=C(Nc1ccccc1N1CCOCC1)c1cnc2[nH]ncc2c1
decoy_4057,0.28863,0.345109,0.605838,0.659675,0.420779,0.458766,O=C(NCCCc1cc[nH]n1)C(=O)Nc1cccc2cccnc12
decoy_4058,0.297684,0.368036,0.588898,0.714726,0.376759,0.439122,O=C1NC(=S)N(c2ccccc2)C(=O)/C1=C/Nc1ccccc1
decoy_4059,0.401149,0.349358,0.735961,0.678252,0.490836,0.432025,O=C(Nc1ccon1)c1cc2c(s1)NC=C[C@@H]2c1ccccc1
decoy_406,0.409668,0.548039,0.673946,0.847692,0.4754,0.600327,C(CNC1CC1)CN1CC[NH2+]CC1
decoy_4060,0.294334,0.37527,0.62309,0.764928,0.396965,0.470332,O=C(CN1CCc2ccccc2C1)NCC(=O)Nc1ccccc1
decoy_4061,0.284871,0.375287,0.62287,0.709111,0.34925,0.448145,O=C(NC1CC[NH2+]CC1)c1cccc(S(=O)(=O)NC2CC2)c1
decoy_4062,0.365327,0.434806,0.666605,0.736373,0.490325,0.535821,O=c1[nH]c2ccccc2cc1CNC(=S)NCc1ccccc1
decoy_4063,0.325255,0.447666,0.612517,0.763394,0.398323,0.506898,O=C(C[NH2+]Cc1ccccc1)Nc1nc(-c2ccccc2)cs1
decoy_4064,0.292073,0.346001,0.630858,0.726616,0.416274,0.449903,O=C(CS[C@H]1N=CC(Cc2ccccc2)=N1)Nc1ccccc1
decoy_4065,0.416283,0.365043,0.749862,0.675614,0.489762,0.44924,O=C(c1cc2c(-c3ccccc3)ccnc2s1)N1CC[NH2+]CC1
decoy_4066,0.301694,0.367418,0.606252,0.726837,0.351912,0.415567,O=C(NCCc1c[nH]c2ccccc12)[C@@H]1Cc2cccnc2S1
decoy_4067,0.256956,0.359038,0.519052,0.699027,0.328282,0.421239,O=C(NCCC1=c2ccccc2=NC1)c1ccc2c(c1)SCN2
decoy_4068,0.273852,0.312199,0.669169,0.73741,0.38296,0.405203,O=C(CN1CCc2ccccc2C1)Nc1cccn1C1CCCC1
decoy_4069,0.289448,0.385136,0.598759,0.729006,0.378984,0.460486,O=C(NCc1ccccc1C[NH+]1CCCCC1)Nc1ccccc1
decoy_407,0.318941,0.435311,0.460469,0.624946,0.322674,0.439862,c1ccn2cc(-n3cccn3)nc2c1
decoy_4070,0.289541,0.38663,0.594561,0.736753,0.382148,0.465791,O=C(NCCc1ccccc1)NCC[N@@H+]1CCc2ccccc2C1
decoy_4071,0.327562,0.412658,0.617978,0.74673,0.400735,0.473258,O=C(CSc1nccc(=O)[nH]1)N[C@@H]1CC2=C(CCCC2)S1
decoy_4072,0.360107,0.484634,0.628162,0.77339,0.415641,0.522824,[O-]/C(=N\C(=S)Nc1cc2c(s1)C[NH2+]CC2)c1cccs1
decoy_4073,0.365424,0.428767,0.722647,0.818689,0.471871,0.513648,O=C(CCCNC(=O)NC1CCCCC1)NCC1CCCCC1
decoy_4074,0.212925,0.306453,0.467949,0.698321,0.293831,0.388917,C(=N/N=C/[C@H]1COc2ccccc2O1)\[C@@H]1COc2ccccc2O1
decoy_4075,0.369304,0.401255,0.687485,0.747954,0.451681,0.489526,O=C(COC(=O)/C=C/c1ccccc1)NNC(=O)c1ccccc1
decoy_4076,0.255242,0.350665,0.529962,0.646185,0.312314,0.418709,O=C1CCc2cc(NC(=O)C(=O)NCc3cccnc3)ccc2N1
decoy_4077,0.306048,0.420688,0.59474,0.686961,0.387514,0.477805,O=C(NN=CC=C([O-])Nc1ccccc1)C(=O)Nc1ccccc1
decoy_4078,0.308606,0.448999,0.603048,0.727402,0.383665,0.510945,O=C(NCc1cccc([C@H]2NC(=O)NC2=O)c1)Nc1ccccc1
decoy_4079,0.268418,0.412336,0.512155,0.726114,0.30424,0.437916,O=C(Nc1ccon1)c1cc2c(s1)NC=C[C@@H]2c1ccncc1
decoy_408,0.318033,0.438902,0.483141,0.674181,0.351052,0.453656,c1ccc(/N=N/c2cncnc2)cc1
decoy_4080,0.234321,0.270343,0.533383,0.580263,0.308273,0.347486,O=c1cc([C@H]2C=C[C@@H](O[C@@H]3CCCCO3)C=C2)oc2ccccc12
decoy_4081,0.372286,0.466939,0.633825,0.761395,0.416405,0.489545,O=C1CCOc2cc(NS(=O)(=O)c3cccs3)ccc2N1
decoy_4082,0.36491,0.347155,0.679008,0.657166,0.472208,0.464782,c1ccc(NCC[NH2+]CCOc2nonc2-c2ccccc2)cc1
decoy_4083,0.289983,0.308996,0.591491,0.616437,0.403951,0.413763,O=c1nc(NCCc2c[nH]c3ccccc23)ccn1[C@@H]1CCCO1
decoy_4084,0.384467,0.440736,0.704804,0.808735,0.45278,0.511858,O=C(NCCCOc1ccccc1)NCc1cn2ccccc2[nH+]1
decoy_4085,0.280834,0.349447,0.57951,0.665909,0.394761,0.422223,O=c1cc(NCCCCCc2cc[nH]n2)cnn1-c1ccccn1
decoy_4086,0.299645,0.348996,0.606785,0.646152,0.379354,0.421355,O=C1N=c2ccccc2=C[C@@H]1CNCc1nnnn1C1CCCC1
decoy_4087,0.289278,0.375399,0.606862,0.703727,0.355256,0.441934,O=c1[nH]c2ccccc2cc1CNCc1nnnn1C1CCCC1
decoy_4088,0.266998,0.34954,0.538888,0.666112,0.343456,0.414797,O=C(CCC1N=c2ccccc2=N1)Nc1ccc2c(c1)NCS2
decoy_4089,0.335308,0.367419,0.662981,0.720707,0.396934,0.424165,O=C(CSc1n[nH]c(-c2ccccc2)n1)NCc1ccccc1
decoy_409,0.308582,0.345404,0.557,0.575408,0.350711,0.366901,C1=COC[C@@H](O[C@H]2CCCCO2)C1
decoy_4090,0.26212,0.417119,0.559666,0.825627,0.339489,0.515028,O=C(Nc1ccccc1)c1cc2n(n1)CC[C@@H](c1cccs1)N2
decoy_4091,0.284614,0.43406,0.561719,0.716418,0.338292,0.476346,O=C(Nc1ccccc1)Nc1ccc([C@@H]2C=CNC(=S)N2)cc1
decoy_4092,0.231752,0.36047,0.469162,0.678203,0.299568,0.434097,O=C(NC[C@H]1C=c2ccccc2=N1)N[C@H]1Nc2ccccc2S1
decoy_4093,0.228038,0.313651,0.491553,0.636136,0.287618,0.363674,c1cnn(CCc2nc3c4c5c(sc4ncn3n2)CCCC5)c1
decoy_4094,0.200314,0.245521,0.520827,0.594906,0.290681,0.340409,O=C(O[C@@H]1CCC[C@@H](CO[C@H]2CCCCO2)O1)C1=CCCCC1
decoy_4095,0.318901,0.41977,0.653664,0.798026,0.39802,0.497269,O=C(C[NH2+]CC1(c2ccccc2)CCOCC1)Nc1ccccc1
decoy_4096,0.210821,0.313308,0.529189,0.758603,0.290532,0.393134,O=C(NC[C@H]1CC[C@H]2C[C@@H]1C2)c1coc(CCc2ccccc2)n1
decoy_4097,0.293235,0.454543,0.619023,0.905505,0.398071,0.552149,O=C(NCc1ccco1)[C@H]1C[C@]12CC[N@H+](Cc1ccccc1)CC2
decoy_4098,0.348979,0.380902,0.700231,0.710535,0.44168,0.477482,O=c1[nH]c(-c2ccccc2CN2CCCCC2)nc2c1C[NH2+]CC2
decoy_4099,0.363671,0.404616,0.700019,0.74921,0.46179,0.488748,O=C(N[C@H]1CCC[NH2+]C1)c1nn(-c2ccccc2)c2c1CCCC2
decoy_41,0.354831,0.417219,0.597661,0.693513,0.449829,0.500357,C1[NH2+]C[C@H]2C[NH2+]C[C@@H]1C2
decoy_410,0.273075,0.336937,0.515907,0.591956,0.346414,0.388837,c1ccc(COc2ccccc2)cc1
decoy_4100,0.301356,0.369333,0.611503,0.686799,0.402779,0.448185,O=C(NCCC[N@@H+]1CCc2ccccc2C1)NCc1cccnc1
decoy_4101,0.256136,0.398969,0.553598,0.746312,0.337865,0.490187,O=C(NCc1cccnc1)NC[C@@H](c1ccccc1)[NH+]1CCCC1
decoy_4102,0.303088,0.367395,0.647173,0.682916,0.385625,0.440585,C1=NN=C(c2ccccc2)[C@H]1C[N@H+]1CCC[C@@H](CN2CC=NN2)C1
decoy_4103,0.315201,0.405165,0.602265,0.721394,0.385319,0.468068,NC1=[NH+]c2sc(C(=O)c3ccccc3)cc2C2(CCCCC2)C1
decoy_4104,0.483772,0.442296,0.923206,0.928513,0.61771,0.567433,c1ccc(C(OCCC[NH2+]C2CC[NH2+]CC2)c2ccccc2)cc1
decoy_4105,0.26622,0.367188,0.612752,0.725929,0.38702,0.483341,O=C(CCNC(=O)NCCC[NH+]1CCCCC1)NC1CCCC1
decoy_4106,0.291357,0.404972,0.646721,0.768717,0.404452,0.506599,O=C(NCCC[NH+]1CCCCC1)NCCNC(=O)C1CCCC1
decoy_4107,0.269009,0.348832,0.554258,0.657959,0.328509,0.420416,O=C1COc2ccc(CNC(=O)C(=O)Nc3ccccc3)cc2N1
decoy_4108,0.320187,0.370322,0.600016,0.670572,0.364964,0.409278,O=C(Cc1ccccc1)N(Cc1ccco1)c1c[nH]c(=O)[nH]c1=O
decoy_4109,0.369049,0.449957,0.673161,0.765093,0.485781,0.541209,O=C(CCc1ccc(-c2ccccc2)o1)Nc1c[nH]c(=O)[nH]c1=O
decoy_411,0.283773,0.34831,0.501746,0.601928,0.311729,0.379132,O=C(c1ccccc1)[C@@H]1C=CC=CC1
decoy_4110,0.395221,0.458579,0.723515,0.756255,0.514889,0.563346,O=C(CN[C@H](c1ccccc1)c1ccco1)c1c[nH]c(=O)[nH]c1=O
decoy_4111,0.220002,0.374523,0.42106,0.688326,0.259286,0.417048,O=c1cc(CSc2n[nH]c(-c3ccco3)n2)c2ccccc2o1
decoy_4112,0.305711,0.354632,0.628738,0.680486,0.392084,0.441425,O=C1[C@@H]2[C@@H](CN[C@@]23C(=O)Nc2ccccc23)C(=O)N1C1CCCC1
decoy_4113,0.246004,0.381454,0.522444,0.7333,0.334205,0.474099,O=C1COc2cc(NC(=O)NCCCc3ccccc3)ccc2N1
decoy_4114,0.324955,0.359127,0.671603,0.739117,0.465731,0.50852,O=C(N/N=C/c1ccc(O[C@@H]2CCCCO2)cc1)c1ccncc1
decoy_4115,0.31324,0.427013,0.635062,0.8021,0.394759,0.503861,O=C(/C=C/NOCc1ccccc1)N/N=C/COc1ccccc1
decoy_4116,0.429935,0.411972,0.807371,0.815023,0.510708,0.492017,Nc1ncnc2c1[C@@H](c1ccccc1)c1c(ccc3ccccc13)O2
decoy_4117,0.250976,0.368831,0.512277,0.68271,0.305276,0.418509,O=C1C[C@@H](c2cccnc2)c2c(nc(N3CCCCC3)[nH]c2=O)N1
decoy_4118,0.292404,0.357517,0.616299,0.700756,0.378549,0.437401,O=C1N=CN=C2C1=N[C@@H](NCCc1ccccc1)N2[C@H]1CCCO1
decoy_4119,0.316858,0.426012,0.625139,0.705985,0.390291,0.498799,O=C(NCc1ccc(NC(=O)NC2CC2)cc1)Nc1cccnc1
decoy_412,0.403632,0.441646,0.67456,0.707768,0.421314,0.43737,c1ccc(CNc2cccc[nH+]2)cc1
decoy_4120,0.305325,0.387477,0.589936,0.669894,0.398023,0.46018,O=C(CNCc1ccccc1)NC(=O)N[C@H]1CCS(=O)(=O)C1
decoy_4121,0.270676,0.394203,0.537983,0.669053,0.362926,0.469554,O=C(NCCc1ccccc1)NNC(=O)[C@H]1CCS(=O)(=O)C1
decoy_4122,0.396687,0.399097,0.80071,0.818384,0.464226,0.458218,c1ccc([C@H]2OCc3cccc(CSc4ncn[nH]4)c3O2)cc1
decoy_4123,0.266787,0.400237,0.528146,0.730453,0.351699,0.471916,O=C(C[C@@H]1SC(Nc2ccccc2)=NC1=O)Nc1ccccc1
decoy_4124,0.274674,0.356593,0.536404,0.622519,0.325536,0.399137,O=C(NNC(=S)/N=C([O-])/C=C/c1ccccc1)c1ccccc1
decoy_4125,0.220236,0.273658,0.531187,0.610923,0.353733,0.405838,O=C1N=C[C@H](/C=N/C2CCCCC2)C(=O)N1CCc1ccccc1
decoy_4126,0.346019,0.48432,0.67035,0.825591,0.428059,0.542541,O=C(NC[C@@H]1OCC[C@H]1[NH2+]Cc1ccccc1)Nc1ccccc1
decoy_4127,0.272231,0.420757,0.58947,0.862245,0.384746,0.514172,O=C(/C=C/c1ccccc1)NCCc1cn([C@@H]2CCCCO2)c[nH+]1
decoy_4128,0.342773,0.399377,0.615328,0.701157,0.380148,0.432337,O=C(c1cccs1)N1CCN(S(=O)(=O)c2cc[nH]c2)CC1
decoy_4129,0.313705,0.407012,0.728363,0.79938,0.413776,0.509105,c1ccc2oc(-c3n[nH]cc3C[NH2+]CCN3CC[NH2+]CC3)cc2c1
decoy_413,0.356288,0.403772,0.717863,0.773025,0.472216,0.469573,c1ccc(CNc2cccnc2)cc1
decoy_4130,0.359032,0.414857,0.710009,0.747723,0.456689,0.496744,O=c1cc(CN2CCc3ccccc3C2)nc(N2CC[NH2+]CC2)[nH]1
decoy_4131,0.237994,0.330703,0.533218,0.669606,0.328205,0.413185,O=C(CC1=c2ccccc2=NC1)N1CCC(CN2CC=NN2)CC1
decoy_4132,0.268869,0.351554,0.586016,0.727189,0.3522,0.426088,O=C(CCC1=c2ccccc2=NC1)N1CCC(N2C=CNN2)CC1
decoy_4133,0.278835,0.37043,0.542772,0.695452,0.350594,0.445026,c1ccc(-c2nc(SCc3ncc4ccsc4n3)n[nH]2)cc1
decoy_4134,0.369838,0.4614,0.73567,0.818514,0.465717,0.528211,O=S(=O)(NC[C@@H]1OCC[C@H]1N1CC[NH2+]CC1)c1ccccc1
decoy_4135,0.307113,0.397215,0.621,0.7839,0.385341,0.460382,c1cc(OCC[NH+]2CCCC2)cc(-c2ncnc3sccc23)c1
decoy_4136,0.347405,0.474823,0.644392,0.797345,0.429176,0.537536,O=c1[nH]cnc2sc3c(c12)CC[C@H]([NH2+]CCc1ccccc1)C3
decoy_4137,0.315429,0.402471,0.705556,0.823173,0.419928,0.501268,c1ccc(COc2ccccc2C[NH2+]CCN2CC[NH2+]CC2)cc1
decoy_4137_2,0.287268,0.346014,0.599683,0.690532,0.38313,0.428845,c1ccc(COc2ccccc2C[NH2+]CCN2CCNCC2)cc1
decoy_4138,0.224285,0.384036,0.558424,0.788959,0.290669,0.441648,c1ccc(CC[NH2+]CCO[C@H]2C[NH2+]C[C@H]2Cc2ccccn2)cc1
decoy_4138_2,0.210257,0.287501,0.509189,0.632372,0.293857,0.372192,c1ccc(CC[NH2+]CCO[C@H]2CNC[C@H]2Cc2ccccn2)cc1
decoy_4139,0.319427,0.338398,0.614872,0.648442,0.383778,0.401953,O=C(CSc1nccc(=O)[nH]1)N[C@H]1C[C@H]2CCCC[C@@H]2S1
decoy_414,0.288661,0.44975,0.494312,0.880665,0.329357,0.465357,c1csc(NC2CCOCC2)n1
decoy_4140,0.368621,0.441745,0.704525,0.822169,0.473134,0.523275,O=C(CCCC[C@@H]1SC[C@H]2NC(=O)N[C@@H]12)NC1CCCCC1
decoy_4141,0.365261,0.42947,0.715744,0.799347,0.467026,0.508913,S=C(Nc1ccccc1)N(Cc1ccccc1)C1CC[NH2+]CC1
decoy_4142,0.2875,0.418466,0.553038,0.760438,0.337225,0.455877,O=C(Nc1ccccc1[P@@H](=O)Nc1ccccc1)c1ccco1
decoy_4143,0.212294,0.253718,0.496103,0.552435,0.287091,0.32495,O=C(O[C@H]1CCOC[C@@H]1OC(=O)c1ccccc1)c1ccccc1
decoy_4144,0.368779,0.44387,0.66665,0.772321,0.458111,0.51869,[NH2+]=c1occ(C(=O)c2ccccc2)cc1C(=O)NC[C@H]1CCCO1
decoy_4145,0.289671,0.422027,0.590166,0.789571,0.378198,0.506472,O=C(COC(=O)CCc1ccccc1)NNC(=O)c1ccccc1
decoy_4146,0.276372,0.388892,0.578368,0.755581,0.356349,0.471475,O=C(COC(=O)CNC(=O)c1ccccc1)NCc1ccccc1
decoy_4147,0.360115,0.412178,0.679876,0.707354,0.450199,0.483916,O=C(CN1CC=C(c2ccccc2)CC1)Nc1c[nH]c(=O)[nH]c1=O
decoy_4148,0.38488,0.429371,0.726122,0.730237,0.450512,0.497963,O=C(CNCC1=C[C@@H](c2ccco2)NC(=O)N1)Nc1ccccc1
decoy_4149,0.309589,0.376511,0.620295,0.672016,0.422509,0.486881,O=C(CNCC(=O)Nc1ccccc1)NC(=O)Nc1ccccc1
decoy_415,0.270639,0.335473,0.483613,0.590723,0.314901,0.384549,C1CCC(O[C@@H]2CCCCO2)CC1
decoy_4150,0.334766,0.426283,0.634368,0.737272,0.429908,0.518455,O=C(NCCCNc1ccccc1)Nc1ccc2oc(=O)[nH]c2c1
decoy_4151,0.280728,0.360797,0.575764,0.716468,0.360097,0.42471,O=C(COC(=O)c1cc2cccnc2s1)NCc1ccccc1
decoy_4152,0.32687,0.385578,0.602842,0.658966,0.399176,0.432867,O=C(CNC(=O)c1ccccc1)Nc1nc(-c2cc[nH]c2)cs1
decoy_4153,0.305564,0.334056,0.596004,0.64533,0.391124,0.41303,O=C(NCc1ccc(-n2ccnc2)cc1)C(=O)Nc1cccs1
decoy_4154,0.356217,0.426998,0.640742,0.718346,0.440983,0.497637,O=S(=O)(Nc1ccc(Nc2ccncn2)cc1)c1ccccc1
decoy_4155,0.233037,0.271656,0.553785,0.61565,0.31928,0.371131,c1ccc(CO[C@H]2CC[C@@H]3O[C@@H](c4ccccc4)OC[C@H]3O2)cc1
decoy_4156,0.297388,0.444697,0.610144,0.875238,0.388495,0.519702,O=C(NC[C@@H]1OCC[C@H]1[N@H+]1CCc2ccccc2C1)c1ccco1
decoy_4157,0.265132,0.362773,0.489367,0.613006,0.322933,0.3881,O=S(=O)(CS(=O)(=O)Nc1ccccc1)[N-]c1ccccc1
decoy_4158,0.334531,0.383739,0.669366,0.706548,0.418626,0.465582,O=C(CCCNc1cccc[nH+]1)NCC(=O)NCc1ccccc1
decoy_4159,0.342122,0.402017,0.663694,0.706386,0.437097,0.483448,O=C(C[NH+]1CCN(CC(=O)c2ccc[nH]2)CC1)Nc1ccccc1
decoy_416,0.436416,0.474498,0.710037,0.755061,0.484655,0.503121,C1CO[C@@H](CNC2CC[NH2+]CC2)C1
decoy_4160,0.279404,0.406707,0.5937,0.740305,0.368549,0.487028,O=C(NCc1ccccc1C[NH+]1CCCC1)Nc1ccc[nH]c1=O
decoy_4161,0.296199,0.39942,0.615808,0.726857,0.368315,0.459122,O=C(NCc1cccc(C[NH+]2CCCC2)c1)Nc1ccc[nH]c1=O
decoy_4162,0.273423,0.36863,0.581475,0.689289,0.355482,0.437077,O=C(NCc1ccc(C[NH+]2CCCC2)cc1)Nc1ccc[nH]c1=O
decoy_4163,0.376333,0.400792,0.734469,0.822773,0.492172,0.500303,O=C(NCCc1ccccc1)Nc1ccc(N2CCOCC2)nc1
decoy_4164,0.330065,0.44631,0.651795,0.769207,0.423892,0.517259,O=C(NC[C@@H](c1ccc[nH]1)[NH+]1CCCC1)C(=O)Nc1ccccc1
decoy_4165,0.295354,0.406961,0.636761,0.739664,0.400627,0.498398,O=C(Cc1ccccc1)NNc1cc(NC2CC[NH2+]CC2)ncn1
decoy_4166,0.301428,0.440988,0.652326,0.780334,0.37137,0.51142,O=C(NCc1cccnc1)NCc1cccnc1N1CC[NH2+]CC1
decoy_4167,0.293858,0.376001,0.611814,0.752816,0.383861,0.464317,O=C(C[C@@H]1Sc2ccccc2NC1=O)NCCc1ccccc1
decoy_4168,0.310401,0.389827,0.611101,0.730747,0.374102,0.452138,O=C(C[NH2+]Cc1coc2ccccc12)Nc1cc2c(s1)CCC2
decoy_4169,0.33891,0.411607,0.743283,0.779574,0.441477,0.500848,O=C(NCCNS(=O)(=O)c1ccccc1)N[C@H]1CCC[NH2+]C1
decoy_417,0.30561,0.419489,0.541812,0.855674,0.349148,0.407594,c1ccc(OCc2ccccn2)cc1
decoy_4170,0.277178,0.354216,0.624933,0.697945,0.367108,0.428253,O=C(NCCNS(=O)(=O)c1ccccc1)NC1CC[NH2+]CC1
decoy_4171,0.305173,0.346612,0.677075,0.734511,0.426552,0.464774,c1ccc(CSC[C@H]2CC[C@@H](n3cnc4cncnc43)O2)cc1
decoy_4172,0.361945,0.471364,0.688696,0.750095,0.439111,0.545704,c1ccc2sc(Nc3cc(NC4CC[NH2+]CC4)ncn3)nc2c1
decoy_4173,0.311191,0.32341,0.680065,0.720497,0.426293,0.424286,O=C(CCc1ccccc1)NNC(=O)[C@]12C[C@H]3C[C@@H](C[C@H](C3)C1)C2
decoy_4174,0.270843,0.342738,0.64446,0.778301,0.362565,0.433117,c1ccc(N2CC[NH+]([C@H]3CC[N@H+](Cc4ccco4)CC3)CC2)nc1
decoy_4175,0.339242,0.367761,0.688175,0.721594,0.437396,0.452498,c1ccc(-c2nn(CCCN3CCOCC3)c3c2C[NH2+]CC3)cc1
decoy_4176,0.311581,0.343256,0.739226,0.724805,0.429412,0.443973,O=C(NCCc1c[nH]c2ccccc12)[C@H]1C[NH2+]CC12CC[NH2+]CC2
decoy_4176_2,0.401965,0.36728,0.789875,0.684642,0.488123,0.46151,O=C(NCCc1c[nH]c2ccccc12)[C@H]1CNCC12CC[NH2+]CC2
decoy_4177,0.272012,0.394421,0.580597,0.781473,0.356159,0.47817,O=C(NCCCC[NH+]1CCCCC1)c1ccc(-n2cccn2)cc1
decoy_4178,0.251448,0.356401,0.521106,0.644354,0.312648,0.411418,O=S(=O)([N-]c1nc(C[NH+]2CCCCC2)cs1)c1cc[nH]c1
decoy_4179,0.308276,0.367821,0.670308,0.698002,0.415606,0.46424,c1ccc2c(NC3CCNCC3)nc(N3CCC[NH2+]CC3)nc2c1
decoy_418,0.430056,0.365012,0.72265,0.655423,0.432442,0.393097,O=C1CCCc2c1[nH]c1ccccc21
decoy_4180,0.236042,0.363622,0.548533,0.699326,0.318973,0.450234,O=C(CCCC[C@@H]1SC[C@H]2NC(=O)N[C@@H]12)NC1CC[NH2+]CC1
decoy_4181,0.261941,0.339436,0.59405,0.74384,0.321592,0.411242,O=C(NCCc1ccccc1)[C@H]1CSC[C@@H](c2ccccc2)N1
decoy_4182,0.297246,0.342174,0.607218,0.671919,0.382141,0.421719,O=C(/C=C/c1ccccc1)NC[C@@H](c1cccs1)[NH+]1CCCC1
decoy_4183,0.346561,0.409958,0.663546,0.740057,0.448557,0.494519,S=C(Nc1ccccc1)N(Cc1cccnc1)C1CC[NH2+]CC1
decoy_4184,0.374067,0.429563,0.700816,0.760138,0.469606,0.509603,S=C(Nc1ccccc1)N(Cc1ccncc1)C1CC[NH2+]CC1
decoy_4185,0.346044,0.436337,0.670897,0.781379,0.445868,0.517726,S=C(Nc1cccnc1)N(Cc1ccccc1)C1CC[NH2+]CC1
decoy_4186,0.349017,0.471525,0.689048,0.834828,0.433421,0.539358,O=S(=O)(NCCC1=CCCCC1)c1cc2c(s1)C[NH2+]CC2
decoy_4187,0.336945,0.408657,0.698856,0.754541,0.451023,0.51312,O=C(NCC1(N2CCSCC2)CCCC1)NC1CC[NH2+]CC1
decoy_4188,0.260055,0.346866,0.624031,0.748861,0.36875,0.455737,c1nnc(SCCC[NH2+]C[C@H]2CCC[N@H+]3CCCC[C@H]23)s1
decoy_4189,0.355645,0.379347,0.718549,0.718978,0.469444,0.468208,NC1=CCCc2oc(C(=O)NNC(=O)COc3ccccc3)cc21
decoy_419,0.426383,0.359789,0.895122,0.840231,0.494542,0.451511,O=c1ccn2c3c(cccc13)CCC2
decoy_4190,0.238272,0.378118,0.504811,0.701467,0.301778,0.468187,O=C(CNCc1ccccc1)NC(=O)Nc1ccc2c(c1)OCO2
decoy_4191,0.302583,0.361038,0.604489,0.670386,0.402996,0.450199,O=C(COC(=O)/C=C/c1cc[nH]c1)NCC(=O)Nc1ccccc1
decoy_4192,0.304972,0.372423,0.564771,0.658761,0.360694,0.411717,O=C1NC(=O)C(c2c[nH]c3ccccc23)=C1c1c[nH]c2ccccc12
decoy_4193,0.415924,0.354484,0.731322,0.658548,0.481791,0.424937,O=C(CSc1ncnc2[nH]ncc12)N1CCOc2ccccc21
decoy_4194,0.350097,0.415835,0.617182,0.674793,0.401216,0.440683,O=C(NNC(=O)c1ccc[nH]1)c1ccc(-n2cc[nH]c2=S)cc1
decoy_4195,0.282109,0.343154,0.616879,0.747508,0.358027,0.408667,C1=C[C@@H](c2ccc(OCCN3CCOCC3)cc2)c2[nH]cnc2O1
decoy_4196,0.28648,0.301997,0.637489,0.665698,0.400364,0.404663,C1=C[C@H](c2ccc(OCCN3CCOCC3)cc2)c2cn[nH]c2O1
decoy_4197,0.218513,0.312498,0.498042,0.640761,0.299987,0.388406,O=C1NC(=O)N(Cc2ccccc2)C(=O)/C1=C\NC1CCCCC1
decoy_4198,0.297219,0.395742,0.617844,0.779233,0.379352,0.489535,O=C(CN1CCC(NC(=O)c2ccoc2)CC1)Nc1ccccc1
decoy_4199,0.3545,0.378334,0.71887,0.748885,0.462825,0.479332,O=C(CNCC(=O)Nc1ccccc1)NCCOc1ccccc1
decoy_42,0.413868,0.352354,0.743344,0.724316,0.433334,0.390079,[NH-]C1=C2OC[C@@H](CC1)O2
decoy_420,0.487362,0.422476,0.883203,0.842065,0.491793,0.453724,O=c1cc(Cc2ccccc2)cc[nH]1
decoy_4200,0.262446,0.349371,0.570202,0.717311,0.33927,0.418103,O=C1NC2(C=C1/C=N/OCC(=O)c1ccn(C3CC3)c1)CCCC2
decoy_4201,0.286874,0.398699,0.570897,0.741582,0.366233,0.460092,O=C(NC[C@@H](c1ccco1)[NH+]1CCCC1)C(=O)Nc1ccccc1
decoy_4202,0.347947,0.415125,0.673283,0.727853,0.44479,0.486906,c1nc(Nc2ccc3c(c2)OCCO3)cc(NC2CC[NH2+]CC2)n1
decoy_4203,0.282039,0.418121,0.565434,0.747836,0.355124,0.473248,c1nc(C[NH+]2CCCCC2)nc(Nc2ccc3c(c2)OCCO3)n1
decoy_4204,0.264935,0.370209,0.572578,0.682364,0.333078,0.4284,O=C(N[C@H]1CCCCNC1=O)c1cccc(NCc2c[nH+]c[nH]2)c1
decoy_4205,0.289361,0.368803,0.599257,0.68057,0.360946,0.424216,O=c1[nH]cnc2c1N[C@H]([NH2+]CCc1ccccc1)N2[C@H]1CCCO1
decoy_4206,0.37689,0.410653,0.723004,0.719132,0.449717,0.477067,O=C(C[C@H]1C(=O)NCCN1Cc1ccccc1)NCc1ncc[nH]1
decoy_4207,0.29738,0.406001,0.61669,0.721196,0.390332,0.479487,O=C(CN1CCC(Nc2nccc(=O)[nH]2)CC1)Nc1ccccc1
decoy_4208,0.229348,0.36377,0.504414,0.679218,0.319996,0.447339,O=C(NCCCn1cc[nH+]c1)Nc1cccc(C(=O)NC2CC2)c1
decoy_4209,0.21873,0.35835,0.491164,0.674615,0.295668,0.436395,O=C(NCCCn1cc[nH+]c1)Nc1ccc(C(=O)NC2CC2)cc1
decoy_421,0.360178,0.407576,0.660605,0.716443,0.474836,0.49151,c1ccc(CNc2ccncn2)cc1
decoy_4210,0.284132,0.417071,0.58679,0.791823,0.369141,0.502716,O=C(N/N=C/c1ccccc1)C(=O)Nc1cc2c(s1)CCCC2
decoy_4211,0.366552,0.414008,0.698752,0.705098,0.432903,0.473748,O=C(NC1CC[NH2+]CC1)c1cc(-c2ccsc2)nc2[nH]ncc12
decoy_4212,0.329829,0.470136,0.644909,0.804755,0.454654,0.573616,O=C(NCCc1ccccc1)NCc1n[nH]c(-c2cccs2)n1
decoy_4213,0.366355,0.47843,0.713157,0.781279,0.444658,0.540139,c1ccc2sc(Nc3cc(NN4CC[NH2+]CC4)ncn3)nc2c1
decoy_4214,0.383319,0.391906,0.838197,0.869861,0.496123,0.489361,C1=C[C@@]23CC[NH2+]Cc4ccc(O[C@@H]5CCCCO5)c(c42)O[C@@H]3CC1
decoy_4215,0.313141,0.378294,0.643276,0.746004,0.382536,0.448515,O=C(NCCc1ccccc1)NC[C@@H](c1ccco1)[NH+]1CCCC1
decoy_4216,0.252775,0.401947,0.556194,0.786268,0.320521,0.473264,O=C(NCc1ccccc1)NC[C@@H](c1ccco1)[NH+]1CCCCC1
decoy_4217,0.359531,0.373233,0.688601,0.707684,0.439307,0.43763,O=C(CSc1ncc(-c2ccccc2)cn1)Nc1cccs1
decoy_4218,0.337214,0.440136,0.64977,0.790215,0.438919,0.546402,O=C(NCCC[NH+]1CCCCC1)Nc1ccc(-n2cccn2)cc1
decoy_4219,0.279994,0.335135,0.596108,0.673133,0.364397,0.419512,O=C(NCCn1ccnc1)NC[C@@H](c1ccccc1)[NH+]1CCCC1
decoy_422,0.306861,0.447409,0.458812,0.657599,0.319684,0.432566,C1=C/C(=C/NNc2ccccc2)C=N1
decoy_4220,0.297755,0.436282,0.605848,0.804315,0.388902,0.511143,O=C(CCCC[C@@H]1SC[C@H]2NC(=O)N[C@@H]12)N[C@H]1CCCCO1
decoy_4221,0.290758,0.394349,0.637516,0.745274,0.36841,0.467343,O=C1NCC[N@@H+]2C[C@@H](NC(=S)NCCN3CCOCC3)C[C@@H]12
decoy_4222,0.338578,0.401565,0.746028,0.758976,0.444396,0.507572,O=C(NCCC[NH+]1CCCCC1)NNC(=S)NC1CCCC1
decoy_4223,0.293904,0.365367,0.667223,0.710443,0.383532,0.457655,O=C(NCC[NH+]1CCCCCC1)NNC(=S)NC1CCCC1
decoy_4224,0.346265,0.4046,0.625441,0.665995,0.407654,0.456799,O=C(Cc1csc(-c2ccccc2)n1)Nc1c[nH]c(=O)[nH]c1=O
decoy_4225,0.252337,0.376777,0.473194,0.641235,0.321476,0.438283,O=C(CNC(=O)c1cccs1)NNC1=c2ccccc2=NC1=O
decoy_4226,0.238237,0.281417,0.544013,0.588497,0.313485,0.351173,O=c1ccoc2c3c(ccc12)OCC(CO[C@@H]1CCCCO1)=CC3
decoy_4227,0.257805,0.304283,0.562094,0.636363,0.396418,0.433925,O=C(CCCOc1ccccc1)NNC(=O)COc1ccccc1
decoy_4228,0.320093,0.402597,0.647448,0.788191,0.398529,0.484405,O=C(COc1ccccc1)NCCNC(=O)COc1ccccc1
decoy_4229,0.340248,0.429727,0.712377,0.771925,0.390053,0.498837,O=C1NC(=O)[C@]2(CC[C@H](C(=O)Nc3cccc4c3C[NH2+]C4)CC2)N1
decoy_423,0.282115,0.343081,0.4837,0.532227,0.333821,0.359886,C1CO[C@@H](C[NH2+]C[C@H]2CCCO2)C1
decoy_4230,0.33841,0.392473,0.712843,0.72244,0.419759,0.475449,O=C(CNC(=O)c1c[nH]c2ccccc2c1=O)NC1CC[NH2+]CC1
decoy_4231,0.290212,0.40806,0.595425,0.734558,0.372137,0.487131,O=C(NC[C@H]1CCCO1)Nc1ccc(NC(=O)c2ccc[nH]2)cc1
decoy_4232,0.424628,0.442566,0.770739,0.834988,0.500741,0.506651,O=C1NC(COC(=O)Cc2cccs2)=C[C@@H](c2ccccc2)N1
decoy_4233,0.344777,0.376743,0.678394,0.739668,0.430886,0.44856,O=C(COC(=O)CCC1=c2ccccc2=NC1)Nc1cccs1
decoy_4234,0.355996,0.421273,0.670252,0.785869,0.419528,0.4726,O=S(=O)(Nc1ccc(NCc2ccco2)cc1)c1ccccc1
decoy_4235,0.321484,0.438495,0.622192,0.814522,0.379766,0.482603,O=S(=O)(Oc1ccccc1)C1=C2Nc3ccccc3CN2CC1
decoy_4236,0.320252,0.361123,0.658299,0.722216,0.387335,0.435383,c1ncc2sc3nc(N4CCOCC4)c4c(c3c2n1)CCOC4
decoy_4237,0.40451,0.466478,0.75241,0.771442,0.471511,0.515779,O=c1cc(CS[C@@H]2NN[C@@H](c3ccco3)N2)[nH]c2ccccc12
decoy_4238,0.347584,0.387099,0.665607,0.72517,0.401924,0.430859,O=c1[nH]cnc2c1nc(SCc1ccccc1)n2[C@@H]1CCCO1
decoy_4239,0.301588,0.333562,0.633886,0.674536,0.385134,0.422411,O=C1N=CN=C2C1=N[C@@H](SCc1ccccc1)N2[C@H]1CCCO1
decoy_424,0.25876,0.310415,0.494263,0.61869,0.303115,0.369538,C1CCCN([C@H]2CCSC2)CC1
decoy_4240,0.285351,0.342095,0.609057,0.661066,0.370429,0.423007,O=C1Cc2cc(CNC(=O)N[C@H]3CC[N@H+]4CCCC[C@H]34)ccc2N1
decoy_4241,0.318139,0.41109,0.646354,0.722712,0.397649,0.481011,O=C(Nc1cccc2c1C[NH2+]C2)C(=O)NC1CCN(C2CC2)CC1
decoy_4242,0.349087,0.412427,0.705378,0.824704,0.462582,0.522428,c1ccc([C@@H]2c3[nH]c4ccccc4c3CCN2Cc2cnc[nH]2)cc1
decoy_4243,0.348706,0.426188,0.667244,0.79173,0.433714,0.4967,c1ccc([C@@H]2c3[nH]c4ccccc4c3CCN2Cc2[nH]cc[nH+]2)cc1
decoy_4244,0.309527,0.350782,0.603238,0.663244,0.370706,0.417364,O=C(CSc1ncccn1)Nc1nc(-c2ccccc2)cs1
decoy_4245,0.258027,0.381131,0.569396,0.702931,0.350843,0.478053,O=C(NCCC[NH+]1CCCCC1)Nc1ccc(-c2ncn[nH]2)cc1
decoy_4246,0.214361,0.339354,0.538456,0.724498,0.306545,0.423152,O=C(NCCCn1cc[nH+]c1)Nc1ccccc1N1CC[NH2+]CC1
decoy_4246_2,0.294226,0.385694,0.643841,0.741906,0.392511,0.469475,O=C(NCCCn1ccnc1)Nc1ccccc1N1CC[NH2+]CC1
decoy_4247,0.18776,0.294477,0.475188,0.635364,0.276233,0.376884,O=C(NCCn1cc[nH+]c1)Nc1ccc(N2CCC[NH2+]CC2)cc1
decoy_4248,0.251813,0.349093,0.481106,0.619,0.304334,0.39855,C(=N/c1nccc(CSc2nncs2)n1)\Nc1ccccc1
decoy_4249,0.272737,0.352453,0.607765,0.756983,0.357964,0.439326,O=C(N[C@H]1C[C@@H]2CCCC[C@@H]2S1)C(=O)C1=c2ccccc2=NC1
decoy_425,0.259509,0.315576,0.496141,0.608226,0.309385,0.360729,C1CCN([C@H]2CCCSC2)CC1
decoy_4250,0.31414,0.389106,0.74665,0.892405,0.415521,0.48683,c1coc(C[NH2+]Cc2ccccc2OCCC[NH+]2CCCCC2)c1
decoy_4250_2,0.312593,0.377766,0.70055,0.845435,0.406286,0.475308,c1coc(C[NH2+]Cc2ccccc2OCCCN2CCCCC2)c1
decoy_4251,0.320202,0.392511,0.675676,0.784047,0.404556,0.47786,c1ccc(OCCCN2CCCCC2)c(C[NH2+]Cc2cn[nH]c2)c1
decoy_4252,0.391524,0.458822,0.741192,0.866021,0.460215,0.522084,c1ccc(OCCC[NH+]2CCCCC2)c(CNCc2[nH]cc[nH+]2)c1
decoy_4252_2,0.285853,0.337378,0.607101,0.681689,0.376935,0.427952,c1ccc(OCCC[NH+]2CCCCC2)c(CNCc2ncc[nH]2)c1
decoy_4253,0.301512,0.336499,0.648463,0.701792,0.382621,0.432696,c1ccc(OCCCN2CCCC2)c(C[NH2+]CCc2cn[nH]c2)c1
decoy_4254,0.423951,0.415554,0.795873,0.779882,0.516631,0.498375,O=C(NCc1ccccc1N1CCCCC1)[C@]12CNC[C@@H]1C[NH2+]C2
decoy_4255,0.258328,0.385932,0.570024,0.744642,0.35034,0.470075,O=C(NCCC[NH+]1CCCCC1)NCCc1c[nH]c2ccccc12
decoy_4256,0.215875,0.317281,0.465695,0.646732,0.281918,0.41611,O=C(CN[C@H](c1ccccc1)c1cccs1)Nc1cccs1
decoy_4257,0.282308,0.310218,0.680537,0.736038,0.366711,0.393045,O=C(c1ccc(=O)n(Cc2ccccc2)c1)c1cc2ccccc2o1
decoy_4258,0.276504,0.353686,0.582579,0.715713,0.331948,0.403111,O=C1C=C(C(=O)c2cnn(-c3ccccc3)c2)[C@@H](c2ccccc2)N1
decoy_4259,0.366146,0.389758,0.695216,0.683512,0.449345,0.449308,NC1=Nc2nc3ccccc3n2[C@@H](c2ccc(-n3cccn3)cc2)N1
decoy_426,0.480847,0.38918,0.946724,0.919103,0.522706,0.471193,O=c1ccc2cc3ccoc3cc2o1
decoy_4260,0.3192,0.375266,0.698853,0.779294,0.427806,0.455223,O=c1c(-c2nccs2)coc2cc(O[C@@H]3CCCCO3)ccc12
decoy_4261,0.219997,0.310963,0.436708,0.550301,0.289713,0.351941,O=C(NNC(=S)/N=C(\[O-])COc1ccccc1)c1ccccc1
decoy_4262,0.198568,0.293335,0.407539,0.53543,0.256491,0.351131,O=C(COc1ccccc1)NNC(=S)/N=C(\[O-])c1ccccc1
decoy_4263,0.410132,0.511455,0.772603,0.826569,0.455041,0.565387,O=c1[nH]c(CS[C@@H]2NN[C@@H](c3ccco3)N2)nc2ccccc12
decoy_4264,0.32783,0.379474,0.630192,0.661965,0.407335,0.431766,O=C1NCC=C(CS[C@H]2NN=C(C3=c4ccccc4=NC3)O2)N1
decoy_4265,0.356825,0.498806,0.670097,0.820868,0.41887,0.574498,O=C(NNc1cc(NCCc2cccs2)ncn1)c1ccco1
decoy_4266,0.268633,0.317622,0.693099,0.785539,0.399249,0.43355,O=C1c2c(cnn2-c2ccccc2)CCN1c1ccc(C2CC2)cc1
decoy_4267,0.217351,0.329781,0.482822,0.691103,0.296578,0.401018,O=C(/C=C/C1=c2ccccc2=NC1)NCCC1=c2ccccc2=NC1
decoy_4268,0.255562,0.355872,0.56783,0.686076,0.338235,0.428262,O=C(CCCc1ccccc1)NNC(=O)NCCCn1cc[nH+]c1
decoy_4269,0.333267,0.395031,0.688111,0.701361,0.431146,0.476443,O=C(CCNC(=O)N1CC=Nc2ccccc21)NC1CC[NH2+]CC1
decoy_427,0.439574,0.349717,0.598833,0.542626,0.453727,0.397642,[O-]c1nc2nncn2c2ccccc12
decoy_4270,0.344556,0.38554,0.701685,0.709736,0.431574,0.473469,O=C(CNC(=O)[C@]12C[C@H]3C[C@@H](C[C@H](C3)C1)C2)NNc1ccncn1
decoy_4271,0.301928,0.404832,0.627449,0.746177,0.382283,0.483458,O=C(NCCn1cccn1)c1ccc(C[NH+]2CCCCC2)[nH]c1=O
decoy_4272,0.265517,0.379357,0.572233,0.755552,0.351534,0.456489,c1ccc2c(c1)=NCC=2CCCNc1nccc(-c2ccncc2)n1
decoy_4273,0.442025,0.430233,0.748732,0.772871,0.531,0.505396,O=c1[nH]c(C[NH2+]CCCOCc2ccccc2)nc2sccc12
decoy_4274,0.28122,0.350012,0.592361,0.706026,0.38165,0.437413,O=C1NC(=S)N(c2ccccc2)C(=O)/C1=C/NC1CCCCC1
decoy_4275,0.34772,0.416014,0.671606,0.748786,0.434391,0.494031,O=C(CNCC(=O)Nc1cc2c(s1)CCC2)Nc1ccccc1
decoy_4276,0.287125,0.364823,0.602555,0.728631,0.356969,0.425102,O=C(CN(C(=O)c1ccns1)c1ccccc1)NC1CCCC1
decoy_4277,0.247921,0.398891,0.522536,0.753006,0.313279,0.460894,O=C(COc1ccccc1)NC(=S)NCCNc1ccccc1
decoy_4278,0.339742,0.444248,0.654226,0.753325,0.429572,0.526222,O=C(Nc1sccc1C(=O)NC1CC[NH2+]CC1)c1ccccc1
decoy_4279,0.294251,0.410568,0.564346,0.733779,0.384174,0.481959,O=C(NCC[N@H+]1CCc2sccc2C1)C(=O)Nc1ccccc1
decoy_428,0.312178,0.438438,0.498705,0.737231,0.342995,0.442034,c1ccc(OCc2ccncn2)cc1
decoy_4280,0.308347,0.364126,0.727008,0.815814,0.439931,0.481391,c1cc(OCc2cnoc2)ccc1C[NH2+]CCC[NH+]1CCCCC1
decoy_4281,0.307896,0.341539,0.724672,0.778837,0.432354,0.457216,c1ccc(OCCC[NH+]2CCCCC2)c(C[NH2+]Cc2ccno2)c1
decoy_4281_2,0.318984,0.384378,0.67655,0.783282,0.410119,0.473732,c1ccc(OCCCN2CCCCC2)c(C[NH2+]Cc2ccno2)c1
decoy_4282,0.326545,0.354308,0.705802,0.745862,0.450005,0.450878,O=C1CCCN1c1ccc(N2CCC([NH+]3CCOCC3)CC2)cc1
decoy_4283,0.267527,0.384399,0.572192,0.736118,0.364266,0.483902,O=C(Nc1ccccc1)C(=O)N[C@H]1CC[N@H+](CC2CCCC2)CC1
decoy_4284,0.28955,0.354112,0.483152,0.535165,0.334108,0.382194,c1nnc(SCc2n[nH]c(CSc3nncs3)n2)s1
decoy_4285,0.357816,0.381296,0.672403,0.690593,0.453203,0.467795,S=C(NC1CC[NH2+]CC1)N(Cc1ccccc1)Cc1ccco1
decoy_4286,0.351943,0.326346,0.782181,0.772677,0.450914,0.419832,O=C(CNc1ccc(N2CCCCCC2)cc1)NC1CCCCC1
decoy_4287,0.325261,0.407469,0.747301,0.891127,0.429379,0.508287,c1nn(CC2CCCCC2)c2c1C[C@@H]([NH2+]CC1CCCCC1)CC2
decoy_4288,0.364272,0.378397,0.688834,0.742212,0.460079,0.466904,O=C(COC(=O)CCc1ccccc1)NC(=O)NCc1ccco1
decoy_4289,0.311168,0.332269,0.629324,0.656573,0.367829,0.385257,O=C1OCC2=C1[C@@]1(C=CN2c2ccccc2)C(=O)Nc2ccccc21
decoy_429,0.393348,0.431637,0.672908,0.70049,0.474035,0.495243,O=c1[nH]cncc1Cc1ccccc1
decoy_4290,0.283373,0.362506,0.641478,0.797153,0.359951,0.433723,O=C(C1=CC(=O)N(c2ccon2)[C@@H]1c1ccccc1)c1ccccc1
decoy_4291,0.439034,0.439048,0.783664,0.742574,0.522331,0.520767,NC1=Nn2c(nc(-c3ccccc3)cc2=O)/C1=N/Nc1ccccc1
decoy_4292,0.287954,0.313566,0.709457,0.757006,0.366844,0.389464,O=C1CCC=C[C@H]1C(=O)OCc1ccccc1O[C@H]1CCCCO1
decoy_4293,0.25011,0.279359,0.643787,0.712065,0.320705,0.365727,O=C(CC/C=C/Cc1ccc2c(c1)C(=O)OC2)O[C@@H]1CCCCO1
decoy_4294,0.269669,0.3601,0.573998,0.672126,0.355354,0.436,O=C1CNC(=O)N1CC[N@H+]1CC[C@H](C(=O)Nc2ccccc2)CC1
decoy_4295,0.32632,0.422571,0.663118,0.730083,0.412576,0.497378,O=c1nc(-c2ccc3c(c2)OCO3)cc(CNC2CC[NH2+]CC2)[nH]1
decoy_4296,0.268014,0.38489,0.571141,0.680725,0.362212,0.473058,O=C(C[N@@H+]1CCC[C@H]1C(=O)Nc1ccccc1)NC(=O)NC1CC1
decoy_4297,0.280533,0.413817,0.60553,0.74901,0.360092,0.489402,O=C(CNCc1ccccc1)NN1C(=O)NC2(CCCCC2)C1=O
decoy_4298,0.247961,0.308409,0.55169,0.605429,0.312047,0.372988,O=C(NN=CC=C([O-])Nc1ccccc1)C(=O)NC1CCCCC1
decoy_4299,0.257394,0.399239,0.564338,0.720097,0.342666,0.489017,O=C(NCCC[NH+]1CCCCC1)Nc1ccc2c(c1)C(=O)NC2=O
decoy_43,0.284096,0.367527,0.397443,0.591408,0.29727,0.383398,C1C[C@H]([NH2+]C2CC2)CO1
decoy_430,0.469837,0.4158,0.772841,0.742174,0.473374,0.449046,O=c1ccnc(Cc2ccccc2)[nH]1
decoy_4300,0.330394,0.346522,0.696376,0.743974,0.432313,0.443869,c1ccc(CCCOc2cncc(-c3cc4cn[nH]c4cn3)c2)cc1
decoy_4301,0.254348,0.289813,0.545333,0.594575,0.32048,0.353666,c1ccc(COc2ccc(C(c3cn[nH]c3)c3cn[nH]c3)cc2)cc1
decoy_4302,0.311899,0.388451,0.619373,0.712674,0.37964,0.449418,O=C1N=CC=C(NCCc2ccccc2)[C@@H]1c1nc2ccccc2[nH]1
decoy_4303,0.255912,0.326466,0.587283,0.717455,0.333417,0.412378,O=C1Cc2c(ncc3cnc(N4CCCC4)cc23)N1c1ccccc1
decoy_4304,0.365952,0.426354,0.743339,0.755007,0.452789,0.506254,c1ccc(-c2nc(C[NH2+]Cc3ncc[nH]3)[nH]c2-c2ccncc2)cc1
decoy_4305,0.455009,0.518565,0.761037,0.870189,0.55215,0.589237,C1=[NH+]c2c(sc3nc(N4CCOCC4)c4c(c23)CCOC4)CN1
decoy_4306,0.312757,0.40615,0.609335,0.717125,0.376275,0.470754,O=C(C[C@@H]1Sc2ccccc2NC1=O)NCCCc1cc[nH]n1
decoy_4307,0.346906,0.354841,0.664664,0.656591,0.404458,0.419956,O=C(Cc1nccs1)NNC(=O)CN1CCc2ccccc2C1
decoy_4308,0.299158,0.327736,0.622932,0.615776,0.392816,0.409258,O=C(Cc1nncs1)N/N=C/c1ccc(N2CC[NH2+]CC2)cc1
decoy_4309,0.249158,0.343461,0.565888,0.728321,0.354523,0.446579,O=C(NC1CC1)[C@H]1CC[N@@H+](CCc2ccc3c(c2)OCCO3)CC1
decoy_431,0.661163,0.513965,0.837597,0.701608,0.630416,0.529338,c1ccc2c(c1)=NCC=2C1=[NH+]NCN1
decoy_4310,0.280598,0.312473,0.668867,0.687302,0.395331,0.421798,c1ccc(OCCCN2CC[NH2+]CC2)c(C[NH2+]Cc2ccno2)c1
decoy_4311,0.264643,0.383262,0.588269,0.725119,0.366853,0.489159,O=C1CCc2cc(NC(=O)NCCC[NH+]3CCCCC3)ccc2N1
decoy_4312,0.314816,0.385725,0.672419,0.716138,0.421056,0.480443,O=C(C[C@H]1C(=O)NCCN1Cc1ccccc1)NC1CC[NH2+]CC1
decoy_4313,0.232074,0.308509,0.554532,0.749562,0.313779,0.396147,O=C(CCc1ccccc1)N1CC=C(C2=c3ccccc3=NC2)CC1
decoy_4314,0.337964,0.424726,0.71329,0.758018,0.449084,0.518412,O=C(CNCC(=O)N[C@H]1CC[N@H+](C2CC2)CC1)Nc1ccccc1
decoy_4315,0.349807,0.350174,0.702337,0.698703,0.454534,0.444005,O=C(c1ccc(N2CCOCC2)nc1)N1CCC2(CC[NH2+]CC2)C1
decoy_4316,0.300673,0.380738,0.626923,0.688505,0.394951,0.474652,O=C(Nc1ccccc1CN1CCCC1)C(=O)NC1CC[NH2+]CC1
decoy_4317,0.289252,0.323271,0.615904,0.635592,0.393583,0.414949,O=C(NCC[NH+]1CCCCC1)Nc1ccc(C(=O)NC2CC2)cc1
decoy_4318,0.289213,0.353286,0.60496,0.664985,0.36529,0.422767,C1=CNN(Cc2cccc([C@H]3[NH2+]CCc4c3[nH]c3ccccc43)c2)C1
decoy_4319,0.291645,0.358848,0.597944,0.728047,0.430614,0.500643,O=C(Nc1cccs1)c1cc2n(n1)CC[C@@H](c1cccs1)N2
decoy_432,0.296246,0.427456,0.452607,0.655451,0.335872,0.43706,c1ccc(NCc2ncncn2)cc1
decoy_4320,0.367801,0.41383,0.69437,0.781151,0.467751,0.487275,O=C(Nc1cccs1)c1cc2n(n1)CC[C@@H](c1cccs1)N2
decoy_4321,0.269808,0.346623,0.497051,0.573089,0.349335,0.415792,[O-]/C(=N\C(=S)NNC(=S)Nc1ccccc1)c1ccccc1
decoy_4322,0.275354,0.408045,0.547869,0.707986,0.341795,0.47885,C1=NN[C@@H](SCc2ccnc(/N=C/Nc3ccccc3)n2)S1
decoy_4323,0.233622,0.363271,0.522482,0.809805,0.305242,0.455028,O=C(C[C@@H]1c2ncsc2C[C@@H]2CCCC[C@@H]21)NCc1ccco1
decoy_4324,0.289585,0.364308,0.590501,0.717209,0.373533,0.442524,O=C(C[NH2+]CCCOc1ccccc1)Nc1cc2c(s1)CCC2
decoy_4325,0.249071,0.326821,0.56896,0.717563,0.328755,0.408937,O=C(CNCCOc1ccccc1)Nc1cc2c(s1)CCCC2
decoy_4326,0.257645,0.362798,0.542296,0.698793,0.325064,0.422403,O=C(CC[N@@H+]1CCCN(c2ccccn2)CC1)Nc1cccs1
decoy_4327,0.325547,0.434013,0.636176,0.77349,0.419919,0.511998,O=C(NCc1cccnc1)NC[C@@H](c1cccs1)[NH+]1CCCC1
decoy_4328,0.309254,0.474391,0.655826,0.891049,0.422101,0.574914,O=C(CC[C@]12CCCC[C@@H]1CC[C@H]2[NH2+]Cc1ccco1)NC1CC1
decoy_4329,0.249222,0.409121,0.586551,0.879981,0.34132,0.528901,O=C(Nc1ccccc1)[C@H]1CC[N@@H+](CCOC2CCCCC2)CC1
decoy_433,0.367616,0.399326,0.644417,0.717088,0.408282,0.434381,O=C1NC=CCN1[C@@H]1CSCO1
decoy_4330,0.344316,0.418813,0.690479,0.820223,0.460563,0.528003,O=C(NCCC[NH+]1CCCCC1)Nc1ccc(N2CCCC2)cc1
decoy_4331,0.319787,0.446979,0.606494,0.749705,0.412209,0.516592,S=C(NCCNC(=S)Nc1ccccc1)Nc1ccccc1
decoy_4332,0.290134,0.370688,0.653925,0.812979,0.371982,0.453918,O=C(NC[C@H]1CC[C@H]2C[C@@H]1C2)[C@@H]1CSC[C@@H](c2ccccc2)N1
decoy_4333,0.232174,0.35454,0.447342,0.655587,0.312379,0.419369,O=C(Nc1ccc(/[NH+]=c2/ccc3ccncc3o2)cc1)c1ccco1
decoy_4334,0.288822,0.327331,0.707688,0.77964,0.382816,0.398671,O=C(C[C@@H]1C(=O)N(Cc2ccccc2)c2ccccc21)c1ccco1
decoy_4335,0.366469,0.439652,0.719043,0.846127,0.442218,0.504707,O=C1NCC(=O)N2C[C@@H](c3ccccc3)c3c([nH]c4ccccc34)[C@@H]12
decoy_4336,0.328319,0.373906,0.642922,0.647559,0.38441,0.408149,OC1=C2C(=C[C@H](c3ccccc3)C1)Nc1[nH]ncc1[C@H]2c1[nH]cc[nH+]1
decoy_4337,0.323953,0.347228,0.64705,0.625137,0.377052,0.392143,O=C1N=C(NCCc2c[nH]c3ccccc23)[NH+]=N[C@H]1c1ccccc1
decoy_4338,0.366834,0.380901,0.675008,0.67181,0.446023,0.446594,O=c1cn[nH]c(NC[C@@H](C2=c3ccccc3=NC2)c2ccccc2)n1
decoy_4339,0.212878,0.327824,0.447899,0.619434,0.267418,0.37509,O=C1C[C@@H](c2ccccc2)C2=CNN(C3N=c4ccccc4=N3)[C@@H]2N1
decoy_434,0.386864,0.356339,0.592984,0.594494,0.462399,0.430724,O=C1NC(=S)N[C@]12CCCCO2
decoy_4340,0.33529,0.368643,0.672598,0.674952,0.413347,0.438064,O=C(N/N=C/C1=c2ccccc2=NC1)[C@@H]1C=C(c2ccccc2)NN1
decoy_4341,0.362813,0.37387,0.659384,0.663155,0.429895,0.424718,O=C(c1ccncn1)N(Cc1ccccc1)[C@H]1CCS(=O)(=O)C1
decoy_4342,0.346626,0.406298,0.703152,0.772253,0.465888,0.518144,O=C(CCc1ccccc1)NCCN1CC2(CC[NH2+]CC2)OC1=O
decoy_4343,0.278023,0.359733,0.593015,0.678689,0.369725,0.444522,O=C(C[NH2+]CC1(c2ccccc2)CCOCC1)NC(=O)NC1CC1
decoy_4344,0.298729,0.399846,0.602474,0.772018,0.378816,0.476507,O=C(Nc1ccccc1)N[C@H]1C[C@@H]([NH+]2CCCCC2)[C@H]2OC[C@@H]1O2
decoy_4345,0.290787,0.37066,0.615819,0.763471,0.367507,0.44879,c1ccc(C[N@@H+](CCc2c[nH]c3ccccc23)Cc2ncco2)cc1
decoy_4346,0.339742,0.343643,0.696557,0.652661,0.44477,0.44914,c1cc(OCCCN2CC[NH2+]CC2)ccc1CNCc1cnon1
decoy_4347,0.29058,0.309201,0.620449,0.617886,0.384771,0.396754,O=C1CN(c2ccc(NC(=O)NCC[NH+]3CCCC3)cc2)CCN1
decoy_4348,0.316234,0.417881,0.618405,0.775004,0.404148,0.505685,O=c1cc(-c2ccccc2)nc(-c2ccc(C[NH+]3CCCC3)cc2)[nH]1
decoy_4349,0.287992,0.313287,0.591732,0.634733,0.395482,0.413802,O=C(CSc1nnc(NCc2ccco2)s1)c1ccccc1
decoy_435,0.361088,0.460746,0.680725,0.899248,0.412864,0.481656,C(#Cc1cscn1)c1cccnc1
decoy_4350,0.338075,0.346868,0.654699,0.656863,0.399596,0.387388,c1ccc(CN2c3ccccc3N[C@H]2[C@@H]2NCCc3[nH+]c[nH]c32)cc1
decoy_4351,0.242911,0.318293,0.544963,0.697384,0.318561,0.392961,O=C(c1ccns1)N(CCN1CCOCC1)Cc1ccccc1
decoy_4352,0.327637,0.379692,0.659762,0.694267,0.386702,0.439991,O=C(CC1=c2ccccc2=NC1)N1CCN([C@@H]2NNCS2)CC1
decoy_4353,0.293607,0.392125,0.617614,0.759097,0.373159,0.47049,O=C(NCC1CCCCC1)c1ccc(C[NH+]2CCCCC2)[nH]c1=O
decoy_4354,0.32859,0.409255,0.705534,0.852474,0.431077,0.493923,c1ccc(-c2nn(-c3ccccc3)cc2C[NH2+]C2CCCCC2)cc1
decoy_4355,0.304252,0.388181,0.649364,0.804946,0.393744,0.456221,c1nc(N2CCOCC2)cc(N2CCC([NH+]3CCCCC3)CC2)n1
decoy_4356,0.259685,0.322222,0.670301,0.738792,0.364118,0.414059,c1[nH]nc(C2CCCCC2)c1CN1CC[NH+](C2CC[NH2+]CC2)CC1
decoy_4356_2,0.297222,0.315055,0.654388,0.650299,0.417003,0.428978,c1[nH]nc(C2CCCCC2)c1CN1CCN(C2CC[NH2+]CC2)CC1
decoy_4357,0.371933,0.415702,0.704344,0.773371,0.465643,0.500487,S=C(Nc1ccccc1)N(Cc1cccs1)C1CC[NH2+]CC1
decoy_4358,0.296699,0.369341,0.585214,0.700538,0.384394,0.456535,O=C1[C@H]2[C@H](C[NH2+][C@H]2c2cc3ccccc3o2)C(=O)N1c1ccccc1
decoy_4359,0.326567,0.390417,0.599856,0.690325,0.37829,0.425201,O=C1C=C/C(=C/Nc2ccccc2)C(=O)N1[C@H]1CCS(=O)(=O)C1
decoy_436,0.270128,0.352422,0.486556,0.603475,0.303881,0.406528,C1CC[C@H](CO[C@H]2CCCO2)OC1
decoy_4360,0.266779,0.384224,0.530075,0.679832,0.346803,0.44859,O=C(CNC(=O)c1ccccc1)NCS(=O)(=O)c1ccccc1
decoy_4361,0.277948,0.344475,0.576073,0.680747,0.356995,0.417401,O=C(NNC(=O)c1csc(N2CCOCC2)n1)c1ccccc1
decoy_4362,0.270544,0.357002,0.545782,0.6817,0.322058,0.412163,[H]/N=C1C(=C/c2ccccc2)/C(=O)N=C2SC(c3ccccc3)=NN2/1
decoy_4363,0.256099,0.361837,0.499512,0.627447,0.332087,0.421508,O=C(CNS(=O)(=O)c1ccccc1)N[C@H]1CCS(=O)(=O)C1
decoy_4364,0.303639,0.332215,0.727139,0.81193,0.468704,0.502763,O=C(NCCc1ccccc1)c1cccc(COc2ccccc2)n1
decoy_4365,0.248897,0.364585,0.5481,0.69301,0.332632,0.436718,O=C(CCCCC[C@H]1CCNC(=O)N1)NNC(=O)c1ccccc1
decoy_4366,0.248317,0.337619,0.564335,0.662084,0.317475,0.410342,O=C(CNCC(=O)Nc1ccccc1)NC(=O)NC1CCCCC1
decoy_4367,0.29547,0.429818,0.593718,0.765307,0.378733,0.49204,O=c1ccnc(-c2ccc(C[N@H+](Cc3ccncc3)C3CC3)cc2)[nH]1
decoy_4368,0.307612,0.38763,0.629748,0.758825,0.393812,0.477202,O=C(CC1=c2ccccc2=NC1)NCC1=CNN(c2ccccc2)C1
decoy_4369,0.29037,0.417193,0.604363,0.791775,0.368369,0.489591,O=C(NCCC1=c2ccccc2=NC1)C1=CNN(c2ccccc2)C1
decoy_437,0.300055,0.351249,0.550051,0.616465,0.363966,0.42187,C1CC[C@@H](O[C@H]2CCCOC2)OC1
decoy_4370,0.354217,0.383038,0.685872,0.73671,0.45217,0.452559,c1ccc(Nc2cc(N3CCN(c4ccccn4)CC3)nc[nH+]2)cc1
decoy_4371,0.399974,0.403913,0.7477,0.79107,0.478592,0.471539,c1ccc(N2CCN(c3cc(Nc4ccccn4)[nH+]cn3)CC2)cc1
decoy_4372,0.378637,0.406689,0.659982,0.665814,0.442911,0.4789,O=c1c2c3c(sc2[nH]c(=S)n1Nc1ncncn1)CCCC3
decoy_4373,0.221293,0.343447,0.495681,0.718678,0.293208,0.402386,O=C(CCN1C(=O)[C@@H]2CC[C@@H](C2)C1=O)Nc1cc2c(s1)CCC2
decoy_4374,0.260781,0.351971,0.602371,0.792908,0.335661,0.451693,O=C(OCc1cc(=O)n2c3c(sc2n1)CCCC3)C1CCCC1
decoy_4375,0.417408,0.474422,0.75369,0.82683,0.494046,0.547093,O=S(=O)(Oc1ccccc1)c1ccc(C[NH+]2CCNCC2)cc1
decoy_4376,0.335656,0.47695,0.655797,0.814048,0.439746,0.580585,O=C(CSc1nc2ccccc2[nH]1)NC(=O)NC1CCCCC1
decoy_4377,0.267609,0.361102,0.58983,0.682068,0.351958,0.429776,O=C(Nc1nc2ccccc2s1)C1(N2CN[NH2+]N2)CCCCC1
decoy_4378,0.205253,0.245963,0.556438,0.618241,0.31172,0.350933,C(=C/c1ccccc1)\CO[C@@H]1CCC[C@@H](CO[C@H]2CCCOC2)O1
decoy_4379,0.22113,0.258694,0.503905,0.567068,0.274651,0.337328,O=C(/C=C/OC(=S)C1=CC=CCC1)OC(=S)C1=CC=CCC1
decoy_438,0.293659,0.347993,0.544473,0.618779,0.388337,0.443668,C1CC[C@@H](OC2CCOCC2)OC1
decoy_4380,0.239669,0.269082,0.562518,0.576783,0.319459,0.346776,O=C1CN(Cc2cccc(OCCCN3CC[NH2+]CC3)c2)CCN1
decoy_4381,0.266471,0.338077,0.606658,0.680186,0.35942,0.430402,O=C(NCCC[NH+]1CCCCC1)N[C@H]1CCCc2[nH]c(=O)ccc21
decoy_4382,0.31827,0.40056,0.673005,0.748102,0.423736,0.509869,O=C(NCCC[NH+]1CCCCC1)NCCNC(=O)c1ccccc1
decoy_4383,0.304078,0.325852,0.699713,0.725159,0.41374,0.430125,c1ccc([C@H]2[NH2+]CC[C@@H]2C[NH2+]Cc2ccc(-n3cccn3)cc2)cc1
decoy_4384,0.341436,0.438898,0.688404,0.774394,0.425837,0.518676,c1ccc([C@H](CC[NH2+]Cc2ccccn2)NCc2ccccn2)cc1
decoy_4385,0.333714,0.372928,0.764023,0.866131,0.433395,0.479056,c1ccc(OCCCN2CCCCCC2)c(C[NH2+]CC2COC2)c1
decoy_4386,0.346674,0.506254,0.666783,0.882841,0.426141,0.57988,O=C(CCCSc1ccccc1)Nc1cc2c(s1)C[NH2+]CC2
decoy_4387,0.228153,0.27746,0.51925,0.595453,0.287206,0.336549,S=C1N(Cc2ccco2)[C@H]2CCCC[C@@H]2N1Cc1cccs1
decoy_4388,0.322072,0.388077,0.68803,0.724174,0.452717,0.500473,S=C(NC1CCNCC1)N(Cc1ccccc1)C1CC[NH2+]CC1
decoy_4389,0.324951,0.36643,0.70398,0.706414,0.411225,0.43776,S=C(NC1CCNCC1)N(Cc1ccccc1)C[C@H]1CCC[NH2+]1
decoy_439,0.291048,0.350505,0.531817,0.615272,0.336922,0.422384,C1CC[C@@H](OC[C@H]2CCCO2)OC1
decoy_4390,0.36862,0.297681,0.667012,0.536809,0.406384,0.355114,O=C1C=C/C(=C/NN2C(=O)c3cccc4cccc(c34)C2=O)C(=O)N1
decoy_4391,0.358771,0.395135,0.68784,0.720036,0.425454,0.450183,O=C1[C@@H]2[C@@H](CN[C@@]23C(=O)Nc2ccccc23)C(=O)N1c1ccccc1
decoy_4392,0.272076,0.414713,0.548341,0.737779,0.352214,0.483686,O=C(NNC(=O)c1ccc(-c2ccccc2)[nH]c1=O)c1ccccc1
decoy_4393,0.311397,0.419823,0.608107,0.709811,0.376343,0.485071,O=C(CNC(=O)c1cc2ccccc2[nH]1)NC1N=c2ccccc2=N1
decoy_4394,0.255647,0.338811,0.489111,0.620476,0.322823,0.384513,O=C(Cc1ccc2c(c1)OCO2)NCS(=O)(=O)c1ccccc1
decoy_4395,0.320043,0.37353,0.630008,0.699227,0.401461,0.450541,O=C1C[C@H]([NH2+]CCc2c[nH]c3ccccc23)C(=O)N1c1ccccc1
decoy_4396,0.405475,0.411983,0.762419,0.814926,0.526521,0.51809,O=C1NC2=C(C(=O)N(CCc3ccccc3)C2)[C@@H](c2ccccc2)N1
decoy_4397,0.329039,0.362725,0.655671,0.714451,0.431865,0.458202,O=C(NCCC1=c2ccccc2=NC1)[C@@H]1C=C(c2ccccc2)ON1
decoy_4398,0.454863,0.495038,0.836271,0.794808,0.535482,0.561181,O=C1NC(NCCc2c[nH]c3ccccc23)=[NH+]N[C@H]1c1ccccc1
decoy_4399,0.297304,0.41328,0.62524,0.724629,0.366858,0.482716,O=C1NC(NCCC2=c3ccccc3=NC2)=[NH+]N[C@H]1c1ccccc1
decoy_44,0.256054,0.333166,0.464876,0.621071,0.273207,0.379601,O=c1cc([O-])[nH]c(=O)[nH]1
decoy_440,0.289109,0.343817,0.549628,0.567577,0.344247,0.385549,c1ccc(Sc2ccccc2)cc1
decoy_4400,0.291305,0.349039,0.625425,0.657339,0.360065,0.423974,O=c1[nH]c2ccc(C[NH2+]CCNc3ccnc4ccccc34)cc2[nH]1
decoy_4401,0.335494,0.46454,0.648942,0.786048,0.430167,0.537542,O=C(Nc1cccnc1NCCNc1cccc[nH+]1)c1ccccc1
decoy_4402,0.37288,0.399926,0.725927,0.755129,0.47105,0.489573,O=C(NCCC1=c2ccccc2=NC1)[C@@H]1C=NN(c2ccccc2)N1
decoy_4403,0.27357,0.366506,0.49222,0.592465,0.30018,0.436794,O=C(CSc1nncs1)Nc1cnn(-c2ccccc2)c1[O-]
decoy_4404,0.362223,0.387083,0.665826,0.702301,0.463538,0.464304,c1ccc(N2CCN(c3cc(Nc4cccnc4)[nH+]cn3)CC2)nc1
decoy_4405,0.29216,0.367871,0.614236,0.740901,0.381758,0.449565,O=C(CN(Cc1ccco1)C(=O)c1ccns1)NC1CCCC1
decoy_4406,0.228367,0.380747,0.485926,0.726164,0.286284,0.42894,O=C(NC[C@@H](c1ccco1)[NH+]1CCCC1)C(=O)Nc1cccs1
decoy_4407,0.225673,0.352052,0.490254,0.659856,0.293174,0.411614,O=C(CSc1ccccc1)NNC(=O)NCCCn1cc[nH+]c1
decoy_4408,0.252697,0.360467,0.530403,0.660738,0.317993,0.427421,O=C(NCCn1cc[nH+]c1)NNC(=O)c1cc2c(s1)CCCC2
decoy_4409,0.362361,0.443758,0.710468,0.835163,0.455469,0.547138,O=C(NCCC[NH+]1CCCCC1)Nc1ccc2c(c1)OCCCO2
decoy_441,0.358129,0.476804,0.556965,0.748987,0.396832,0.489267,c1cc2[nH]c(-c3cnon3)nc2cn1
decoy_4410,0.407423,0.345,0.77111,0.710572,0.529755,0.476992,c1ccc(CNc2onc(-c3ccccc3)c2C[NH2+]CC2CC2)cc1
decoy_4411,0.266585,0.321688,0.614664,0.70074,0.376088,0.424354,c1ccc(-c2nc(C[NH2+]C[C@H]3CC[NH2+][C@H]3c3ccccc3)co2)cc1
decoy_4411_2,0.247446,0.305133,0.546787,0.634738,0.31416,0.389087,c1ccc(-c2nc(C[NH2+]C[C@H]3CCN[C@H]3c3ccccc3)co2)cc1
decoy_4412,0.315887,0.342125,0.660283,0.695275,0.395636,0.41825,O=C1CCCN1Cc1ccccc1C[NH2+]Cc1c[nH]c2ccccc12
decoy_4413,0.267173,0.34545,0.631597,0.800231,0.383685,0.466153,O=c1[nH]c2ccccc2cc1CNc1ccc(N2CCCCC2)cc1
decoy_4414,0.311571,0.443328,0.623832,0.803699,0.390664,0.512211,O=c1cc(CN2CC[NH+](Cc3ccccc3)CC2)[nH]c2ccccc12
decoy_4415,0.199891,0.350958,0.447193,0.693681,0.288721,0.43373,O=C(C[N@H+]1CC[C@H](C2=c3ccccc3=NC2)CC1)Nc1ccccc1
decoy_4416,0.270436,0.41577,0.537875,0.735964,0.331715,0.485838,[O-]C(/C=C/c1ccco1)=N\C(=S)Nc1cc2c(s1)C[NH2+]CC2
decoy_4417,0.291513,0.351818,0.589111,0.673442,0.357592,0.406322,c1cc2cnc(CSc3nncn3C[C@H]3CCCO3)nc2s1
decoy_4418,0.348848,0.494966,0.658513,0.819423,0.474637,0.597175,O=C(NCCc1cccs1)NCc1n[nH]c(-c2cccs2)n1
decoy_4419,0.390167,0.464632,0.740756,0.795964,0.476568,0.53197,c1cc2c(NC3CC[NH2+]CC3)nc(CN3CCOCC3)nc2s1
decoy_442,0.376892,0.401153,0.656179,0.681872,0.479045,0.475845,C=C1C(=O)C(=O)N[C@@H]1c1ccccc1
decoy_4420,0.354311,0.341734,0.682758,0.649359,0.420636,0.399563,O=C(CSc1nncs1)Nc1cc(-c2ccccc2)cs1
decoy_4421,0.296106,0.36809,0.636866,0.708772,0.422988,0.480351,O=C(CCNC(=O)[C@]12C[C@H]3C[C@@H](C[C@H](C3)C1)C2)N[C@H]1CCC[NH2+]C1
decoy_4422,0.260056,0.396398,0.580401,0.792376,0.369214,0.495253,O=C(NCCCC[NH+]1CCCCC1)NCCCOc1ccccc1
decoy_4423,0.38783,0.405954,0.712893,0.759435,0.447969,0.455289,O=C1C[C@H]2CC(S[C@@H]3C[NH2+][C@@H](CSc4ccccn4)C3)=CN12
decoy_4424,0.298636,0.370225,0.630964,0.752874,0.403312,0.462792,Nc1nc2c(s1)C[C@@H]1CCCC[C@@H]1[C@@H]2CC(=O)NC1CCCC1
decoy_4425,0.307117,0.413584,0.626368,0.761692,0.393807,0.4895,O=C(NCC[NH+]1CCCCC1)[C@H]1CSC[C@@H](c2ccccc2)N1
decoy_4426,0.350122,0.457519,0.70253,0.832058,0.457186,0.54584,S=C(NC1CC[NH2+]CC1)N(Cc1ccccc1)C[C@H]1CCCO1
decoy_4427,0.354067,0.362882,0.6824,0.659133,0.416575,0.436969,O=C1N=CN(c2ccccc2)C(=O)/C1=C\NNC(=O)c1ccccc1
decoy_4428,0.373876,0.323764,0.795419,0.746394,0.461764,0.413879,O=C(NCC(=O)N(Cc1ccccc1)c1ccccc1)c1ccco1
decoy_4429,0.308421,0.381901,0.661142,0.798339,0.381305,0.457588,O=C(CNC(=O)c1coc(CCc2ccccc2)n1)c1ccccc1
decoy_443,0.426064,0.372763,0.734413,0.701787,0.443639,0.409428,O=C1C=CC(=O)c2c1cc1n2CCC1
decoy_4430,0.432153,0.555631,0.764463,0.866881,0.536468,0.647935,Nc1cc(CCCNC(=O)c2cc3ccc4ccccc4c3o2)n[nH]1
decoy_4431,0.292632,0.417475,0.590612,0.733931,0.383835,0.487204,O=C(CNC(=O)c1ccccc1)NCc1nc(-c2ccccc2)c[nH]1
decoy_4432,0.259381,0.312906,0.600767,0.700809,0.33912,0.383105,O=C(c1ccco1)N1CCN(c2nccc(-c3ccccc3)n2)CC1
decoy_4433,0.28452,0.4282,0.580098,0.756765,0.356458,0.501211,O=C(NCCc1ccccc1)Nc1cccc(-c2ccc(=O)[nH]n2)c1
decoy_4434,0.310489,0.426285,0.575466,0.709122,0.372386,0.473406,O=C(Cc1csc(NC(=O)c2ccco2)n1)Nc1nccs1
decoy_4435,0.268913,0.391317,0.583867,0.725795,0.372883,0.484543,O=C(CNCc1ncnc(Nc2ccccc2)n1)Nc1ccccc1
decoy_4436,0.309395,0.409127,0.637151,0.718719,0.39205,0.478532,O=C1CSc2ccc(NC(=O)C(=O)NC[C@H]3CC[NH2+]C3)cc2N1
decoy_4437,0.310696,0.426155,0.582701,0.711771,0.37958,0.478052,O=C(Nc1cnc(SCC[NH+]2CCCC2)[nH]c1=O)c1ccco1
decoy_4438,0.379482,0.458471,0.731754,0.799303,0.492656,0.572943,O=C(COc1ccccc1)NNC(=O)NCCC[NH+]1CCCCC1
decoy_4439,0.286967,0.410446,0.6148,0.81516,0.411175,0.528518,O=C(/C=C/c1ccccc1)NCCCNC(=O)/C=C/c1ccccc1
decoy_444,0.319224,0.453189,0.501739,0.70272,0.351408,0.451625,O=C(Nc1ccccc1)c1ccco1
decoy_4440,0.260036,0.375485,0.564006,0.70126,0.332712,0.441477,O=C1C[C@H]([NH2+]CCc2c[nH]c3ccccc23)CNN1c1ccccc1
decoy_4441,0.304254,0.417516,0.617484,0.763248,0.375115,0.477076,O=C(NC[C@@H](c1ccccc1)[NH+]1CCCC1)c1cccc2nc[nH]c12
decoy_4442,0.290041,0.369976,0.591373,0.671968,0.369289,0.426436,c1ccc([C@H](CNc2cc(-c3cn[nH]c3)ncn2)[NH+]2CCCC2)cc1
decoy_4443,0.362975,0.376109,0.726105,0.785597,0.479226,0.491369,c1ccc(-n2ccc(CCCNc3nccc(NC4CC4)n3)n2)cc1
decoy_4444,0.369232,0.388285,0.707152,0.701179,0.478039,0.487103,NC1=Nc2nc3ccccc3n2[C@@H](c2ccn(C3CCCCC3)c2)N1
decoy_4445,0.350602,0.390735,0.700086,0.734564,0.4307,0.460625,O=C(CCCC[C@@H]1SC[C@H]2NC(=O)N[C@@H]12)NCc1cccnc1
decoy_4446,0.274232,0.392762,0.570309,0.725614,0.347747,0.457545,O=C(CCCC[C@@H]1SC[C@@H]2NC(=O)N[C@@H]21)NCc1ccncc1
decoy_4447,0.274468,0.383002,0.582054,0.717477,0.350701,0.451388,O=C(CNC(=O)c1ccccc1)NNC(=S)NC1CCCCC1
decoy_4448,0.191662,0.286778,0.467097,0.685781,0.260355,0.353897,c1ccc(N2CC[N+](=c3cc/c3=N\CCCn3cc[nH+]c3)CC2)cc1
decoy_4448_2,0.212116,0.294605,0.488546,0.69031,0.295011,0.369072,c1ccc(N2CC[N+](=c3cc/c3=N\CCCn3ccnc3)CC2)cc1
decoy_4449,0.374612,0.408793,0.674198,0.725531,0.431658,0.44572,C1=C[C@H](c2cc(CSc3nncs3)cs2)c2c[nH]nc2O1
decoy_445,0.323494,0.496982,0.501799,0.863133,0.361322,0.501392,O=C(Nc1ccccc1)c1ccoc1
decoy_4450,0.259801,0.368758,0.563255,0.701557,0.355767,0.45637,O=C(NC[C@H]1CC2CCN1CC2)C(=O)NC[C@H]1C[C@H]2CC[N@@H+]1CC2
decoy_4451,0.292362,0.355834,0.624499,0.68436,0.394597,0.443731,O=C(NCCC(=O)N1CC[NH2+]CC1)N[C@]12C[C@H]3C[C@@H](C[C@H](C3)C1)C2
decoy_4452,0.238471,0.287385,0.52066,0.577753,0.31945,0.362729,O=C(CSc1nncn1C1CC1)Nc1cc2c(s1)CCCC2
decoy_4453,0.324161,0.483974,0.696355,0.910284,0.443827,0.581842,O=C(CC[C@]12CCCC[C@H]1CC[C@H]2[NH2+]C1CCOCC1)NC1CC1
decoy_4454,0.304356,0.428901,0.622084,0.852552,0.388798,0.501964,O=C(CCc1cccs1)NC[C@@H](c1cccs1)[NH+]1CCCC1
decoy_4455,0.310119,0.353604,0.582605,0.61225,0.37946,0.409132,[NH2+]=C(N/N=C/c1ccc2c(c1)OCO2)c1c[n+]([O-])c2ccccc2n1
decoy_4456,0.217906,0.385666,0.490916,0.785106,0.303287,0.477837,O=C(Nc1ccccc1)c1nc2ccccc2nc1C[C@H]1COCO1
decoy_4457,0.343028,0.367379,0.677408,0.721097,0.450822,0.471264,c1ccc(CCCCOc2cncc3nc(-c4cnon4)[nH]c23)cc1
decoy_4458,0.379747,0.43894,0.706003,0.738497,0.453635,0.495209,NC1=Nc2nc3cc4c(cc3n2[C@@H](c2ccccc2)N1)OCCCO4
decoy_4459,0.314831,0.359012,0.623957,0.6495,0.425051,0.461976,O=C(CC1=c2ccccc2=NC1)NNC(=O)c1ccc2c(c1)NCN2
decoy_446,0.515492,0.426524,0.762985,0.712086,0.542705,0.492433,C=C1C(=O)N(c2ccccc2)N=C1N
decoy_4460,0.256627,0.391571,0.538068,0.722742,0.331005,0.45873,O=C(CNC(=O)Nc1ccccc1)Nc1ccnn1-c1ccccc1
decoy_4461,0.288175,0.377211,0.545661,0.675636,0.338497,0.440928,O=C(Nc1ccccc1)C1=NN([C@H]2CCS(=O)(=O)C2)C(=O)CC1
decoy_4462,0.323218,0.365686,0.645575,0.686277,0.386765,0.428496,O=C(COC(=O)CSCC1=CCNC(=O)N1)Nc1ccccc1
decoy_4463,0.318782,0.431723,0.600357,0.764124,0.377227,0.473785,O=C(Nc1ccccc1)C1CCN(S(=O)(=O)c2cnoc2)CC1
decoy_4464,0.208453,0.27319,0.437931,0.523499,0.275706,0.329947,O=C(N[C@H](c1ccccc1)c1ccco1)c1cc2cncnc2s1
decoy_4465,0.248473,0.368942,0.491864,0.654513,0.303027,0.411517,O=C(CSC1=N[C@@H]2N=c3ccccc3=C2N=[NH+]1)Nc1ccccc1
decoy_4466,0.352734,0.418968,0.673349,0.757231,0.454272,0.514677,O=C1[C@H]2[C@H](C[NH2+][C@H]2c2ccccc2)C(=O)N1CCNc1ccccc1
decoy_4467,0.272625,0.355403,0.623363,0.774343,0.349921,0.438649,O=c1c2ccccc2nc(-c2ccccc2)n1NC[C@H]1CCCCO1
decoy_4468,0.298744,0.354283,0.611914,0.688059,0.362228,0.421713,O=C(NN=CC=C([O-])Nc1cccc2c1CCCC2)c1ccccc1
decoy_4469,0.337616,0.385371,0.601771,0.671168,0.396954,0.432728,O=C1CSCN1c1ccc(S(=O)(=O)Nc2ccccn2)cc1
decoy_447,0.490816,0.426673,0.651281,0.625574,0.459983,0.430834,[H]/N=C1/O[C@H](c2ccccc2)C(=[N-])/C1=N\[H]
decoy_4470,0.354696,0.422931,0.695992,0.723619,0.430861,0.490944,NC1=[NH+]c2ccccc2N[C@]12CCCN(C(=O)Nc1ccccc1)C2
decoy_4471,0.35147,0.401428,0.731916,0.80735,0.427692,0.4908,C1=[NH+][C@@H](c2ccc(-c3ccccc3)o2)Nc2sc3c(c21)CC[NH2+]C3
decoy_4472,0.349184,0.377751,0.674072,0.704609,0.425886,0.435124,O=c1c([C@H]2[NH2+]CCc3ccccc32)c[nH]c(=S)n1-c1ccccc1
decoy_4473,0.299623,0.327935,0.611475,0.607198,0.374468,0.401686,O=C(CCc1c[nH]c(=S)[nH]c1=O)NCCCCCc1cc[nH]n1
decoy_4474,0.325333,0.407707,0.622147,0.68219,0.40639,0.470917,O=C(CSc1nc[nH]n1)NC(=O)N[C@]12C[C@H]3C[C@@H](C[C@H](C3)C1)C2
decoy_4475,0.300717,0.439021,0.614043,0.815071,0.39716,0.530555,c1ccc2c(c1)[nH]c1c(N3CCC([NH+]4CCCCC4)CC3)ncnc12
decoy_4476,0.335796,0.397948,0.673833,0.734337,0.407223,0.464692,C1=CCC2=C3CCN4CC[C@@H]([NH2+]CCc5c[nH]cn5)C[C@H]4C3=NC2=C1
decoy_4477,0.252559,0.365715,0.534299,0.711436,0.361346,0.473806,O=C(NCC[NH+]1CCCCC1)C(=O)Nc1cc2c(s1)CCCC2
decoy_4478,0.336614,0.366215,0.66584,0.721843,0.447927,0.450509,S=C(NCc1ccc2c(c1)=C1CCCC[C@@H]1N=2)Nc1ccccc1
decoy_4479,0.280928,0.368905,0.597417,0.673175,0.375035,0.442556,O=C(NCCc1nncs1)[C@]12CNC[C@H]1C[N@H+](C1CCCC1)C2
decoy_448,0.495164,0.532427,0.7434,0.787798,0.515182,0.541271,O=c1cc(Nc2ccccc2)nc[nH]1
decoy_4480,0.25059,0.35685,0.531035,0.715982,0.316294,0.411361,O=C1O[C@H](N2C(=O)CC[C@H]2C(=O)Nc2ccccc2)c2ccccc21
decoy_4481,0.362815,0.37468,0.67549,0.694708,0.44532,0.455904,O=c1[nH]c2nc[nH]c2c(=O)n1CCCOc1ccc2ccccc2c1
decoy_4482,0.273697,0.390973,0.575701,0.764482,0.363651,0.461196,O=C(CC[C@@H]1N=C2c3ccccc3N=CN2C1=O)NCc1ccco1
decoy_4483,0.309217,0.401375,0.604716,0.682469,0.383905,0.466191,O=C(/C=C/c1ccccc1)NCC(=O)Nc1ccc2[nH]c(=O)[nH]c2c1
decoy_4484,0.199341,0.279671,0.431093,0.59432,0.261318,0.342286,O=c1c(-c2ccccc2)nnc2sc(COc3ccccc3)nn12
decoy_4485,0.241998,0.26501,0.597466,0.618606,0.348103,0.367118,c1ccc(CO[C@@H]2CC[C@@H](O[C@H]3C[C@H]4OCO[C@H]4CO3)CO2)cc1
decoy_4486,0.343878,0.406351,0.688191,0.723033,0.416031,0.477592,O=C(CNCC1=C[C@@H](c2ccccc2)NC(=O)N1)Nc1ccccc1
decoy_4487,0.289982,0.408211,0.605196,0.747912,0.388145,0.485508,O=C(CNC(=O)NCCC1=c2ccccc2=NC1)Nc1ccccc1
decoy_4488,0.339426,0.466357,0.628105,0.80536,0.420731,0.53175,O=C(NCCNc1cccc[nH+]1)c1coc(CCc2ccccc2)n1
decoy_4489,0.332886,0.388282,0.680887,0.740811,0.404058,0.461568,O=C(CCC1=CNc2ncnn2C1)NCCC1=c2ccccc2=NC1
decoy_449,0.31328,0.448352,0.462726,0.681051,0.352074,0.44663,O=C(Cn1cncn1)c1ccccc1
decoy_4490,0.30747,0.441884,0.597214,0.744481,0.407816,0.531171,O=C(NCCCNc1cccc[nH+]1)Nc1ccccc1-n1cccn1
decoy_4491,0.23768,0.365027,0.520307,0.693584,0.313076,0.434091,O=C(CCNC1=NS(=O)(=O)c2ccccc21)NC1CC[NH2+]CC1
decoy_4492,0.350886,0.415628,0.693336,0.731644,0.418552,0.479241,O=C(CNCc1cccs1)NN1C(=O)NC2(CCCCC2)C1=O
decoy_4493,0.371028,0.44428,0.725719,0.76251,0.451013,0.50236,O=C(CNC(=O)c1ccccc1)NNC(=S)NC[C@H]1CCCO1
decoy_4494,0.286441,0.392318,0.546809,0.672528,0.348227,0.440639,[O-]c1cc(CSc2ccccc2)nc(NC=[NH+]c2ccccc2)n1
decoy_4495,0.330372,0.416448,0.641591,0.777943,0.434723,0.525291,O=C1NC(CSC2N=c3ccccc3=N2)=C[C@@H](c2ccccc2)N1
decoy_4496,0.364899,0.490832,0.687586,0.786457,0.44344,0.5559,O=C(N/N=C/c1ccccc1)C1=CNC(=S)N[C@H]1c1ccccc1
decoy_4497,0.253655,0.314866,0.520637,0.574485,0.309851,0.364708,[H]/N=C([N-]c1nc(SCc2ccccc2)n[nH]1)\C(=N\[H])c1ccccc1
decoy_4498,0.321618,0.400798,0.734741,0.86067,0.418344,0.490724,c1ccc2c(c1)[C@@H]([NH2+]Cc1ccc3c(c1)OCO3)CC21CC[NH2+]CC1
decoy_4499,0.312135,0.344638,0.66454,0.735382,0.410545,0.429709,O=C(N[C@@H](C(=O)NC1CCCCC1)c1ccccc1)c1ccccc1
decoy_45,0.245677,0.325727,0.47321,0.678408,0.280795,0.372451,O=c1cc[nH]c(=S)[nH]1
decoy_450,0.522487,0.432603,0.749106,0.69225,0.560299,0.493784,O=C(Nc1ccccc1)c1cc[nH]n1
decoy_4500,0.296596,0.434256,0.59967,0.747405,0.391879,0.49107,O=C(CS(=O)(=O)c1ccccc1)Nc1cc2c(s1)C[NH2+]CC2
decoy_4501,0.283338,0.410735,0.588126,0.760028,0.404686,0.512784,O=C(CN1CC[NH+](Cc2ccccc2)CC1)N/N=C/c1ccccc1
decoy_4502,0.277339,0.39894,0.544469,0.687826,0.336306,0.448217,O=C(CCc1cnc[nH]c1=O)N[C@H]1N[C@H](c2cccs2)CS1
decoy_4503,0.205207,0.349096,0.460239,0.745483,0.278894,0.418144,O=C(C[N@@H+]1CCC[C@H](C2OCCO2)C1)Nc1cc2c(s1)CCC2
decoy_4504,0.287511,0.379226,0.610426,0.726722,0.381712,0.460869,O=C(CSc1nccc(=O)[nH]1)N1CCC([NH+]2CCCCC2)CC1
decoy_4505,0.302378,0.458866,0.56483,0.7871,0.368157,0.526833,O=C(CCSc1n[nH]c(-c2cccs2)n1)Nc1cccs1
decoy_4506,0.295443,0.368164,0.639803,0.738543,0.386889,0.453122,O=C(NCCC[NH+]1CCCCC1)NC1CCN(C(=O)C2CC2)CC1
decoy_4507,0.302792,0.311326,0.634377,0.647794,0.39861,0.401676,c1ccc(-c2ncc(CN3CCC([NH+]4CCCCC4)CC3)cn2)cc1
decoy_4508,0.311476,0.340075,0.63864,0.695479,0.396134,0.419594,O=C(CSc1nc(CCC2CCCC2)n[nH]1)Nc1cccs1
decoy_4509,0.304789,0.308144,0.641674,0.655646,0.415979,0.427298,O=C(CC1CCN(CCCN2CCCCC2)CC1)N1CC[NH2+]CC1
decoy_451,0.548893,0.4595,0.789838,0.740721,0.590855,0.518927,C(=N/Nc1nc[nH]n1)\c1ccccc1
decoy_4510,0.258416,0.314378,0.63,0.737735,0.400048,0.45161,C1CCN(CCCN2CCN(CCC[NH+]3CCCCC3)CC2)CC1
decoy_4511,0.372385,0.397006,0.65782,0.718969,0.439842,0.458016,O=C(NCc1cc2cc3c(cc2[nH]c1=O)OCO3)Nc1ccccc1
decoy_4512,0.225499,0.270709,0.468197,0.52532,0.273926,0.325057,O=C(OCc1cc(=O)oc2ccccc12)c1cc2cccnc2s1
decoy_4513,0.302376,0.331799,0.584147,0.642967,0.366579,0.3936,O=C(OCc1nc2ccccc2c(=O)[nH]1)c1cc2cccnc2s1
decoy_4514,0.262955,0.356018,0.483332,0.601046,0.34062,0.423482,O=C1N=c2ccccc2=C1NNC(=O)c1cc(-c2cccs2)[nH]n1
decoy_4515,0.315083,0.384436,0.623292,0.71737,0.410282,0.46971,O=C1NC(C[NH2+]Cc2ccccc2)=C[C@@H](c2ccc3c(c2)OCO3)N1
decoy_4516,0.325118,0.435325,0.622663,0.738652,0.424638,0.543925,O=C(Nc1ccc2c(c1)oc1ccccc12)C(=O)NC1CC[NH2+]CC1
decoy_4517,0.292304,0.378833,0.62442,0.741451,0.411284,0.498082,O=C(NCc1ccccc1)C(=O)Nc1cccc(NC(=O)C2CC2)c1
decoy_4518,0.468662,0.472072,0.81453,0.765148,0.538522,0.537265,NC1=[NH+]c2ncccc2N[C@]12CCN(C(=O)COc1ccccc1)C2
decoy_4519,0.254186,0.375059,0.55086,0.744827,0.354177,0.467978,O=C(CCc1ccccc1)N[C@@H]1CO[C@@H](n2cnc3cncnc32)C1
decoy_452,0.445859,0.490962,0.77429,0.833619,0.474574,0.489166,c1ccc2c(c1)OCC1=C2C[NH2+]CC1
decoy_4520,0.345153,0.406533,0.631192,0.713014,0.441229,0.491229,O=c1[nH]c(C[NH2+]Cc2ccco2)nc2scc(-c3ccccc3)c12
decoy_4521,0.284765,0.370043,0.581356,0.718744,0.337135,0.418732,O=C(Nc1c2c(nn1-c1ccccc1)C[S@@](=O)C2)c1ccccc1
decoy_4522,0.286916,0.324672,0.612811,0.657581,0.342357,0.384067,O=C(c1ccns1)N(Cc1ccco1)Cc1c[nH]c2ccccc12
decoy_4523,0.296833,0.365261,0.576124,0.657604,0.364588,0.426751,O=C1NC(CS[C@H]2N=c3cccnc3=N2)=C[C@@H](c2ccccc2)N1
decoy_4524,0.302173,0.386923,0.606299,0.714643,0.428734,0.482966,O=C(CSc1n[nH]c(-c2ccccc2)n1)N/N=C/c1ccccc1
decoy_4525,0.211069,0.264579,0.504839,0.593073,0.284645,0.344461,O=C(NCc1ccccc1)C1(c2ccc3c(c2)OCCO3)CCCC1
decoy_4526,0.239653,0.370837,0.516963,0.7057,0.310692,0.434452,O=C(C[N@H+]1CC[C@H](C(=O)Nc2ccccc2)CC1)Nc1ccccc1
decoy_4527,0.369312,0.375582,0.728164,0.730344,0.465052,0.450097,O=C(c1cccnc1Oc1ccccc1)N1CCC2(CC[NH2+]CC2)C1
decoy_4528,0.301847,0.372753,0.599964,0.712325,0.391956,0.438017,O=C(NCc1ccccc1C[NH+]1CCCC1)C(=O)Nc1ccccc1
decoy_4529,0.297677,0.419653,0.588382,0.779479,0.373587,0.469784,O=C(NCc1ccccc1)C(=O)Nc1ccccc1C[NH+]1CCCC1
decoy_453,0.279071,0.396883,0.42284,0.640158,0.318804,0.40238,c1ccc(C[NH2+]Cc2ccco2)cc1
decoy_4530,0.26424,0.376711,0.551369,0.724975,0.360885,0.479212,O=C(NCCC[N@H+]1CCc2ccccc2C1)C(=O)Nc1ccccc1
decoy_4531,0.271334,0.383885,0.56573,0.742797,0.364662,0.458947,O=C(NC[C@@H](c1ccccc1)[NH+]1CCCC1)C(=O)Nc1ccccc1
decoy_4532,0.317708,0.363815,0.657884,0.736391,0.418242,0.465975,O=C(CCN1CCN(c2ccccc2)CC1)N/N=C/c1ccncc1
decoy_4533,0.212599,0.274431,0.46683,0.551189,0.272059,0.327135,S=c1cc(-c2ccco2)cc(-c2ccccc2)n1[C@@H]1CCCCO1
decoy_4534,0.229135,0.343916,0.521763,0.735713,0.298044,0.409475,O=C(CN1CCCC[C@H]1C(=O)N1CCOCC1)Nc1cccs1
decoy_4535,0.271635,0.343907,0.620287,0.749822,0.361555,0.418839,O=C(CN(C(=O)c1ccns1)C1CCCC1)NC[C@H]1CCCO1
decoy_4536,0.26869,0.349889,0.593104,0.730262,0.35129,0.418663,O=C(CN(C[C@H]1CCCO1)C(=O)c1ccns1)NC1CCCC1
decoy_4537,0.28363,0.353186,0.607605,0.731573,0.376481,0.448201,O=C(NCCN1CCOCC1)C(=O)Nc1cc2c(s1)CCCC2
decoy_4538,0.252091,0.272432,0.598905,0.641417,0.336698,0.379227,c1cc(Cc2nnc(-c3ccncc3)s2)cc([C@@H]2CCCCO2)c1
decoy_4539,0.242511,0.307029,0.576574,0.708341,0.368213,0.441937,c1ccc(CS[C@H]2N=N[C@@H](CCC3=c4ccccc4=NC3)O2)cc1
decoy_454,0.492172,0.434439,0.781571,0.748798,0.539587,0.482036,C1=C/C(=C2/C=C3CCCCC3=N2)NN1
decoy_4540,0.356821,0.422959,0.679476,0.748027,0.408281,0.478,O=c1[nH]c2ccccc2cc1CNC(=S)NCCc1ccccc1
decoy_4541,0.261395,0.3133,0.562396,0.635733,0.337863,0.368065,O=C(Cc1ccc2c(c1)SCN2)NCCC1=c2ccccc2=NC1
decoy_4542,0.376428,0.456266,0.714375,0.773907,0.462919,0.528707,c1cnc2c(Sc3cc(NC4CC[NH2+]CC4)ncn3)cccc2c1
decoy_4543,0.363706,0.429126,0.730151,0.767257,0.465241,0.514673,C1=C(c2ccccc2)N=N[C@H]1[C@H]1NN[C@@H](SCc2ccccc2)N1
decoy_4544,0.278961,0.348707,0.607866,0.715823,0.384068,0.440839,O=C(NC1CCCCC1)N[C@H]1C[C@@H]([NH+]2CCCCC2)[C@H]2OC[C@@H]1O2
decoy_4545,0.250267,0.329491,0.626656,0.804179,0.338687,0.431256,O=C(CN1CCc2ccccc2C1)Nc1cccn1C1CCCCC1
decoy_4546,0.334434,0.418262,0.626109,0.749057,0.423667,0.488394,O=C(CSc1nccc(=O)[nH]1)N[C@@H]1CC2=C(CCCCC2)S1
decoy_4547,0.265229,0.311961,0.559573,0.598166,0.330315,0.373964,O=c1oc2cc(O[C@@H]3CCCCO3)cc3c(=O)oc4cccc1c4c23
decoy_4548,0.317199,0.380542,0.570731,0.624527,0.381167,0.447481,O=C(Nc1c[nH]c(=O)[nH]c1=O)c1cc2cc3ccccc3nc2s1
decoy_4549,0.295333,0.381512,0.597246,0.73648,0.387614,0.461706,O=C(COC(=O)/C=C/c1ccccc1)NCC(=O)Nc1ccccc1
decoy_455,0.411296,0.359454,0.740183,0.706267,0.420466,0.402078,c1cnc2c(c1)ncn2C1CCCC1
decoy_4550,0.329761,0.335847,0.70966,0.738773,0.438213,0.440159,O=C(NCC1(c2ccc3c(c2)OCO3)CC1)C(=O)Nc1ccccc1
decoy_4551,0.241883,0.353856,0.501071,0.667602,0.286133,0.399379,O=C(NN1C(=O)NC2(CCCCC2)C1=O)c1ccnc2ccccc12
decoy_4552,0.331899,0.393618,0.659537,0.697728,0.392769,0.458962,O=C(CNCc1ccccc1)NN1C(=O)N[C@H](c2ccccc2)C1=O
decoy_4553,0.235908,0.320424,0.531896,0.67121,0.309249,0.399657,c1ccc(-n2ncc3c(Nc4cccc5cccnc45)ncnc32)cc1
decoy_4554,0.275618,0.398952,0.565743,0.699527,0.386033,0.506677,O=C(CSc1n[nH]c(-c2ccncc2)n1)N/N=C/c1ccccc1
decoy_4555,0.217131,0.31434,0.516438,0.760549,0.295355,0.398254,O=c1c2c(ccn1CCN1CCOCC1)OC=C[C@H]2c1ccccc1
decoy_4556,0.273353,0.292205,0.683214,0.724795,0.358628,0.37072,O=C(/C=C/c1ccn(-c2ccccc2)c1)OCC(=O)N1CCCCC1
decoy_4557,0.329615,0.413265,0.63327,0.755541,0.396681,0.493473,O=C(C[NH+]1CCN(c2ccccc2)CC1)NC(=O)Nc1ccccc1
decoy_4558,0.344883,0.407849,0.70933,0.745319,0.459569,0.506088,O=C(CNCc1ccc(NC(=O)NC2CC2)cc1)Nc1ccccc1
decoy_4559,0.342602,0.408805,0.695878,0.813514,0.419249,0.472668,O=C(c1coc(CCc2ccccc2)n1)N1CCCN2CCC[NH+]=C21
decoy_456,0.419704,0.375818,0.75752,0.726651,0.472788,0.454742,c1cc2c(cn1)ncn2C1CCCC1
decoy_4560,0.310185,0.429106,0.646387,0.769479,0.41024,0.522602,O=C(NCCc1c[nH]c2ccccc12)c1coc(C2CC[NH2+]CC2)n1
decoy_4561,0.349827,0.398846,0.767303,0.767279,0.438213,0.482747,c1coc(-c2n[nH]cc2C[NH2+]Cc2cccnc2N2CC[NH2+]CC2)c1
decoy_4562,0.321782,0.344729,0.671011,0.710573,0.403681,0.418923,O=C1C[C@H](c2ccccc2)C=C(SCC(=O)Nc2ccccc2)N1
decoy_4563,0.25107,0.359408,0.544367,0.677765,0.330525,0.435738,O=C(CCCCC[C@H]1CCNC(=O)N1)NNC(=O)c1cccs1
decoy_4564,0.313687,0.409358,0.610609,0.757776,0.395746,0.483827,O=c1[nH]c(=S)n(C2CC2)cc1[C@H]1NCCc2c1[nH]c1ccccc21
decoy_4565,0.378411,0.447568,0.742296,0.78283,0.486038,0.545887,O=C(CS[C@@H]1NN[C@@H](c2ccccc2)N1)C1=c2ccccc2=NC1
decoy_4566,0.293462,0.373125,0.612681,0.721323,0.397244,0.469375,O=C(N[C@H]1CN[C@H](Nc2ccccc2)S1)[C@H]1C=c2ccccc2=N1
decoy_4567,0.437021,0.403729,0.772889,0.770396,0.495479,0.471185,O=C1[C@@H](C[NH2+]Cc2n[nH]c3c2CCC3)CCCN1Cc1ccccc1
decoy_4568,0.234699,0.378823,0.534013,0.771029,0.312102,0.447846,O=C(C[N@H+]1CCCN(c2ccccn2)CC1)NCCc1ccccc1
decoy_4569,0.332695,0.424702,0.663616,0.781549,0.44036,0.512522,O=C(N[C@H]1CCC[NH2+]C1)c1nn(-c2ccccc2)c2c1CCCCC2
decoy_457,0.43172,0.516032,0.714591,0.89656,0.457423,0.520256,c1ccc(NCCn2cc[nH+]c2)cc1
decoy_4570,0.351638,0.42284,0.686722,0.772353,0.455458,0.509352,c1ccc(N2CCN(c3cc(NC4CC[NH2+]CC4)ncn3)CC2)cc1
decoy_4571,0.279924,0.330237,0.570769,0.599522,0.352736,0.394597,O=C(CSc1nc[nH]n1)Nc1nc(C[NH+]2CCCCC2)cs1
decoy_4572,0.322076,0.371003,0.635691,0.715164,0.412183,0.441088,c1ccc(CNc2nc(C[NH+]3CCCCC3)nc3sccc23)cc1
decoy_4573,0.308342,0.384353,0.665963,0.73621,0.41512,0.476415,O=C(CC1CCCC1)NCCNC(=O)NCCC[NH+]1CCCCC1
decoy_4574,0.299038,0.385114,0.663412,0.756162,0.409478,0.480066,O=C(CCCNC(=O)NC1CCCCC1)NCC[NH+]1CCCCC1
decoy_4575,0.254253,0.384164,0.601023,0.744631,0.354912,0.506771,O=C(CCNC(=O)NCCC[NH+]1CCCCC1)NC1CCCCC1
decoy_4576,0.238222,0.3154,0.473839,0.578886,0.29016,0.357538,c1cc(CSc2nncs2)cc(CSc2nncs2)c1
decoy_4577,0.25719,0.349419,0.57105,0.745053,0.334342,0.411572,O=C(CCc1cccs1)NCC1([NH+]2CCSCC2)CCCC1
decoy_4578,0.2459,0.377207,0.522019,0.730751,0.324649,0.439227,O=C(CCCn1c(=O)oc2ccccc21)NNC(=O)c1ccccc1
decoy_4579,0.36401,0.380441,0.680865,0.690988,0.455466,0.447879,O=C(CN1C(=O)[C@@H]2[C@H](C1=O)[C@H]1C=C[C@@H]2C1)NNC(=O)c1ccccc1
decoy_458,0.284899,0.436332,0.427567,0.645606,0.313116,0.426592,c1ccc(C[NH2+]Cc2cc[nH]n2)cc1
decoy_4580,0.271228,0.367503,0.544263,0.655948,0.360393,0.451312,O=C(CNCc1cc2ccccc2o1)c1cn(C2CC2)c([O-])nc1=O
decoy_4581,0.326665,0.358931,0.620083,0.623468,0.387025,0.420937,O=S(=O)([N-]c1ncccn1)c1cccc(/N=N/c2ccccc2)c1
decoy_4582,0.301947,0.341092,0.637577,0.677005,0.380264,0.41541,O=C1[C@@H]2[C@@H](CN[C@@]23C(=O)Nc2ccccc23)C(=O)N1C1CCCCC1
decoy_4583,0.304787,0.378859,0.646728,0.743992,0.426067,0.496159,O=C(CN[C@H]1CCc2ccccc2C1)c1cn(C2CC2)c(=O)[nH]c1=O
decoy_4584,0.351405,0.396629,0.727006,0.806127,0.458279,0.502076,O=C(CN(Cc1ccccc1)C1CC1)c1cn(C2CC2)c(=O)[nH]c1=O
decoy_4585,0.310695,0.389542,0.572454,0.651935,0.358245,0.453978,O=C(CNS(=O)(=O)c1cccs1)NNC(=O)c1ccccc1
decoy_4586,0.428496,0.478005,0.790643,0.76606,0.534773,0.568281,NC1=[NH+]c2ccccc2CN[C@]12CCN(C(=O)NCc1ccco1)C2
decoy_4587,0.374157,0.370751,0.759638,0.694633,0.442469,0.43003,NC1=NC(N)=[N+](c2cccc(OCCCOc3ccccc3)c2)CN1
decoy_4588,0.341212,0.471004,0.662591,0.803066,0.423696,0.544575,O=C(Cc1ccccc1)NNC(=O)Nc1ccc(N2CCCC2)nc1
decoy_4589,0.289076,0.406352,0.609534,0.756182,0.373874,0.482135,O=C(CNC(=O)Nc1ccc(N2CCCC2)nc1)Nc1ccccc1
decoy_459,0.293181,0.445322,0.433951,0.660791,0.312594,0.46119,c1ccc(C[NH2+]Cc2cn[nH]c2)cc1
decoy_4590,0.355107,0.425693,0.708871,0.739912,0.474626,0.527693,O=C(NCc1cccnc1N1CC[NH2+]CC1)C(=O)Nc1ccccc1
decoy_4591,0.316557,0.372923,0.643297,0.673623,0.405687,0.453361,O=C(NCc1ccnc(N2CC[NH2+]CC2)c1)C(=O)Nc1ccccc1
decoy_4592,0.290493,0.427651,0.632867,0.763137,0.380974,0.504646,O=C(NNC(=O)c1ccccc1)Nc1ccccc1N1CC[NH2+]CC1
decoy_4593,0.308712,0.390802,0.606501,0.735242,0.361267,0.452206,c1ccc(-c2nc(-c3ccc4c(n3)NCN4)c(-c3ccccc3)[nH]2)cc1
decoy_4594,0.296222,0.430688,0.598139,0.796139,0.360374,0.486857,c1ccc(-c2nc(-c3ccncc3)[nH]c2-c2ccc3c(c2)NCN3)cc1
decoy_4595,0.375556,0.435045,0.703855,0.764457,0.436176,0.479188,O=C(COc1ccc([C@@H]2C=CNC(=S)N2)cc1)Nc1ccccc1
decoy_4596,0.386102,0.450352,0.75751,0.782475,0.462038,0.524874,O=c1[nH]c(CS[C@@H]2NN[C@@H](c3ccccc3)N2)nc2ccccc12
decoy_4597,0.335759,0.39271,0.640442,0.709516,0.431358,0.468106,O=C(NCCCc1ccccc1)Nc1nnc(-c2ccccn2)s1
decoy_4598,0.305602,0.450353,0.626271,0.808522,0.409476,0.539066,O=C(NC[C@@H]1OCC[C@H]1[NH2+]CCc1ccccc1)Nc1ccccc1
decoy_4599,0.366362,0.378105,0.697211,0.75282,0.479938,0.476394,O=C(NCC[NH2+]Cc1ccc(N2CCOCC2)cc1)c1ccccc1
decoy_46,0.281589,0.270851,0.504119,0.530323,0.318148,0.324567,C1CCC2(C1)OCCO2
decoy_460,0.316508,0.416827,0.53891,0.88859,0.347501,0.450773,c1ccc(Sc2ccccn2)cc1
decoy_4600,0.304305,0.400368,0.572298,0.704399,0.390583,0.460713,O=S1(=O)CC[C@H](c2n[nH]c(SCCOc3ccccc3)n2)C1
decoy_4601,0.236714,0.320236,0.50078,0.631654,0.316374,0.401664,c1ccc2c(c1)=NCC=2CCNC1=[NH+]CCc2c1ccc1ccccc21
decoy_4602,0.372286,0.432989,0.723799,0.834789,0.474918,0.536592,c1ccc(CS[C@H]2NN[C@@H](CCc3c[nH]c4ccccc34)O2)cc1
decoy_4603,0.317076,0.433597,0.627826,0.7795,0.401486,0.51234,O=c1[nH]c(C[NH2+]C2CCCCC2)nc2scc(-c3ccccc3)c12
decoy_4604,0.324981,0.392306,0.750411,0.896257,0.415316,0.463709,O=C(CCc1cccs1)NCCCc1ccn(-c2ccccc2)n1
decoy_4605,0.229858,0.38441,0.513769,0.7333,0.304586,0.479468,O=C(NCCn1cc[nH+]c1)NC[C@]1(N2CCOCC2)CCSC1
decoy_4606,0.243916,0.302616,0.582465,0.698227,0.327497,0.423717,c1ccc(NCc2cccn2-c2nnc(N3CCCCC3)s2)cc1
decoy_4607,0.320658,0.335078,0.67846,0.718771,0.421821,0.427626,c1ccc(OCCCN2CCCCC2)c(C[NH2+]Cc2ccncc2)c1
decoy_4608,0.323585,0.404099,0.694405,0.825755,0.430777,0.546328,c1ccc(C[NH2+]Cc2ccccc2OCCCN2CC[NH2+]CC2)cc1
decoy_4609,0.274582,0.304121,0.664377,0.711386,0.375167,0.406004,c1ccc(C[NH2+]Cc2cccc(OCCCN3CC[NH2+]CC3)c2)cc1
decoy_4609_2,0.322965,0.331744,0.67337,0.689857,0.419239,0.429127,c1ccc(C[NH2+]Cc2cccc(OCCCN3CCNCC3)c2)cc1
decoy_461,0.423981,0.341234,0.630708,0.569994,0.421107,0.377191,S=C1CC=CC(c2ccccc2)=N1
decoy_4610,0.293624,0.296604,0.691403,0.687138,0.397086,0.403242,c1ccc(C[NH2+]Cc2ccc(OCCCN3CC[NH2+]CC3)cc2)cc1
decoy_4611,0.34776,0.400982,0.670141,0.768799,0.43309,0.479109,c1ccc2nc(N3CCC([NH2+]CCN4CCCCC4)CC3)ncc2c1
decoy_4612,0.307605,0.425605,0.635871,0.80203,0.441642,0.540117,O=C(CCCC[C@@H]1SC[C@H]2NC(=O)N[C@@H]12)NCC1CCCCC1
decoy_4613,0.368551,0.414276,0.706175,0.756952,0.455693,0.486774,S=C(NC1CC[NH2+]CC1)N(Cc1ccccc1)Cc1ccccc1
decoy_4614,0.314747,0.406,0.617617,0.76127,0.404322,0.486642,O=C(COC(=O)C[C@@H]1Oc2ccccc2NC1=O)Nc1ccccc1
decoy_4615,0.353167,0.426379,0.6383,0.696393,0.436798,0.499461,O=C(CSc1ncc(-c2ccccc2)cn1)c1c[nH]c(=O)[nH]c1=O
decoy_4616,0.246033,0.288593,0.639357,0.728526,0.34007,0.374915,O=C(OC[C@H]1CO[C@@H](COC(=O)c2ccccc2)C1)c1ccccc1
decoy_4617,0.2346,0.281199,0.532174,0.598855,0.293722,0.342161,O=C(c1ccccc1)N1CCC2(CC1)OCCN2C(=O)c1ccco1
decoy_4618,0.208624,0.302394,0.491753,0.728723,0.278864,0.37479,O=C(Nc1ccc2c(c1)OCCO2)c1ccccc1N1CCOCC1
decoy_4619,0.253536,0.298195,0.530455,0.601899,0.320801,0.345938,O=C1Nc2ccccc2[C@H]1c1ccc([C@@H]2C(=O)Nc3ccccc32)cc1
decoy_462,0.350949,0.338344,0.542468,0.532167,0.379692,0.374045,c1ccc2c(c1)CC[N@@H+]1CCCC[C@@H]21
decoy_4620,0.364022,0.484365,0.721627,0.807233,0.453356,0.566467,N/C(COc1ccccc1)=N\NC(=O)/C=C/NOCc1ccccc1
decoy_4621,0.295274,0.371967,0.611525,0.681374,0.385261,0.44709,O=C(Cc1ccccc1)NNC(=O)NCCNC(=O)c1ccccc1
decoy_4622,0.324952,0.435095,0.678138,0.770072,0.409963,0.515374,O=C(CNCC(=O)Nc1ccccc1)NCC(=O)Nc1ccccc1
decoy_4623,0.299321,0.30114,0.611236,0.604184,0.357263,0.364823,C1=C[C@@H](c2c[nH]nc2-c2ccccc2)c2c(-c3ccccc3)n[nH]c2O1
decoy_4624,0.209911,0.333869,0.48329,0.719938,0.280409,0.41188,O=c1c(/C=N/c2ccccc2)c(Nc2ccccc2)nc2ccccn12
decoy_4625,0.258942,0.375082,0.533925,0.680229,0.316379,0.424185,[H]/N=C1/C=CC2=N[C@@H](c3ccccc3[C@@H]3N=C4C=C/C(=N/[H])C=C4N3)NC2=C1
decoy_4626,0.270997,0.37342,0.570588,0.677867,0.336484,0.428369,[H]/N=C1/C=CC2=N[C@@H](c3ccc([C@@H]4N=C5C=C/C(=N/[H])C=C5N4)cc3)NC2=C1
decoy_4627,0.286088,0.394655,0.59151,0.706553,0.350051,0.447817,[H]/N=C1/C=CC2=N[C@@H](c3cccc([C@@H]4N=C5C=C/C(=N/[H])C=C5N4)c3)NC2=C1
decoy_4628,0.248234,0.333108,0.54038,0.691088,0.34092,0.404687,O=C(COC(=O)c1cc2cccnc2s1)NCCc1ccccc1
decoy_4629,0.268757,0.392225,0.528504,0.706644,0.311365,0.451612,O=S(=O)(/N=C1\C=C2NCCO[C@H]2c2ccccc21)c1ccccc1
decoy_463,0.420692,0.501849,0.719818,0.814604,0.504654,0.557607,c1nc(-c2ccc3c(c2)OCO3)c[nH]1
decoy_4630,0.268036,0.348962,0.55264,0.65966,0.343525,0.422997,O=C(CSC1N=c2ccccc2=N1)NCC(=O)Nc1ccccc1
decoy_4631,0.272375,0.339883,0.582583,0.68468,0.344675,0.393511,O=C(CSc1ncnc2c1ncn2[C@@H]1CCCO1)c1ccccc1
decoy_4632,0.277804,0.412452,0.552505,0.750879,0.337985,0.460545,O=C(CSc1n[nH]c(COc2ccccc2)n1)Nc1ccccc1
decoy_4633,0.409407,0.41233,0.769628,0.78993,0.531379,0.536842,O=C(NCCc1cnn(-c2ccccc2)c1)C(=O)Nc1cccs1
decoy_4634,0.220147,0.329959,0.452845,0.61989,0.263115,0.370905,O=S(=O)(c1ccccc1)N(Cc1ccccc1)Cc1ncncn1
decoy_4635,0.239009,0.343854,0.472912,0.628613,0.291694,0.399585,O=c1[nH]c(CS[C@H]2N[NH2+]NN2c2ccccc2)nc2ccccc12
decoy_4636,0.365059,0.482568,0.728433,0.811496,0.432785,0.546031,O=c1[nH]c(CS[C@@H]2NN[C@@H](c3ccncc3)N2)nc2ccccc12
decoy_4637,0.30155,0.367149,0.623499,0.690749,0.407361,0.461526,O=C(CCCCNc1cccc[nH+]1)NNC(=O)CCc1ccccc1
decoy_4638,0.198502,0.32589,0.459966,0.641212,0.264253,0.393366,O=C(C[N@H+]1CC[C@H](c2c[nH]c3ccccc32)CC1)NC(=O)NC1CC1
decoy_4639,0.302751,0.421025,0.633023,0.749392,0.400922,0.506355,O=C(NC[C@@H]1OCC[C@H]1[NH2+]CCc1ccccn1)Nc1ccccc1
decoy_464,0.465333,0.396199,0.702016,0.677307,0.48913,0.460865,O=C1CC=NC(=O)N1c1ccccc1
decoy_4640,0.269378,0.386176,0.61444,0.817023,0.357714,0.458865,O=C(NCCc1ccccc1)NCc1cccnc1N1CCOCC1
decoy_4641,0.344252,0.480453,0.689973,0.835851,0.457374,0.5786,O=C(NCCCCCNC(=O)Nc1ccccc1)Nc1ccccc1
decoy_4642,0.298989,0.379627,0.534944,0.634433,0.347654,0.420611,O=C(Nc1cccs1)[C@H]1CCCN(S(=O)(=O)c2cn[nH]c2)C1
decoy_4643,0.213816,0.320371,0.508927,0.709374,0.29159,0.402559,c1ccc(N2CCN(c3cc(NC[C@H]4CCCO4)ncn3)CC2)nc1
decoy_4644,0.221391,0.31859,0.506891,0.628825,0.294336,0.381563,O=C(C[NH+]1CCN(c2ccccn2)CC1)NCCNc1ccccn1
decoy_4645,0.25067,0.346005,0.567484,0.695092,0.33823,0.427719,O=C(NCCC1=CNNC1)C1CCN(C2N=c3ccccc3=N2)CC1
decoy_4646,0.287928,0.408924,0.618577,0.728105,0.375745,0.490833,O=C(NNc1cc(NCC[NH+]2CCCCC2)ncn1)c1ccccc1
decoy_4647,0.20643,0.301159,0.522995,0.897235,0.30656,0.391437,c1ccc(OCc2nc(-c3cccn3C[C@H]3CCCO3)cs2)cc1
decoy_4648,0.273123,0.400673,0.587798,0.735337,0.380848,0.489959,O=C(CSCC(=O)Nc1ccon1)NCCC[NH+]1CCCCC1
decoy_4649,0.219088,0.292134,0.471692,0.572002,0.280864,0.345952,O=C1NC(=S)N(C2CC2)C[C@H]1[C@H]1NCCC2=c3ccccc3=N[C@@H]21
decoy_465,0.569761,0.498988,0.831676,0.821806,0.605551,0.536925,O=C1NC(=O)/C(=C/c2ccccc2)N1
decoy_4650,0.226479,0.347593,0.478734,0.641457,0.285312,0.392405,O=C1NC[C@@H](c2ccccc2)C[C@@H]2[NH+]=C(CCc3cscn3)N[C@H]12
decoy_4651,0.224564,0.338622,0.485902,0.658344,0.285278,0.396447,[O-]/C(=N\C(=S)Nc1ccc(N2CC[NH2+]CC2)cc1)c1ccccc1
decoy_4652,0.340367,0.36671,0.72798,0.781278,0.420063,0.446172,c1ccc(C[NH2+]Cc2cccc(OCCCN3CCOCC3)c2)cc1
decoy_4653,0.287286,0.399121,0.606622,0.755536,0.401355,0.493976,O=C(CN1CCC([NH+]2CCCCC2)CC1)Nc1c[nH]c2ccccc12
decoy_4654,0.296304,0.416129,0.609849,0.767009,0.397877,0.500289,O=C(CN1CCC([NH+]2CCCCC2)CC1)NC1=c2ccccc2=NC1
decoy_4655,0.359739,0.448779,0.716947,0.782836,0.453841,0.530267,O=C(CNC(=O)c1cccs1)NNC(=S)NC1CCCCC1
decoy_4656,0.294849,0.350961,0.674395,0.720643,0.385534,0.428088,c1csc([C@H](C[NH2+]Cc2c[nH]c3ccccc23)N2CC[NH2+]CC2)c1
decoy_4657,0.360215,0.465121,0.71606,0.804699,0.45848,0.536361,S=C(NC1CC[NH2+]CC1)N(Cc1ccccc1)Cc1cccnc1
decoy_4658,0.315464,0.440115,0.652648,0.779701,0.402312,0.516146,S=C(NC[C@@H](c1ccccc1)N1CC[NH2+]CC1)Nc1ccccc1
decoy_4659,0.321635,0.362678,0.648667,0.69211,0.404651,0.4431,O=C1[C@H]2CN[C@@]3(C(=O)Nc4ccccc43)[C@H]2C(=O)N1C[C@H]1CCCO1
decoy_466,0.464391,0.572493,0.76588,0.905792,0.537866,0.61277,O=C(/C=C/c1cn[nH]c1)c1ccco1
decoy_4660,0.377699,0.464262,0.704292,0.822846,0.460959,0.537403,O=C1O[C@@H](COc2ccon2)CN1c1ccc(C2=CC[NH2+]CC2)cc1
decoy_4661,0.327171,0.464172,0.640131,0.790534,0.442234,0.571268,O=C(CCC(=O)Nc1ccccc1)NNC(=O)COc1ccccc1
decoy_4662,0.264567,0.35378,0.563708,0.684605,0.334293,0.455113,O=C(CNCc1ccccc1)NC(=O)Nc1ccc2c(c1)OCCO2
decoy_4663,0.255995,0.303797,0.515565,0.579692,0.311594,0.361318,O=C1C[C@@H](c2ccccc2)Nc2c1[nH]c(=O)c1cc3ccccc3nc21
decoy_4664,0.294424,0.308364,0.647648,0.678335,0.438986,0.44752,O=C1N=C/C(=C/c2ccn(-c3ccccc3)c2)C(=O)N1c1ccccc1
decoy_4665,0.224631,0.366061,0.457568,0.698137,0.297734,0.442486,O=C(Nc1ccccc1)c1cc2ccncc2o/c1=[NH+]\c1ccccc1
decoy_4666,0.220883,0.373135,0.450625,0.703167,0.305857,0.464181,O=C(Nc1ccccn1)c1cc2ccccc2o/c1=[NH+]\c1ccccc1
decoy_4667,0.313517,0.404802,0.620983,0.735359,0.40706,0.4961,O=C1CSc2ccc(NC(=O)C(=O)NCc3ccccc3)cc2N1
decoy_4668,0.349385,0.399864,0.649463,0.693564,0.402065,0.444253,O=S(=O)(Nc1cccc(-c2nnnn2C2CC2)c1)c1ccccc1
decoy_4669,0.396663,0.525736,0.711329,0.805444,0.460731,0.565686,O=S(=O)(NNc1cc(Nc2ccccc2)ncn1)c1ccccc1
decoy_467,0.320669,0.499477,0.462789,0.752183,0.345101,0.482846,O=C(Nc1ccccc1)c1cocn1
decoy_4670,0.328037,0.35086,0.694711,0.742972,0.43292,0.438981,O=C(NCCCN1CCCC1=O)c1coc(CCc2ccccc2)n1
decoy_4671,0.288498,0.366173,0.646907,0.756158,0.399875,0.478098,O=C1NC(=O)N(CCc2ccccc2)C(=O)/C1=C\NC1CCCCC1
decoy_4672,0.303697,0.394471,0.620031,0.748727,0.378953,0.469832,O=C(C[NH+]1CCCCC1)Nc1ccccc1C(=O)NCc1ccco1
decoy_4673,0.342877,0.422947,0.658614,0.794312,0.437121,0.509925,O=C(NCCCOc1ccccc1)NCCNC(=O)c1ccccc1
decoy_4674,0.288484,0.39761,0.582814,0.74807,0.384515,0.47627,O=C(NC[C@@H](c1ccco1)[NH+]1CCCCC1)C(=O)Nc1ccccc1
decoy_4675,0.378027,0.427896,0.72281,0.817374,0.506011,0.556067,OC1=C2C(=CCC1)Nc1[nH]nc(-c3ccccc3)c1[C@H]2c1ccccc1
decoy_4676,0.389588,0.481001,0.739619,0.859824,0.528653,0.613988,OC1=C2C(=C[C@H](c3ccccc3)C1)Nc1[nH]ncc1[C@H]2c1ccccc1
decoy_4677,0.323531,0.36754,0.667085,0.709406,0.396477,0.435895,O=C(C[C@H]1C(=O)NCCN1Cc1ccccc1)NCCn1cc[nH+]c1
decoy_4678,0.284103,0.399046,0.609448,0.708824,0.417856,0.519488,O=C(CCCCNc1cccc[nH+]1)NNC(=O)NCc1ccccc1
decoy_4679,0.307095,0.41929,0.662029,0.753426,0.413172,0.521969,O=C(NCc1cc(C2CC2)[nH]n1)C1(Oc2cccnc2)CC[NH2+]CC1
decoy_468,0.310814,0.495304,0.426056,0.66921,0.33031,0.46017,O=C(Nc1ccccc1)c1nc[nH]n1
decoy_4680,0.275667,0.34566,0.594157,0.650673,0.357881,0.435509,O=C(NCC[NH+]1CCCCC1)Nc1cccc(-c2ccc(=O)[nH]n2)c1
decoy_4681,0.273279,0.362329,0.594449,0.690598,0.366217,0.438739,O=C(NC[C@@H](c1ccc[nH]1)N1CC[NH2+]CC1)C(=O)Nc1ccccc1
decoy_4682,0.292831,0.353465,0.653793,0.755964,0.397209,0.464912,c1ccc(CCN2C[C@@H](C3N=c4ccccc4=N3)c3nccnc32)cc1
decoy_4683,0.269375,0.372386,0.537909,0.701086,0.340089,0.434545,O=C(NC[C@H]1CCCO1)C1CCN(S(=O)(=O)c2cc[nH]c2)CC1
decoy_4684,0.316387,0.437464,0.6119,0.759443,0.423078,0.529592,O=C(Nc1cc2c(s1)C[NH2+]CC2)[C@H]1CC(=O)N(c2ccccc2)C1
decoy_4685,0.307237,0.37937,0.62507,0.744388,0.401316,0.453021,O=C(CCC(=O)Nc1cccs1)NCCC1=c2ccccc2=NC1
decoy_4686,0.203789,0.28717,0.440672,0.586904,0.262578,0.33308,[O-]/C(=N\C(=S)Nc1ccccc1)c1ccccc1N1CCOCC1
decoy_4687,0.3391,0.41696,0.700402,0.739536,0.433281,0.488788,c1ccc([C@H]2[NH2+]CN(CCSc3c[nH]nn3)[C@@H]2c2ncc[nH]2)cc1
decoy_4688,0.334415,0.359399,0.732349,0.770146,0.428264,0.451792,c1ccc(-c2noc(N3CCCCC3)c2C[NH2+]C[C@H]2CCCO2)cc1
decoy_4689,0.265341,0.332969,0.596069,0.683508,0.348882,0.408256,O=C(CNCc1ccccc1)NC(=O)N[C@]12C[C@H]3C[C@@H](C[C@H](C3)C1)C2
decoy_469,0.366707,0.445863,0.584021,0.682592,0.437397,0.503579,c1ncnc(CCc2ncncn2)n1
decoy_4690,0.243692,0.357822,0.524673,0.688035,0.333824,0.44303,O=C(C[N@@H+]1C[C@@H]2C[C@H]3C[C@@H](C2)C[C@H]1C3)NCC(=O)Nc1ccccc1
decoy_4691,0.287976,0.427653,0.61665,0.812741,0.387624,0.519064,O=C(NCCCc1ccco1)N[C@H]1CC[N@H+](Cc2ccccc2)CC1
decoy_4692,0.259145,0.284297,0.658256,0.654394,0.37291,0.389906,c1cc(C[NH2+]Cc2cnccn2)cc(OCCCN2CC[NH2+]CC2)c1
decoy_4693,0.296009,0.400877,0.638963,0.769525,0.396326,0.489075,O=C(NCCC[NH+]1CCCCC1)NCc1ccccc1-n1cccn1
decoy_4694,0.271798,0.396233,0.597156,0.758264,0.374375,0.497029,O=C(NCCC[NH+]1CCCCC1)NCc1ccc(-n2ccnc2)cc1
decoy_4695,0.343697,0.427805,0.679722,0.790068,0.442814,0.536753,O=C(NCCC[NH+]1CCCCC1)NCc1cnn(-c2ccccc2)c1
decoy_4696,0.274581,0.375648,0.61082,0.750996,0.378654,0.462221,O=C(NCCn1ccnc1)NCc1ccccc1C[NH+]1CCCCC1
decoy_4697,0.26224,0.3906,0.596125,0.772362,0.367051,0.496531,O=C(NCCn1ccnc1)NC[C@@H](c1ccccc1)[NH+]1CCCCC1
decoy_4698,0.216158,0.344043,0.498985,0.716236,0.3002,0.438597,Nc1nc2c(s1)C[C@@H]1CCCC[C@@H]1[C@@H]2CC(=O)Nc1ccccc1
decoy_4699,0.355278,0.358477,0.751861,0.769658,0.448565,0.448501,O=C(C[C@@H]1c2ncsc2C[C@@H]2CCCC[C@@H]21)NCc1cccnc1
decoy_47,0.332688,0.274137,0.593843,0.575423,0.404868,0.379957,c1ccc2ccccc2c1
decoy_470,0.536504,0.505116,0.761906,0.749616,0.553607,0.545181,C(=N/Nc1ncn[nH]1)\c1ccncc1
decoy_4700,0.284151,0.367561,0.635347,0.784934,0.417675,0.497048,O=C(CN1CC[C@H](Nc2ccccc2)C1)Nc1cc2c(s1)CCC2
decoy_4701,0.211094,0.340831,0.466127,0.718362,0.286666,0.409623,O=C(C[NH+]1CCN(c2ccccc2)CC1)Nc1cc2c(s1)CCC2
decoy_4702,0.263762,0.42478,0.571569,0.8076,0.346476,0.505341,O=C(NCc1ccccc1)Nc1ccccc1C[NH+]1CCSCC1
decoy_4703,0.298848,0.431898,0.617097,0.808277,0.40776,0.526318,S=C(Nc1ccccc1)N[C@@H]1C[C@H]2CC[C@@H](C1)[N@H+]2Cc1ccco1
decoy_4704,0.401868,0.451081,0.826084,0.802878,0.497889,0.54699,O=C(NCCCC[NH+]1CCCCC1)NNC(=S)NC1CCCC1
decoy_4705,0.279788,0.389718,0.558321,0.701148,0.332702,0.428877,O=C(CSc1ccccn1)NN1C(=O)N[C@H](c2ccccc2)C1=O
decoy_4706,0.326664,0.467884,0.614765,0.775837,0.414845,0.532201,O=C(CSc1nc2ccccc2[nH]1)c1cn(C2CC2)c(=O)[nH]c1=O
decoy_4707,0.282961,0.334278,0.576148,0.641988,0.366563,0.394206,O=C(c1cc(=O)c2ccccc2o1)N1CCN(c2nncs2)CC1
decoy_4708,0.36073,0.398022,0.658374,0.686124,0.407452,0.436406,O=S(=O)(NNc1cc(Oc2ccccc2)ncn1)c1ccccc1
decoy_4709,0.215745,0.269414,0.518598,0.609831,0.303575,0.385588,O=C(O[C@@H]1C=C[C@@H]2[C@@H](O[C@H]3CCCCO3)OC=C[C@H]21)c1ccccc1
decoy_471,0.453868,0.362567,0.787547,0.739845,0.512391,0.43772,c1ccc(Sc2ncccn2)cc1
decoy_4710,0.312983,0.347383,0.649256,0.700785,0.404314,0.429825,O=C(COc1cccc2ccc(=O)oc12)N1CCC2(CC[NH2+]CC2)C1
decoy_4711,0.415495,0.39823,0.837393,0.883911,0.537332,0.514904,O=C(NCCCOc1ccc2c(c1)OCO2)NCCc1ccccc1
decoy_4712,0.207961,0.303497,0.464836,0.65289,0.26627,0.386963,O=C(NN1C(=O)Cc2ccccc2[C@@H]1c1ccccc1)c1ccccc1
decoy_4713,0.320916,0.333523,0.625324,0.644689,0.401711,0.414561,O=C1[C@H]2[C@H](C[NH2+][C@H]2c2cccc3ccccc23)C(=O)N1c1ccccc1
decoy_4714,0.284752,0.336295,0.591763,0.632,0.366583,0.408901,O=C1NC(=O)N(c2ccccc2)C(=O)/C1=C\NCC[NH+]1CCCCC1
decoy_4715,0.357847,0.409535,0.7178,0.742533,0.460754,0.499121,O=C(CN1CCCCC[C@H]1c1ccccc1)Nc1c[nH]c(=O)[nH]c1=O
decoy_4716,0.334284,0.388673,0.667932,0.691661,0.4339,0.485156,O=C(CN1CC[NH2+]CC1)Nc1ccccc1C(=O)NCc1ccco1
decoy_4717,0.259705,0.380195,0.550112,0.678817,0.338086,0.447556,O=C(CN1CCC[N@H+](Cc2ccccc2)CC1)c1c[nH]c(=O)[nH]c1=O
decoy_4718,0.348605,0.452343,0.706396,0.791248,0.477529,0.568173,O=C(CNC1(c2ccccc2)CCCCC1)Nc1c[nH]c(=O)[nH]c1=O
decoy_4719,0.340491,0.417371,0.68119,0.739229,0.438534,0.497495,O=C(CNCc1ccccc1)N(c1c[nH]c(=O)[nH]c1=O)C1CCCC1
decoy_472,0.282784,0.319619,0.531438,0.584307,0.33079,0.355964,c1ccc2c(c1)CCC1(CCCC1)O2
decoy_4720,0.340992,0.41258,0.706091,0.741297,0.452778,0.510891,O=C(COc1ccccc1)NNC(=O)NCC[NH2+]Cc1ccccc1
decoy_4721,0.272368,0.385573,0.568338,0.704275,0.376016,0.493729,O=C(NCc1cnoc1)C(=O)Nc1ccc(CC[NH+]2CCCC2)cc1
decoy_4722,0.28076,0.365466,0.594319,0.687931,0.355227,0.432082,O=C(NC[C@@H](c1ccco1)[NH+]1CCCC1)NNC(=O)c1ccccc1
decoy_4723,0.28127,0.378812,0.615492,0.750398,0.371596,0.459607,O=C(NC[C@@H](c1ccc[nH]1)N1CCOCC1)C(=O)Nc1ccccc1
decoy_4724,0.280303,0.403998,0.612573,0.773694,0.372256,0.4871,O=C(NCCNC(=O)[C@@H]1C=c2ccccc2=N1)C(=O)N1CCCCC1
decoy_4725,0.303189,0.346265,0.598903,0.650385,0.373269,0.40977,O=c1ncn(-c2ccccc2)cc1[C@H]1NCCc2c1[nH]c1ccccc21
decoy_4726,0.254424,0.326735,0.526638,0.623315,0.303631,0.374429,O=c1c([C@H]2[NH2+]CCc3c2[nH]c2ccccc32)cncn1-c1ccccc1
decoy_4727,0.296941,0.331052,0.608613,0.674103,0.379982,0.41013,O=C(CCC1=c2ccccc2=NC1)N/N=C/c1cnc2ccccc2c1
decoy_4728,0.268331,0.34935,0.611539,0.764085,0.36865,0.43645,c1ccc2nc(N3CCN(c4ncc5ccccc5n4)CC3)ncc2c1
decoy_4729,0.224489,0.339429,0.454699,0.837352,0.271903,0.390327,c1coc(-c2cc3c4c(c(N5CCOCC5)[nH+]c3s2)COCC4)c1
decoy_473,0.264762,0.310844,0.413437,0.493347,0.296412,0.350601,O=S1(=O)CCC[C@H]2CCCC[C@@H]21
decoy_4730,0.315615,0.397974,0.65999,0.700063,0.381519,0.456802,O=C(CSC1=[NH+]N[C@@H]([C@H]2N=NC3=C2CCC3)N1)Nc1ccccc1
decoy_4731,0.335934,0.370971,0.715449,0.731849,0.407856,0.452453,O=C(NC1CCCCCC1)[C@H]1N[C@@H](CC2=c3ccccc3=NC2)NO1
decoy_4732,0.265136,0.390629,0.506443,0.666105,0.322298,0.427858,O=C(CN[C@H]1CCS(=O)(=O)C1)NNC(=S)Nc1ccccc1
decoy_4733,0.254482,0.33445,0.556658,0.682715,0.320958,0.402396,c1ccc(-n2ncc3c2CCC[C@@H]3[NH2+]Cc2c[nH]c3ccccc23)cc1
decoy_4734,0.30824,0.397508,0.592846,0.738088,0.379921,0.456668,O=C(CSC1N=c2ccccc2=N1)N[C@H]1Nc2ccccc2S1
decoy_4735,0.265058,0.380255,0.558634,0.739375,0.394278,0.486284,O=C(NCCc1ccccc1)[C@H]1C[S@](=O)C[C@@H](c2ccccc2)N1
decoy_4736,0.300139,0.350772,0.734554,0.814186,0.420823,0.467846,c1ccc(OCCC[NH2+]CCC[NH2+]CCCOc2ccccc2)cc1
decoy_4737,0.281012,0.282089,0.674891,0.64119,0.377926,0.376287,c1cc(CNCc2[nH]cc[nH+]2)cc(OCCC[NH2+]C2CCCCC2)c1
decoy_4737_2,0.277175,0.305305,0.618981,0.636446,0.40415,0.436311,c1cc(CNCc2ncc[nH]2)cc(OCCC[NH2+]C2CCCCC2)c1
decoy_4738,0.239635,0.268034,0.6035,0.630822,0.334693,0.372141,c1cc(CNCc2[nH]cc[nH+]2)cc(OCCC[NH+]2CCCCCC2)c1
decoy_4739,0.296784,0.335298,0.719781,0.776793,0.4368,0.468167,C1=C(CC[NH2+]Cc2ccccc2OCCC[NH+]2CCCCC2)CN=N1
decoy_474,0.483223,0.536438,0.855476,0.957739,0.525896,0.556257,O=c1ccc2cc3c(cc2[nH]1)OCO3
decoy_4740,0.295711,0.323347,0.722026,0.760764,0.443624,0.460007,C1=C(CC[NH2+]Cc2cccc(OCCC[NH+]3CCCCC3)c2)CN=N1
decoy_4741,0.327088,0.327405,0.690345,0.712126,0.423766,0.417455,c1cc(C[NH2+]CCn2cccn2)cc(OCCCN2CCCCC2)c1
decoy_4742,0.289198,0.304591,0.70198,0.720421,0.421675,0.431769,C1=C(CC[NH2+]Cc2ccc(OCCC[NH+]3CCCCC3)cc2)CN=N1
decoy_4743,0.275089,0.302404,0.669634,0.71356,0.403986,0.430107,c1c[nH]c(CC[NH2+]Cc2ccc(OCCC[NH+]3CCCCC3)cc2)n1
decoy_4744,0.279337,0.301241,0.676637,0.720542,0.390558,0.41913,c1cnn(CC[NH2+]Cc2ccc(OCCC[NH+]3CCCCC3)cc2)c1
decoy_4744_2,0.28734,0.304224,0.616821,0.663158,0.426216,0.441672,c1cnn(CC[NH2+]Cc2ccc(OCCCN3CCCCC3)cc2)c1
decoy_4745,0.274473,0.345604,0.603989,0.708197,0.370333,0.420832,O=C(C[NH+]1CCN(c2ccccn2)CC1)N[C@H]1C[C@@H]2CCC[C@@H](C2)C1
decoy_4746,0.335089,0.348328,0.647175,0.674439,0.409179,0.416636,c1ccc(CSc2nc(N3CC[NH2+]CC3)c3ccsc3n2)cc1
decoy_4747,0.257523,0.284785,0.589368,0.649278,0.352668,0.388593,O=c1c2oc3ccccc3c2ncn1Cc1coc(-c2ccccc2)n1
decoy_4748,0.240975,0.287539,0.544877,0.612521,0.2961,0.356229,O=C(C1=CC(=O)N(Cc2ccco2)[C@@H]1c1ccccc1)c1ccccc1
decoy_4749,0.209949,0.301933,0.474232,0.642714,0.275123,0.358643,O=C1N=CN(CCc2ccccc2)C(=O)/C1=C\[C@H]1C=c2ccccc2=N1
decoy_475,0.319655,0.486877,0.491999,0.765631,0.355284,0.487551,O=C(Nc1ccccc1)c1cnon1
decoy_4750,0.294963,0.369485,0.613095,0.659251,0.372061,0.440258,[H]/N=C(\N=C(\Nc1ccccc1)Nc1ncccn1)/[NH+]=C/c1ccccc1
decoy_4751,0.350813,0.428262,0.667885,0.780868,0.419815,0.480173,O=S(=O)(Oc1ccccc1C[NH2+]Cc1ccco1)c1ccccc1
decoy_4752,0.300092,0.350274,0.634281,0.706008,0.377335,0.421614,O=C1CCN(C(=O)CS/C=N/Cc2ccco2)c2ccccc2N1
decoy_4753,0.247579,0.412166,0.479958,0.713107,0.297375,0.456971,O=C(CNC1=NS(=O)(=O)c2ccccc21)NCCc1ccccc1
decoy_4754,0.284892,0.41333,0.564786,0.71148,0.358528,0.461213,O=C(NCCS(=O)(=O)c1c[nH]c2ccccc12)Nc1ccccc1
decoy_4755,0.340038,0.418342,0.656579,0.720724,0.417948,0.488824,O=C(NCCCn1cc[nH+]c1)NNC(=O)c1cc2ccccc2s1
decoy_4756,0.305911,0.375669,0.664925,0.751275,0.383547,0.447541,O=C1CC[C@@H](C(=O)N[C@H](C(=O)NC2CCCCC2)c2ccccc2)N1
decoy_4757,0.332538,0.390979,0.68066,0.77817,0.434513,0.489461,O=C(CNC[C@H](c1ccccc1)c1c[nH]c2ccccc12)c1ccc[nH]1
decoy_4758,0.188201,0.286866,0.390019,0.532668,0.24612,0.350198,C=C(/C=N/[N-]c1nc2ccccc2s1)S(=O)(=O)c1ccccc1
decoy_4759,0.327373,0.380759,0.587334,0.64441,0.388318,0.434595,O=c1ccc(/C=C2/SC(=S)N=C2[O-])c(NCc2ccccc2)[nH]1
decoy_476,0.45,0.386114,0.759225,0.732237,0.517624,0.451793,O=C1CC[C@@H](c2ccccc2)C(=O)N1
decoy_4760,0.302505,0.337456,0.614714,0.662579,0.392537,0.42721,O=C(CSc1nncs1)Nc1ccccc1Oc1ccccc1
decoy_4761,0.351237,0.445197,0.757242,0.811584,0.432119,0.523948,O=C(NCC1CCCCC1)c1ccc(C[NH2+]Cc2cn[nH]c2)[nH]c1=O
decoy_4762,0.318911,0.356998,0.689693,0.75559,0.430683,0.446352,C1=C(c2ccccc2)CCN(Cc2ncnc(Nc3ccccc3)n2)C1
decoy_4763,0.350926,0.393427,0.677086,0.714498,0.436728,0.469672,C1=C([C@@H]2NCCc3[nH+]c[nH]c32)[C@@H](c2ccccc2)NN1c1ccccc1
decoy_4764,0.289344,0.364758,0.605776,0.711191,0.374534,0.444439,c1ccc(-c2nn(-c3ccccc3)cc2C[NH2+]CCc2cn[nH]c2)cc1
decoy_4765,0.392043,0.425455,0.721926,0.699516,0.444866,0.471634,[NH2+]=C(Nc1ccccc1)Nc1nccc(CSc2nncs2)n1
decoy_4766,0.317915,0.365241,0.623025,0.662138,0.405149,0.443969,O=C(C[NH2+]CCC(=O)Nc1cc2c(s1)CCC2)Nc1ccccc1
decoy_4767,0.291405,0.337944,0.580392,0.621882,0.371543,0.403165,O=C(C[NH+]1CCCCC1)Nc1ccc(C(=O)Nc2ccccc2)s1
decoy_4768,0.273924,0.421658,0.557921,0.755547,0.358597,0.516784,O=C(C[NH+]1CCCCC1)Nc1ccc(NC(=O)c2cccs2)cc1
decoy_4769,0.295641,0.437043,0.59425,0.778582,0.376276,0.517884,O=C(C[N@H+]1CC[C@H](C(=O)Nc2ccccc2)CC1)Nc1cccs1
decoy_477,0.410727,0.365064,0.70489,0.673406,0.479036,0.449735,C1=Nc2cncnc2[C@H]1[C@@H]1CCCO1
decoy_4770,0.229817,0.319796,0.519136,0.67437,0.291329,0.376818,O=C(CN(Cc1ccccc1)C(=O)c1ccns1)NC1CCCC1
decoy_4771,0.344241,0.416324,0.676052,0.758687,0.440095,0.502625,O=C(CNCC(=O)Nc1cc2c(s1)CCCC2)Nc1ccccc1
decoy_4772,0.283751,0.346609,0.606083,0.711325,0.360228,0.412016,O=C(CN(C(=O)c1ccns1)c1ccccc1)NC1CCCCC1
decoy_4773,0.26434,0.334844,0.584358,0.698653,0.332555,0.400079,O=C(N[C@@H](C(=O)NC1CCCCC1)c1ccccc1)c1ccns1
decoy_4774,0.303822,0.41543,0.594499,0.759731,0.398112,0.491424,O=C(NCc1ccccc1C[NH+]1CCCC1)C(=O)Nc1cccs1
decoy_4775,0.265708,0.342905,0.534931,0.649326,0.341596,0.409553,O=C(C[NH+]1CCN(c2ncccn2)CC1)Nc1cc2c(s1)CCC2
decoy_4776,0.199685,0.298669,0.514292,0.774036,0.286717,0.407702,O=C(C[C@H]1CCC[C@H]2[C@@H]1CC[C@H]1OCOC[C@@H]21)NCc1ccccc1
decoy_4777,0.310394,0.371339,0.667312,0.768119,0.41338,0.461571,O=C(C[C@H]1C(=O)NCCN1Cc1ccccc1)NCC1CCCCC1
decoy_4778,0.262306,0.400561,0.58364,0.773879,0.347831,0.485728,O=C(C[N@H+]1CC[C@H](C(=O)Nc2ccccc2)CC1)NC1CCCCC1
decoy_4779,0.266806,0.396025,0.590575,0.765709,0.328214,0.448566,O=C(C[N@H+]1CC[C@@H](C(=O)NC2CCCCC2)CC1)Nc1ccccc1
decoy_478,0.390142,0.42234,0.736929,0.765123,0.457143,0.478741,c1ncc2ccn([C@@H]3CCCO3)c2n1
decoy_4780,0.278313,0.395274,0.59638,0.757706,0.362011,0.46673,O=C(NC1CCCCC1)c1ccc(C[N@H+]2C[C@H]3CCC[C@@H]2C3)[nH]c1=O
decoy_4781,0.270379,0.325935,0.616391,0.679214,0.352423,0.413527,c1ccc(OCCCN2CCCCCC2)c(C[NH2+]Cc2nc[nH]n2)c1
decoy_4782,0.272529,0.309569,0.693894,0.707584,0.393011,0.428691,C1=C(CC[NH2+]Cc2cccc(OCCCN3CC[NH2+]CC3)c2)CN=N1
decoy_4783,0.266449,0.288263,0.684046,0.670788,0.365344,0.384861,c1n[nH]cc1CC[NH2+]Cc1ccc(OCCCN2CC[NH2+]CC2)cc1
decoy_4784,0.271282,0.286021,0.670575,0.664592,0.376864,0.384464,c1cnn(CC[NH2+]Cc2ccc(OCCCN3CC[NH2+]CC3)cc2)c1
decoy_4785,0.309901,0.382592,0.681797,0.730795,0.427894,0.479008,O=C(NC1CCN(c2ccccn2)CC1)[C@H]1CNCC12CC[NH2+]CC2
decoy_4786,0.326569,0.395134,0.639003,0.719493,0.382399,0.445256,[O-]C(/C=C/c1ccccc1)=N\C(=S)Nc1cc2c(s1)C[NH2+]CC2
decoy_4787,0.351463,0.42223,0.735871,0.874496,0.436666,0.494295,O=C([C@H]1CCC[C@H]2[NH+]=C(Nc3ccccc3)S[C@H]12)N1CCCCC1
decoy_4788,0.339207,0.473204,0.680522,0.881483,0.442904,0.565911,O=C(NC1CCCC1)[C@H]1CCC[C@H]2[NH+]=C(Nc3ccccc3)S[C@H]12
decoy_4789,0.319668,0.397481,0.666737,0.804427,0.38787,0.466078,O=C(NC1CCCC1)[C@H]1CCC[C@@H]2NC(=S)N(c3ccccc3)[C@@H]21
decoy_479,0.312221,0.415942,0.493118,0.69751,0.324239,0.434707,c1cnc2c(c1)ncn2[C@@H]1CCCO1
decoy_4790,0.345557,0.400268,0.696685,0.749539,0.46048,0.49217,S=C(NC1CC[NH2+]CC1)N(Cc1ccccc1)C[C@@H]1CC=CCC1
decoy_4791,0.388037,0.417415,0.73085,0.801936,0.499462,0.509436,C=C1CCO[C@]2(CCCOC(=O)c3ccccc3)NC(=O)[C@H]1NC2=O
decoy_4792,0.215513,0.357546,0.453041,0.736661,0.297238,0.423085,O=C(NCc1ccco1)c1cc2ccccc2o/c1=[NH+]\c1ccccc1
decoy_4793,0.321382,0.339298,0.631348,0.665471,0.387469,0.391512,O=C(Oc1ccc(C(c2cn[nH]c2)c2cn[nH]c2)cc1)c1ccccc1
decoy_4794,0.343481,0.458788,0.659499,0.749496,0.410008,0.515768,O=C(Cc1cc(Nc2ncnc3ccccc23)n[nH]1)Nc1ccccc1
decoy_4795,0.347345,0.373326,0.68536,0.738429,0.466073,0.4739,O=C1NC(COC(=O)COc2ccccc2)=C[C@@H](c2cccs2)N1
decoy_4796,0.300905,0.386819,0.597343,0.73682,0.391809,0.489258,O=C(/C=C/c1ccccc1)NCC(=O)OCC(=O)Nc1cccs1
decoy_4797,0.314672,0.360455,0.607555,0.635855,0.373859,0.416359,O=C(Cc1csc(NC(=O)[C@@H]2CCC(=O)N2)n1)Nc1ccccc1
decoy_4798,0.333059,0.38173,0.662365,0.694833,0.411984,0.454908,O=C(CN[C@H](c1ccccc1)c1cccs1)NN1C(=O)CNC1=O
decoy_4799,0.300204,0.395531,0.594206,0.687476,0.362307,0.458699,O=C(CNCc1cccs1)NN1C(=O)N[C@H](c2ccccc2)C1=O
decoy_48,0.253013,0.327612,0.47869,0.624421,0.28669,0.417931,O=c1nc([O-])[nH]c(=O)[nH]1
decoy_480,0.392332,0.426191,0.70425,0.7325,0.422245,0.468495,c1cc2c(cn1)ncn2[C@@H]1CCCO1
decoy_4800,0.298575,0.363388,0.576688,0.65181,0.374838,0.428735,O=S(=O)(C[C@H]1CC[C@@H](n2cnc3cncnc32)O1)c1ccccc1
decoy_4801,0.360238,0.36249,0.684991,0.671492,0.430006,0.429913,O=C1[C@@H]([C@H]2[NH2+]CCc3c2[nH]c2ccccc32)C=NCN1c1ccccc1
decoy_4802,0.27996,0.344688,0.610241,0.713968,0.356815,0.419268,O=C1[C@@H]([C@H]2NCCC3=c4ccccc4=N[C@@H]32)C=NCN1c1ccccc1
decoy_4803,0.32331,0.400018,0.587315,0.654172,0.352798,0.435635,O=c1[nH]c(=S)[nH]cc1C(c1ccccc1)c1c[nH]c(=S)[nH]c1=O
decoy_4804,0.295234,0.358201,0.66574,0.70683,0.392975,0.454534,C1=C([C@H]2NCCc3[nH]c[nH+]c32)[C@@H](c2cc[nH+]cc2)NN1c1ccccc1
decoy_4805,0.296945,0.441332,0.59797,0.828313,0.382285,0.518018,O=C(NCc1ccccc1)c1cccc(S(=O)(=O)N2CCCC2)c1
decoy_4806,0.308185,0.336583,0.605033,0.629791,0.420333,0.416424,O=C1CN(c2ccc(NC(=O)NCCc3cccs3)cc2)CCN1
decoy_4807,0.325114,0.411175,0.654758,0.777521,0.39794,0.476835,O=C(CN1CCN(C(=O)Nc2cccs2)CC1)Nc1ccccc1
decoy_4808,0.401177,0.472295,0.733886,0.790009,0.497582,0.563496,O=C(NCC[N@H+]1CCc2ccccc2C1)NNC(=O)c1cccs1
decoy_4809,0.316656,0.325272,0.635304,0.670784,0.400254,0.411948,c1ccc(OCCCN2CCOCC2)c(C[NH2+]CCc2c[nH]cn2)c1
decoy_481,0.542747,0.471268,0.792174,0.67645,0.531662,0.474957,NC1=NC(N)=[N+](c2ccccc2)CN1
decoy_4810,0.314197,0.350676,0.658293,0.710275,0.427164,0.457982,c1n[nH]cc1CC[NH2+]Cc1ccc(OCCCN2CCOCC2)cc1
decoy_4811,0.251136,0.314174,0.568106,0.639621,0.350353,0.389167,NC1=C2CC[C@@](C(=O)NCCCNC(=O)[C@]34CCC(=C(N)C3)C4)(C1)C2
decoy_4812,0.256636,0.332153,0.56891,0.654641,0.356333,0.427599,O=C1CCCc2cc(NC(=O)NCCC[NH+]3CCCCC3)ccc2N1
decoy_4813,0.262021,0.342633,0.604112,0.689342,0.379187,0.45881,O=C(NCCC[NH+]1CCCCC1)Nc1cccc(C(=O)NC2CC2)c1
decoy_4814,0.249497,0.327383,0.566961,0.654575,0.356209,0.424334,O=C(NCCC[NH+]1CCCCC1)Nc1cccc(NC(=O)C2CC2)c1
decoy_4815,0.267688,0.289815,0.598783,0.610924,0.353432,0.375096,O=C(NCCC[NH+]1CCCCC1)Nc1ccc(NC(=O)C2CC2)cc1
decoy_4816,0.256605,0.385842,0.578593,0.734391,0.356655,0.476981,O=C(NNC(=O)c1ccccc1)N[C@H]1CC[N@H+](C2CCCCC2)CC1
decoy_4817,0.392802,0.383919,0.695731,0.679506,0.483195,0.456438,O=S(=O)(c1ccc(C[NH2+]Cc2ccccn2)cc1)c1ccsc1
decoy_4818,0.213334,0.279507,0.48995,0.596712,0.306966,0.38157,C(\Nc1ccc(CCNCCc2cccnc2)cc1)=[NH+]/c1ccccc1
decoy_4819,0.275116,0.37386,0.568163,0.68861,0.360095,0.457569,O=C(CS[C@H]1NN[C@@H](c2cccs2)N1)C1=c2ccccc2=NC1
decoy_482,0.45492,0.373686,0.69331,0.674962,0.500099,0.447958,c1ccc(Sc2ncccn2)nc1
decoy_4820,0.351309,0.388137,0.632931,0.657103,0.422458,0.451062,c1ncnc(CSc2nc(C[NH+]3CCCC3)nc3sccc23)n1
decoy_4821,0.289626,0.369402,0.629696,0.740988,0.381591,0.471139,S=C(N/N=C/c1cncc(N2C[C@H]3CCC[C@@H]2C3)n1)N1CCCC1
decoy_4822,0.35174,0.438832,0.709876,0.843692,0.455204,0.538999,O=C(NCCC[NH+]1CCCCC1)NC[C@H]1CCN(c2ccccc2)C1
decoy_4823,0.321102,0.358882,0.659312,0.736891,0.439678,0.453622,[H]/N=C1C(=C/c2ccc(OCc3ccccc3)cc2)/C(=O)N=C2C=CON2/1
decoy_4824,0.247904,0.324104,0.542592,0.677293,0.349554,0.432438,O=C(Cn1cc(-c2nc(-c3ccccc3)no2)cn1)Nc1ccccc1
decoy_4825,0.328632,0.385729,0.625453,0.650662,0.393194,0.452005,O=c1[nH]c2ccc(S(=O)(=O)NCCc3ccccc3)cc2[nH]c1=O
decoy_4826,0.321421,0.385089,0.617209,0.650241,0.384992,0.440079,O=c1[nH]c(=O)c2cc(S(=O)(=O)NCCc3ccccc3)ccc2[nH]1
decoy_4827,0.417601,0.416717,0.751941,0.735473,0.497061,0.485629,O=C(CN(Cc1ccco1)Cc1cccs1)c1c[nH]c(=O)[nH]c1=O
decoy_4828,0.306504,0.379731,0.612661,0.701783,0.396961,0.453637,O=C(COC(=O)CSc1ccccn1)NC(=O)Nc1ccccc1
decoy_4829,0.356114,0.415871,0.723766,0.847274,0.439591,0.489454,c1ccc(Oc2c(C[NH2+]Cc3ccco3)cnn2-c2ccccc2)cc1
decoy_483,0.305507,0.39411,0.478155,0.566477,0.328711,0.417039,C(=[NH+]/[C@H]1CCCOC1)\c1ccccc1
decoy_4830,0.304622,0.423997,0.622259,0.796572,0.384601,0.485212,c1ccc(Oc2[nH]nc(-c3ccccc3)c2C[NH2+]Cc2ccco2)cc1
decoy_4831,0.303808,0.410319,0.593381,0.699738,0.378678,0.483078,O=C(Nc1ccccn1)C1=CNC2=CCCC([O-])=C2[C@H]1c1ccccc1
decoy_4832,0.335116,0.355875,0.746846,0.815119,0.46323,0.476444,O=C1/C(=C\c2c[nH]c3nccc(N4CCCCC4)c23)Oc2ccccc21
decoy_4833,0.336838,0.409501,0.665093,0.724668,0.417916,0.484916,O=C1NC(=O)[C@H]2[C@@H]1[C@H](Cc1c[nH]c3ccccc13)[NH2+][C@@H]2c1ccccc1
decoy_4834,0.31716,0.429109,0.634314,0.746327,0.418264,0.525022,O=c1[nH]c2ccccc2cc1-c1nc2ccc(N3CC[NH2+]CC3)cc2[nH]1
decoy_4835,0.245145,0.354116,0.54081,0.677928,0.32175,0.429076,O=C(N/N=C/C1=c2ccccc2=NC1)[C@@H]1C=CN(Cc2ccccc2)N1
decoy_4836,0.41205,0.466872,0.748566,0.740234,0.459053,0.525346,O=c1[nH]c(C[NH2+]Cc2nc3sccc3c(=O)[nH]2)nc2sccc12
decoy_4837,0.287585,0.377622,0.57593,0.686122,0.347304,0.44496,c1cnc2c(Nc3cc(NCCCn4cc[nH+]c4)ncn3)cccc2c1
decoy_4838,0.239579,0.259752,0.498804,0.503545,0.31201,0.327008,c1cc(Nc2cc(NCCCn3cc[nH+]c3)ncn2)c2cccnc2c1
decoy_4839,0.243994,0.352366,0.502451,0.644466,0.307371,0.40811,c1cnc2c(Nc3ccnc(NCCCn4cc[nH+]c4)n3)cccc2c1
decoy_484,0.280766,0.329171,0.522632,0.587377,0.324112,0.357025,O=C1CCCCN1Cc1ccccc1
decoy_4840,0.254021,0.371605,0.592515,0.831004,0.333229,0.45502,O=C(COC(=O)COc1ccccc1)Nc1cc2c(s1)CCCC2
decoy_4841,0.28591,0.376206,0.601863,0.751778,0.358958,0.441365,O=C(CN(C(=O)c1ccns1)c1ccccc1)NC[C@H]1CCCO1
decoy_4842,0.276398,0.348572,0.590815,0.707575,0.349907,0.411388,O=C(N[C@@H](C(=O)NC[C@H]1CCCO1)c1ccccc1)c1ccns1
decoy_4843,0.394817,0.393955,0.71049,0.735441,0.474231,0.467699,O=C(CNC(=O)N1CCN(c2ccccc2)CC1)Nc1nccs1
decoy_4844,0.35363,0.378672,0.61879,0.642838,0.40021,0.423797,O=C(CSc1nc(=O)ccn1-c1ccccc1)Nc1nccs1
decoy_4845,0.341498,0.356875,0.675684,0.735389,0.439143,0.446846,O=C(C[C@]12C[C@H]3C[C@@H](C[C@H](C3)C1)C2)NNC(=O)NCCc1ccco1
decoy_4846,0.326,0.399238,0.661382,0.778965,0.416028,0.473308,O=c1ccnc(-c2ccccc2C[N@@H+]2CCC[C@H](c3ccccc3)C2)[nH]1
decoy_4847,0.342145,0.379844,0.686813,0.730578,0.428573,0.456665,O=C(C[NH2+]CCc1ccccc1)Nc1c2c(nc3ccccc13)CCC2
decoy_4848,0.327409,0.41477,0.616655,0.749232,0.411629,0.488992,O=C(CSc1nccc(=O)[nH]1)N[C@@H]1CC=C(c2ccccc2)S1
decoy_4849,0.269444,0.391948,0.571002,0.782304,0.345172,0.458348,O=C(CSCc1ccco1)NCc1cccc(-c2cscn2)n1
decoy_485,0.279204,0.336857,0.492163,0.55646,0.302013,0.360488,O=C(CC1CC1)NCc1ccccc1
decoy_4850,0.33585,0.312856,0.669913,0.638412,0.409786,0.384711,c1ccc(C(c2ccccc2)N2CC[NH+](Cc3ncncn3)CC2)cc1
decoy_4851,0.316823,0.365195,0.670232,0.706273,0.406919,0.449515,C1=C(CC[NH2+]CC2=CN(c3ccccc3)N[C@@H]2c2ccccc2)CN=N1
decoy_4852,0.311642,0.467815,0.620741,0.813052,0.408164,0.541979,O=C(NC[C@@H]1OCC[C@H]1[NH2+]CCc1ccccc1)Nc1ccsc1
decoy_4853,0.333284,0.406616,0.678557,0.814332,0.433144,0.501107,O=C(NCCC[NH+]1CCCCC1)NCCOc1ccc2c(c1)CCC2
decoy_4854,0.295377,0.354978,0.706913,0.803496,0.434014,0.482074,c1nc(COc2ccc(C[NH2+]CCC[NH+]3CCCCC3)cc2)cs1
decoy_4855,0.290852,0.353843,0.660694,0.751712,0.3877,0.441245,c1csc(C[NH2+]Cc2ccccc2OCCCN2CC[NH2+]CC2)c1
decoy_4856,0.293796,0.326366,0.674198,0.719899,0.390947,0.425331,c1cc(C[NH2+]Cc2cccs2)cc(OCCCN2CC[NH2+]CC2)c1
decoy_4857,0.28361,0.298688,0.617988,0.648126,0.432249,0.440931,c1cc(C[NH2+]CC2CCCCC2)cc(OCCCN2CCNCC2)c1
decoy_4858,0.198499,0.243296,0.467819,0.52781,0.272856,0.317242,O=c1ccc2ccc(O[C@H]3OCCC[C@H]3O[C@H]3CCCCO3)cc2o1
decoy_4859,0.220117,0.249139,0.508179,0.537417,0.300813,0.334345,O=c1ccc2ccc(O[C@@H]3CCC[C@@H](CO[C@H]4CCCO4)O3)cc2o1
decoy_486,0.291361,0.387086,0.512902,0.705197,0.329869,0.404904,O=C(NC1CCCC1)c1ccccc1
decoy_4860,0.199124,0.250296,0.471117,0.541805,0.275667,0.330716,O=c1ccc2ccc(O[C@@H]3CC[C@@H](O[C@H]4CCCCO4)CO3)cc2o1
decoy_4861,0.246569,0.326502,0.558456,0.71204,0.326732,0.413744,O=C1Cc2c(ncc3cnc(N4CCOCC4)cc23)N1c1ccccc1
decoy_4862,0.351227,0.357927,0.734326,0.729307,0.450397,0.450536,O=c1nc(O)c2c(n1CCc1ccccc1)NC(c1ccccc1)=NC2
decoy_4863,0.283175,0.366595,0.600713,0.701213,0.373997,0.455596,O=c1[nH]c2ccccc2cc1CNCc1nnnn1Cc1ccccc1
decoy_4864,0.302077,0.370678,0.63832,0.681577,0.366094,0.421453,[O-]c1nc(C[NH2+]Cc2cn(-c3ccccc3)nc2-c2ccccc2)n[nH]1
decoy_4865,0.318021,0.40041,0.614001,0.70421,0.383427,0.450059,O=C(CNC(=O)Cc1ccccc1)NCS(=O)(=O)c1ccccc1
decoy_4866,0.275006,0.355743,0.623685,0.78585,0.347092,0.421677,O=C(C1=CC(=O)N(c2nccs2)[C@@H]1c1ccccc1)c1ccccc1
decoy_4867,0.376592,0.385697,0.753462,0.776112,0.478285,0.479693,C1=Nc2c(ncn2COCCSc2ccccc2)C2(N1)OCCO2
decoy_4868,0.387319,0.455477,0.709877,0.731509,0.487246,0.540393,O=C(CCCNC(=O)c1ccco1)NNC(=S)Nc1ccccc1
decoy_4869,0.331561,0.431681,0.678634,0.755256,0.39997,0.500585,O=C(CNCC(=O)Nc1ccccc1)NC(=O)NCc1cccs1
decoy_487,0.281489,0.390758,0.494967,0.730047,0.308786,0.414677,O=C(Nc1ccccc1)C1CCCC1
decoy_4870,0.240006,0.326815,0.533107,0.629681,0.31179,0.400101,O=S(=O)(NCC[NH2+]Cc1c[nH]nc1-c1ccco1)c1ccccc1
decoy_4871,0.289445,0.345548,0.596637,0.690595,0.365959,0.410504,[H]/N=C1C(=C/c2ccccc2)/C(=O)N=C2SC(Cc3ccccc3)=NN2/1
decoy_4872,0.284374,0.343577,0.592632,0.682501,0.374522,0.41843,O=C(C1=c2ccccc2=NC1)[C@H](Sc1ncncn1)c1ccccc1
decoy_4873,0.261178,0.349172,0.552201,0.699738,0.33568,0.425817,O=C(CSc1ncncn1)C1=c2ccccc2=N[C@@H]1c1ccccc1
decoy_4874,0.21204,0.251515,0.546305,0.60788,0.315892,0.352849,O=C(OC[C@H]1CCC[C@@H](O[C@H]2C[C@H]3CC[C@@H]2OC3)O1)c1ccccc1
decoy_4875,0.294752,0.41509,0.631684,0.862347,0.387955,0.508199,c1cc2c(cc1CN[C@H]1C[C@@H]([NH+]3CCCCC3)[C@H]3OC[C@@H]1O3)OCO2
decoy_4876,0.250449,0.365747,0.573388,0.717272,0.345972,0.454723,O=C1COc2ccc(CNC(=O)NCCC[NH+]3CCCCC3)cc2N1
decoy_4877,0.309452,0.349641,0.681793,0.691387,0.402902,0.430453,O=C(CC[C@H]1CNC(=O)[C@@H]2C[C@@H]([NH2+]Cc3ccco3)CN12)NC1CC1
decoy_4878,0.247512,0.365573,0.558002,0.730245,0.3414,0.446536,O=C(NCCC[NH+]1CCCCC1)Nc1cccc(N2CCOC2=O)c1
decoy_4879,0.236464,0.354339,0.52583,0.67478,0.29648,0.409641,O=C1[C@H]([C@H]2[NH2+]CCc3c2[nH]c2ccccc32)CNCN1c1ccccc1
decoy_488,0.295069,0.340198,0.455715,0.528103,0.313632,0.372542,O=S1(=O)NCCc2ccsc21
decoy_4880,0.325864,0.396747,0.652125,0.713046,0.415848,0.465086,O=C1[C@H]([C@H]2NCCC3=c4ccccc4=N[C@@H]32)C[NH2+]CN1c1ccccc1
decoy_4881,0.286102,0.333375,0.610266,0.640366,0.375183,0.424891,O=c1[nH]c(-c2ccc(C[NH2+]Cc3ccccc3)cc2)nc2c1CNCC2
decoy_4882,0.297616,0.414173,0.579217,0.716308,0.365145,0.473389,O=C(CCNC(=O)c1ccsc1)Nc1nc(-c2cc[nH]c2)cs1
decoy_4883,0.323201,0.396143,0.629424,0.748541,0.381606,0.453763,O=C(CSc1nnc(Nc2ccccc2)s1)NCc1ccco1
decoy_4884,0.284904,0.39642,0.574138,0.740088,0.349452,0.463777,c1ccc(Nc2ncnc(C[NH+]3CCN(c4ccccc4)CC3)n2)cc1
decoy_4885,0.235094,0.326712,0.553286,0.738567,0.307873,0.404841,c1ccc(CNc2cc(N3CCN(c4ccccn4)CC3)ncn2)cc1
decoy_4886,0.337441,0.331623,0.665707,0.62609,0.438257,0.425218,c1ccc(Nc2nccc(-c3ccc(N4CCC[NH2+]CC4)nc3)n2)cc1
decoy_4887,0.418416,0.550403,0.793979,0.848619,0.498637,0.626391,O=c1[nH]c(CS[C@H]2N[NH2+]NN2c2ccccc2)nc2ccsc12
decoy_4888,0.277805,0.339938,0.63368,0.760135,0.359766,0.423997,O=C1CN(CCc2ccccc2)C=C1c1nc(-c2ccccc2)cs1
decoy_4889,0.328445,0.414118,0.668019,0.752721,0.402939,0.482362,O=C(NC[C@@H]1OCC[C@H]1[NH2+]CCc1ccccn1)Nc1ccsc1
decoy_489,0.266546,0.373192,0.522301,0.925984,0.31593,0.441015,c1ccc(NCC2CCCCC2)cc1
decoy_4890,0.280821,0.346371,0.583367,0.654444,0.354231,0.414786,O=C(NCc1ccsc1)C(=O)NC[C@@H](c1ccc[nH]1)[NH+]1CCCC1
decoy_4891,0.425835,0.446402,0.868461,0.812313,0.523988,0.528977,O=C(Nc1nc2ccccc2s1)[C@H]1CC[C@@H](CN2CNN[NH2+]2)CC1
decoy_4892,0.318702,0.39385,0.746017,0.865072,0.424199,0.495592,c1ccc(N2CC[NH+]([C@H]3CCO[C@H]3C[NH2+]C3CCOCC3)CC2)nc1
decoy_4893,0.25258,0.378335,0.595226,0.749008,0.336194,0.463969,O=C(Cc1ccccc1)NCCNC(=O)NCCC[NH+]1CCCCC1
decoy_4894,0.297612,0.387719,0.646221,0.746076,0.388024,0.486653,O=C(NCCCC[NH+]1CCCCC1)NCCNC(=O)c1ccccc1
decoy_4895,0.250913,0.309175,0.558311,0.6638,0.368316,0.420253,O=C(NCCC[NH+]1CCCCC1)Nc1ccc(N2CCOCC2)cc1
decoy_4896,0.273754,0.340988,0.62739,0.689731,0.378882,0.438292,O=C(NCCCNC(=O)c1ccccc1)NCCC[NH+]1CCCCC1
decoy_4897,0.310431,0.377528,0.709936,0.788562,0.386994,0.483554,c1ccc(C2=C(CC[NH2+]CCc3ccncc3)[C@@H]3C[NH2+]CCC3=N2)cc1
decoy_4897_2,0.305138,0.39288,0.676541,0.763666,0.406939,0.480861,c1ccc(C2=C(CC[NH2+]CCc3ccncc3)[C@@H]3CNCCC3=N2)cc1
decoy_4898,0.463143,0.40997,0.812892,0.808212,0.534823,0.490938,c1ccc(-c2n[nH]cc2C[NH2+]Cc2ccc(N3CCCCC3)cc2)cc1
decoy_4899,0.294014,0.315449,0.720642,0.70171,0.402357,0.413654,c1cnc(N2CCN([C@H]3CCO[C@H]3C[NH2+]C3CC[NH2+]CC3)CC2)nc1
decoy_49,0.3514,0.284501,0.601636,0.572383,0.367228,0.337967,c1ccc2ncccc2c1
decoy_490,0.282689,0.343052,0.487138,0.535295,0.338563,0.365589,c1ccc(C[NH2+]C2CCCCC2)cc1
decoy_4900,0.331112,0.286446,0.66316,0.545568,0.42214,0.38633,S=C(SCc1ncnc(Nc2ccccc2)n1)N1CC[NH2+]CC1
decoy_4901,0.314547,0.349187,0.645348,0.676826,0.408088,0.426006,c1ccc(OCCCN2CCNCC2)c(C[NH2+]Cc2cscn2)c1
decoy_4902,0.251639,0.278108,0.568771,0.58999,0.371024,0.396769,c1c[nH]c(CNCc2ccc(OCCC[NH+]3CCSCC3)cc2)n1
decoy_4903,0.3206,0.335928,0.737338,0.784551,0.424687,0.432365,c1ccc(OCCCN2CCOCC2)c(C[NH2+]CC2CCCCC2)c1
decoy_4904,0.347704,0.347419,0.766432,0.779411,0.465713,0.457436,c1cc(C[NH2+]CC2CCCCC2)cc(OCCCN2CCOCC2)c1
decoy_4905,0.348194,0.403422,0.776911,0.904195,0.449171,0.503805,c1ccc(OCCCN2CCCCCCC2)c(C[NH2+]CC2COC2)c1
decoy_4906,0.332075,0.327868,0.714986,0.696782,0.432522,0.434864,c1ccc(OCCCN2CCCC2)c(C[NH2+]CCN2CCNCC2)c1
decoy_4907,0.383313,0.460864,0.729058,0.791304,0.472527,0.533742,S=C(NC[C@@H](c1cccs1)N1CC[NH2+]CC1)Nc1ccccc1
decoy_4908,0.280912,0.315486,0.573626,0.592679,0.345766,0.363776,O=C1NC(=O)[C@@H]2[C@H]1[C@@H](Cc1ccccc1)N[C@@]21C(=O)Nc2ccccc21
decoy_4909,0.312632,0.354105,0.638017,0.679076,0.410987,0.438063,O=C1[C@@H]2[C@@H](CN[C@@]23C(=O)Nc2ccccc23)C(=O)N1Cc1ccccc1
decoy_491,0.287323,0.352318,0.488697,0.545089,0.335349,0.375895,c1ccc(C[NH+]2CCCCCC2)cc1
decoy_4910,0.351127,0.355424,0.660344,0.703263,0.446659,0.443027,O=C(Cc1ccccc1)NC(=O)Nc1ccc(Oc2ccncc2)cc1
decoy_4911,0.286881,0.365427,0.588984,0.722866,0.373964,0.458693,O=C(CNC(=O)c1ccccc1)N/N=C/c1ccc(-c2ccccc2)o1
decoy_4912,0.290086,0.381802,0.592623,0.683044,0.373159,0.459251,O=C(CCNC(=O)c1cc2ccccc2[nH]1)NC1N=c2ccccc2=N1
decoy_4913,0.287472,0.416416,0.606987,0.74628,0.368909,0.489554,O=C(NNC(=O)C1=c2ccccc2=NC1)C1=CNN(c2ccccc2)C1
decoy_4914,0.310397,0.441764,0.605796,0.716313,0.382679,0.505228,O=C(CNS(=O)(=O)c1ccccc1)NCC(=O)Nc1ccccc1
decoy_4915,0.340309,0.441403,0.651391,0.736234,0.423696,0.507503,O=C(/C=C/c1c[nH]c(=O)[nH]c1=O)NCC[S@](=O)Cc1ccccc1
decoy_4916,0.25771,0.349074,0.502974,0.637636,0.312779,0.388752,O=C1/C(=C/c2c[nH]c3ccccc23)C([O-])=NC(=S)N1c1ccccc1
decoy_4917,0.247849,0.310895,0.47106,0.561328,0.308838,0.368443,O=C1/C(=C\c2cc3ccccc3[nH]2)C([O-])=NC(=S)N1c1ccccc1
decoy_4918,0.417223,0.354357,0.715485,0.644846,0.476396,0.419767,O=C1N=c2ccccc2=C(c2ccccc2)[C@@H]1Sc1nccc(=O)[nH]1
decoy_4919,0.205672,0.309935,0.410461,0.571737,0.251327,0.364293,O=C(Nc1nccs1)c1cc2ccccc2o/c1=[NH+]\c1ccccc1
decoy_492,0.300584,0.363124,0.523547,0.577419,0.374797,0.398389,c1ccc(CC[NH+]2CCCCC2)cc1
decoy_4920,0.41721,0.444344,0.734902,0.750347,0.499535,0.513003,O=C1N[C@@H](c2ccn[nH]2)Nc2c1sc1nccc(-c3ccccc3)c21
decoy_4921,0.271067,0.307132,0.592601,0.642409,0.338629,0.378776,O=C1C=C[C@@H](c2cncc(OCCCC3=c4ccccc4=NC3)c2)CN1
decoy_4922,0.255919,0.297523,0.563739,0.62483,0.340364,0.385004,O=C(CCC1=c2ccccc2=NC1)Nc1cccc(NC(=O)C2CC2)c1
decoy_4923,0.301509,0.365552,0.625683,0.696272,0.370094,0.42694,O=C(NCCC1=c2ccccc2=NC1)[C@@H]1C=C2NC(=C3CC3)C=CN2N1
decoy_4924,0.275978,0.38069,0.564422,0.693809,0.347755,0.447973,c1ccc(Nc2ncnc(C[NH+]3CCN(c4ccccn4)CC3)n2)cc1
decoy_4925,0.301369,0.329381,0.63507,0.627942,0.389653,0.425414,c1cncc(Nc2ccnc(Nc3ccc(N4CC[NH2+]CC4)cc3)n2)c1
decoy_4926,0.246008,0.327772,0.539403,0.694117,0.331386,0.404579,O=C(Nc1ccccc1N1CCOCC1)[C@H]1CS[C@H]2CCC(=O)N21
decoy_4927,0.297404,0.411097,0.584588,0.754289,0.382107,0.468247,O=C(NC[C@@H](c1ccco1)[NH+]1CCCCC1)C(=O)Nc1cccs1
decoy_4928,0.336226,0.389504,0.639091,0.711978,0.403157,0.454135,O=c1[nH]c(C[NH2+]Cc2ccccc2)nc2scc(-c3ccccc3)c12
decoy_4929,0.280343,0.337617,0.624543,0.702372,0.381985,0.434157,O=C(NCCC[NH+]1CCCCC1)NCCc1cccc2c1OCOC2
decoy_493,0.408894,0.37339,0.688159,0.655056,0.417778,0.410226,O=C1CNC(=O)N1Cc1ccccc1
decoy_4930,0.338282,0.341107,0.739067,0.748582,0.412912,0.404188,c1ccc(Oc2c(C[NH2+]C3CCCCC3)cnn2-c2ccccc2)cc1
decoy_4931,0.225248,0.329951,0.498644,0.653385,0.307694,0.406188,c1ccc(Nc2nc3[nH]ncc3c3c2C[N@H+](C2CCCCC2)CC3)cc1
decoy_4932,0.308871,0.412375,0.666365,0.768084,0.405169,0.498881,C1=C(CC[NH2+]C[C@H]2CN(c3ccccc3)N[C@H]2c2ccccc2)CN=N1
decoy_4933,0.356134,0.486271,0.683721,0.858398,0.470688,0.590404,O=C(CCCC[C@@H]1SC[C@@H]2NC(=O)N[C@@H]21)NCCc1ccccc1
decoy_4934,0.256973,0.403417,0.552586,0.758248,0.329278,0.492649,O=C(C[N@H+]1CCC[C@H](C(=O)NC2CC2)C1)Nc1cc2c(s1)CCC2
decoy_4935,0.268951,0.398103,0.573823,0.746637,0.356495,0.479748,O=C(C[N@H+]1CC[C@H](C(=O)NC2CC2)CC1)Nc1cc2c(s1)CCC2
decoy_4936,0.289384,0.338545,0.699384,0.804637,0.402098,0.442223,c1ccc(CN(CCc2c[nH]c3ccccc23)Cc2nccs2)cc1
decoy_4937,0.275792,0.37306,0.601898,0.729364,0.376441,0.458567,O=C(NCCn1ccnc1)NC[C@@H](c1cccs1)[NH+]1CCCCC1
decoy_4938,0.345768,0.402212,0.673455,0.701004,0.451328,0.49255,O=C1N=C[C@@]2(C(=O)N1)[C@@H](c1ccccc1)NC(=O)N[C@H]2c1ccccc1
decoy_4939,0.230071,0.334922,0.493689,0.651943,0.295374,0.399114,O=C(NNC(=O)C1=c2ccccc2=NC1)C1=CON[C@@H]1c1ccccc1
decoy_494,0.384584,0.409898,0.600485,0.608565,0.406051,0.433291,c1ncc2n[nH]c([C@@H]3CCCO3)c2n1
decoy_4940,0.336114,0.438743,0.65342,0.800219,0.40751,0.506987,O=C(COC(=O)CNC(=O)c1ccco1)Nc1cc2c(s1)CCC2
decoy_4941,0.255826,0.33322,0.507024,0.628347,0.327339,0.401512,O=C1N=CNC(=O)/C1=C\C1=COc2c3c4c(cc2=C1)CCC[N+]=4CCC3
decoy_4942,0.290334,0.362175,0.632418,0.756271,0.386128,0.446911,O=C(C[C@H]1Cc2ccccc2OC1=O)NCCC1=c2ccccc2=NC1
decoy_4943,0.369864,0.384417,0.704417,0.709778,0.461613,0.479821,O=C(NC1CC[NH2+]CC1)c1cccc2c(=O)cc(-c3ccccc3)oc12
decoy_4944,0.295017,0.371715,0.609107,0.74184,0.38723,0.453974,c1cc2cc(N3CC[NH+](Cc4ccc5c(c4)OCO5)CC3)ncc2cn1
decoy_4945,0.291191,0.348933,0.602495,0.719522,0.380798,0.417547,c1ccc2nc(N3CC[NH+](Cc4ccc5c(c4)OCO5)CC3)ncc2c1
decoy_4946,0.244774,0.303384,0.574318,0.693558,0.308952,0.379653,O=C1Cc2c(ncc3cnc(N4CCCCC4)cc23)N1Cc1ccco1
decoy_4947,0.25996,0.351334,0.574452,0.688824,0.343957,0.428334,O=C1C(=O)[C@H](NCCC2=c3ccccc3=NC2)[C@@H]1NCc1ccncc1
decoy_4948,0.330952,0.406992,0.656214,0.743928,0.409274,0.475433,O=C(CN1CC=C(c2ccccc2)CC1)Nc1ccc2[nH]c(=O)[nH]c2c1
decoy_4949,0.314475,0.378039,0.638746,0.741611,0.405972,0.449304,O=C(NCCCc1ccn[nH]1)c1cc(C2=CCCO2)nc2ccccc12
decoy_495,0.385408,0.412875,0.644701,0.678397,0.419892,0.4621,c1ncc2ncn([C@@H]3CCCO3)c2n1
decoy_4950,0.296575,0.358469,0.66161,0.804299,0.403168,0.461307,O=C(Nc1ccccc1)C1=C2SCC(=O)N2C=C[C@H]1c1ccccc1
decoy_4951,0.279012,0.319972,0.546296,0.567024,0.36094,0.383357,O=C(NCCCc1cc[nH]n1)c1cccc(S(=O)(=O)NC2CC2)c1
decoy_4952,0.277085,0.414996,0.621898,0.843424,0.368098,0.498076,O=C(CCCCCCC(=O)Nc1ccccc1)NO[C@@H]1CCCCO1
decoy_4953,0.355833,0.281009,0.750495,0.626452,0.424292,0.35677,O=C1NCCCC[C@@H]1Nc1ccc2c(cc1=O)CCCc1ccccc1-2
decoy_4954,0.271698,0.373101,0.583969,0.720993,0.369527,0.459025,c1cnc2c(Nc3cc(NCC[NH+]4CCCCC4)ncn3)cccc2c1
decoy_4955,0.332625,0.44808,0.659256,0.775399,0.423518,0.522751,c1cc(Nc2cc(NCC[NH+]3CCCCC3)ncn2)c2cccnc2c1
decoy_4956,0.243785,0.293062,0.588007,0.631462,0.327363,0.366734,c1ccc([C@H]2NC[N@@H+](CCCNc3ccc[nH+]c3)[C@@H]2c2ncc[nH]2)cc1
decoy_4956_2,0.321598,0.399117,0.681866,0.747949,0.42701,0.495068,c1ccc([C@H]2NCN(CCCNc3cccnc3)[C@@H]2c2ncc[nH]2)cc1
decoy_4957,0.405182,0.445482,0.755765,0.751317,0.471376,0.490726,O=C(CSc1nncn1-c1ccccc1)NNC(=S)NC1CC1
decoy_4958,0.228697,0.333849,0.530277,0.742539,0.309699,0.418058,O=C(NC[C@@H](C1=c2ccccc2=NC1)c1ccccc1)C1=CSCC1
decoy_4959,0.26033,0.390971,0.572612,0.728134,0.34082,0.478385,O=C1CSc2ccc(NC(=O)NCCC[NH+]3CCCCC3)cc2N1
decoy_496,0.375452,0.414995,0.651278,0.691246,0.432637,0.456027,c1ncc2cnn([C@@H]3CCCO3)c2n1
decoy_4960,0.324866,0.403414,0.665099,0.719417,0.409685,0.48257,O=C(CCNC(=O)c1ccccc1)NNC(=S)NC1CCCCC1
decoy_4961,0.308414,0.367389,0.633536,0.722824,0.419048,0.455994,O=S(=O)(c1ccc(NCCC[C@H]2C=CN=N2)cc1)N1CCCCC1
decoy_4962,0.272972,0.36495,0.565962,0.698034,0.352933,0.439845,c1ccc(CS[C@H]2N[NH+]=C(C3=c4ccccc4=NC3)N2C2CC2)cc1
decoy_4963,0.238414,0.31698,0.557588,0.670661,0.359047,0.418745,O=C(NCCCN1CCCCC1)NC[C@@H](c1ccco1)[NH+]1CCCC1
decoy_4964,0.295604,0.30717,0.861372,0.903218,0.39427,0.399315,O=C(Cc1ccccc1)N(Cc1ccc2c(c1)OCO2)Cc1ccco1
decoy_4965,0.202009,0.291755,0.479325,0.844869,0.268384,0.34365,O=C(Cc1ccc2c(c1)OCO2)N(Cc1ccccc1)Cc1ccco1
decoy_4966,0.256633,0.344187,0.557719,0.703153,0.331677,0.418686,O=C(NCCC1=c2ccccc2=NC1)C(=O)N[C@H]1COc2ccccc21
decoy_4967,0.347026,0.489539,0.674978,0.866084,0.449445,0.565428,O=C(NCCCNc1ccc2cc3c(cc2[nH+]1)OCO3)c1ccccc1
decoy_4968,0.254871,0.37567,0.564492,0.740131,0.355845,0.486766,c1ccc(Nc2ncnc(CNC[C@H]3COc4ccccc4O3)n2)cc1
decoy_4969,0.259293,0.323405,0.566029,0.653172,0.33137,0.394487,O=C(CCNC(=O)c1ccccc1)NCc1ccc(-n2ccnn2)cc1
decoy_497,0.460434,0.384951,0.759288,0.7424,0.507573,0.469091,c1cn(-c2cn3ccsc3n2)cn1
decoy_4970,0.377245,0.390507,0.701589,0.703046,0.461231,0.45906,O=C(CN1NNc2ccccc2C1=O)NCCC1=c2ccccc2=NC1
decoy_4971,0.246517,0.311204,0.535402,0.611221,0.326303,0.384061,O=C(NCCC1=c2ccccc2=NC1)C(=O)Nc1ccc2c(c1)NCN2
decoy_4972,0.331625,0.415341,0.658555,0.719958,0.417955,0.49222,O=C(NCCNc1ccccc1)Nc1cccc(-c2ccc(=O)[nH]n2)c1
decoy_4973,0.321553,0.375071,0.628982,0.690207,0.42672,0.467695,O=C(NCc1ccccc1)C1=NN([C@H]2CCS(=O)(=O)C2)C(=O)CC1
decoy_4974,0.355489,0.358415,0.688421,0.708066,0.448281,0.433075,O=c1cc(CSc2n[nH]c(Cc3ccccc3)n2)c2ccccc2o1
decoy_4975,0.42984,0.396574,0.720405,0.684031,0.489938,0.468403,O=c1[nH]cc(C2=C[C@@H](c3ccccc3)Sc3ccccc3[N-]2)c(=O)[nH]1
decoy_4976,0.284555,0.325891,0.631081,0.701498,0.366019,0.402777,O=C(c1ccns1)N(Cc1ccc2ncccc2c1)Cc1ccco1
decoy_4977,0.357381,0.37787,0.677471,0.686528,0.423765,0.432588,O=c1[nH]c(CSc2n[nH]c(Cc3ccccc3)n2)nc2ccccc12
decoy_4978,0.319742,0.428431,0.633682,0.760403,0.384867,0.483028,O=C(CSc1n[nH]c(-c2ccccc2)n1)Cc1nc2ccccc2[nH]1
decoy_4979,0.297757,0.37551,0.597471,0.731322,0.398908,0.472447,O=C(Nc1nc(-c2cc[nH]c2)cs1)[C@@H](c1ccccc1)n1cccn1
decoy_498,0.449756,0.407667,0.672973,0.712348,0.485561,0.467127,c1cnc(Sc2ncccn2)nc1
decoy_4980,0.293299,0.334131,0.600727,0.642091,0.363972,0.398165,c1ccc2c(c1)=NCC=2c1nnc(SCc2ncncn2)n1C1CC1
decoy_4981,0.32364,0.38147,0.689393,0.81678,0.407814,0.452733,c1ccc(Oc2c(C[NH2+]C[C@H]3CCCO3)cnn2-c2ccccc2)cc1
decoy_4982,0.318512,0.426701,0.658104,0.810775,0.397715,0.491343,c1ccc(Oc2[nH]nc(-c3ccccc3)c2C[NH2+]C[C@H]2CCCO2)cc1
decoy_4983,0.31192,0.398855,0.645493,0.73187,0.402273,0.470325,O=C1[C@H]2[C@H](C[NH2+][C@H]2c2ccccc2)C(=O)N1CCNCc1ccccc1
decoy_4984,0.243141,0.325399,0.581914,0.745849,0.320178,0.411457,O=C1C[C@H](N2CCC(Nc3ccccc3)CC2)C(=O)N1c1ccccc1
decoy_4985,0.350092,0.318103,0.804349,0.779386,0.448104,0.42265,O=C(Nc1cn(CCCc2ccccc2)c2ncccc12)[C@H]1CCOC1
decoy_4986,0.289325,0.397694,0.584456,0.746318,0.366877,0.459927,c1ccc(Nc2ccnc(NC[C@@H](c3ccco3)[NH+]3CCCC3)n2)cc1
decoy_4987,0.314367,0.378217,0.642836,0.729956,0.387723,0.439532,c1cncc(CCc2cc(OCCc3ccc4c([nH+]3)NCCC4)[nH]n2)c1
decoy_4988,0.237493,0.293319,0.570826,0.650544,0.337918,0.387715,O=C(Cc1nc2ccccc2[nH]1)C[N@H+]1CCCN(c2cccc[nH+]2)CC1
decoy_4988_2,0.278443,0.350862,0.581401,0.673933,0.354554,0.426845,O=C(Cc1nc2ccccc2[nH]1)C[N@H+]1CCCN(c2ccccn2)CC1
decoy_4989,0.327624,0.396862,0.734498,0.773864,0.423449,0.49402,c1cc(-c2nc3c(c(NCCCn4cc[nH+]c4)n2)CC[NH2+]CC3)ccn1
decoy_499,0.45349,0.460265,0.803556,0.817982,0.508021,0.494759,O=C1CN(Cc2ccccc2)CCN1
decoy_4990,0.302705,0.334851,0.645396,0.719278,0.375868,0.412068,O=C(CCc1ccccc1)N[C@H]1N=C(C2=c3ccccc3=NC2)CS1
decoy_4991,0.348117,0.407712,0.686359,0.781494,0.446259,0.498027,O=C(CNC[C@H](c1cccs1)c1c[nH]c2ccccc12)c1ccc[nH]1
decoy_4992,0.227104,0.359901,0.517213,0.767158,0.302847,0.445656,O=C(Nc1ccccc1)C1=CN=C2SCCCN2[C@H]1c1ccccc1
decoy_4993,0.276487,0.358194,0.600096,0.736049,0.380801,0.431309,O=C(CN(Cc1cccs1)C(=O)c1ccns1)NC1CCCC1
decoy_4994,0.286483,0.418847,0.5597,0.752599,0.370057,0.471182,O=C(NC[C@@H](c1cccs1)[NH+]1CCCC1)C(=O)Nc1cccs1
decoy_4995,0.332517,0.376438,0.675736,0.698261,0.39416,0.431848,O=S(=O)([N-]c1ccccc1/C=N/C1CC[NH2+]CC1)c1cccs1
decoy_4996,0.356537,0.457678,0.703781,0.753277,0.425294,0.525046,O=C(CSc1nnc(Nc2ccccc2)s1)NC1CC[NH2+]CC1
decoy_4997,0.20616,0.30081,0.51172,0.752885,0.309902,0.400462,O=C(C[C@H]1CCC[C@H]2[C@@H]1CC[C@H]1OCOC[C@@H]21)NCc1cccs1
decoy_4998,0.284381,0.409711,0.623054,0.813698,0.381005,0.499247,O=C(CN1CCC(NC(=O)CC2CCCC2)CC1)Nc1cccs1
decoy_4999,0.241692,0.317309,0.579444,0.716757,0.326826,0.395365,O=C(CN(C(=O)c1ccns1)C1CCCCC1)NC1CCCCC1
decoy_5,0.409458,0.369755,0.745717,0.76552,0.437323,0.417972,c1nnc(C2CC2)[nH]1
decoy_50,0.350211,0.286833,0.572436,0.542781,0.367474,0.327972,C=C1C=Nc2ccccc21
decoy_500,0.303595,0.451222,0.497629,0.753598,0.338794,0.470011,O=C(CNc1ccccc1)NC1CC1
decoy_5000,0.262873,0.409532,0.610565,0.808012,0.353719,0.506404,O=C(C[N@H+]1CC[C@@H](C(=O)NC2CCCCC2)CC1)NC1CCCCC1
decoy_501,0.361315,0.433333,0.650172,0.795466,0.419952,0.497584,O=C(NC1CCCC1)c1cccnc1
decoy_502,0.411327,0.515895,0.650584,0.775629,0.450392,0.525082,O=C(Nc1ccccc1)[C@@H]1CCC[NH2+]1
decoy_503,0.289975,0.364088,0.511566,0.581169,0.327248,0.386674,c1ccc(OCc2cccs2)cc1
decoy_504,0.292542,0.364613,0.513675,0.595686,0.344483,0.406753,c1ccc(SCc2ccco2)cc1
decoy_505,0.432429,0.363325,0.780253,0.725423,0.534677,0.481479,c1ncc2c3c(sc2n1)CCCC3
decoy_506,0.293811,0.447347,0.434247,0.775607,0.318655,0.457316,c1ccc(CSc2ccn[nH]2)cc1
decoy_507,0.481905,0.425193,0.729197,0.701717,0.477022,0.452513,S=C1NC=C[C@@H](c2ccccc2)N1
decoy_508,0.476351,0.547591,0.775049,0.900937,0.526868,0.580207,c1ccc(NCC2CC[NH2+]CC2)cc1
decoy_509,0.280571,0.440039,0.470602,0.741705,0.33415,0.456421,c1cncc(C[NH2+]C2CCCCC2)c1
decoy_51,0.38811,0.327405,0.780885,0.763117,0.439302,0.413378,c1ccc2cnncc2c1
decoy_510,0.462373,0.492195,0.736809,0.771415,0.532375,0.541547,c1ccc(CNC2CC[NH2+]CC2)cc1
decoy_511,0.321891,0.417279,0.528601,0.720864,0.370922,0.44609,c1ccc(NCC[NH+]2CCCC2)cc1
decoy_512,0.457126,0.526821,0.762672,0.890339,0.498774,0.556308,c1ccc(NC[C@H]2CCC[NH2+]C2)cc1
decoy_513,0.382836,0.404413,0.685079,0.720376,0.428337,0.430765,c1ccc(CN2CCC[NH2+]CC2)cc1
decoy_514,0.473834,0.417468,0.672883,0.64666,0.478529,0.444924,O=C1NC(=O)NC(c2ccccc2)N1
decoy_515,0.376329,0.404629,0.612037,0.659128,0.428414,0.462262,c1ncc2nnn([C@@H]3CCCO3)c2n1
decoy_516,0.302149,0.450762,0.511763,0.841079,0.330504,0.460404,O=C(COc1ccccc1)NC1CC1
decoy_517,0.285227,0.35581,0.49599,0.582546,0.319932,0.385763,O=C(c1ccccc1)N1CCOCC1
decoy_518,0.435657,0.518308,0.635979,0.747086,0.439947,0.511149,O=C1NCCC[C@@H]1Nc1cc[nH+]cc1
decoy_519,0.451425,0.531003,0.652066,0.743831,0.479075,0.538053,c1ncc2c3c(sc2n1)C[NH2+]CC3
decoy_52,0.352727,0.291184,0.627754,0.608325,0.38967,0.365804,c1ccc2nccnc2c1
decoy_520,0.294627,0.487386,0.422445,0.779522,0.314697,0.480114,c1ccc(CSc2ncn[nH]2)cc1
decoy_521,0.521795,0.41218,0.748061,0.700912,0.508925,0.456626,S=c1nc(-c2ccccc2)nc[nH]1
decoy_522,0.28093,0.352924,0.470069,0.535574,0.327483,0.378014,c1ccc(C[NH2+][C@@H]2CCCCO2)cc1
decoy_523,0.319405,0.367759,0.534368,0.564048,0.366595,0.395404,c1ccc(OCC[NH+]2CCCC2)cc1
decoy_524,0.301388,0.3709,0.506796,0.565387,0.328015,0.360096,c1ccc(CC[NH+]2CCOCC2)cc1
decoy_525,0.390417,0.509705,0.646776,0.870017,0.425885,0.543584,c1ccc(NCC[NH+]2CCCC2)nc1
decoy_526,0.296148,0.405527,0.509183,0.749115,0.322891,0.425581,O=C(c1ccccn1)N1CCOCC1
decoy_527,0.425438,0.456733,0.671292,0.705146,0.478373,0.491059,C1=NC=C2N=CN([C@@H]3CCCO3)[C@@H]2N1
decoy_528,0.363587,0.421454,0.606162,0.684146,0.432255,0.476596,c1ncc2c(n1)N([C@@H]1CCCO1)NC2
decoy_529,0.423513,0.355653,0.735953,0.716394,0.491018,0.449124,c1ncc2c3c(sc2n1)COCC3
decoy_53,0.396984,0.330414,0.785698,0.766352,0.438936,0.409888,c1ccc2ncncc2c1
decoy_530,0.308007,0.403802,0.467644,0.607807,0.349176,0.411619,c1ccc(SCc2ncno2)cc1
decoy_531,0.507662,0.434629,0.797313,0.790119,0.550802,0.502416,O=c1[nH]cnc2sc3c(c12)CCC3
decoy_532,0.433682,0.520479,0.675506,0.819206,0.49197,0.5536,c1cnc(SCc2cn[nH]c2)nc1
decoy_533,0.286494,0.339783,0.544791,0.603596,0.33525,0.378678,c1ccc(CO[C@@H]2CCCCO2)cc1
decoy_534,0.266669,0.365273,0.434654,0.597219,0.31608,0.405261,c1cn(C[C@H]2C[C@H]3CC[N@@H+]2CC3)nn1
decoy_535,0.435284,0.425774,0.667771,0.649604,0.469769,0.479081,c1nc2c([nH]1)CCNC21CC[NH2+]CC1
decoy_536,0.401787,0.353511,0.771809,0.847,0.453505,0.436351,c1nc2c(ccc3ncsc32)s1
decoy_537,0.416252,0.393313,0.760505,0.91656,0.43676,0.465979,c1nc2cc3scnc3cc2s1
decoy_538,0.633795,0.525799,0.909007,0.85263,0.653514,0.561705,C1=[NH+]c2sc3c(c2CN1)CCCC3
decoy_539,0.488865,0.411807,0.738346,0.673911,0.501378,0.438943,S=C1NCC[C@@H](c2ccccc2)N1
decoy_54,0.327979,0.279777,0.571008,0.565465,0.380752,0.362549,C1=CCN2C=CC=CC2=C1
decoy_540,0.297566,0.383171,0.529686,0.862664,0.328688,0.397654,c1cncc(CO[C@@H]2CCCCO2)c1
decoy_541,0.310774,0.435325,0.521149,0.917299,0.360073,0.4811,c1ccc(-c2cc3ccccc3[nH]2)cc1
decoy_542,0.299049,0.365447,0.590712,0.62425,0.384465,0.434395,c1ccc(-n2ccc3ccccc32)cc1
decoy_543,0.371213,0.404011,0.909157,0.937943,0.503211,0.482713,C1=C[C@@H]2N=CC=C2C=C1c1ccccc1
decoy_544,0.379392,0.472222,0.655629,0.797156,0.454104,0.540459,O=C(NC1CCCCC1)c1cc[nH]n1
decoy_545,0.380937,0.557068,0.615807,0.812824,0.43425,0.568737,O=C(N[C@H]1CCC[NH2+]C1)c1ccc[nH]1
decoy_546,0.416172,0.594625,0.660756,0.848038,0.486749,0.618497,O=C(NC1CC[NH2+]CC1)c1ccc[nH]1
decoy_547,0.410591,0.546629,0.654898,0.744795,0.489833,0.578936,c1ncnc(CNC2CC[NH2+]CC2)n1
decoy_548,0.279442,0.350604,0.409327,0.459345,0.284396,0.328103,c1coc(C[NH2+]Cc2cccs2)c1
decoy_549,0.291778,0.338977,0.420374,0.44904,0.296023,0.318898,c1csc(C[NH2+]Cc2ccoc2)c1
decoy_55,0.348167,0.33734,0.660311,0.733674,0.40754,0.420067,c1ncc2ncncc2n1
decoy_550,0.383064,0.428757,0.588993,0.623834,0.377259,0.399725,c1csc(C[NH2+]Cc2cn[nH]c2)c1
decoy_551,0.279984,0.335118,0.512491,0.617583,0.333878,0.403139,c1cc2c(s1)CCc1scnc1-2
decoy_552,0.412292,0.461809,0.884266,0.960128,0.499524,0.524186,S=C1CC(c2cccs2)=CC=N1
decoy_553,0.28154,0.30953,0.583828,0.601868,0.342405,0.376477,c1ccc(CN2CCSCC2)cc1
decoy_554,0.390359,0.346529,0.950757,0.912595,0.517008,0.465171,c1nc2c(s1)C[C@@H]1CCCC[C@H]1C2
decoy_555,0.254955,0.376625,0.473073,0.720373,0.28522,0.403803,C1CC([NH2+][C@H]2CC[C@H]3CCCC[C@@H]32)C1
decoy_556,0.479332,0.552735,0.700488,0.786432,0.528653,0.571655,O=c1[nH]cc(Cc2nnco2)c(=O)[nH]1
decoy_557,0.387371,0.375518,0.6129,0.691907,0.435763,0.451803,c1nnn2c1Sc1cnnn1CC2
decoy_558,0.346014,0.457932,0.521579,0.683011,0.382272,0.47053,c1ncnc(CSc2nc[nH]n2)n1
decoy_559,0.422472,0.591983,0.682486,0.881153,0.496955,0.62126,O=C(NC1CC[NH2+]CC1)c1ccco1
decoy_56,0.27005,0.256725,0.531969,0.523367,0.348979,0.346589,C1=C[C@@H]2CC=CC[C@@H]2C=C1
decoy_560,0.31378,0.47378,0.49242,0.863619,0.343424,0.482338,c1ccc(-c2nc3ccccc3[nH]2)cc1
decoy_561,0.467217,0.416853,0.756931,0.72041,0.517084,0.473122,O=C1CCCCCN1Cc1nnc[nH]1
decoy_562,0.404979,0.582997,0.62839,0.816709,0.465452,0.579853,O=C(c1cc[nH]n1)N1CCC[NH2+]CC1
decoy_563,0.416302,0.585752,0.658521,0.803664,0.467718,0.582447,O=C(Nc1cn[nH]c1)C1CC[NH2+]CC1
decoy_564,0.473191,0.518943,0.744498,0.826876,0.515982,0.56133,c1coc(CNCC2CC[NH2+]CC2)c1
decoy_565,0.293384,0.350852,0.541476,0.596787,0.327557,0.373066,c1ccc(S[C@H]2CCCCO2)cc1
decoy_566,0.530327,0.507169,0.821252,0.858506,0.572852,0.544725,C1=C(CC[NH2+][C@H]2CCNC2)CCCC1
decoy_567,0.279132,0.397617,0.476242,0.741987,0.311783,0.425837,O=C(N[C@H]1CCCOC1)c1ccco1
decoy_568,0.30787,0.417296,0.515857,0.848439,0.339172,0.427769,c1ccc(-c2nc3ccccc3o2)cc1
decoy_569,0.520125,0.459382,0.784552,0.742775,0.56843,0.508139,O=c1cc(N[C@@H]2CCCCO2)nc[nH]1
decoy_57,0.302889,0.280788,0.57739,0.564978,0.392539,0.396883,c1ccc2c(c1)CCCC2
decoy_570,0.423945,0.570352,0.645183,0.801018,0.483233,0.589917,O=C(NC1CC[NH2+]CC1)c1cocn1
decoy_571,0.433489,0.362006,0.778795,0.721758,0.491362,0.439163,c1ccc(-n2ccc3ncncc32)cc1
decoy_572,0.303057,0.3656,0.576621,0.627064,0.377775,0.438321,c1ccc(N2Cc3ccccc3C2)cc1
decoy_573,0.359215,0.330839,0.527578,0.494767,0.350441,0.347181,S=c1ccccn1[C@@H]1CCCCO1
decoy_574,0.25792,0.318298,0.478292,0.568038,0.30324,0.350426,O=C(NC1CCCCC1)C1CCCC1
decoy_575,0.279216,0.383054,0.46233,0.663911,0.322949,0.392333,c1csc(C[NH2+]C2CCCCC2)c1
decoy_576,0.273519,0.377703,0.489501,0.825193,0.304912,0.388533,O=C(O[C@@H]1CCCCO1)c1ccco1
decoy_577,0.464162,0.370139,0.780439,0.736892,0.520975,0.469566,c1ccc(-c2ccc3cnoc3n2)cc1
decoy_578,0.405712,0.543569,0.638462,0.752672,0.473567,0.57857,O=C(NC1CC[NH2+]CC1)c1cnon1
decoy_579,0.481091,0.424283,0.746299,0.725555,0.549877,0.507276,c1ccc(-c2ncnc3[nH]cnc23)cc1
decoy_58,0.286593,0.321798,0.565344,0.598902,0.387066,0.415891,c1ccc(C2CCC2)cc1
decoy_580,0.499363,0.42344,0.741932,0.705413,0.552075,0.501796,c1ccc(-c2ncnc3n[nH]cc23)cc1
decoy_581,0.30554,0.360643,0.557678,0.624376,0.355787,0.404024,c1ccc([C@@H]2Cc3ccccc3O2)cc1
decoy_582,0.482578,0.425649,0.834695,0.794681,0.53582,0.46281,O=C1C[C@H](C(=O)N2CCCCC2)CN1
decoy_583,0.450121,0.543148,0.709873,0.769724,0.484457,0.550513,O=C1NCC=C(CN2CC[NH2+]CC2)N1
decoy_584,0.276087,0.380166,0.459191,0.646849,0.301956,0.390257,O=C(CC1CC1)NCc1cncs1
decoy_585,0.268342,0.421325,0.450367,0.750194,0.299564,0.42559,O=C(NC1CCCC1)c1ccns1
decoy_586,0.400701,0.512724,0.618513,0.750256,0.432969,0.504032,O=C(Nc1cccs1)[C@@H]1CCC[NH2+]1
decoy_587,0.262601,0.331607,0.511452,0.638004,0.305462,0.429019,C=C1CCCC[C@H]1O[C@@H]1CCCCO1
decoy_588,0.264858,0.329125,0.498602,0.600515,0.320737,0.394025,C=C1CCC(O[C@@H]2CCCCO2)CC1
decoy_589,0.442162,0.537126,0.764301,0.918036,0.510596,0.581157,O=C(CC1CC[NH2+]CC1)N1CCCC1
decoy_59,0.421441,0.354554,0.771145,0.750158,0.463489,0.42981,O=C1Cc2ccccc2N1
decoy_590,0.445741,0.53228,0.730928,0.83213,0.510657,0.57442,O=C(NC1CC[NH2+]CC1)C1CCCC1
decoy_591,0.381392,0.475029,0.713024,0.823944,0.475468,0.522075,c1csc(C[NH2+]C2CC[NH2+]CC2)c1
decoy_592,0.379632,0.473526,0.718099,0.835365,0.459636,0.515988,c1cc(C[NH2+]C2CC[NH2+]CC2)cs1
decoy_593,0.345527,0.425573,0.647862,0.777295,0.418991,0.485493,C1CCC([NH2+]CCCNC2CC2)CC1
decoy_594,0.342956,0.449947,0.506834,0.704796,0.343467,0.476771,c1ccc(-c2onc3cccnc23)nc1
decoy_595,0.473048,0.37364,0.663631,0.638443,0.472115,0.400789,O=c1c2cccnc2nc2ccccn12
decoy_596,0.410297,0.546912,0.639137,0.728019,0.46418,0.546312,O=c1[nH]nc(N2CC[NH2+]CC2)c(=O)[nH]1
decoy_597,0.333281,0.508051,0.440539,0.665493,0.338157,0.458489,c1ccc(-[n+]2cnc3n[nH]cc3c2)cc1
decoy_598,0.313934,0.429759,0.51529,0.731937,0.342035,0.441478,O=C(Nc1ccccc1)c1ccccc1
decoy_599,0.291305,0.32384,0.432273,0.443413,0.302884,0.333311,O=S(=O)(NC1CC1)c1ccccc1
decoy_6,0.259878,0.348772,0.383622,0.774131,0.294967,0.391597,C1=C[C@@H]2CCC[N@@H+]2C1
decoy_60,0.476364,0.398455,0.756,0.739919,0.485239,0.439683,Nc1nc2ccccc2[nH]1
decoy_600,0.284555,0.377759,0.477032,0.823115,0.329952,0.394783,C1CC[NH+]([C@H]2CC[C@@H]3CO[C@H]2O3)CC1
decoy_601,0.269091,0.363661,0.488532,0.706413,0.31389,0.39587,O=C(NC[C@H]1CCCO1)C1CCCC1
decoy_602,0.277652,0.314856,0.60115,0.62973,0.40491,0.42637,C1=C[C@@H]2C[C@@H](c3ccccc3)CN2C=C1
decoy_603,0.293214,0.350496,0.582188,0.624893,0.387396,0.431316,c1ccc(CCNc2ccccc2)cc1
decoy_604,0.252161,0.357921,0.422116,0.63873,0.27412,0.378727,c1ccc(C[NH2+]Cc2ccccc2)cc1
decoy_605,0.415328,0.507755,0.696335,0.762997,0.505314,0.562144,O=C(NC1CC[NH2+]CC1)[C@@H]1CCCN1
decoy_606,0.421932,0.509625,0.717466,0.777932,0.484691,0.545649,O=C(NC1CC[NH2+]CC1)[C@H]1CCNC1
decoy_607,0.283177,0.36049,0.436266,0.490376,0.291402,0.336574,c1coc(C[N@H+]2CCCSCC2)c1
decoy_608,0.271358,0.348268,0.481624,0.602511,0.320923,0.378185,O=C(Oc1ccccc1)c1ccccc1
decoy_609,0.3472,0.381425,0.676023,0.708256,0.402499,0.418848,C1=C[C@H](c2ccccc2)c2c[nH]nc2O1
decoy_61,0.303372,0.406738,0.489243,0.915617,0.346185,0.458136,c1ccc(NC2CC2)cc1
decoy_610,0.269999,0.309173,0.489908,0.532924,0.313542,0.340256,C1=C[C@@H](c2ccccc2)[C@H]2C=NN=C2O1
decoy_611,0.419846,0.458944,0.768793,0.818242,0.482509,0.496993,C1=CC(c2ccccc2)=C2N=CN[C@H]2O1
decoy_612,0.348486,0.393344,0.66662,0.721354,0.398325,0.422019,C1=C[C@H](c2ccccc2)c2[nH]cnc2O1
decoy_613,0.377603,0.486007,0.641218,0.802171,0.450143,0.522547,O=C(Nc1ccccc1)c1cccnc1
decoy_614,0.373367,0.384445,0.565523,0.566199,0.38013,0.394731,C1=C[C@@H](c2ccccc2)n2ncnc2[N-]1
decoy_615,0.321743,0.448178,0.457454,0.666625,0.327639,0.448991,c1ccc([C@@H]2Nc3ccnc[n+]3N2)cc1
decoy_616,0.36702,0.388732,0.655273,0.684688,0.417134,0.436805,C1=C[C@@H](c2ccccc2)n2ncnc2N1
decoy_617,0.479521,0.48687,0.776742,0.802957,0.513909,0.521858,O=c1ccnc(S[C@H]2CCCO2)[nH]1
decoy_618,0.362372,0.400972,0.855788,0.923034,0.41338,0.456642,O=C1CCC[C@H](O[C@H]2CCCCO2)C1
decoy_619,0.281396,0.34171,0.555885,0.57865,0.337334,0.373002,c1ccc(CCOc2ccccc2)cc1
decoy_62,0.481236,0.413234,0.779059,0.767372,0.517298,0.450559,c1ccc2c(c1)CC[NH2+]C2
decoy_620,0.321646,0.371623,0.619406,0.652163,0.378548,0.408594,C1=C[C@H]2CNC=C2[C@@H](c2ccccc2)N1
decoy_621,0.337812,0.381471,0.695261,0.743005,0.391864,0.424053,c1ccc([C@H]2CCCc3[nH]ncc32)cc1
decoy_622,0.470433,0.565045,0.739877,0.878816,0.531605,0.591885,C1=C(c2c[nH]c3ccccc23)CC[NH2+]C1
decoy_623,0.337318,0.415155,0.5393,0.601187,0.371388,0.417557,c1ccc(-c2cn3c([nH+]2)CCCC3)cc1
decoy_624,0.357055,0.396153,0.767261,0.805114,0.349064,0.376326,c1ccc2c(N3CCCC3)cc[nH+]c2c1
decoy_625,0.492847,0.430488,0.781584,0.746479,0.5073,0.450603,S=c1[nH]cnn1CN1CCCCC1
decoy_626,0.252119,0.313262,0.515557,0.625911,0.309499,0.413011,C1CCC(CO[C@@H]2CCCCO2)CC1
decoy_627,0.317529,0.282212,0.413628,0.386062,0.316699,0.297781,O=C1OC=C[C@]12C=C[N-]c1ccccc12
decoy_628,0.295174,0.349678,0.455761,0.600105,0.31704,0.368344,O=C1Nc2ccccc2C12C=COC=C2
decoy_629,0.448784,0.44354,0.682935,0.73358,0.446702,0.468978,O=C1Nc2ccccc2[C@@H]1c1cn[nH]c1
decoy_63,0.385724,0.325689,0.913313,0.902078,0.416911,0.390913,O=C1COc2ccccc21
decoy_630,0.358121,0.412973,0.721779,0.783077,0.476809,0.49893,c1ccc([C@@H]2CCn3nccc3N2)cc1
decoy_631,0.340291,0.504203,0.563195,0.783562,0.386823,0.529623,C1=C(Cc2c[nH]c3ccccc23)NCN1
decoy_632,0.36407,0.453407,0.643582,0.730525,0.425607,0.528778,O=C1CC[NH2+]CCCCNCCCN1
decoy_633,0.425149,0.368293,0.729875,0.708738,0.48257,0.45464,O=C1NC(=S)SC1=C1CCCC1
decoy_634,0.29843,0.349556,0.553609,0.623565,0.358664,0.392214,O=C(C1CCCC1)N1CCSCC1
decoy_635,0.483999,0.394013,0.736917,0.68203,0.546445,0.480166,C=C1C(=O)N=CN(c2ccccc2)C1=O
decoy_636,0.291392,0.415424,0.455822,0.680689,0.339932,0.432865,O=C(Oc1ccncn1)c1ccccc1
decoy_637,0.292324,0.407622,0.472458,0.634419,0.346123,0.444212,C(=N/N=C/c1cnon1)\c1ccccc1
decoy_638,0.317374,0.432465,0.473179,0.672988,0.307036,0.434839,O=C1CC[C@@H](c2c[nH]c3ccccc23)N1
decoy_639,0.320418,0.451431,0.459185,0.665586,0.342448,0.477928,O=C1N=C[C@H]2C[NH2+][C@@H](c3ccccc3)[C@@H]12
decoy_64,0.493437,0.407007,0.844032,0.819529,0.505449,0.46469,O=c1[nH]c2ccccc2[nH]1
decoy_640,0.350237,0.416766,0.533435,0.589846,0.405819,0.452179,c1cc([C@H]2NCCc3[nH+]c[nH]c32)ccn1
decoy_641,0.298037,0.398296,0.486678,0.620265,0.327456,0.421407,c1ccc(CNCc2ncncn2)cc1
decoy_642,0.327553,0.417879,0.529325,0.840801,0.342534,0.430688,c1ccc(-n2ncc3ccsc32)cc1
decoy_643,0.272064,0.329605,0.54626,0.632015,0.338107,0.415543,C1CC[C@@H](CO[C@@H]2CCCCO2)OC1
decoy_644,0.385029,0.353869,0.916915,0.891754,0.436563,0.397576,O=C1C=C[C@@H]2C[C@]34C=CC[C@H]3CC[C@@H]4[C@H]12
decoy_645,0.453589,0.552159,0.751475,0.885888,0.509881,0.580687,c1ccc2c(c1)=NCC=2C1CC[NH2+]CC1
decoy_646,0.291982,0.343821,0.507296,0.546265,0.340098,0.385949,O=C(NCc1ccccc1)c1ccco1
decoy_647,0.298916,0.370784,0.500894,0.562068,0.335379,0.386338,O=C(NCc1ccco1)c1ccccc1
decoy_648,0.355554,0.398409,0.610992,0.652341,0.415366,0.456406,O=C(NCc1ccccc1)c1cc[nH]n1
decoy_649,0.373644,0.421221,0.6237,0.660929,0.414708,0.457132,O=C(NCc1ccccc1)c1cn[nH]c1
decoy_65,0.318626,0.257166,0.625112,0.59636,0.37581,0.368986,c1ccc2sccc2c1
decoy_650,0.38223,0.292777,0.519173,0.543415,0.361996,0.358709,c1coc(-c2ccnc3sccc23)c1
decoy_651,0.302741,0.460675,0.449893,0.782679,0.319362,0.463339,c1ccc(-c2cn3ncsc3n2)cc1
decoy_652,0.303025,0.355675,0.569819,0.606398,0.355709,0.415865,c1ccc2c(c1)ccn2[C@@H]1CCCCO1
decoy_653,0.274993,0.363808,0.493293,0.673306,0.302573,0.378352,O=C(N[C@@H]1C=CCCC1)c1ccccc1
decoy_654,0.382338,0.427535,0.636801,0.676652,0.409136,0.448143,c1ccc(C[NH2+]CCc2cn[nH]c2)cc1
decoy_655,0.419356,0.505855,0.792444,0.9437,0.511254,0.572318,c1ccc(NCCCc2cc[nH]n2)cc1
decoy_656,0.296661,0.335679,0.491036,0.555319,0.31212,0.358974,C(=C/c1ccccc1)\Cc1cncs1
decoy_657,0.289788,0.39476,0.504793,0.837887,0.329013,0.401614,c1ccc(CSc2ccccn2)cc1
decoy_658,0.269579,0.31792,0.469143,0.505998,0.318028,0.340435,c1ccc(C[NH2+][C@H]2C[C@@H]3CC[C@H]2C3)cc1
decoy_659,0.480841,0.526864,0.875951,0.934005,0.54761,0.581526,c1nc(-c2ccc3c(c2)OCCO3)c[nH]1
decoy_66,0.486477,0.393731,0.949724,0.922671,0.520544,0.46759,O=c1[nH]c2ccccc2o1
decoy_660,0.449621,0.480207,0.730893,0.773024,0.50406,0.53711,[H]/N=C1/CC(=O)c2c(cc3n2CCC3)C1=O
decoy_661,0.35754,0.462353,0.548289,0.688622,0.40306,0.479247,O=c1[nH]cccc1Cc1ccc[nH]c1=O
decoy_662,0.374637,0.415331,0.613075,0.664279,0.390779,0.434335,O=C(Cn1ccccc1=O)c1cc[nH]c1
decoy_663,0.27458,0.404782,0.453113,0.742268,0.299336,0.429119,O=C(NCc1ccccc1)c1cocn1
decoy_664,0.518066,0.458789,0.760743,0.724662,0.542339,0.489377,O=c1[nH]cnc2c1ncn2[C@@H]1C=CCC1
decoy_665,0.358165,0.421609,0.604193,0.655105,0.388082,0.445345,O=C(Cn1ccnn1)Nc1ccccc1
decoy_666,0.487255,0.579219,0.708292,0.823418,0.538496,0.602234,O=C(Nc1ccccc1)Nc1cn[nH]c1
decoy_667,0.450788,0.411709,0.706897,0.677026,0.480689,0.462879,O=C(NCc1ccccc1)c1cnn[nH]1
decoy_668,0.286401,0.341759,0.429055,0.585174,0.300234,0.359655,c1ccc(-c2nnc3scnn23)cc1
decoy_669,0.370601,0.501041,0.621941,0.860129,0.420929,0.519469,c1cncc(-c2cn3ncsc3n2)c1
decoy_67,0.475726,0.399001,0.809851,0.793336,0.511631,0.458646,c1coc(-c2nnc[nH]2)c1
decoy_670,0.390032,0.456147,0.667439,0.757413,0.467942,0.539849,c1csc(-c2ccn3ncnc3n2)c1
decoy_671,0.296449,0.336211,0.533253,0.789532,0.330209,0.362934,O=C1C=C[C@@]2(CCO2)[C@H]2[C@@H]1[C@H]1C=C[C@@H]2C1
decoy_672,0.300754,0.414258,0.48232,0.708097,0.313015,0.410232,c1ccc(CSc2ncccn2)cc1
decoy_673,0.367192,0.450107,0.669638,0.845976,0.421254,0.475077,c1ccc(N[C@H]2CC[N@H+]3CCC[C@@H]23)cc1
decoy_674,0.290726,0.388802,0.499546,0.634052,0.356779,0.409809,[NH2+]=C(NC1CCCCC1)c1ccccc1
decoy_675,0.423241,0.533229,0.732314,0.930835,0.453668,0.557522,O=c1ccc2cc3c(cc2[nH]1)OCCO3
decoy_676,0.523554,0.560921,0.768994,0.812651,0.588347,0.579313,O=c1[nH]c(=O)c2ccc(C3CC3)nc2[nH]1
decoy_677,0.350663,0.441821,0.553225,0.640679,0.397126,0.484577,c1ncnc(CNCc2ncncn2)n1
decoy_678,0.30713,0.359736,0.520819,0.592073,0.355285,0.402434,c1ccc2c(c1)nnn2[C@@H]1CCCCO1
decoy_679,0.360474,0.39371,0.673364,0.698091,0.414409,0.442794,C=c1[nH]c(=O)/c(=C/c2ccccc2)s1
decoy_68,0.266426,0.341459,0.424395,0.8238,0.302861,0.383777,C1=CC[C@]2(C=C1)CC=NO2
decoy_680,0.308295,0.412543,0.48837,0.620058,0.334662,0.414571,O=C(Nc1ccccc1)c1cccs1
decoy_681,0.31411,0.45206,0.478873,0.723196,0.32737,0.443051,O=C(Nc1cccs1)c1ccccc1
decoy_682,0.296522,0.412301,0.464165,0.667331,0.325728,0.427534,c1ccc(SCc2ncncn2)cc1
decoy_683,0.345774,0.444101,0.591824,0.760186,0.381931,0.459509,c1ccc(CSc2ncccn2)nc1
decoy_684,0.26466,0.381014,0.498032,0.762637,0.311432,0.411655,O=C(Nc1ccccc1)C1CCCCC1
decoy_685,0.257745,0.393946,0.487268,0.826645,0.298729,0.419155,O=C(NC1CCCCC1)c1ccccc1
decoy_686,0.359345,0.434904,0.607867,0.706891,0.421546,0.47386,O=S1(=O)CC[C@H]([NH2+]C2CCCC2)C1
decoy_687,0.268778,0.39501,0.419432,0.658037,0.295781,0.413483,c1ccc(C[NH2+]Cc2cccs2)cc1
decoy_688,0.274514,0.384354,0.422726,0.632913,0.302863,0.388562,c1ccc(C[NH2+]Cc2ccsc2)cc1
decoy_689,0.261636,0.355691,0.482291,0.684037,0.322093,0.393694,c1ccc(C[NH2+]C2CCCCCC2)cc1
decoy_69,0.308453,0.273987,0.493238,0.535757,0.328646,0.353647,NC1=CCCc2occc21
decoy_690,0.285373,0.338409,0.49428,0.536229,0.336584,0.365241,c1ccc(C[NH+]2CCCCCCC2)cc1
decoy_691,0.274781,0.334977,0.5016,0.558116,0.346543,0.391696,c1ccc(CC[NH2+]C2CCCCC2)cc1
decoy_692,0.449467,0.394638,0.698743,0.758444,0.442986,0.446285,O=c1ocnc2c1sc1ncccc12
decoy_693,0.309127,0.449882,0.511833,0.723978,0.344841,0.47962,O=C(NNC(=O)C1CC1)c1ccccc1
decoy_694,0.397342,0.416609,0.697408,0.706751,0.440947,0.467566,c1ncc2ncn([C@@H]3CCCCO3)c2n1
decoy_695,0.429939,0.37848,0.70524,0.666107,0.500486,0.471725,c1ncc2c(n1)ncn2[C@@H]1CCCCO1
decoy_696,0.42424,0.598007,0.669655,0.813603,0.499655,0.622391,c1ncc2[nH]c(N3CC[NH2+]CC3)nc2n1
decoy_697,0.533928,0.433399,0.842304,0.779911,0.572251,0.490896,O=c1ccnc(Sc2ccccc2)[nH]1
decoy_698,0.329446,0.502311,0.494783,0.782519,0.359059,0.507149,O=C(Nc1ccccc1)c1ccns1
decoy_699,0.31841,0.502074,0.468786,0.771753,0.336433,0.487863,O=C(Nc1nccs1)c1ccccc1
decoy_7,0.469913,0.399621,0.862441,0.866707,0.520298,0.467159,C=C1CCCC=C1N
decoy_70,0.32486,0.273294,0.614806,0.582553,0.375116,0.336692,c1cnc2sccc2c1
decoy_700,0.353478,0.461904,0.575825,0.734699,0.419825,0.498171,c1cncc(SCc2ncncn2)c1
decoy_701,0.296189,0.346215,0.643035,0.669776,0.434105,0.467373,c1cc2c(cc1C1CCCC1)OCCO2
decoy_702,0.267403,0.322332,0.531764,0.620347,0.31119,0.368999,O=C(OC1CCCCC1)c1ccccc1
decoy_703,0.476342,0.490403,0.780821,0.78814,0.526997,0.531241,O=C(Cc1ccccc1)N1CC[NH2+]CC1
decoy_704,0.363818,0.482494,0.616634,0.79085,0.430019,0.514734,O=C(C[NH+]1CCCC1)Nc1ccccc1
decoy_705,0.456233,0.5651,0.715186,0.83973,0.508819,0.583425,O=C(Nc1ccccc1)C1CC[NH2+]CC1
decoy_706,0.282663,0.397029,0.513701,0.773792,0.326511,0.416427,O=C(Nc1ccccc1)N1CCCCC1
decoy_707,0.415294,0.50952,0.669605,0.789566,0.467837,0.532299,O=C(N[C@H]1CCC[NH2+]C1)c1ccccc1
decoy_708,0.449923,0.547897,0.714329,0.824115,0.499871,0.566216,O=C(NC1CC[NH2+]CC1)c1ccccc1
decoy_709,0.416909,0.484381,0.678263,0.780752,0.471965,0.528575,O=C(NCc1ccccc1)[C@@H]1CCC[NH2+]1
decoy_71,0.424951,0.359915,0.814751,0.808772,0.486389,0.434687,O=c1[nH]ncc2cocc12
decoy_710,0.437891,0.458951,0.709093,0.717754,0.501205,0.49108,O=C(NCc1ccccc1)[C@H]1CC[NH2+]C1
decoy_711,0.400246,0.342775,0.773858,0.723213,0.527074,0.470689,c1ncc2c3c(sc2n1)CCCCC3
decoy_712,0.322011,0.442223,0.528684,0.700829,0.34004,0.447265,c1csc(C[NH2+]Cc2ccncc2)c1
decoy_713,0.274546,0.416658,0.415571,0.671726,0.286361,0.414936,c1ccc(C[NH2+]Cc2cscn2)cc1
decoy_714,0.392312,0.415517,0.759601,0.767802,0.493459,0.479489,c1ccc(C[NH2+]CC2CC[NH2+]CC2)cc1
decoy_715,0.464742,0.567387,0.688756,0.817003,0.541669,0.599131,O=C(Nc1cnc[nH]c1=O)c1ccco1
decoy_716,0.373013,0.458452,0.640747,0.785367,0.42125,0.485099,O=C1CC[C@@H](C(=O)Nc2ccccc2)O1
decoy_717,0.372385,0.483783,0.556482,0.680122,0.384507,0.46925,O=C1OCC[NH+]=C1NNc1ccccc1
decoy_718,0.494122,0.522567,0.770362,0.806929,0.52376,0.515787,O=c1nc[nH]c2c1ccn2[C@@H]1CCCO1
decoy_719,0.447516,0.480632,0.757166,0.809981,0.490752,0.513376,O=c1[nH]ncc2ccn([C@@H]3CCCO3)c12
decoy_72,0.335692,0.28443,0.593756,0.582796,0.390941,0.352193,c1ccc2c(c1)OCCO2
decoy_720,0.514719,0.467517,0.754245,0.724003,0.545358,0.510483,O=c1[nH]cnc2c1N=C[C@@H]2[C@H]1CCCO1
decoy_721,0.466488,0.555427,0.713199,0.827316,0.520456,0.572925,O=C(CCn1cccn1)Nc1cn[nH]c1
decoy_722,0.511274,0.404209,0.65817,0.605612,0.476164,0.411603,O=C1N=C([O-])S/C1=C\c1ccccc1
decoy_723,0.306001,0.505063,0.44051,0.766741,0.330827,0.498948,O=C(Nc1nncs1)c1ccccc1
decoy_724,0.357774,0.443135,0.573037,0.703864,0.450291,0.512972,c1cnc(SCc2ncncn2)nc1
decoy_725,0.319252,0.381012,0.496813,0.532243,0.343391,0.38786,c1cc2c(cc1C[NH+]1CCCC1)OCO2
decoy_726,0.271686,0.364116,0.468903,0.673424,0.313748,0.389989,O=C1NCCCC[C@@H]1Oc1ccccc1
decoy_727,0.298563,0.41125,0.528552,0.757637,0.366899,0.453799,O=C(Nc1ccccc1)C1CCOCC1
decoy_728,0.458704,0.558855,0.719782,0.782889,0.519577,0.581775,O=C(Nc1ccccc1)[C@@H]1C[NH2+]CCN1
decoy_729,0.425903,0.563062,0.657082,0.81524,0.464215,0.579053,O=C(Nc1ccccn1)[C@H]1CCC[NH2+]C1
decoy_73,0.317641,0.276886,0.593659,0.587064,0.359405,0.352389,c1ccc2c(c1)COCO2
decoy_730,0.429209,0.531911,0.664866,0.7688,0.475429,0.542686,O=C(Nc1ccccn1)C1CC[NH2+]CC1
decoy_731,0.402341,0.547773,0.640541,0.80165,0.459884,0.56952,O=C(N[C@H]1CCC[NH2+]C1)c1cccnc1
decoy_732,0.404225,0.505073,0.656451,0.762021,0.454121,0.5315,O=C(Nc1ccccc1)N[C@H]1CC[NH2+]C1
decoy_733,0.435097,0.569972,0.683627,0.829195,0.512459,0.606765,O=C(NC1CC[NH2+]CC1)c1cccnc1
decoy_734,0.443638,0.484563,0.691348,0.712858,0.493384,0.49707,O=C(NC[C@H]1CC[NH2+]C1)c1cccnc1
decoy_735,0.338216,0.495592,0.567651,0.731796,0.386963,0.534854,C(Nc1ncccn1)=[NH+]C1CCNCC1
decoy_736,0.298648,0.428883,0.491239,0.650705,0.338514,0.442075,[NH2+]=C(Nc1ncccn1)N1CCCCC1
decoy_737,0.36608,0.436459,0.710396,0.787749,0.46779,0.499658,c1csc([C@@H]2CCn3nccc3N2)c1
decoy_738,0.361823,0.305925,0.525141,0.534315,0.346898,0.344277,c1nc(N2CCCC2)c2ccsc2n1
decoy_739,0.499408,0.415589,0.850425,0.794173,0.587599,0.519297,c1ccc(CCSc2ncn[nH]2)cc1
decoy_74,0.351516,0.291968,0.799553,0.778331,0.405581,0.387809,c1ccc2nsnc2c1
decoy_740,0.30171,0.415239,0.524399,0.887202,0.375752,0.471425,c1ccc(OCCC[NH+]2CCCC2)cc1
decoy_741,0.308101,0.358876,0.528007,0.56072,0.356012,0.386908,c1ccc(OCC[NH+]2CCCCC2)cc1
decoy_742,0.419636,0.49917,0.681695,0.787875,0.486129,0.536962,c1ccc(CNCC2CC[NH2+]CC2)nc1
decoy_743,0.278659,0.396243,0.532299,0.724703,0.31996,0.447237,c1ccc(NCCC[NH+]2CCCC2)nc1
decoy_744,0.398247,0.430569,0.600914,0.61978,0.424974,0.453508,O=c1ncc2[nH]cnc2n1[C@@H]1CCCO1
decoy_745,0.402304,0.555204,0.610148,0.762016,0.432361,0.574421,O=C1N=C[C@@H](NC(=O)c2ccc[nH]2)CN1
decoy_746,0.486131,0.507169,0.729466,0.751278,0.531807,0.540508,O=c1[nH]cnc2c1ncn2[C@@H]1CCCO1
decoy_747,0.457823,0.497447,0.699898,0.744757,0.485672,0.527804,O=c1ncc2ncn([C@@H]3CCCO3)c2[nH]1
decoy_748,0.409434,0.434436,0.665933,0.683656,0.46226,0.481879,O=C1N=CN=C2C1=NCN2[C@@H]1CCCO1
decoy_749,0.416315,0.463018,0.669804,0.670978,0.457979,0.492397,O=C(N/N=C/c1ccco1)[C@@H]1C=CNN1
decoy_75,0.362513,0.310336,0.787392,0.780395,0.434157,0.38797,c1ncc2ccsc2n1
decoy_750,0.274362,0.357153,0.537267,0.636197,0.356165,0.424214,c1cc2c(cc1C1CCOCC1)OCO2
decoy_751,0.272121,0.365804,0.521636,0.840673,0.304106,0.385497,O=C(O[C@@H]1CCCCO1)c1ccccc1
decoy_752,0.56257,0.470306,0.852416,0.795136,0.591825,0.518468,[H]/N=C1/NC(=O)[C@H](Cc2ccccc2)S1
decoy_753,0.503264,0.42957,0.811258,0.772155,0.551639,0.494844,O=c1[nH]cnc2sc3c(c12)CCCC3
decoy_754,0.483304,0.487507,0.686947,0.722875,0.544479,0.538124,Nc1nc(-c2ccccc2)nc(=S)[nH]1
decoy_755,0.254975,0.30925,0.49887,0.584103,0.320171,0.369236,c1ccc(CCO[C@@H]2CCCCO2)cc1
decoy_756,0.40607,0.359563,0.967254,0.924548,0.514172,0.456084,C=C1CCC[C@H]2C[C@@H]3OC(=O)C[C@H]3C[C@@H]12
decoy_757,0.28558,0.385027,0.493278,0.658681,0.336494,0.40567,c1ccc(NC[NH2+][C@@H]2CCCCO2)cc1
decoy_758,0.285301,0.355879,0.522117,0.582402,0.336677,0.391506,c1ccc(SCc2cccs2)cc1
decoy_759,0.309025,0.439941,0.471209,0.692395,0.319002,0.468504,c1ccc(-c2cnc3cccnc3n2)cc1
decoy_76,0.19999,0.205732,0.471405,0.490016,0.286135,0.322811,C1C2CC3CC1CC(C2)C3
decoy_760,0.321113,0.297709,0.466628,0.436022,0.30551,0.317643,O=S(=O)(c1ccccc1)n1cccc1
decoy_761,0.528441,0.584731,0.774152,0.859819,0.549157,0.581353,O=c1[nH]cc(CSc2ccccn2)[nH]1
decoy_762,0.578207,0.475663,0.843996,0.784234,0.580194,0.504528,O=c1[nH]nc(SCc2ccccc2)[nH]1
decoy_763,0.500336,0.42546,0.746224,0.709208,0.529992,0.47432,O=c1nn[nH]c2sc3c(c12)CCCC3
decoy_764,0.279859,0.378509,0.588446,0.925428,0.370961,0.439833,c1ccc(OCCN2CCOCC2)cc1
decoy_765,0.352172,0.386101,0.883112,0.914129,0.415718,0.42025,c1ccc(CC2=c3ccccc3=NC2)cc1
decoy_766,0.281577,0.305355,0.576005,0.590298,0.363924,0.406217,c1ccc(Cn2ccc3ccccc32)cc1
decoy_767,0.274786,0.373899,0.471554,0.613394,0.301514,0.409879,c1cn2cc(N3CCCCC3)nc2s1
decoy_768,0.299376,0.36934,0.503318,0.60923,0.320861,0.373592,c1cc2cc3c(nc2s1)CCSC3
decoy_769,0.397998,0.321755,0.574786,0.524792,0.406536,0.367553,O=C1c2ccccc2C(=O)c2ccccc21
decoy_77,0.342382,0.333654,0.689036,0.749131,0.420062,0.415181,c1cn(-c2cnon2)nn1
decoy_770,0.462235,0.423233,0.711987,0.683148,0.541899,0.516979,O=C1NC=N[C@H]2[C@@H]1N=CN2[C@H]1CCCO1
decoy_771,0.321844,0.450821,0.484494,0.635488,0.333729,0.445762,c1ccc(-c2cnc3ncncc3n2)cc1
decoy_772,0.316118,0.43461,0.474307,0.6632,0.326644,0.45965,c1ccc(-c2ncc3nccnc3n2)cc1
decoy_773,0.401507,0.453967,0.655984,0.701031,0.459193,0.488094,O=c1ccnc(SCc2ccco2)[nH]1
decoy_774,0.367468,0.418019,0.623876,0.671826,0.41868,0.457579,O=C(NCc1ccco1)c1ccns1
decoy_775,0.414068,0.587718,0.599266,0.822766,0.454288,0.597947,O=c1ccnc(SCc2cn[nH]c2)[nH]1
decoy_776,0.364488,0.468083,0.571759,0.717699,0.405521,0.472848,O=C(Cn1cnnc1)Nc1cccs1
decoy_777,0.273488,0.307694,0.563223,0.597059,0.320852,0.376618,C1=C[C@@H](c2ccccc2)c2ccccc2O1
decoy_778,0.290539,0.353132,0.507915,0.773696,0.31213,0.368866,c1ccc(Cn2cnc3ccccc32)cc1
decoy_779,0.308294,0.390226,0.477595,0.558828,0.317529,0.389968,NC1=[N+](c2ccccc2)Cc2ccccc21
decoy_78,0.302725,0.381035,0.402519,0.597686,0.306202,0.374662,c1coc(C[NH2+]C2CC2)c1
decoy_780,0.277579,0.433775,0.461194,0.65843,0.321971,0.469795,O=C(C[NH+]1CCCCC1)Nc1cn[nH]c1
decoy_781,0.420339,0.494,0.69351,0.769693,0.474939,0.536691,O=C(Cn1cccn1)NC1CC[NH2+]CC1
decoy_782,0.330117,0.28434,0.548288,0.523208,0.366818,0.346736,c1scc2c1COCc1cscc1-2
decoy_783,0.362946,0.405778,0.699884,0.740102,0.427408,0.450732,c1cnc(SCc2cccs2)nc1
decoy_784,0.275568,0.326997,0.549641,0.605221,0.33739,0.377243,c1ccc(CS[C@H]2CCCCO2)cc1
decoy_785,0.511271,0.425416,0.930815,0.884183,0.585505,0.522989,Nc1nc2c(s1)C[C@@H]1CCCC[C@@H]1C2
decoy_786,0.451384,0.365178,0.701563,0.653726,0.513272,0.45489,O=C1c2ccccc2C(=O)c2cnccc21
decoy_787,0.307662,0.415523,0.467158,0.616211,0.336586,0.435825,O=C(Cn1cnnc1)Nc1nccs1
decoy_788,0.289782,0.356492,0.515669,0.576811,0.351671,0.393368,c1ccc(Oc2cc3ccccc3[nH]2)cc1
decoy_789,0.295132,0.363114,0.508468,0.66958,0.312702,0.383891,c1ccc(Cn2cnc3ccccc32)nc1
decoy_79,0.369755,0.366103,0.688179,0.724095,0.413829,0.420921,O=C1C=CC2(CCCC2)N1
decoy_790,0.38399,0.396318,0.595141,0.59042,0.390282,0.41335,C1=C[C@@H](c2ccccc2)c2cncnc2[N-]1
decoy_791,0.303862,0.415124,0.562706,0.792585,0.374943,0.471573,c1ccc(Nc2cccc3ccnn23)cc1
decoy_792,0.42262,0.43345,0.7115,0.737763,0.465184,0.479599,[H]/N=C1/C=CC2=N[C@@H](c3ccccc3)NC2=C1
decoy_793,0.390116,0.535863,0.663453,0.77078,0.460308,0.571711,O=C(Nc1cn[nH]c1)NC1CC[NH2+]CC1
decoy_794,0.435695,0.560787,0.708524,0.810937,0.501481,0.594223,O=C(NCc1cn[nH]c1)N1CC[NH2+]CC1
decoy_795,0.29526,0.392613,0.515313,0.623593,0.344008,0.412999,c1cn2cc(N3CCOCC3)nc2s1
decoy_796,0.51088,0.43024,0.690345,0.615551,0.514213,0.460048,NC1=[NH+]CNc2sc3c(c21)CCOC3
decoy_797,0.280657,0.354046,0.573236,0.642721,0.390331,0.463972,c1ccc(N2CCc3ccccc3C2)cc1
decoy_798,0.259709,0.328213,0.439245,0.509196,0.308816,0.36346,c1ccc([C@@H]2[NH2+]CCc3ccccc32)cc1
decoy_799,0.284232,0.32863,0.475037,0.494861,0.318218,0.348769,[NH2+]=C(Cc1ccccc1)Cc1ccccc1
decoy_8,0.319077,0.341746,0.62707,0.711049,0.403999,0.449016,O=c1cc[nH]c(=O)[nH]1
decoy_80,0.313963,0.432625,0.534131,0.758851,0.336849,0.494904,O=C1NCNc2nc[nH]c21
decoy_800,0.265839,0.411273,0.467202,0.814228,0.295831,0.411591,O=C(NC1CCCCC1)c1cccs1
decoy_801,0.259838,0.340014,0.535077,0.733861,0.347073,0.390729,O=C(NC1CCCCC1)C1CCCCC1
decoy_802,0.3018,0.344661,0.439017,0.446829,0.303853,0.315272,c1csc(C[NH2+]Cc2cccs2)c1
decoy_803,0.297464,0.392582,0.429229,0.638297,0.317891,0.407884,c1csc(C[NH2+]Cc2ccsc2)c1
decoy_804,0.324769,0.297649,0.52871,0.504663,0.335465,0.326479,O=C1c2ccccc2C(=O)[C@@H]2C=CC=C[C@H]12
decoy_805,0.299797,0.37165,0.531928,0.602638,0.341883,0.405269,O=C(C(=O)c1ccccc1)c1ccccc1
decoy_806,0.267376,0.317855,0.44923,0.472517,0.296447,0.357501,c1ccc(-c2n[nH]cc2-c2ccco2)cc1
decoy_807,0.290602,0.421125,0.475329,0.741815,0.320395,0.45595,c1ccc(-c2cc(-c3ccc[nH]3)on2)cc1
decoy_808,0.286822,0.367884,0.49994,0.586746,0.306271,0.372431,c1ccc(-n2ccc(-c3ccco3)n2)cc1
decoy_809,0.319369,0.49142,0.479036,0.771849,0.350919,0.484619,O=C1Nc2ccccc2/C1=C/c1ccc[nH]1
decoy_81,0.301097,0.289539,0.569586,0.566144,0.339885,0.343402,C1CCC2=C(C1)CCOC2
decoy_810,0.44689,0.481393,0.685422,0.680994,0.453944,0.472803,O=C1NCN[C@@H]2[C@@H]1[NH+]=CN2[C@H]1CCCO1
decoy_811,0.404828,0.526847,0.647934,0.770495,0.453486,0.53274,O=C1CN(CC2=CCNC(=O)N2)CCN1
decoy_812,0.417801,0.579083,0.689217,0.80298,0.475178,0.575728,O=c1[nH]cc(NC2CC[NH2+]CC2)c(=O)[nH]1
decoy_813,0.411029,0.516445,0.65983,0.801989,0.451064,0.54956,O=C(NC[C@H]1CCCO1)Nc1cn[nH]c1
decoy_814,0.450701,0.3621,0.699191,0.629767,0.478265,0.438942,C1=N\c2cncnc2Nc2ccccc2C/1
decoy_815,0.399739,0.354,0.702251,0.669384,0.460204,0.434286,c1ccc(Cn2cnc3cncnc32)cc1
decoy_816,0.306547,0.404306,0.573003,0.747532,0.397111,0.461698,C(=N/N=C/c1ccccn1)\c1ccccn1
decoy_817,0.334561,0.427269,0.519599,0.605554,0.375152,0.443246,C=C(C(=O)c1ccccc1)[n+]1ccccc1
decoy_818,0.339539,0.377759,0.853534,0.897154,0.39423,0.416515,O=C1C=CC[C@H](CO[C@H]2CCCCO2)C1
decoy_819,0.441022,0.444954,0.805945,0.819075,0.495499,0.488368,O=C1CC[C@H](C(=O)N2CCCCC2)CN1
decoy_82,0.298739,0.267385,0.581139,0.569557,0.346451,0.350936,c1cc2c(s1)CCCC2
decoy_820,0.283283,0.400104,0.54154,0.881571,0.341725,0.405261,c1ccc(N2CCc3ccccc3C2)nc1
decoy_821,0.285968,0.391146,0.537393,0.746989,0.350938,0.44254,C=C(Nc1ccccc1)Nc1ccccc1
decoy_822,0.327188,0.487442,0.47678,0.784431,0.34127,0.479432,O=C(Nc1nccs1)c1cccs1
decoy_823,0.392315,0.520217,0.75594,0.829495,0.428355,0.539391,C(CNC1=[NH+]CCN1)CNC1=[NH+]CCN1
decoy_824,0.327371,0.418039,0.524808,0.678059,0.372413,0.447744,c1cnc(SCc2csnn2)nc1
decoy_825,0.461802,0.522596,0.751894,0.798365,0.510168,0.539661,O=C1C[C@H]2CC(S[C@H]3CC[NH2+]C3)=CN12
decoy_826,0.431223,0.610385,0.675033,0.882585,0.504268,0.636343,O=C(NC1CC[NH2+]CC1)c1cccs1
decoy_827,0.405801,0.434261,0.710067,0.732275,0.499114,0.514088,O=C(CC1CCCC1)NC1CC[NH2+]CC1
decoy_828,0.444285,0.467497,0.744955,0.753995,0.501428,0.510405,O=C(NC1CC[NH2+]CC1)C1CCCCC1
decoy_829,0.308354,0.37072,0.448916,0.475471,0.314017,0.341169,c1csc(C[NH2+]Cc2cscn2)c1
decoy_83,0.256305,0.246932,0.581224,0.546707,0.35346,0.354444,C1CC[C@H]2CCCC[C@H]2C1
decoy_830,0.39328,0.426124,0.751012,0.765194,0.476798,0.48146,c1csc(C[NH2+]CC2CC[NH2+]CC2)c1
decoy_831,0.292291,0.407405,0.492961,0.669145,0.339031,0.4231,c1csc(CNCC[NH+]2CCCC2)c1
decoy_832,0.3017,0.393269,0.607361,0.757414,0.359899,0.484859,C1CCC([NH2+]CCCCNC2CC2)CC1
decoy_833,0.325719,0.366607,0.647904,0.699951,0.423381,0.449842,C(CCNC1CC1)CC[NH+]1CCCCC1
decoy_834,0.560821,0.484893,0.785837,0.733903,0.580247,0.518445,O=c1cc(N[C@@H]2CCCCO2)[nH]c(=O)[nH]1
decoy_835,0.394498,0.541049,0.65076,0.753267,0.442215,0.547026,O=c1[nH]nc(N2CCC[NH2+]CC2)c(=O)[nH]1
decoy_836,0.442963,0.54106,0.689737,0.804839,0.52834,0.593742,c1ccc(Nc2ncnc3[nH]cnc23)cc1
decoy_837,0.306237,0.481685,0.4317,0.648299,0.32033,0.448734,Nc1c2c[nH]nc2nc[n+]1-c1ccccc1
decoy_838,0.404844,0.601806,0.608345,0.800422,0.460279,0.608607,O=C1NCC=C(CSc2ncn[nH]2)N1
decoy_839,0.277127,0.334127,0.502026,0.55256,0.327301,0.364753,O=C(NCc1ccccc1)c1ccccc1
decoy_84,0.385489,0.346808,0.681518,0.684224,0.408345,0.389223,O=C1NCC2=C1CCCO2
decoy_840,0.283199,0.432365,0.503048,0.840512,0.318732,0.436514,O=C(NC[C@H]1CCCO1)c1cccs1
decoy_841,0.283553,0.304653,0.443113,0.444122,0.305241,0.32245,O=S(=O)(NC1CCC1)c1ccccc1
decoy_842,0.357267,0.293756,0.525442,0.507283,0.342489,0.326491,c1ccc(-c2ccnc3sccc23)cc1
decoy_843,0.41323,0.581681,0.641395,0.819932,0.46764,0.612218,O=c1ccnc(SC2CC[NH2+]CC2)[nH]1
decoy_844,0.423918,0.576095,0.65593,0.816488,0.475006,0.590729,O=C(NC1CC[NH2+]CC1)c1cncs1
decoy_845,0.427566,0.58585,0.664923,0.830212,0.489088,0.597403,O=C(Nc1nccs1)C1CC[NH2+]CC1
decoy_846,0.396861,0.358674,0.785874,0.773805,0.495397,0.453175,C1=CC2=CC[NH2+]C[C@H]2[C@@H](c2ccccc2)C1
decoy_847,0.441384,0.400364,0.836653,0.820124,0.515219,0.480374,c1ccc(CC[NH2+]Cc2ccccc2)cc1
decoy_848,0.398199,0.443451,0.697428,0.706049,0.499969,0.505208,O=C(NC1CC[NH2+]CC1)[C@H]1CCCNC1
decoy_849,0.45298,0.507908,0.785428,0.88544,0.529804,0.57085,C1CCN(CCCN2CC[NH2+]CC2)CC1
decoy_85,0.368333,0.339613,0.686682,0.698957,0.442672,0.424987,c1cn([C@@H]2CCCO2)nn1
decoy_850,0.49476,0.408634,0.613284,0.570456,0.45782,0.425287,[O-]C1=c2ccccc2=NC(=C2C=NN=C2)N1
decoy_851,0.455078,0.554495,0.671561,0.752434,0.489507,0.541671,O=C1NCNC=C1CSc1nnco1
decoy_852,0.413096,0.379554,0.89625,0.886195,0.469945,0.441527,O=C1CCO[C@@H]2O[C@@H]3CCCC[C@@H]3O[C@H]12
decoy_853,0.273575,0.324297,0.518111,0.552096,0.326501,0.359405,O=C(OCc1ccccc1)c1ccccc1
decoy_854,0.287108,0.404271,0.478063,0.678128,0.32552,0.440248,O=C(Nc1ccccc1)Nc1ccccc1
decoy_855,0.329986,0.393816,0.530419,0.569438,0.365659,0.404275,c1ccc(C2=NC[NH2+][C@H]2c2c[nH]cn2)cc1
decoy_856,0.341741,0.381937,0.592789,0.633589,0.38378,0.418231,c1ccc(C2=NCN[C@@H]2c2ncc[nH]2)cc1
decoy_857,0.347421,0.385602,0.701525,0.756325,0.4167,0.440888,C1=CNN2C=NN(Cc3ccccc3)C2=C1
decoy_858,0.303034,0.438632,0.511033,0.769603,0.343717,0.442021,O=C(NC[C@H]1CCCO1)c1ccns1
decoy_859,0.315345,0.41959,0.505881,0.715682,0.335751,0.432542,c1ccc(-c2ncc3ccsc3n2)cc1
decoy_86,0.361597,0.319564,0.872395,0.87634,0.395726,0.379065,c1nc2c(s1)CCCC2
decoy_860,0.409352,0.443962,0.700231,0.732416,0.494009,0.494562,O=C(NC[C@H]1CCCCO1)[C@@H]1CCC[NH2+]1
decoy_861,0.429547,0.448506,0.802331,0.837322,0.498093,0.511972,c1ccc2c(c1)c1c3n2CC[NH2+][C@H]3CCC1
decoy_862,0.291765,0.399894,0.489842,0.702723,0.342094,0.423194,c1ccc(-c2c[nH]c(C3CCCC3)[nH+]2)cc1
decoy_863,0.358301,0.403011,0.806905,0.861159,0.389538,0.41716,c1ccc2c(N3CCCCC3)cc[nH+]c2c1
decoy_864,0.407394,0.441555,0.696809,0.693673,0.473568,0.488946,O=C(NC1CCNCC1)N1CC[NH2+]CC1
decoy_865,0.544336,0.417852,0.683242,0.601442,0.540191,0.443053,O=c1[nH]c([O-])nc2nc3ccccc3cc12
decoy_866,0.286902,0.376097,0.509621,0.623527,0.335364,0.425035,c1ccc(Nc2ccc3c(c2)OCO3)cc1
decoy_867,0.464618,0.464445,0.899742,0.922642,0.512676,0.493858,O=C1Cc2cc(Cc3ccoc3)ccc2N1
decoy_868,0.273892,0.441842,0.480948,0.854535,0.322465,0.483158,O=C(N/C=C/c1ccccc1)c1ccco1
decoy_869,0.345474,0.376315,0.687558,0.713282,0.428323,0.427729,O=C(OCc1ccccc1)c1ccccn1
decoy_87,0.398052,0.382798,0.798544,0.82744,0.487293,0.465698,C1CCC2(CCCC2)[NH2+]C1
decoy_870,0.415161,0.501538,0.666776,0.817061,0.441804,0.513203,O=C1Cc2cc(Cc3cc[nH]n3)ccc2N1
decoy_871,0.432118,0.513128,0.701917,0.814302,0.467266,0.528587,O=C(/C=C/c1ccccc1)Nc1cn[nH]c1
decoy_872,0.471511,0.501129,0.762103,0.803551,0.576583,0.578578,C(=C/c1ccccc1)\C=N\Nc1ncn[nH]1
decoy_873,0.329656,0.366699,0.851731,0.913014,0.416698,0.437496,c1ccc(NCCOc2ccccc2)cc1
decoy_874,0.327335,0.365409,0.620729,0.640706,0.398945,0.421784,O=c1ccn(CCCc2ccccc2)cc1
decoy_875,0.476405,0.468154,0.808709,0.840822,0.545619,0.541274,c1ccc2c(N3CC[NH2+]CC3)cc[nH+]c2c1
decoy_876,0.496881,0.505604,0.789234,0.78871,0.514437,0.507671,c1ccc2nc(N3CC[NH2+]CC3)ccc2c1
decoy_877,0.448738,0.53219,0.748225,0.889179,0.522129,0.583562,c1ccc(NCCNc2cccc[nH+]2)cc1
decoy_878,0.584395,0.472709,0.820777,0.785031,0.602628,0.521972,O=c1[nH]nc(SCc2cccs2)[nH]1
decoy_879,0.303909,0.37774,0.537454,0.611108,0.346247,0.413613,c1csc(Cc2c[nH]c3ccccc23)c1
decoy_88,0.295186,0.367946,0.474692,0.803663,0.335345,0.396341,C1CCC([NH+]2CCCC2)C1
decoy_880,0.318413,0.346747,0.839727,0.875695,0.40074,0.41291,C1=C[C@H](c2ccccc2)c2ccsc2N1
decoy_881,0.371684,0.490772,0.600048,0.754893,0.460544,0.532949,c1nnc(-c2ccc(-c3nnco3)cc2)o1
decoy_882,0.537192,0.427477,0.687288,0.605088,0.539812,0.45221,O=c1[nH]c([O-])nc2nc3ccccc3nc12
decoy_883,0.559676,0.467648,0.89318,0.84334,0.586439,0.51184,O=c1[nH]c2ccc(Cc3ccco3)cc2[nH]1
decoy_884,0.571905,0.476686,0.903023,0.852851,0.592659,0.516462,O=c1[nH]c2ccc(Cc3ccoc3)cc2[nH]1
decoy_885,0.478493,0.413548,0.687069,0.634771,0.496011,0.447643,O=c1nc(N/N=C/c2ccccc2)cc[nH]1
decoy_886,0.4302,0.513409,0.641863,0.75658,0.461193,0.529127,O=c1[nH]c2ccc(Cc3cc[nH]n3)cc2[nH]1
decoy_887,0.52563,0.504116,0.747076,0.760186,0.541735,0.540283,O=c1[nH]c2ccc(Cc3cn[nH]c3)cc2[nH]1
decoy_888,0.376055,0.423734,0.614902,0.678267,0.457327,0.476053,O=C(NNc1ccncn1)c1ccccc1
decoy_889,0.29803,0.346309,0.588147,0.644732,0.373266,0.42639,C1CC[C@@H](O[C@H]2CC[C@H]3OC[C@@H]2O3)OC1
decoy_89,0.284673,0.397019,0.440989,0.652885,0.311037,0.400951,C1CCC([NH2+]CC2CC2)C1
decoy_890,0.299856,0.359101,0.558638,0.628888,0.371016,0.429796,C1CC[C@@H](O[C@H]2CO[C@H]3OC[C@@H]3C2)OC1
decoy_891,0.256483,0.309293,0.54953,0.582339,0.343112,0.359265,c1ccc(OCCOc2ccccc2)cc1
decoy_892,0.282408,0.301337,0.515837,0.514116,0.322127,0.334124,O=C1C=C[C@]2(CO2)[C@@H]2[C@H]1[C@@H]1C=C[C@H]2C12CC2
decoy_893,0.388546,0.423435,0.829958,0.874769,0.434925,0.450856,c1ccc2c(N3CCOCC3)cc[nH+]c2c1
decoy_894,0.304429,0.375897,0.552559,0.637478,0.353359,0.408382,c1ccc2nc(N3CCOCC3)ccc2c1
decoy_895,0.351476,0.388016,0.745876,0.785763,0.467571,0.486895,c1ccc(OCCCc2cncnc2)cc1
decoy_896,0.255778,0.353983,0.436007,0.609405,0.287913,0.38556,C(\NCc1ccccc1)=[NH+]/Cc1ccco1
decoy_897,0.354897,0.449211,0.643765,0.815317,0.394547,0.476751,O=C1CCC[C@@H](c2c[nH]c3ccccc23)N1
decoy_898,0.487014,0.545769,0.740169,0.811577,0.526949,0.568821,c1ccc2nc(N3CC[NH2+]CC3)ncc2c1
decoy_899,0.353852,0.472921,0.586431,0.701744,0.400871,0.502313,c1ccc([C@H]2[NH2+]CN[C@@H]2c2c[nH]cn2)cc1
decoy_9,0.36491,0.379742,0.706349,0.801378,0.440263,0.455882,O=C1CCCC(=O)N1
decoy_90,0.404278,0.344904,0.639782,0.621018,0.426512,0.399622,C=C1C(=O)NC(=O)N=C1[O-]
decoy_900,0.378387,0.434258,0.633474,0.665859,0.45161,0.508858,c1ccc([C@H]2[NH2+]CN[C@@H]2c2ncc[nH]2)cc1
decoy_901,0.37349,0.508977,0.683716,0.868695,0.45739,0.569302,c1ccc(NCCNc2ccccn2)nc1
decoy_902,0.348082,0.361025,0.847573,0.869295,0.377539,0.39619,C1=C[C@@H](c2ccccc2)N2C=CSC2=N1
decoy_903,0.319719,0.409145,0.64776,0.830442,0.371979,0.437976,C1=C[C@H](c2cccnc2)c2ccsc2N1
decoy_904,0.30907,0.407551,0.506293,0.650335,0.33555,0.402277,[H]/N=C(/C=C/c1ccccc1)c1cncs1
decoy_905,0.262268,0.319345,0.566838,0.648024,0.352681,0.384161,C1CC[C@H](COC[C@@H]2CCCCO2)OC1
decoy_906,0.363901,0.358049,0.936249,0.93304,0.456861,0.438253,O=C1C=C[C@H]2[C@@H]3CC[C@@H]4C[C@@H]4[C@@H]3C=CC[C@H]12
decoy_907,0.327384,0.422855,0.547896,0.713753,0.366895,0.445539,O=C1OCCOc2c1cnc1ccccc21
decoy_908,0.348637,0.455654,0.502709,0.653889,0.358027,0.458213,O=C1CCNc2c1[nH]c(=O)c1cccnc21
decoy_909,0.441184,0.472983,0.752655,0.737491,0.510125,0.51995,N/C(=N\N=C\c1ccccc1)c1cnon1
decoy_91,0.261739,0.379861,0.376883,0.622104,0.292404,0.415772,O=C1NCC[N@H+]2CCC[C@@H]12
decoy_910,0.402474,0.424545,0.78197,0.83293,0.477903,0.479246,[NH2+]=C(C/C=C/c1ccco1)Cc1ccco1
decoy_911,0.275809,0.415579,0.493867,0.872397,0.316518,0.447677,O=C(Cc1ccccc1)NCc1ccco1
decoy_912,0.297929,0.395445,0.495445,0.59465,0.331249,0.386431,C1=CN=C([C@H]2NN[C@H](c3ccccc3)O2)C1
decoy_913,0.274235,0.418202,0.428378,0.686427,0.30519,0.436551,c1ccc(C[N@H+]2C[C@@H](c3ncno3)C2)cc1
decoy_914,0.30113,0.39154,0.523721,0.617954,0.338038,0.421011,c1ccc2c(c1)=NCC=2CC[C@H]1N=NCO1
decoy_915,0.40244,0.356093,0.71091,0.668436,0.486549,0.456481,c1nc(N2CCCCC2)c2ncncc2n1
decoy_916,0.493164,0.514338,0.822201,0.790419,0.567208,0.572387,C1=C(c2ccccc2)N=N[C@H]1[C@H]1NCNN1
decoy_917,0.36139,0.504681,0.570035,0.735037,0.411564,0.526785,c1ccc(NCCNc2ccncn2)[nH+]c1
decoy_918,0.448116,0.377561,0.714609,0.67111,0.505107,0.460389,c1ccc2c(c1)CNc1cncnc1S2
decoy_919,0.376151,0.336845,0.740096,0.706392,0.458452,0.444893,c1ccc(Cc2cn3ncnc3s2)cc1
decoy_92,0.263149,0.297694,0.530513,0.593947,0.318286,0.36196,c1cc2c(s1)COCC2
decoy_920,0.454914,0.529024,0.720315,0.827683,0.508946,0.565447,c1ccc2c(CN3CC[NH2+]CC3)c[nH]c2c1
decoy_921,0.369362,0.457851,0.692964,0.883849,0.420902,0.488178,c1ccc(NCCCCn2cc[nH+]c2)cc1
decoy_922,0.288711,0.393263,0.53699,0.705124,0.319339,0.405444,c1ccc(C[NH2+]CCCn2cccn2)cc1
decoy_923,0.293909,0.389165,0.447588,0.530323,0.322339,0.373711,c1csc(C[NH+]2Cc3ccccc3C2)c1
decoy_924,0.239038,0.302779,0.449873,0.51603,0.30253,0.356174,c1ccc([C@H]2[NH2+]CC[C@H]3CCCC[C@@H]32)cc1
decoy_925,0.480247,0.411887,0.626874,0.566287,0.496756,0.452272,C=C1C(=O)N(c2ccccc2)C(=O)N=C1[O-]
decoy_926,0.257428,0.328537,0.498906,0.596061,0.306882,0.389064,c1coc(Cc2ccc3c(c2)OCCO3)c1
decoy_927,0.356494,0.396168,0.686665,0.736747,0.389163,0.426339,O=C1CCCc2c1ccn2Cc1ccon1
decoy_928,0.373846,0.404761,0.593541,0.608268,0.385153,0.399911,O=C1NC(=O)[C@H]2C[NH2+][C@@H](c3ccccc3)[C@@H]12
decoy_929,0.290967,0.426552,0.476137,0.686161,0.32292,0.445068,c1cc(Nc2onc3c2CCCC3)ncn1
decoy_93,0.37938,0.450655,0.618925,0.723358,0.426581,0.503354,C1CC2(CC[NH2+]1)CC[NH2+]C2
decoy_930,0.30246,0.387258,0.470429,0.561581,0.314652,0.38711,C1=C([C@H]2N[C@@H](c3ccccc3)NO2)CN=N1
decoy_931,0.432937,0.527733,0.65241,0.764245,0.479246,0.568567,O=C1NCC[C@H](c2c[nH+]c[nH]2)c2cc[nH]c21
decoy_932,0.284671,0.391185,0.437095,0.606118,0.318917,0.396898,O=S(=O)(c1cc[nH]c1)N1CCOCC1
decoy_933,0.322787,0.3917,0.591103,0.71633,0.35501,0.41398,c1cnn(Cc2ncc3ccsc3n2)c1
decoy_934,0.31557,0.40941,0.490209,0.641402,0.327851,0.417069,O=C1Nc2ccccc2[C@@H]1[NH+]1CCCCC1
decoy_935,0.435356,0.44076,0.787581,0.80081,0.479609,0.469753,O=c1[nH]c2ccc(CC3CCCC3)cc2[nH]1
decoy_936,0.35487,0.38902,0.679836,0.724366,0.41231,0.443517,O=C(N[C@H]1C[C@H]2C[C@H](C2)C1)c1cccnc1
decoy_937,0.449407,0.454544,0.713425,0.725042,0.491066,0.484217,c1ccn2cc(CN3CC[NH2+]CC3)nc2c1
decoy_938,0.378489,0.438921,0.715529,0.712698,0.460482,0.471621,NC1=[NH+]c2ccccc2NC12CC[NH2+]CC2
decoy_939,0.294802,0.40268,0.540959,0.869998,0.327076,0.402053,c1ccc(N2CCc3sccc3C2)nc1
decoy_94,0.399101,0.430545,0.663875,0.712177,0.448199,0.455318,C1C[NH+](CC2CC2)CCN1
decoy_940,0.28496,0.412728,0.504823,0.740355,0.333448,0.445039,c1ccc(CCSc2ncccn2)cc1
decoy_941,0.394547,0.481609,0.713173,0.864782,0.462341,0.533574,c1ccc(N[C@H]2CC[NH2+]C3(CCC3)C2)cc1
decoy_942,0.339723,0.346943,0.630231,0.63728,0.425032,0.41339,C(C#CC1CC[NH2+]CC1)#CC1CCNCC1
decoy_943,0.305737,0.398516,0.521623,0.710271,0.352054,0.425228,c1ccc(N[C@H]2CC[N@@H+]3CCCC[C@@H]23)cc1
decoy_944,0.51557,0.530748,0.762977,0.790243,0.575403,0.566335,O=c1cc(NCc2ccccc2)[nH]c(=O)[nH]1
decoy_945,0.497286,0.532687,0.755866,0.802507,0.554869,0.554986,O=c1[nH]cc(NCc2ccccc2)c(=O)[nH]1
decoy_946,0.306795,0.38798,0.553954,0.849974,0.332544,0.406393,C1=Nc2ccccc2[C@H]1O[C@@H]1CCCCO1
decoy_947,0.303427,0.355359,0.538192,0.573728,0.347177,0.388738,c1ccc2c(O[C@@H]3CCCCO3)c[nH]c2c1
decoy_948,0.339347,0.387933,0.818278,0.905115,0.400493,0.436169,c1ccc2[nH]c(O[C@@H]3CCCCO3)cc2c1
decoy_949,0.528475,0.452136,0.808791,0.746186,0.549743,0.497805,O=C1CC2(CC[NH2+]CC2)Oc2ccccc21
decoy_95,0.406416,0.408664,0.66605,0.685632,0.446377,0.451769,C1C[NH2+]C[C@@H]2CCCN2C1
decoy_950,0.335269,0.443571,0.560853,0.699146,0.382466,0.448247,c1coc(C[NH2+][C@H]2CCCc3[nH]ncc32)c1
decoy_951,0.466358,0.553403,0.748622,0.875139,0.570414,0.636676,c1ccc2c(CC[C@H]3NNCO3)c[nH]c2c1
decoy_952,0.443477,0.458691,0.6959,0.708684,0.469655,0.464035,O=C1NCC=C(C[NH2+]Cc2ccccc2)N1
decoy_953,0.452547,0.493056,0.710319,0.732947,0.500755,0.521276,O=c1[nH]c2ccccc2n1C1CC[NH2+]CC1
decoy_954,0.294653,0.362453,0.489075,0.544624,0.328084,0.373866,O=C(NCc1cccs1)c1ccccc1
decoy_955,0.434038,0.464454,0.76701,0.826652,0.516059,0.528997,c1c[nH]c(Sc2ccc3c(n2)CCC3)n1
decoy_956,0.432237,0.471309,0.786111,0.841286,0.503157,0.520248,c1cc(Nc2cc3c(s2)CCC3)ncn1
decoy_957,0.259168,0.334978,0.495406,0.683497,0.323961,0.385515,O=C(Cc1ccccc1)NC1CCCCC1
decoy_958,0.444603,0.535743,0.770043,0.909202,0.5047,0.567441,O=C(CCC1CC[NH2+]CC1)c1ccccc1
decoy_959,0.2431,0.362594,0.470996,0.762029,0.293667,0.422448,O=C(NC1CCCCCC1)c1ccccc1
decoy_96,0.300195,0.34732,0.443203,0.485527,0.346807,0.387091,C1CC[NH+]([C@H]2CCOC2)C1
decoy_960,0.256453,0.394462,0.506569,0.842431,0.313572,0.422167,O=C(NCC1CCCCC1)c1ccccc1
decoy_961,0.300092,0.339848,0.510618,0.566126,0.353616,0.40839,C1OC[C@@H]2OCO[C@H]3COCO[C@H]3[C@H]2O1
decoy_962,0.41614,0.580825,0.631685,0.797222,0.465138,0.600908,O=c1ccnc(CCc2nccc(=O)[nH]2)[nH]1
decoy_963,0.322074,0.399148,0.565852,0.729343,0.33543,0.427081,O=C1CCCC2=C1CC1=C(CCCC1=O)O2
decoy_964,0.289882,0.340908,0.512049,0.571796,0.317107,0.361629,O=C1O[C@@H]2CCO[C@@H]2[C@@H]1Cc1ccccc1
decoy_965,0.369657,0.404422,0.634782,0.664604,0.418882,0.455103,O=C1CC[C@@H](C(=O)NCc2ccccc2)N1
decoy_966,0.505679,0.400091,0.759399,0.670547,0.52602,0.44596,c1ccc2c(c1)ccc1c3c[nH+]ccc3[nH]c21
decoy_967,0.445795,0.517714,0.710714,0.752917,0.500496,0.549935,O=c1[nH]c2ccc(N[C@H]3CC[NH2+]C3)cc2[nH]1
decoy_968,0.294225,0.349165,0.524903,0.552004,0.333898,0.375615,O=C(OCc1ccsc1)c1ccccc1
decoy_969,0.316389,0.301224,0.466007,0.440005,0.312761,0.321463,O=S(=O)(c1ccccc1)c1ccccc1
decoy_97,0.255029,0.29772,0.412627,0.504311,0.29517,0.345502,C1CCC2(CC1)OCCO2
decoy_970,0.49848,0.447228,0.819,0.786953,0.517291,0.480292,O=c1ccnc(SCc2ccccc2)[nH]1
decoy_971,0.346971,0.389333,0.635166,0.678561,0.392521,0.432825,O=C(NCc1ccccc1)c1ccns1
decoy_972,0.396255,0.44042,0.721666,0.8029,0.453724,0.502887,C1COCC[NH2+]CCOCCOCCN1
decoy_973,0.291973,0.352426,0.581802,0.649303,0.368129,0.407167,c1cc2c(nc1N1CCOCC1)CCCC2
decoy_974,0.306197,0.359737,0.576265,0.640369,0.354009,0.391732,O=C1NCCCC[C@@H]1NCc1ccccc1
decoy_975,0.290579,0.465129,0.502557,0.797868,0.359671,0.517913,O=C(C[NH+]1CCCCC1)Nc1ccccc1
decoy_976,0.285302,0.335043,0.554367,0.614765,0.342692,0.373853,O=C(c1cccn1C1CC1)N1CCCCC1
decoy_977,0.312218,0.399232,0.605436,0.771164,0.368614,0.451346,O=C(Nc1ccccc1)NC1CCCCC1
decoy_978,0.411582,0.440661,0.70102,0.721047,0.47043,0.475955,O=C(NCCc1ccccc1)[C@H]1CC[NH2+]C1
decoy_979,0.312842,0.388855,0.514968,0.603472,0.345905,0.4129,c1csc(-c2ncc3ccsc3n2)c1
decoy_98,0.465118,0.363794,0.925026,0.888089,0.481519,0.441938,c1ccc(-c2ccc[nH]2)cc1
decoy_980,0.249216,0.348402,0.469042,0.621836,0.311591,0.385003,c1c[nH]c(C[NH2+][C@H]2CC[C@H]3CCCC[C@@H]32)c1
decoy_981,0.330779,0.433899,0.674805,0.890606,0.413779,0.504804,c1ccc(NCCC[NH+]2CCCCC2)cc1
decoy_982,0.315578,0.398714,0.670343,0.80673,0.379771,0.451778,c1ccc(C[NH2+]CCC[NH+]2CCCC2)cc1
decoy_983,0.333113,0.469942,0.639087,0.888509,0.400719,0.537759,c1ccc(CNCC[NH+]2CCCCC2)cc1
decoy_984,0.321182,0.405244,0.497931,0.618853,0.343585,0.431814,O=c1oc(-c2ccco2)nc2sccc12
decoy_985,0.422124,0.461623,0.699526,0.748941,0.521016,0.542632,c1nc(N[C@@H]2CCCCO2)c2nc[nH]c2n1
decoy_986,0.376747,0.395042,0.609285,0.618662,0.42329,0.44434,Nc1nc2cncnc2n1[C@@H]1CCCCO1
decoy_987,0.437242,0.469687,0.708223,0.755676,0.493475,0.517698,O=c1ccnc(SCc2ccccn2)[nH]1
decoy_988,0.452886,0.525706,0.722859,0.825241,0.499467,0.563115,O=c1ccnc(SCc2cccnc2)[nH]1
decoy_989,0.283915,0.440759,0.446019,0.710841,0.299234,0.444074,O=C1CS/C(=N/N=C/c2ccccc2)N1
decoy_99,0.387737,0.307712,0.636534,0.599253,0.444676,0.421399,c1ccc(-n2cccc2)cc1
decoy_990,0.291054,0.435084,0.437035,0.622242,0.311655,0.417132,O=C(CSc1nc[nH]n1)c1ccccc1
decoy_991,0.283884,0.337657,0.488455,0.516716,0.337067,0.361015,c1cc2c(cc1C[NH2+]C1CCCC1)OCO2
decoy_992,0.279102,0.368129,0.52696,0.717271,0.340122,0.397628,O=C(NC[C@H]1CCCCO1)c1ccccc1
decoy_993,0.348875,0.49577,0.599022,0.793287,0.402617,0.52121,O=C(C[NH+]1CCCCC1)Nc1ccccn1
decoy_994,0.405826,0.543879,0.662687,0.815683,0.515504,0.609037,O=C(CN1CC[NH2+]CC1)Nc1ccccc1
decoy_995,0.403852,0.564149,0.65955,0.83248,0.479504,0.610516,O=C(Nc1ccccc1)NC1CC[NH2+]CC1
decoy_996,0.402946,0.558865,0.660057,0.830738,0.481653,0.605809,O=C(NC[C@H]1CCC[NH2+]C1)c1cccnc1
decoy_997,0.389371,0.53835,0.653691,0.820342,0.482502,0.590884,O=C(NC[C@H]1CC[NH2+]C1)Nc1ccccc1
decoy_998,0.428104,0.518924,0.702724,0.795145,0.4972,0.556668,O=C(NCC1CC[NH2+]CC1)c1cccnc1
decoy_999,0.339015,0.511061,0.582395,0.819808,0.407224,0.544389,O=C(NCC[NH+]1CCCC1)c1cccnc1
