Compound,Tanimoto_SC_ref0_DB,Tanimoto_SC_ref1_DB,Tversky_SC_ref0_DB,Tversky_SC_ref1_DB,Carbo_SC_ref0_DB,Carbo_SC_ref1_DB,SMILES
SC1,0.598071,0.744788,0.80189,0.869596,0.647575,0.791302,NC(=[NH2+])c1ccc2nc[nH]c2c1
SC10,0.557499,0.533245,0.796756,0.804218,0.528,0.499543,[NH3+]Cc1csc(-c2cccs2)n1
SC11,0.516303,0.477828,0.746635,0.746473,0.476299,0.460169,Cc1cc(C[NH3+])nn1C
SC12,0.571177,0.54493,0.884428,0.904522,0.555571,0.516388,[NH3+]Cc1cccc2c1OCCCO2
SC13,0.573687,0.535513,0.855302,0.866855,0.548756,0.50748,[NH3+]Cc1ccc2c(c1)CCO2
SC14,0.477342,0.486343,0.724276,0.775473,0.438815,0.458785,[NH3+]Cc1csc2ccccc12
SC15,0.578901,0.503042,0.907738,0.868476,0.579241,0.526045,[NH3+]Cc1cccc(-n2cccc2)c1
SC16,0.532251,0.492545,0.79438,0.783878,0.529974,0.513834,[NH3+]Cc1cccc(-n2cccn2)c1
SC17,0.509155,0.487428,0.858168,0.885571,0.55041,0.520274,[NH3+]Cc1cccc(N2CCCC2)c1
SC18,0.350185,0.423301,0.662112,0.782364,0.425317,0.469392,COc1cc(C(=O)N2CCC[C@H]2C)ccc1C[NH3+]
SC19,0.53529,0.514083,0.773598,0.755012,0.648509,0.638831,NC(=[NH2+])N1CCCCC1
SC2,0.64505,0.584821,0.888655,0.829322,0.770291,0.674529,C[C@@H]1Nc2sc(C(N)=[NH2+])cc2C[C@@H]1C
SC20,0.562321,0.521176,0.801452,0.828702,0.63295,0.607427,NC1=[NH+]Cc2ccccc21
SC21,0.638332,0.555788,0.882783,0.888589,0.761806,0.660236,NC(=[NH2+])c1ccsc1
SC22,0.458801,0.43536,0.676275,0.652518,0.444392,0.439495,[NH3+]CCc1c[nH]c2ccc(Cl)cc12
SC3,0.517523,0.453743,0.865191,0.843138,0.534462,0.482127,[NH3+]CC1CCCCC1
SC4,0.528367,0.571214,0.766184,0.891915,0.513125,0.588287,[NH3+]Cc1ccc(F)cc1
SC5,0.510896,0.477753,0.77995,0.766687,0.516275,0.480638,[NH3+][C@H]1C[C@@H]1c1ccccc1
SC6,0.440074,0.433691,0.789032,0.737638,0.569383,0.562233,CN1C[C@@H]2[C@H](C1=O)[C@H](c1ccc(C(N)=[NH2+])cc1)N1CCC[C@@H]21
SC7,0.28498,0.297852,0.41979,0.516319,0.299719,0.331732,Nc1[nH]c2ccccc2[nH+]1
SC8,0.474024,0.548793,0.669529,0.808862,0.448766,0.532196,[NH3+]CCc1c[nH]cn1
SC9,0.533479,0.488491,0.808669,0.826865,0.512632,0.486145,Cc1cc(C[NH3+])c(C)o1
decoy_1,0.295825,0.288688,0.625038,0.665618,0.360526,0.359383,O=C1CNC(=O)N1
decoy_10,0.230179,0.286058,0.375145,0.515698,0.270133,0.363385,O=C1CCCCCN1
decoy_100,0.337972,0.285116,0.590771,0.575711,0.399709,0.373139,c1ccc(-c2ccco2)cc1
decoy_1000,0.268761,0.329296,0.472229,0.523413,0.33778,0.37103,O=S1(=O)CC[C@H]([NH2+][C@H]2CCCOC2)C1
decoy_1002,0.195832,0.287668,0.395954,0.614747,0.241578,0.346356,c1coc(C[NH2+][C@H]2CC[C@H]3CCCC[C@@H]32)c1
decoy_1003,0.212292,0.287669,0.414847,0.750728,0.27452,0.337138,c1coc(C[N@@H+]2CCC[C@@H]3CCCC[C@@H]32)c1
decoy_1004,0.204191,0.233271,0.408636,0.432563,0.285869,0.299459,c1ccc(OCCC[NH2+]C2CCCC2)cc1
decoy_1005,0.190791,0.21551,0.387614,0.406672,0.262773,0.28339,c1ccc(OCCC[NH+]2CCCCC2)cc1
decoy_1006,0.183713,0.294609,0.371798,0.763462,0.245067,0.367558,c1coc(C[N@H+]2CC[C@H]3CCCC[C@H]3C2)c1
decoy_1007,0.221936,0.301044,0.428938,0.77383,0.275677,0.341327,c1coc(C[N@@H+]2CCC[C@H]2C2CCCC2)c1
decoy_101,0.288668,0.329924,0.484644,0.638632,0.327197,0.350027,C1=C[C@@H](c2ccccc2)N=N1
decoy_1010,0.24247,0.228856,0.439348,0.461567,0.295762,0.281077,C1=C[C@H](c2cccs2)c2ccsc2N1
decoy_1011,0.358336,0.406114,0.515636,0.565323,0.371448,0.437035,O=C(Nc1c[nH]c(=O)[nH]c1=O)c1ccc[nH]1
decoy_1012,0.306621,0.341663,0.46211,0.592169,0.310139,0.388334,O=C1c2ccccc2-c2n[nH]c3cccc1c23
decoy_1013,0.366108,0.361976,0.611144,0.599047,0.416017,0.417396,O=c1[nH]cnc2c1ncn2[C@@H]1CCCCO1
decoy_1014,0.226823,0.269755,0.396529,0.433791,0.270296,0.30227,c1cc2c(cc1C[NH+]1CCNCC1)OCO2
decoy_1015,0.187389,0.257992,0.371556,0.568963,0.244238,0.315643,O=C(NC[C@H]1CCCCO1)c1ccccn1
decoy_1016,0.190809,0.215774,0.371789,0.468696,0.252847,0.286443,O=C(NC[C@H]1CCCO1)Nc1ccccc1
decoy_1017,0.179949,0.241721,0.408925,0.707587,0.24434,0.318514,c1ccc(-c2ccn(-c3ccccc3)n2)cc1
decoy_1018,0.243262,0.264467,0.450813,0.51918,0.274327,0.323136,c1ccc(-c2cn(-c3ccccc3)cn2)cc1
decoy_1019,0.265105,0.261109,0.461625,0.441943,0.307272,0.336416,c1ccc2c(Cc3ccncc3)ccnc2c1
decoy_102,0.226593,0.307531,0.383483,0.601665,0.262063,0.34491,O=C1N[C@H]2CSC[C@H]2N1
decoy_1020,0.211648,0.233077,0.43553,0.451304,0.26449,0.287524,C(=C/C1N=c2ccccc2=N1)\c1ccccc1
decoy_1021,0.270656,0.244091,0.460207,0.417209,0.310127,0.291934,c1ccc(/[NH+]=c2\cc[nH]c3ccccc23)cc1
decoy_1022,0.386444,0.422288,0.66521,0.677253,0.446675,0.472921,O=C(Nc1cccnc1)NC1CC[NH2+]CC1
decoy_1024,0.436262,0.452482,0.663678,0.710257,0.497721,0.512207,c1nc(N2CC[NH2+]CC2)c2ccsc2n1
decoy_1025,0.235765,0.288575,0.42226,0.527796,0.26781,0.344672,S=c1[nH]cnn1CNCc1ccccc1
decoy_1026,0.19687,0.196553,0.460171,0.421597,0.269688,0.268909,c1ccc(CCCO[C@@H]2CCCCO2)cc1
decoy_1027,0.190297,0.222649,0.381184,0.410958,0.259196,0.274308,c1ccc(C[NH2+]CCN2CCOCC2)cc1
decoy_1028,0.413535,0.401603,0.744595,0.750202,0.476973,0.459334,c1ccc(OCCCN2CC[NH2+]CC2)cc1
decoy_1029,0.249909,0.305552,0.452686,0.759309,0.285614,0.344436,O=C1c2ccccc2S[C@@H]2C=CS[C@H]12
decoy_103,0.524044,0.449361,0.863489,0.851013,0.564841,0.517919,[NH2+]=c1ccc2ccccc2o1
decoy_1030,0.366441,0.366108,0.599693,0.590707,0.422376,0.429765,O=c1[nH]cnc2c1nnn2[C@@H]1CCCCO1
decoy_1031,0.244369,0.238555,0.493002,0.484006,0.293273,0.298511,c1ccc(-c2ccc(-c3cccnc3)o2)cc1
decoy_1032,0.279489,0.274144,0.460228,0.46123,0.315867,0.309363,c1ccc(/[NH+]=c2/ccc3ccccc3o2)cc1
decoy_1033,0.283212,0.218705,0.467529,0.369753,0.341643,0.263985,[NH2+]=c1cc(-c2ccccc2)oc2ccccc12
decoy_1034,0.231882,0.249177,0.419661,0.490874,0.280439,0.305745,c1ccc(Oc2cccc3ncccc23)cc1
decoy_1035,0.238154,0.274501,0.396843,0.456429,0.261605,0.315376,O=C1CC(c2ccccc2)=c2ccccc2=N1
decoy_1036,0.249575,0.269847,0.430697,0.459796,0.287716,0.326437,c1ccc(-c2[nH]cnc2-c2ccncc2)cc1
decoy_1037,0.192347,0.213774,0.349379,0.415463,0.238575,0.284261,c1ccc(-c2ncnn2-c2ccccc2)cc1
decoy_1038,0.254239,0.300337,0.434386,0.607458,0.302114,0.361298,c1ccc(-c2nncn2-c2ccccc2)cc1
decoy_1039,0.311732,0.268709,0.676799,0.64963,0.395673,0.357334,c1ccc(-c2ccn(-c3ccncc3)n2)cc1
decoy_104,0.490092,0.409868,0.834865,0.81221,0.567704,0.494146,[NH2+]=c1ccc2cccoc-2c1
decoy_1040,0.29182,0.298797,0.448886,0.429886,0.335166,0.331685,O=c1[nH]c(C[NH2+]C2CC2)nc2sccc12
decoy_1041,0.352344,0.414747,0.628054,0.753912,0.426241,0.479866,O=C(CCc1cccs1)Nc1cn[nH]c1
decoy_1042,0.304003,0.422879,0.448703,0.78108,0.313318,0.434182,S=c1[nH]ccc2c1ncn2[C@@H]1CCCO1
decoy_1043,0.150684,0.150377,0.32907,0.342994,0.220414,0.261028,c1ccc(OCCCN2CCOCC2)cc1
decoy_1045,0.359598,0.422147,0.638288,0.742066,0.439011,0.487084,O=C(NCCc1c[nH+]c[nH]1)C1CCCCC1
decoy_1046,0.256478,0.28005,0.441925,0.492405,0.317869,0.344008,O=C1NC(=S)S/C1=C/c1ccccc1
decoy_1047,0.166682,0.219603,0.315111,0.435438,0.22177,0.296307,c1csc(C[NH2+]CCCn2cccn2)c1
decoy_1048,0.165737,0.173495,0.316652,0.313058,0.232865,0.22029,c1cnn(CCC[NH2+]Cc2ccsc2)c1
decoy_1049,0.341355,0.373795,0.547261,0.592958,0.400384,0.434963,O=c1[nH]cnc2c1[nH]c(=O)n2[C@@H]1CCCO1
decoy_105,0.394166,0.334484,0.698972,0.686889,0.407878,0.377467,O=c1cc[nH]c2ccccc12
decoy_1050,0.257589,0.300802,0.46508,0.546374,0.29173,0.372725,O=c1c(-c2ccccc2)coc2ccccc12
decoy_1051,0.275209,0.242274,0.486587,0.421643,0.321162,0.303987,O=c1cc(-c2ccccc2)oc2ccccc12
decoy_1052,0.270497,0.289576,0.494693,0.744299,0.308392,0.322988,O=c1oc2ccccc2cc1-c1ccccc1
decoy_1053,0.284067,0.3012,0.511998,0.769081,0.332239,0.345364,O=C(c1ccccc1)c1coc2ccccc12
decoy_1054,0.2027,0.284002,0.416829,0.732018,0.25099,0.322162,O=C(c1ccccc1)c1cc2ccccc2o1
decoy_1055,0.28913,0.301626,0.454914,0.470673,0.330897,0.337146,c1ccc(/[NH+]=c2/ccc3ccncc3o2)cc1
decoy_1056,0.256972,0.311501,0.448769,0.590957,0.285031,0.347631,O=C1N=c2ccccc2=N[C@H]1c1ccccc1
decoy_1057,0.255804,0.335697,0.437078,0.620713,0.270372,0.36949,O=c1[nH]c2ccccc2nc1-c1ccccc1
decoy_1058,0.279898,0.287581,0.462753,0.55501,0.328928,0.342483,c1ccc(-n2ncnc2-c2ccncc2)cc1
decoy_1059,0.230268,0.293693,0.437621,0.566032,0.281397,0.352582,C(=N/c1n[nH]c2ncccc12)\c1ccccc1
decoy_106,0.299776,0.277571,0.452496,0.51103,0.298329,0.31397,O=c1ccc2ccccc2[nH]1
decoy_1060,0.279877,0.273695,0.460296,0.524058,0.321264,0.34588,c1cnc2c(Nc3ccncn3)cccc2c1
decoy_1061,0.262704,0.268198,0.437056,0.501375,0.29788,0.332896,c1cc(Nc2ccncn2)c2cccnc2c1
decoy_1062,0.264622,0.332464,0.405428,0.542618,0.276755,0.360172,O=C1NC(=O)[C@H]2CN[C@H](c3cccs3)[C@@H]12
decoy_1063,0.328223,0.358044,0.555321,0.600316,0.38701,0.391065,c1ncc2[nH]c(S[C@H]3CCCO3)nc2n1
decoy_1064,0.415868,0.461285,0.635657,0.68719,0.499128,0.520246,O=C(NCCc1c[nH]c[nH+]1)c1cscn1
decoy_1065,0.29601,0.429976,0.43674,0.700686,0.312676,0.44518,S=c1[nH]cnc2c1ncn2[C@@H]1CCCO1
decoy_1066,0.327036,0.346362,0.553884,0.60367,0.350287,0.386043,S=c1[nH]c2cncnc2n1[C@@H]1CCCO1
decoy_1067,0.193709,0.185965,0.413274,0.381601,0.250975,0.249474,c1ccc(OCCO[C@@H]2CCCCO2)cc1
decoy_1068,0.206708,0.226147,0.429661,0.510912,0.255382,0.314116,C1=C[C@@H]2C=CO[C@H](O[C@H]3CCCCO3)[C@H]2C1
decoy_1069,0.204816,0.229178,0.426901,0.520941,0.255989,0.318202,C1=C[C@@H]2[C@@H](O[C@H]3CCCCO3)OC=C[C@H]2C1
decoy_107,0.316845,0.32741,0.471491,0.586542,0.341056,0.360466,c1ccc(-c2nnc[nH]2)cc1
decoy_1070,0.256578,0.24605,0.484498,0.459934,0.296664,0.29428,O=c1cccc2c(c1)CCCc1ccccc1-2
decoy_1071,0.220016,0.276787,0.414903,0.481931,0.266901,0.336426,O=C(N[C@H]1CCCNC1=O)C1=CCCCC1
decoy_1072,0.251223,0.301331,0.414633,0.578843,0.274982,0.345167,c1ccc2c(c1)[nH]c1c[nH+]c3c(c12)CCCC3
decoy_1073,0.195839,0.253676,0.367638,0.495149,0.24347,0.327364,c1ccc(C(c2ccc[nH]2)c2ccc[nH]2)cc1
decoy_1074,0.244803,0.304933,0.460596,0.648822,0.302177,0.346808,c1ccc(CCc2nc3ccccc3[nH]2)cc1
decoy_1075,0.242264,0.264218,0.464913,0.47245,0.287587,0.315813,c1ccc(CCn2cnc3ccccc32)cc1
decoy_1076,0.270396,0.338023,0.44996,0.629093,0.322245,0.374344,C1=[NH+][C@H](c2ccccc2)[C@@H](c2ccccc2)N1
decoy_1077,0.213277,0.24124,0.428595,0.443195,0.28724,0.314264,O=C(C1CCC1)N1CCC2(CC[NH2+]CC2)C1
decoy_1079,0.195265,0.24219,0.372651,0.42936,0.247318,0.301449,c1csc(CN2CC[NH+](C3CC3)CC2)c1
decoy_108,0.342305,0.294227,0.562093,0.566079,0.394915,0.367249,c1ccc(-n2cccn2)nc1
decoy_1081,0.297361,0.353462,0.636306,0.72898,0.407453,0.441888,C1CC[C@@H]2[C@@H](C1)CC[C@@H]2[NH2+]C1CC[NH2+]CC1
decoy_1082,0.179624,0.21398,0.402581,0.440023,0.264466,0.293945,C1CCCC([NH2+][C@H]2CCN(C3CC3)C2)CC1
decoy_1083,0.200713,0.276403,0.358879,0.503683,0.251778,0.351481,O=C(N[C@H]1CCCCNC1=O)c1cocn1
decoy_1084,0.252848,0.293575,0.381309,0.438736,0.27471,0.328797,O=S(=O)(Nc1ccccc1)c1cn[nH]c1
decoy_1085,0.299247,0.325161,0.470069,0.512119,0.333085,0.369862,O=S(=O)(Nc1cn[nH]c1)c1ccccc1
decoy_1086,0.326695,0.330966,0.598566,0.628817,0.338485,0.373468,S=C1O[C@H]2CCO[C@H]2N1c1ccncn1
decoy_1087,0.239864,0.330903,0.471977,0.856406,0.294303,0.388654,C1=N[C@@H](c2ccccc2)c2ccccc2OC1
decoy_1088,0.409365,0.379491,0.874126,0.871247,0.501957,0.465407,O=C1Cc2cc(Cc3ccccc3)ccc2N1
decoy_1089,0.225745,0.286828,0.392294,0.609079,0.266359,0.342605,O=C1C[C@@H](c2ccccc2)c2ccccc2N1
decoy_109,0.325593,0.331269,0.511803,0.691589,0.357264,0.384301,c1ccc(-n2ccnn2)cc1
decoy_1090,0.192634,0.174132,0.388708,0.386809,0.256333,0.252993,O=C(/C=C/c1ccccc1)Nc1ccccc1
decoy_1091,0.246387,0.230228,0.4635,0.437065,0.308443,0.29181,O=C(N/C=C/c1ccccc1)c1ccccc1
decoy_1092,0.39642,0.394812,0.657162,0.643774,0.470167,0.45998,O=C(NCCN1CC[NH2+]CC1)c1ccco1
decoy_1093,0.254752,0.270277,0.454721,0.474407,0.312104,0.310246,c1ccc(CCc2nc3ncccc3[nH]2)cc1
decoy_1094,0.319167,0.381947,0.608369,0.721263,0.389847,0.425291,c1ccc(CNc2cnc3[nH]ccc3c2)cc1
decoy_1095,0.212942,0.299312,0.395063,0.753683,0.257416,0.364077,c1ccc(C[N@H+]2CCc3ccccc3C2)cc1
decoy_1096,0.246883,0.266845,0.438289,0.441555,0.300351,0.303052,c1ccc(C[C@@H]2[NH2+]CCc3ccccc32)cc1
decoy_1097,0.290327,0.357402,0.661433,0.736581,0.387228,0.456345,C1C[C@@H]2C[NH2+]C[C@H](C1)[C@H]2[NH2+]C[C@H]1CC[NH2+]C1
decoy_1098,0.260581,0.351877,0.407936,0.546486,0.30373,0.385255,O=[P@H]1NN2CCc3ccccc3[C@@H]2CO1
decoy_1099,0.198079,0.281312,0.366807,0.529668,0.247978,0.323272,O=C1c2ccncc2C(=O)N1c1ccccc1
decoy_11,0.258574,0.287106,0.480706,0.556226,0.333822,0.371139,O=C1CCNC(=O)N1
decoy_110,0.317378,0.33465,0.488665,0.668397,0.345251,0.365294,c1ccc(-n2cnnc2)cc1
decoy_1100,0.28872,0.364515,0.471557,0.599788,0.30754,0.381572,O=C1c2ccccc2C(=O)N1c1ccccn1
decoy_1101,0.238498,0.307663,0.338495,0.457984,0.264308,0.354335,O=S(=O)([N-]c1ccon1)c1ccccc1
decoy_1102,0.230735,0.299002,0.331504,0.434571,0.26028,0.346741,O=S(=O)([N-]c1ccn[nH]1)c1cccnc1
decoy_1103,0.23437,0.251428,0.468355,0.713017,0.294519,0.308961,O=C1C[C@@H](c2ccccc2)Oc2ccccc21
decoy_1104,0.273233,0.307182,0.458397,0.524876,0.290935,0.331262,O=C1Nc2ccccc2CN1c1ccccc1
decoy_1105,0.390248,0.375426,0.731021,0.739404,0.475364,0.452363,O=C1Cc2cc(Cc3ccncc3)ccc2N1
decoy_1106,0.378255,0.399749,0.717786,0.816937,0.464572,0.489631,O=C1Cc2ccc(Nc3ccccc3)cc2N1
decoy_1107,0.226763,0.251249,0.384093,0.401301,0.265883,0.292642,O=c1[nH]c2ccc(Cc3ccccc3)cc2[nH]1
decoy_1108,0.221028,0.315766,0.412628,0.639387,0.267595,0.365914,O=C(N/N=C/c1ccccc1)c1ccccc1
decoy_1109,0.288684,0.316073,0.466093,0.503425,0.297799,0.347517,c1ccc2c(-c3nncn3C3CC3)c[nH]c2c1
decoy_111,0.34011,0.285326,0.611518,0.591299,0.398911,0.365731,c1ccc(-n2nccn2)cc1
decoy_1110,0.238851,0.273138,0.41389,0.456072,0.280853,0.334413,C1=C([C@H](c2ccccc2)c2cn[nH]c2)CN=N1
decoy_1111,0.253174,0.243995,0.38742,0.375068,0.293162,0.284683,C1=C([N-]c2cccnc2)c2ccccc2NN1
decoy_1112,0.238764,0.30782,0.390899,0.504109,0.268326,0.346281,O=S(=O)(/N=C1\CCCN1)c1ccccc1
decoy_1113,0.222635,0.274518,0.462449,0.538112,0.277325,0.328774,C1=C[C@H]2CCC[C@@H]2[C@@H](O[C@H]2CCCCO2)O1
decoy_1114,0.228548,0.2753,0.406915,0.518584,0.291752,0.314581,c1ccc([C@@H]2C[NH2+]Cc3ccccc3N2)cc1
decoy_1115,0.270344,0.291887,0.466909,0.471852,0.302154,0.319197,O=c1ccnc(SCc2cccs2)[nH]1
decoy_1116,0.256102,0.313978,0.420063,0.541756,0.286386,0.356109,O=C(NCc1cccs1)c1ccns1
decoy_1117,0.227563,0.270348,0.406419,0.498601,0.287591,0.312655,O=C(C[NH+]1CCCCC1)Nc1cccs1
decoy_1118,0.161491,0.154476,0.383735,0.340408,0.234976,0.227542,C(=C/C1CCCCC1)\CO[C@@H]1CCCCO1
decoy_1119,0.175948,0.257413,0.38454,0.541175,0.237739,0.31988,C(\NCC1CCCCC1)=[NH+]/C[C@H]1CCCO1
decoy_112,0.26591,0.282539,0.446518,0.492179,0.315038,0.329786,C1OC[C@@H]2OCOC[C@@H]2O1
decoy_1120,0.288221,0.334856,0.531819,0.588101,0.346257,0.382284,C1=CN[C@@H](SS[C@H]2C=CC=CN2)C=C1
decoy_1121,0.322124,0.305214,0.660079,0.644683,0.390076,0.375158,O=c1[nH]c2ccc(Cc3ccccc3)cc2o1
decoy_1122,0.242103,0.242725,0.429954,0.464915,0.276172,0.309082,c1ccc(Cn2cccc2-c2ncno2)cc1
decoy_1123,0.313138,0.390245,0.516466,0.655077,0.340698,0.403161,[O-]c1c(-c2cc[nH]c2)cnn1-c1ccccc1
decoy_1124,0.332435,0.352565,0.584369,0.616755,0.381611,0.40328,O=c1[nH]c2ccc(Cc3ccccn3)cc2[nH]1
decoy_1126,0.225281,0.314752,0.402959,0.579755,0.273095,0.36482,O=C(N/N=C/c1ccncc1)c1ccccc1
decoy_1127,0.291086,0.286528,0.451235,0.426357,0.334276,0.323913,c1ccc2c(NCc3nnc[nH]3)cc[nH+]c2c1
decoy_1128,0.244927,0.282362,0.430685,0.497787,0.301838,0.339032,c1ccc2c(c1)=NC(CNc1ccncn1)N=2
decoy_1129,0.225989,0.283113,0.438189,0.575948,0.28272,0.331852,O=C1CCCC2=C1[C@H](c1ccccc1)C=CN2
decoy_113,0.28794,0.250134,0.527362,0.503801,0.333036,0.307427,O=c1occc2ccccc12
decoy_1130,0.225555,0.279746,0.453458,0.605565,0.272402,0.331264,O=C(Cc1ccccc1)NCc1ccccc1
decoy_1131,0.183636,0.17069,0.384977,0.38657,0.251503,0.249675,O=C(CCc1ccccc1)Nc1ccccc1
decoy_1132,0.217914,0.245094,0.430666,0.473759,0.278416,0.303515,O=C(NCCc1ccccc1)c1ccccc1
decoy_1133,0.261738,0.313889,0.412852,0.513724,0.293897,0.368126,O=C(NCc1cccs1)c1cnns1
decoy_1134,0.212525,0.275178,0.382821,0.44104,0.279373,0.313393,O=S1(=O)CC[C@H]([NH2+]Cc2ccccc2)C1
decoy_1135,0.21719,0.295064,0.406025,0.612368,0.253096,0.331793,O=S(=O)(c1ccccc1)N1CCCCC1
decoy_1136,0.234616,0.306676,0.419109,0.558795,0.284404,0.344732,O=S(=O)(NC1CCCC1)c1ccccc1
decoy_1137,0.393286,0.439234,0.637517,0.692266,0.45146,0.50352,O=C(CN1CC[NH2+]CC1)Nc1cccs1
decoy_1138,0.176734,0.199242,0.364273,0.382219,0.247088,0.265257,c1ccc(CC[NH2+]CCc2ccccc2)cc1
decoy_1139,0.186789,0.212881,0.376877,0.400043,0.254256,0.266563,c1ccc(CCC[NH2+]Cc2ccccc2)cc1
decoy_114,0.311445,0.259284,0.545826,0.512413,0.339848,0.307045,O=c1ccc2ccccc2o1
decoy_1144,0.391197,0.439009,0.685659,0.745631,0.457238,0.506394,O=C(CN1CC[NH2+]CC1)NC1CCCCC1
decoy_1145,0.377,0.443804,0.679327,0.759494,0.455851,0.499971,O=C(NC1CCCCC1)NC1CC[NH2+]CC1
decoy_1146,0.361573,0.403169,0.642649,0.70229,0.468365,0.506305,O=C(NCCN1CC[NH2+]CC1)C1CCCC1
decoy_1149,0.360463,0.382809,0.623857,0.649167,0.394888,0.415404,O=[P@@H]1NN2C[C@@H]3C=CC=C[C@@H]3C[C@H]2CO1
decoy_115,0.322531,0.333219,0.544158,0.686481,0.371809,0.384266,c1ccc(-c2ncno2)cc1
decoy_1150,0.329462,0.328762,0.50949,0.514669,0.358893,0.378696,O=c1[nH]cc(CSc2nnco2)c(=O)[nH]1
decoy_1151,0.282601,0.251792,0.508135,0.462526,0.334896,0.314394,O=c1ccoc2c1OC=C[C@H]2c1ccccc1
decoy_1152,0.226016,0.306674,0.403546,0.546533,0.281104,0.360093,O=C(N/N=C/c1ccncc1)c1ccccn1
decoy_1153,0.267873,0.271294,0.409016,0.431254,0.303446,0.315934,C(=N/Nc1ncn[nH]1)\c1c[nH]c2ccccc12
decoy_1154,0.230213,0.288164,0.475606,0.785361,0.289601,0.341069,O=C1CCCC2=C1[C@H](c1ccccc1)C=CO2
decoy_1155,0.190538,0.178471,0.373656,0.376911,0.252121,0.262879,O=C(CNc1ccccc1)Nc1ccccc1
decoy_1156,0.220075,0.271707,0.413995,0.523754,0.272499,0.329529,O=C(/C=C/c1cc[nH]c1)NCc1ccccc1
decoy_1157,0.219987,0.280057,0.41935,0.54621,0.278076,0.328597,O=C(NCc1ccccc1)Nc1ccccc1
decoy_1158,0.218922,0.272665,0.436212,0.563374,0.2847,0.335679,O=C(NCCc1ccccc1)c1cccnc1
decoy_1159,0.273046,0.337567,0.454943,0.554054,0.312058,0.375883,c1ccc2c(c1)=NCC=2C1=[NH+]NCN1C1CC1
decoy_116,0.353741,0.288456,0.636136,0.601239,0.408713,0.379932,c1ccc(-c2ncon2)cc1
decoy_1160,0.27405,0.305061,0.477808,0.505094,0.315629,0.341998,c1ccc(C[N@H+]2CNc3ncncc3C2)cc1
decoy_1161,0.275823,0.300062,0.433613,0.505648,0.301593,0.354917,[H]/N=C1/CSC(=S)N1Nc1ncncn1
decoy_1162,0.188727,0.230845,0.355888,0.487153,0.249171,0.303178,O=C(NC[C@H]1CCCO1)Nc1ccsc1
decoy_1163,0.37076,0.419671,0.624794,0.683983,0.447524,0.477457,O=S(=O)(N[C@H]1CC[NH2+]C1)c1ccccc1
decoy_1164,0.226618,0.280765,0.442824,0.779377,0.273598,0.351938,c1ccc(-n2ccc(-c3cccs3)n2)cc1
decoy_1165,0.216779,0.281864,0.434456,0.78381,0.261483,0.359946,c1ccc(-n2ccc(-c3ccsc3)n2)cc1
decoy_1166,0.249744,0.326661,0.432607,0.638118,0.29906,0.353944,c1ccc(Sc2nc3ccccc3[nH]2)cc1
decoy_1167,0.313786,0.462116,0.609215,0.815861,0.390341,0.531821,O=C(NC[C@H]1CCCCO1)[C@@H]1CCCC[NH2+]1
decoy_1168,0.230343,0.246277,0.441158,0.455968,0.277933,0.30825,c1ccc2c(NC3CCCCC3)cc[nH+]c2c1
decoy_1169,0.168553,0.196198,0.372658,0.522449,0.243178,0.285799,c1ccc(NCCCNc2ccccc2)cc1
decoy_117,0.296455,0.301463,0.474639,0.569445,0.307897,0.333884,[H]/N=C1/C(=O)Nc2ccccc21
decoy_1170,0.177629,0.246544,0.356553,0.494923,0.243247,0.301947,c1ccc(C[NH2+]CCNc2ccccc2)cc1
decoy_1174,0.200544,0.218475,0.417073,0.461443,0.25576,0.282568,O=C1CC[C@H]2[C@@H]1C=CC21SCCCS1
decoy_1175,0.265264,0.373531,0.402425,0.547868,0.294638,0.391355,NC1=[NH+]PNCN1/N=C/c1cccs1
decoy_1176,0.266485,0.339574,0.434672,0.549333,0.30221,0.377418,O=c1[nH]c(-c2ccccc2)nc2c1C[NH2+]CC2
decoy_1177,0.22017,0.339027,0.400779,0.644063,0.282851,0.403213,O=C(CNc1ccccc1)Nc1cccnc1
decoy_1178,0.197678,0.191443,0.363749,0.364533,0.256554,0.262994,O=C(NCc1ccncc1)Nc1ccccc1
decoy_1179,0.252532,0.344518,0.447872,0.632256,0.296593,0.391629,O=C(NCNc1ccccn1)c1ccccc1
decoy_118,0.372375,0.319076,0.674858,0.653545,0.428883,0.39226,O=c1[nH]cnc2ccccc12
decoy_1180,0.230817,0.314099,0.405632,0.61977,0.264155,0.347507,O=S(=O)(c1ccccc1)N1CCOCC1
decoy_1181,0.234807,0.257323,0.405584,0.500348,0.273524,0.316497,c1ccc(Oc2cncc3sccc23)cc1
decoy_1182,0.328685,0.371067,0.575332,0.607217,0.406701,0.444697,O=S(=O)(N[C@H]1CC[NH2+]C1)c1cccnc1
decoy_1183,0.337566,0.35112,0.639563,0.701453,0.389722,0.407272,c1ncc2sc3ncc4c(c3c2n1)CCC4
decoy_1184,0.202521,0.256256,0.372725,0.435946,0.252403,0.315195,C1=C[C@@]23CC[NH2+]Cc4cccc(c42)O[C@H]3CC1
decoy_1185,0.218767,0.255325,0.440196,0.767927,0.274533,0.333895,c1ccc2c(N[C@@H]3CCCCO3)cccc2c1
decoy_1186,0.404524,0.493273,0.682083,0.793908,0.474215,0.537735,c1ccc2nc(NC3CC[NH2+]CC3)ccc2c1
decoy_1187,0.337768,0.339144,0.637241,0.657037,0.401176,0.409502,c1ccc2c(c1)C[NH+](CCCc1cn[nH]c1)C2
decoy_1188,0.180736,0.246917,0.353665,0.46512,0.242759,0.301598,c1ccc(C[NH2+]CCNc2ccccn2)cc1
decoy_1189,0.327584,0.345489,0.527245,0.558326,0.410855,0.424421,O=c1[nH]c(=O)c2[nH]c(-c3ccccc3)nc2[nH]1
decoy_119,0.295099,0.295109,0.489201,0.569324,0.319502,0.32991,O=c1[nH]ncc2ccccc12
decoy_1190,0.301411,0.340148,0.485407,0.517322,0.341426,0.376878,O=c1[nH]cc(CSC2=NNCO2)c(=O)[nH]1
decoy_1191,0.203288,0.201308,0.369997,0.380536,0.260292,0.264882,O=C(Cn1ccccc1=O)Nc1ccccc1
decoy_1192,0.174052,0.235988,0.338679,0.464216,0.229746,0.31443,O=C(Cc1ccccc1)NNc1ccncn1
decoy_1193,0.239697,0.334564,0.43176,0.676891,0.262996,0.405668,O=c1c2cscc2cnn1-c1ccccc1
decoy_1194,0.262746,0.302333,0.44628,0.513732,0.302279,0.353343,O=c1[nH]cnc2scc(-c3ccccc3)c12
decoy_1195,0.329184,0.37359,0.567934,0.672812,0.392966,0.425237,c1ccc2sc(Nc3ccncn3)nc2c1
decoy_1196,0.128632,0.146782,0.312103,0.365144,0.210796,0.230996,O=C1CCCCCOC(=O)CCCCCO1
decoy_1197,0.157628,0.198522,0.352115,0.445923,0.229533,0.296965,c1ccc(OCCCOc2ccccc2)cc1
decoy_1198,0.204424,0.193619,0.46289,0.414201,0.274366,0.253753,c1ccc(COCOCc2ccccc2)cc1
decoy_1199,0.236534,0.372227,0.425191,0.690694,0.298444,0.43936,c1ccc(-c2nocc2C[NH2+]CC2CC2)cc1
decoy_12,0.231708,0.220533,0.409456,0.481996,0.277002,0.305983,C1C[C@@H]2CO[C@H](C1)O2
decoy_120,0.296377,0.299674,0.501046,0.577102,0.353355,0.348192,O=C1CN=c2ccccc2=N1
decoy_1200,0.257242,0.262739,0.457976,0.456315,0.31368,0.314941,c1ccc2c(NC[C@H]3CCCO3)cc[nH+]c2c1
decoy_1201,0.227633,0.286215,0.430603,0.546132,0.267749,0.35129,O=C1[C@H]2CN3CN(C2)C[C@@]1(c1ccccc1)C3
decoy_1202,0.246337,0.268805,0.43431,0.448825,0.301052,0.315954,c1ccc2nc(C[NH+]3CCNCC3)ncc2c1
decoy_1203,0.235062,0.309328,0.403484,0.624081,0.274075,0.344626,S=C(Nc1ccccc1)Nc1ccccc1
decoy_1204,0.323841,0.393582,0.664147,0.847323,0.380575,0.432279,c1ccc(N[C@]23C[C@H]4C[C@H](C[C@H](C4)C2)C3)[nH+]c1
decoy_1205,0.20092,0.275604,0.384165,0.603095,0.259035,0.354797,O=C(OCC(=O)c1ccc[nH]1)c1ccccc1
decoy_1206,0.193109,0.189396,0.349212,0.366665,0.243281,0.263632,O=C(COc1ccccc1)Cc1ncncn1
decoy_1207,0.220346,0.274711,0.380296,0.470136,0.266074,0.32419,O=C(NNC(=O)c1ccc[nH]1)c1ccccc1
decoy_1208,0.270066,0.281507,0.464498,0.523503,0.307646,0.339259,c1ncc2c3c[nH]nc3n([C@@H]3CCCO3)c2n1
decoy_1209,0.192296,0.253878,0.326643,0.409784,0.244215,0.314304,[NH2+]=C(Nc1ccccc1)Nc1nccc(=O)[n-]1
decoy_121,0.306171,0.265161,0.540557,0.518706,0.336905,0.318381,[O-][n+]1ccnc2ccccc21
decoy_1210,0.308977,0.308153,0.473849,0.510505,0.315394,0.34076,O=c1c(-c2nccs2)coc2ccccc12
decoy_1211,0.413735,0.39684,0.720303,0.700056,0.496952,0.46048,c1ccc(-c2cc(N3CC[NH2+]CC3)on2)cc1
decoy_1212,0.237634,0.312387,0.449663,0.654111,0.287324,0.36658,c1ccc2c(N[C@H]3CCCOC3)ncnc2c1
decoy_1213,0.206217,0.266438,0.428427,0.586234,0.275784,0.332259,c1ccc(OCCCNc2ccncn2)cc1
decoy_1214,0.245654,0.243822,0.472901,0.457968,0.302874,0.303743,O=c1cc(N2CCCCC2)nc2ccccn12
decoy_1215,0.2797,0.281163,0.575421,0.570346,0.361414,0.356753,O=C1CSC2=C[C@@H](c3ccccc3)C=CN12
decoy_1216,0.248962,0.292483,0.447887,0.57574,0.283384,0.348298,C1=C(C2=NCSC2)[C@@H](c2ccccc2)N=N1
decoy_1217,0.368256,0.350562,0.638548,0.639423,0.469412,0.438832,[H]/N=C(/C=C/c1ccccc1)c1cnc(N)s1
decoy_1218,0.208694,0.282367,0.452448,0.646838,0.263132,0.34271,O=C(NCc1ccccc1)[C@H]1C[C@H]2C[C@H](C2)C1
decoy_1219,0.197508,0.307702,0.435985,0.696839,0.267073,0.381721,c1cc(N[C@]23C[C@H]4C[C@H](C[C@H](C4)C2)C3)ncn1
decoy_122,0.299085,0.323893,0.428054,0.538321,0.319354,0.335944,c1ccc(-c2nn[n-]n2)cc1
decoy_1220,0.306901,0.33411,0.652149,0.671388,0.391448,0.398333,c1ccc(C[NH2+]CCCCn2cc[nH+]c2)cc1
decoy_1221,0.303778,0.314021,0.50674,0.538043,0.328459,0.359534,O=C1CCCc2cc3c(=O)occc3cc2O1
decoy_1222,0.22854,0.318274,0.411917,0.602852,0.287199,0.375161,O=C(CNC(=O)c1cocn1)c1ccccc1
decoy_1223,0.349683,0.395684,0.596938,0.643594,0.416881,0.466429,O=C(Nc1ccccc1)C(=O)Nc1cn[nH]c1
decoy_1224,0.251648,0.262704,0.417669,0.468638,0.292463,0.32546,c1cnc(Sc2cccc3nonc23)nc1
decoy_1225,0.197408,0.213136,0.423017,0.433586,0.264046,0.284174,C1CO[C@@H](O[C@@H]2CC[C@H]3OCOC[C@@H]3O2)C1
decoy_1226,0.254912,0.226625,0.49403,0.464081,0.310224,0.298638,O=c1ccoc2c([C@@H]3CCCCO3)cccc12
decoy_1227,0.250747,0.231791,0.533353,0.520201,0.35069,0.32565,O=c1ccoc2ccc([C@@H]3CCCCO3)cc12
decoy_1228,0.238089,0.267776,0.432247,0.52157,0.279268,0.314215,[H]/N=C1/C(=O)N([C@@H]2CCCCO2)c2ccccc21
decoy_1229,0.190161,0.184388,0.368886,0.378534,0.247134,0.257206,O=C(NCCc1ccco1)Nc1ccccc1
decoy_123,0.322034,0.320518,0.521564,0.61887,0.345593,0.355532,c1cnnc(-n2cccn2)c1
decoy_1230,0.236171,0.305695,0.428688,0.539546,0.304056,0.368437,O=C(NCCc1ccccc1)Nc1cn[nH]c1
decoy_1231,0.346541,0.399692,0.577165,0.665729,0.423102,0.473464,O=C(NCCn1cc[nH+]c1)Nc1ccccc1
decoy_1232,0.221229,0.207073,0.458168,0.429559,0.319182,0.303594,c1ncnc(CCCCCc2ncncn2)n1
decoy_1233,0.253323,0.290477,0.421008,0.520322,0.310228,0.334211,O=C(/C=C/c1ccccc1)Nc1nccs1
decoy_1234,0.350362,0.423771,0.616099,0.656638,0.404516,0.4735,O=S(=O)(NC1CC[NH2+]CC1)c1cn[nH]c1
decoy_1235,0.209477,0.293834,0.399767,0.555536,0.265612,0.360505,O=C1Nc2ccccc2[C@@H]1[NH2+]C1CCCCC1
decoy_1236,0.312598,0.330113,0.645495,0.674271,0.37633,0.403727,O=c1[nH]c2ccc(CC3CCCCC3)cc2[nH]1
decoy_1237,0.327068,0.383714,0.66744,0.792872,0.404959,0.452458,O=c1[nH]c2ccc(CCC3CCCC3)cc2[nH]1
decoy_1238,0.213457,0.269953,0.40917,0.523895,0.280682,0.338742,O=C(N[C@H]1CC[N@@H+](C2CC2)C1)c1ccccc1
decoy_1239,0.17902,0.209847,0.38921,0.422038,0.25042,0.277267,c1ccc(CC[NH2+][C@H]2CCN(C3CC3)C2)cc1
decoy_124,0.351197,0.303504,0.566799,0.558285,0.382556,0.355779,C1=NN(c2ccccc2)CC1
decoy_1240,0.268941,0.308925,0.420019,0.498079,0.293565,0.351092,O=c1[nH]c2c(c(=O)[nH]1)[C@H](c1ccc[nH]1)C=CO2
decoy_1241,0.234963,0.283359,0.3721,0.441981,0.272789,0.330441,O=C(Nc1c[nH]c(=O)[nH]c1=O)c1ccccc1
decoy_1242,0.215429,0.242961,0.350306,0.413819,0.270865,0.310463,O=C(Nc1ccccc1)C(=O)Nn1cnnc1
decoy_1243,0.245666,0.243511,0.387906,0.396302,0.301175,0.291676,O=C(N/N=C/c1ccccc1)Nc1cnon1
decoy_1244,0.325596,0.322944,0.562669,0.560596,0.417025,0.401147,O=C(CC1CC1)Nc1ccc2[nH]c(=O)[nH]c2c1
decoy_1245,0.196815,0.205821,0.346272,0.36532,0.240444,0.263773,[NH2+]=C(NCCc1c[nH]cn1)Nc1ncccn1
decoy_1246,0.281036,0.375352,0.458259,0.701653,0.31045,0.409077,c1coc(CNc2ncnc3sccc23)c1
decoy_1247,0.413391,0.395936,0.678757,0.677962,0.474618,0.453159,O=c1[nH]c2ccc(Cc3cscn3)cc2[nH]1
decoy_1248,0.234175,0.285677,0.440256,0.567375,0.287148,0.347993,O=C(N/N=C/c1ccccc1)c1cncs1
decoy_1249,0.253727,0.253915,0.482868,0.476617,0.324402,0.3151,c1ccc(OCCC[NH2+]Cc2cc[nH]n2)cc1
decoy_125,0.399766,0.377162,0.676211,0.673976,0.422728,0.421394,c1c[nH]c(Cc2ccc[nH]2)c1
decoy_1250,0.16213,0.184567,0.3323,0.348978,0.238908,0.238944,c1ccc(OCCC[NH2+]Cc2cn[nH]c2)cc1
decoy_1251,0.372245,0.38904,0.642447,0.648275,0.477005,0.469716,O=c1[nH]c2ccc(CC3CC[NH2+]CC3)cc2[nH]1
decoy_1252,0.186632,0.230568,0.370838,0.572854,0.235853,0.309407,O=C(CCc1cccs1)Nc1ccccc1
decoy_1253,0.318422,0.316851,0.629532,0.648792,0.391478,0.380041,c1cc(Nc2cc3c(s2)CCCC3)ncn1
decoy_1254,0.231128,0.299356,0.393025,0.547007,0.262842,0.345537,O=S(=O)(NC1CCCC1)c1ccsc1
decoy_1255,0.321093,0.337584,0.490415,0.535334,0.318326,0.37693,C=C1SC2=C(C1=S)c1ccccc1NC2
decoy_1256,0.25117,0.291606,0.393943,0.48199,0.278955,0.339831,O=c1[nH]c2c(c(=O)[nH]1)[C@H](c1ccco1)C=CO2
decoy_1257,0.201589,0.21272,0.310836,0.335658,0.246736,0.264114,O=C(Nc1ccccn1)c1c[n-]c(=O)[nH]c1=O
decoy_1258,0.285375,0.309184,0.525803,0.542604,0.332945,0.366148,O=c1occc2cc(O[C@@H]3CCCO3)ccc12
decoy_1259,0.184747,0.221339,0.344997,0.426017,0.23599,0.303819,O=C(COC(=O)C1C=CNC=C1)c1ccc[nH]1
decoy_126,0.298047,0.274712,0.572757,0.506206,0.346809,0.325154,C=C1C=C2C=CCC[C@H]2CC1
decoy_1260,0.274315,0.360395,0.482807,0.593232,0.336097,0.416337,O=C(NCCNc1cccc[nH+]1)c1cocn1
decoy_1261,0.188332,0.212936,0.288033,0.32239,0.241649,0.263246,C=C1C(=O)[N-]C(=S)N(c2ccccc2)C1=O
decoy_1262,0.27386,0.310838,0.372557,0.447008,0.294429,0.320914,[O-]c1[nH]c(=S)ncc1/N=N/c1ccccc1
decoy_1263,0.165523,0.176852,0.34962,0.362755,0.222088,0.252148,O=C(/C=C/c1ccccc1)O[C@@H]1CCCCO1
decoy_1264,0.308879,0.337299,0.612538,0.656947,0.370552,0.393572,O=c1[nH]c2ccc(C[C@H]3CCCOC3)cc2[nH]1
decoy_1265,0.271153,0.256269,0.506874,0.480239,0.333848,0.318709,c1ccc(-c2ccc(-c3ccccn3)cc2)nc1
decoy_1266,0.214954,0.231805,0.412317,0.456935,0.267041,0.287276,c1coc(Cn2cnnc2N2CCCCC2)c1
decoy_1267,0.229084,0.308831,0.408113,0.607763,0.266417,0.341391,O=S(=O)(Cc1ccccc1)c1ccccc1
decoy_1268,0.269195,0.290801,0.526806,0.55141,0.364882,0.369946,O=c1ccnc(SCCc2ccccc2)[nH]1
decoy_1269,0.224103,0.280501,0.443759,0.600216,0.299003,0.353801,O=C(CCc1ccccc1)Nc1nccs1
decoy_127,0.292465,0.303423,0.487178,0.620365,0.308752,0.34769,O=C1Nc2ccccc2C1=O
decoy_1270,0.180618,0.169281,0.352252,0.36168,0.244064,0.252193,O=C(CNc1ccccc1)Nc1cccs1
decoy_1271,0.216802,0.276324,0.391717,0.517727,0.272764,0.331486,O=C(NCc1cccs1)Nc1ccccc1
decoy_1272,0.218002,0.278468,0.400725,0.518226,0.271118,0.33394,O=C(NCc1ccsc1)Nc1ccccc1
decoy_1273,0.163741,0.243477,0.346022,0.50562,0.226892,0.312535,C(\NCCc1ccccc1)=[NH+]/C[C@H]1CCCO1
decoy_1274,0.218503,0.272989,0.432469,0.543129,0.290068,0.331442,O=C(CC[NH+]1CCCCC1)Nc1ccccc1
decoy_1275,0.190222,0.247784,0.389151,0.506843,0.254573,0.305022,O=C(C[NH+]1CCCCC1)NCc1ccccc1
decoy_1276,0.211468,0.236991,0.420721,0.430634,0.281236,0.283561,O=C(C[NH+]1CCCCCC1)Nc1ccccc1
decoy_1277,0.166372,0.161507,0.348557,0.324535,0.221439,0.220821,O=C(C[NH2+]C1CCCCC1)Nc1ccccc1
decoy_1278,0.192298,0.262515,0.414947,0.562559,0.257047,0.318355,O=C(NCc1ccccc1)NCC1CCCC1
decoy_1279,0.390183,0.479811,0.696375,0.812721,0.468798,0.530858,O=C(NCCc1ccccc1)C1CC[NH2+]CC1
decoy_128,0.321002,0.331013,0.567392,0.671725,0.374521,0.39732,c1cncc(-c2ncno2)c1
decoy_1280,0.203654,0.212457,0.405519,0.399946,0.285561,0.280956,O=C(NCC[NH+]1CCCCC1)c1ccccc1
decoy_1281,0.341009,0.411397,0.582999,0.704479,0.384009,0.45541,O=S(=O)(c1cccs1)N1CCNCC1
decoy_1282,0.385535,0.466192,0.693187,0.80065,0.462613,0.519966,C(=C/C1CC[NH2+]CC1)\c1nnc2n1CCCC2
decoy_1283,0.221637,0.349049,0.397572,0.666857,0.270135,0.382867,c1ccc(NC2=[NH+][C@@H]3CCCC[C@@H]3S2)cc1
decoy_1284,0.220901,0.234165,0.480635,0.466007,0.285937,0.298947,c1nc2cc(NC3CCCCC3)ccc2s1
decoy_1285,0.214512,0.263913,0.397344,0.476755,0.248033,0.299733,S=C1N[C@H]2CCCC[C@@H]2N1c1ccccc1
decoy_1286,0.19284,0.220816,0.410317,0.433479,0.259051,0.285559,c1ccc(NCCC[NH2+]C2CCCCC2)cc1
decoy_1287,0.14704,0.175728,0.350155,0.384701,0.209736,0.235131,c1ccc(C[NH2+]CCC[NH+]2CCCCC2)cc1
decoy_1288,0.205826,0.208931,0.354987,0.370831,0.258926,0.269361,O=C(CN1C(=O)CNC1=O)Nc1ccccc1
decoy_1289,0.272453,0.260443,0.473054,0.456559,0.325881,0.314328,O=C1c2ccccc2C2=CCNc3cccc1c32
decoy_129,0.331736,0.352312,0.562812,0.617895,0.400913,0.425696,O=C1CCc2ccccc2N1
decoy_1290,0.185869,0.209415,0.351187,0.406936,0.246492,0.27875,O=C1CN(CC(=O)Nc2ccccc2)CCN1
decoy_1291,0.174156,0.201239,0.333029,0.409174,0.230809,0.276428,O=C1CN(C(=O)CNc2ccccc2)CCN1
decoy_1292,0.18067,0.179088,0.355268,0.368366,0.237384,0.246659,O=C(/C=N/Nc1ccccc1)N1CCOCC1
decoy_1293,0.181911,0.170766,0.342316,0.348964,0.238178,0.247088,O=C(COc1ccccc1)Nc1cccs1
decoy_1294,0.24879,0.334172,0.404702,0.583986,0.265442,0.370037,O=S(=O)(Nc1ccccc1)c1ccccc1
decoy_1295,0.194597,0.222679,0.36172,0.450039,0.247009,0.291634,O=c1ccccn1CCSc1ncccn1
decoy_1296,0.222406,0.32826,0.386819,0.611158,0.264475,0.36431,O=c1[nH]nc(Sc2ccccc2)n1C1CC1
decoy_1297,0.208781,0.201472,0.361732,0.365878,0.261588,0.271586,O=C(NCc1nccs1)Nc1ccccc1
decoy_1298,0.212286,0.296578,0.407584,0.612555,0.279323,0.364136,c1ccc(N2CC[NH+]([C@H]3CCOC3)CC2)nc1
decoy_1299,0.230605,0.352308,0.434685,0.617019,0.303292,0.412269,O=C(C[N@@H+]1CCCNCC1)Nc1ccccc1
decoy_13,0.304157,0.262828,0.568723,0.551122,0.336479,0.319552,C1=c2ccccc2=NC1
decoy_130,0.220301,0.277017,0.34687,0.532759,0.258809,0.322683,c1ccc(C[NH2+]C2CC2)cc1
decoy_1300,0.276013,0.316534,0.514565,0.553359,0.32398,0.376957,O=C(c1ccc[nH]1)N1CCC2(CC[NH2+]CC2)C1
decoy_1301,0.162347,0.210396,0.341071,0.453674,0.22945,0.285115,O=C(NC1CCCCC1)c1cc(C2CC2)n[nH]1
decoy_1302,0.35791,0.488041,0.644388,0.798815,0.436134,0.555786,O=C(NCc1ccccc1)N[C@H]1CCC[NH2+]C1
decoy_1303,0.401621,0.443067,0.690837,0.73956,0.472593,0.500628,O=C(NCc1ccccc1)NC1CC[NH2+]CC1
decoy_1304,0.195268,0.204848,0.39267,0.38394,0.271648,0.268993,O=C(NCCC[NH+]1CCCC1)c1cccnc1
decoy_1305,0.198708,0.212985,0.395907,0.394152,0.277806,0.28014,O=C(NCC[NH+]1CCCCC1)c1cccnc1
decoy_1306,0.2245,0.285408,0.39907,0.522755,0.283472,0.334494,c1cc2cnc(C[NH+]3CCCCC3)nc2s1
decoy_1307,0.189231,0.220778,0.402952,0.433236,0.26953,0.279103,c1ccc(OCCC[NH2+]C2CCCCC2)cc1
decoy_1308,0.181174,0.210327,0.391168,0.419026,0.252185,0.277471,c1ccc(OCCC[NH+]2CCCCCC2)cc1
decoy_1309,0.252832,0.256686,0.466993,0.488575,0.308904,0.31817,O=C1CC[C@@H](c2ccc3c(c2)OCCCO3)O1
decoy_131,0.360703,0.320991,0.617946,0.608701,0.447748,0.412434,O=c1[nH]cnc2nccnc12
decoy_1310,0.323553,0.34153,0.612835,0.635707,0.394248,0.405679,O=C1CN(C(=O)COc2ccccc2)CCN1
decoy_1311,0.385154,0.412118,0.715125,0.770198,0.446236,0.469786,O=c1[nH]c2ccc(C[C@H]3COCCO3)cc2[nH]1
decoy_1312,0.288616,0.257511,0.489458,0.456736,0.32407,0.299527,O=C1C=Cc2nc3c(cc2=C1)CN1C=CC=CC=31
decoy_1313,0.294759,0.321434,0.543044,0.680503,0.338724,0.374533,O=c1cccc2n1Cc1cc3ccccc3nc1-2
decoy_1314,0.237245,0.271681,0.443253,0.518521,0.281128,0.329715,c1nonc1-n1nncc1CN1CCCCC1
decoy_1315,0.240139,0.323541,0.41061,0.61455,0.272047,0.345503,O=S(=O)(Oc1ccccc1)c1ccccc1
decoy_1316,0.250721,0.286086,0.403546,0.461426,0.263354,0.323658,O=S(=O)(Nc1ccccn1)c1ccccc1
decoy_1317,0.204715,0.185123,0.342478,0.325907,0.252572,0.25243,O=C(CSc1nc[nH]n1)Nc1ccccc1
decoy_1318,0.224232,0.299348,0.345313,0.481608,0.263931,0.329433,O=C(NCc1nnc([S-])[nH]1)c1ccccc1
decoy_1319,0.239964,0.315456,0.46049,0.650615,0.301975,0.350913,O=c1ncc2c(n1C[C@H]1CCCO1)CCCC2
decoy_132,0.289336,0.292309,0.526536,0.56041,0.32843,0.362391,C1=CC(c2ccco2)C=CO1
decoy_1320,0.415127,0.443963,0.71751,0.764934,0.48456,0.505763,O=C(COc1ccccc1)NC1CC[NH2+]CC1
decoy_1321,0.227414,0.269034,0.420173,0.456869,0.274729,0.327909,O=C(c1ccoc1)N1CCC2(CC[NH2+]CC2)C1
decoy_1322,0.246986,0.25191,0.442593,0.436591,0.304601,0.319548,C1=[NH+][C@@H](c2ccccc2)C(c2ccccc2)=CN1
decoy_1323,0.278933,0.268998,0.501764,0.524443,0.339254,0.343055,c1ccc2c(c1)NCCc1c-2[nH]c2ccccc12
decoy_1324,0.235702,0.244379,0.446374,0.481282,0.288102,0.31179,c1ccc(Cc2c[nH]nc2-c2ccccc2)cc1
decoy_1325,0.280305,0.314753,0.515441,0.542576,0.345541,0.38862,O=C(c1cc[nH]n1)N1CCC2(CC[NH2+]CC2)C1
decoy_1326,0.302718,0.327598,0.54738,0.580143,0.355398,0.389014,O=C(c1cnc[nH]1)N1CCC2(CC[NH2+]CC2)C1
decoy_1327,0.374309,0.406221,0.667235,0.676708,0.445283,0.469452,O=C(NNc1ccccc1)NC1CC[NH2+]CC1
decoy_1328,0.263868,0.340529,0.494667,0.574385,0.341383,0.418654,C1=NNN([C@H]2CC[N@H+](Cc3c[nH]cn3)CC2)C1
decoy_1329,0.237429,0.329668,0.437848,0.681043,0.292693,0.37169,c1ccc2[nH]c(S[C@H]3CCCCO3)nc2c1
decoy_133,0.478434,0.412882,0.790291,0.785849,0.500748,0.455042,O=C1CNc2ccccc2N1
decoy_1330,0.293058,0.312517,0.517177,0.539676,0.349569,0.36468,c1ccc(C[NH2+]CCSc2cnn[nH]2)cc1
decoy_1331,0.17927,0.222059,0.336639,0.407192,0.231353,0.308642,c1ccc(C[NH2+]CCSc2nc[nH]n2)cc1
decoy_1332,0.343552,0.342848,0.730011,0.719646,0.452975,0.439559,c1ccc(OCCC[NH2+]C2CC[NH2+]CC2)cc1
decoy_1333,0.327547,0.297906,0.544289,0.498303,0.391528,0.368327,Nc1nc2c(=O)[nH]cnc2n1[C@@H]1CCCCO1
decoy_1334,0.213132,0.193791,0.361343,0.350339,0.268552,0.265753,O=C(CSc1nnco1)Nc1ccccc1
decoy_1335,0.257286,0.310896,0.410519,0.498049,0.284478,0.329916,O=S(=O)(/N=c1/cccc[nH]1)c1cccnc1
decoy_1336,0.269671,0.312288,0.428338,0.486828,0.306104,0.335529,O=S(=O)([N-]c1ccncn1)c1ccccc1
decoy_1337,0.254899,0.291172,0.450403,0.742928,0.299608,0.34398,c1ccc(C/[NH+]=c2\ccoc3ccccc23)cc1
decoy_1338,0.173712,0.267694,0.345451,0.623759,0.227625,0.347957,O=C(C#Cc1ccccc1)NCc1ccccc1
decoy_1339,0.250969,0.311117,0.455552,0.536684,0.321027,0.368077,O=C1NCCN2C[C@@H]([NH2+]Cc3ccco3)C[C@@H]12
decoy_134,0.281407,0.305618,0.503514,0.514422,0.324235,0.342009,c1ccc(OCC2CC2)cc1
decoy_1340,0.219566,0.286276,0.405569,0.494353,0.277755,0.34238,O=C1NCC[NH2+][C@@H]2CCN(Cc3ccco3)[C@H]12
decoy_1341,0.336996,0.344824,0.616254,0.623969,0.4191,0.426564,O=C(c1cnoc1)N1CCC2(CC[NH2+]CC2)C1
decoy_1342,0.191405,0.273867,0.394836,0.548719,0.24789,0.340221,O=C(NC[C@H]1CCCO1)c1cc(C2CC2)n[nH]1
decoy_1343,0.226702,0.244978,0.414985,0.434312,0.276392,0.295284,C1=NC=[NH+][C@@H](c2ccccc2)N1c1ccccc1
decoy_1344,0.236634,0.235948,0.433004,0.433118,0.290873,0.293415,c1ccc(NCc2ccc3ncncc3c2)cc1
decoy_1345,0.235224,0.285807,0.445906,0.616388,0.287879,0.343648,c1ccc(CNc2ncnc3ccccc23)cc1
decoy_1346,0.351879,0.398477,0.655027,0.660738,0.422719,0.456354,O=C(NC[C@H]1CC[NH2+]C1)NNc1ccccn1
decoy_1347,0.376653,0.362898,0.730642,0.743545,0.446407,0.431122,c1ccc(OCCCSc2ncn[nH]2)cc1
decoy_1348,0.19528,0.222677,0.3491,0.395792,0.252468,0.286618,c1ccc(C[NH2+]CCSc2nnn[n-]2)cc1
decoy_1349,0.202989,0.213351,0.417073,0.412939,0.283567,0.280574,c1ccc(OCCC[NH2+]C[C@H]2CCCO2)cc1
decoy_135,0.407898,0.362511,0.74062,0.75372,0.432775,0.411017,O=C1COc2ccccc2N1
decoy_1350,0.399974,0.393671,0.688499,0.663857,0.459748,0.443739,S=C(Nc1ccccc1)NC1CC[NH2+]CC1
decoy_1351,0.204097,0.318006,0.436336,0.689847,0.270391,0.376368,C1CC[C@@H]([NH2+][C@]23C[C@H]4C[C@H](C[C@H](C4)C2)C3)OC1
decoy_1352,0.180229,0.213777,0.439106,0.486115,0.254773,0.300755,C1CCC(C[NH2+][C@H]2CC[C@@H]3CCCC[C@H]32)CC1
decoy_1353,0.167873,0.194966,0.371659,0.426331,0.245656,0.278537,C=C1C(=O)O[C@@H]2CC[C@@H]3O[C@]12CCCCC3=O
decoy_1354,0.260816,0.269942,0.50736,0.529631,0.321345,0.335849,O=c1c(Cc2ccccc2)coc2ccccc12
decoy_1355,0.222945,0.259945,0.449666,0.738357,0.276816,0.316976,O=c1oc2ccccc2cc1Cc1ccccc1
decoy_1356,0.196975,0.240435,0.375122,0.401843,0.249389,0.300685,C(=C/c1ccc(-c2ccccc2)o1)\c1cc[nH]n1
decoy_1357,0.223269,0.243914,0.391765,0.447399,0.266631,0.295265,[H]/N=C1/C(=O)N(Cc2ccccc2)c2ccccc21
decoy_1358,0.202278,0.22019,0.398362,0.471577,0.247516,0.285947,c1ccc(Oc2ccnn2-c2ccccc2)cc1
decoy_1359,0.198196,0.289893,0.392974,0.661885,0.27762,0.368432,c1ccc(Oc2cc(-c3ccccc3)n[nH]2)cc1
decoy_136,0.288957,0.308281,0.45383,0.63028,0.307958,0.355221,c1coc(Cn2cnnc2)c1
decoy_1360,0.264245,0.271434,0.464811,0.492344,0.298448,0.319273,O=C1c2ccccc2[C@@H]2Nc3ccccc3N[C@H]12
decoy_1361,0.261545,0.259405,0.461298,0.508019,0.309606,0.296535,O=C1C=C(c2ccccc2)Nc2ccccc2N1
decoy_1362,0.243455,0.313332,0.420145,0.576233,0.290754,0.36463,O=C1CN=C(c2ccccc2)c2ccccc2N1
decoy_1363,0.262281,0.323407,0.484813,0.66707,0.332666,0.392081,C=C(Nc1ccccc1)n1nnc2ccccc21
decoy_1364,0.420354,0.501118,0.650335,0.747579,0.490636,0.547784,O=c1[nH]c(N2CC[NH2+]CC2)nc2sccc12
decoy_1365,0.187041,0.195544,0.334779,0.336908,0.240257,0.266063,O=C(CNCc1cn[nH]c1)Nc1cccs1
decoy_1366,0.195413,0.244641,0.435334,0.530053,0.256401,0.319326,C=C1CC[C@@H]2C=CO[C@H](O[C@H]3CCCCO3)[C@@H]12
decoy_1367,0.164615,0.168425,0.376504,0.361463,0.235802,0.235666,O=C1C=C[C@H](/C=C/CO[C@H]2CCCCO2)CC1
decoy_1368,0.245518,0.305013,0.476168,0.630149,0.290257,0.378936,C1=C(c2ccccc2)NCN[C@@H]1c1ccccc1
decoy_1369,0.215207,0.205582,0.4937,0.483272,0.298233,0.309594,c1ccc(CCCn2ccc3cccnc32)cc1
decoy_137,0.372062,0.339577,0.687594,0.67508,0.419771,0.392285,c1cc(N2CCCC2)ncn1
decoy_1370,0.254703,0.254196,0.495788,0.499457,0.299166,0.327702,c1ccc(C[NH2+]Cc2cccc3cc[nH]c23)cc1
decoy_1371,0.239559,0.319025,0.397478,0.593903,0.275953,0.352371,O=C1CSC(=S)N1/N=C/c1ccccc1
decoy_1372,0.216607,0.226461,0.314739,0.384852,0.257653,0.273047,O=C(Nc1ccccc1)c1cnc([S-])s1
decoy_1373,0.190526,0.237022,0.322454,0.429753,0.245307,0.304619,S=C1N=CC(CC2C=NC(=S)N=C2)C=N1
decoy_1374,0.187845,0.310855,0.388549,0.627933,0.243886,0.3731,O=C(NCCc1ccccc1)[C@@H]1CSCN1
decoy_1375,0.224469,0.344406,0.412709,0.685493,0.265482,0.384788,S=C(NC[C@H]1CCCO1)Nc1ccccc1
decoy_1376,0.344935,0.385379,0.617208,0.637731,0.446045,0.440629,S=C(Nc1ccccc1)NN1CC[NH2+]CC1
decoy_1377,0.314094,0.310026,0.692421,0.647098,0.419142,0.410584,c1cc(CCCCC[NH2+]C2CC[NH2+]CC2)n[nH]1
decoy_1378,0.179502,0.25582,0.361553,0.555685,0.232284,0.318882,c1csc(CN2CC[NH+](CC3CC3)CC2)c1
decoy_1379,0.268458,0.299205,0.497743,0.517683,0.322352,0.33964,c1csc(CN2CC[C@H]([NH+]3CCCC3)C2)c1
decoy_138,0.208165,0.229797,0.447058,0.45492,0.291741,0.312822,C1=CC2(C=CN1)CCCCC2
decoy_1380,0.191531,0.247373,0.358105,0.450075,0.232849,0.315072,O=c1[nH]c(-c2ccccc2)c(-c2ccccc2)o1
decoy_1381,0.215475,0.295138,0.401731,0.621218,0.259352,0.351415,O=C(Nc1ccccc1)c1cc2ccccc2o1
decoy_1382,0.292153,0.365632,0.553096,0.640584,0.370368,0.440957,O=C1NC(=O)C(=CNC2CCCCC2)C(=O)N1
decoy_1383,0.174275,0.183833,0.314279,0.31639,0.236009,0.258422,O=C(CN1CCCCC1)c1c[n-]c(=O)[nH]c1=O
decoy_1384,0.275562,0.340104,0.504184,0.572293,0.330361,0.39387,O=C(CNC1CCCC1)c1c[nH]c(=O)[nH]c1=O
decoy_1386,0.32993,0.385209,0.593599,0.694933,0.394494,0.442211,O=c1[nH]cnc2cc(Nc3ccccc3)ccc12
decoy_1387,0.208006,0.230937,0.376396,0.457718,0.251513,0.291945,O=C(N=c1[nH]c2ccccc2[nH]1)c1ccccc1
decoy_1388,0.239079,0.271556,0.427215,0.474838,0.282457,0.328811,c1ccc2c(c1)=NC([C@@H]1CNc3nccnc31)N=2
decoy_1389,0.236516,0.317777,0.411549,0.557737,0.29526,0.361917,c1ccc(NCc2cnc3ncncc3n2)cc1
decoy_139,0.308088,0.294954,0.518991,0.525983,0.351282,0.339983,c1ccc2c(c1)OCCCO2
decoy_1390,0.154988,0.241553,0.285491,0.443661,0.214631,0.334758,O=C(CNCc1cccs1)Nc1ccon1
decoy_1391,0.285754,0.366895,0.477235,0.604915,0.318919,0.408006,O=S(=O)(NCc1cc[nH]n1)c1ccccc1
decoy_1392,0.356439,0.415459,0.574058,0.675698,0.394156,0.462516,O=S(=O)(NCc1cn[nH]c1)c1ccccc1
decoy_1393,0.324885,0.329068,0.719195,0.737365,0.391681,0.39373,O=C1CCc2cc(Cc3ccccc3)ccc2N1
decoy_1394,0.235832,0.296506,0.421671,0.553552,0.273064,0.349323,Nc1[nH+]c2ccccc2n1CCc1ccccc1
decoy_1397,0.234112,0.338912,0.409352,0.59012,0.258376,0.364769,S=C(NN[C@@H]1CCCO1)Nc1ccccc1
decoy_1398,0.220963,0.244408,0.423694,0.437933,0.295585,0.308769,c1ccc(OCCC[NH+]2CCSCC2)cc1
decoy_1399,0.189657,0.248149,0.376002,0.443898,0.243056,0.321797,c1cnc(SCCC[NH+]2CCCCC2)nc1
decoy_14,0.290536,0.268482,0.629699,0.627979,0.390105,0.373917,c1ccc2occc2c1
decoy_140,0.295095,0.2936,0.468208,0.499875,0.324953,0.34719,c1ccc(C2OCCO2)cc1
decoy_1400,0.245891,0.275454,0.51524,0.538226,0.333905,0.346095,C1CC[NH+](CCCO[C@H]2C[C@@H]3CC[C@H]2C3)CC1
decoy_1401,0.234812,0.306927,0.506532,0.610698,0.322156,0.392544,C(C[NH2+]C1CC1)CN1CCC[N@@H+]2CCC[C@H]2C1
decoy_1402,0.262456,0.275683,0.4885,0.49869,0.308578,0.328043,O=c1c(Oc2ccccc2)coc2ccccc12
decoy_1403,0.257425,0.340472,0.476945,0.560754,0.316233,0.388743,O=C(C[NH+]1CCCC1)Nc1c[nH]c(=O)[nH]c1=O
decoy_1404,0.2146,0.243204,0.392206,0.480936,0.246827,0.305228,c1ccc(Oc2nnnn2-c2ccccc2)cc1
decoy_1405,0.276386,0.342139,0.443987,0.557047,0.309594,0.392862,O=c1[nH]c2c(=S)[nH]cnc2n1[C@@H]1CCCO1
decoy_1406,0.270338,0.255345,0.760052,0.76461,0.360508,0.35521,C=C1COC(=O)C[C@H]1/C=C/O[C@H]1CCCCO1
decoy_1407,0.290417,0.293299,0.803513,0.850967,0.382145,0.403171,O=C1C[C@@H]2[C@@H](O[C@H]3CCCCO3)OC=C[C@H]2C1
decoy_1408,0.201674,0.256758,0.424012,0.501852,0.271067,0.314768,O=C1CC[C@@H]2[C@@H](O[C@H]3CCCCO3)OC=C[C@@H]12
decoy_1409,0.244786,0.258047,0.505974,0.520348,0.321767,0.333496,O=C1c2ccccc2OC[C@@H]1Cc1ccccc1
decoy_141,0.325251,0.318973,0.629852,0.658614,0.378809,0.384928,c1ncc([C@@H]2CCCO2)cn1
decoy_1410,0.260573,0.266402,0.459522,0.457389,0.314949,0.315852,c1coc(CCNc2cc[nH+]c3ccccc23)c1
decoy_1411,0.238271,0.233627,0.454395,0.46427,0.302689,0.316761,c1ccc(-c2c[nH]nc2CCc2ccco2)cc1
decoy_1412,0.186252,0.2287,0.38759,0.688768,0.249732,0.29089,c1ccc(OCCn2cnc3ccccc32)cc1
decoy_1413,0.265679,0.36728,0.520812,0.709234,0.362876,0.447878,O=C1CCc2ccc(Nc3ccccc3)cc2N1
decoy_1414,0.281741,0.266377,0.57309,0.561161,0.354483,0.344077,O=c1[nH]c2ccc(CCc3ccccc3)cc2[nH]1
decoy_1415,0.238388,0.344303,0.464559,0.578304,0.303214,0.402703,O=C1NCC[C@@H]2[NH+]=C(N[C@H]3CCCCO3)N[C@H]12
decoy_1416,0.214402,0.292352,0.403119,0.58094,0.266635,0.345296,c1ccc2[nH]c(-c3cnc(C4CCC4)[nH]3)nc2c1
decoy_1417,0.388788,0.40261,0.710834,0.676787,0.467061,0.470113,O=C(NCCN1CC[NH2+]CC1)Nc1cn[nH]c1
decoy_1418,0.269132,0.29439,0.478968,0.599512,0.322534,0.340488,c1ccc(-c2cnc(-c3cccnc3)s2)cc1
decoy_1419,0.20731,0.245832,0.493057,0.527317,0.289024,0.32208,C1=C(CO[C@H]2CCCCO2)[C@@H]2CCC[C@H]2CO1
decoy_142,0.304487,0.369708,0.512775,0.733056,0.357731,0.424819,O=C(NC1CC1)c1ccc[nH]1
decoy_1420,0.16979,0.168813,0.415863,0.401788,0.252003,0.248188,O=C1CCC(/C=C/CO[C@@H]2CCCCO2)CC1
decoy_1421,0.238566,0.308928,0.400363,0.59549,0.27071,0.343298,O=S(=O)(Cc1cccs1)c1ccccc1
decoy_1422,0.212729,0.255341,0.444523,0.558963,0.282791,0.344487,C1=C2[C@@H](CN1)C1=C(CCC1)N[C@H]2c1ccccc1
decoy_1423,0.234894,0.2485,0.510733,0.544741,0.324763,0.351134,c1ccc(N2CCN(c3ccccc3)CC2)cc1
decoy_1424,0.216457,0.302636,0.417684,0.62551,0.287349,0.380868,c1ccc(C[N@@H+]2CCC[C@H]2c2ccncc2)cc1
decoy_1425,0.385067,0.441154,0.700056,0.818113,0.473884,0.519233,c1ccc(-c2cc(C3CC[NH2+]CC3)ccn2)cc1
decoy_1426,0.210769,0.284317,0.397899,0.592481,0.263451,0.348043,c1ccc([C@@H]2CN(c3ccccc3)CC[NH2+]2)cc1
decoy_1427,0.228191,0.282601,0.422907,0.54211,0.287229,0.339341,c1ccc(-c2cc([C@H]3CCC[NH2+]C3)ccn2)cc1
decoy_1428,0.165874,0.238356,0.333604,0.48194,0.242684,0.315916,O=C(CC[NH+]1CCCCC1)Nc1cccs1
decoy_1429,0.197843,0.250384,0.402981,0.480565,0.260479,0.304323,S=c1n(C2CC2)cnn1CN1CCCCC1
decoy_143,0.288588,0.347183,0.462523,0.810697,0.318233,0.395929,c1csc(-c2ncc[nH]2)c1
decoy_1430,0.170859,0.210785,0.448633,0.509751,0.252867,0.293609,C1CC[C@@H](O[C@H]2CCC[C@H]3CCCC[C@@H]32)OC1
decoy_1431,0.334602,0.420163,0.602458,0.67931,0.412961,0.490792,O=C1NC(=O)C(=CN[C@H]2CCCOC2)C(=O)N1
decoy_1432,0.24626,0.302956,0.39105,0.502579,0.278469,0.339368,O=C1Nc2ccccc2[C@]12C=CNc1ocnc12
decoy_1433,0.250287,0.287528,0.393366,0.486588,0.289938,0.326136,O=C1Nc2ccccc2[C@@]12C=COc1n[nH]cc12
decoy_1434,0.212,0.302153,0.331782,0.43302,0.247232,0.32761,O=c1[n-]c2nc(-c3ccccc3)ccc2c(=O)[nH]1
decoy_1435,0.296104,0.313643,0.503668,0.526504,0.35191,0.366968,O=C1N=c2ccc(CNc3ccncn3)cc2=N1
decoy_1436,0.197158,0.236175,0.330042,0.418939,0.250161,0.295567,O=C(CN1C(=O)CNC1=O)Nc1cccs1
decoy_1437,0.331369,0.377413,0.543859,0.571181,0.399911,0.427864,Nc1n[nH]/c(=N\S(=O)(=O)c2ccccc2)[nH]1
decoy_1438,0.301877,0.357647,0.501586,0.554692,0.357603,0.41292,O=C1N=C[C@@H](C(=O)CSc2nc[nH]n2)CN1
decoy_1439,0.211793,0.237863,0.394641,0.415712,0.272051,0.288573,O=C1COc2ccc(Cc3ccccc3)cc2N1
decoy_144,0.176396,0.229103,0.326562,0.438558,0.240718,0.307738,NC1=C2CCC(N)=C(CC1)C2
decoy_1440,0.2339,0.285405,0.4413,0.615126,0.289947,0.347202,c1coc(CCNc2ncnc3ccccc23)c1
decoy_1441,0.321801,0.287008,0.586153,0.540981,0.399639,0.366395,O=c1[nH]c2ccc(NCc3ccccc3)cc2[nH]1
decoy_1442,0.19516,0.195631,0.350094,0.354112,0.253379,0.259282,O=C(Nc1ccccc1)[C@H]1CCS(=O)(=O)C1
decoy_1443,0.207217,0.297751,0.365651,0.548297,0.249558,0.345393,O=C(N[C@H]1CCS(=O)(=O)C1)c1ccccc1
decoy_1444,0.210301,0.278066,0.453329,0.640556,0.276196,0.331378,O=C(CCc1ccccc1)NCc1ccccc1
decoy_1446,0.387458,0.432367,0.707384,0.729527,0.456158,0.4906,O=C(CCNC(=O)C1CC1)NC1CC[NH2+]CC1
decoy_1447,0.273835,0.301345,0.412928,0.462685,0.281174,0.329416,O=S(=O)(Nc1ccccc1)c1cccs1
decoy_1448,0.267976,0.283081,0.494762,0.501576,0.349436,0.355456,c1ccc(N2CCN(c3cccc[nH+]3)CC2)cc1
decoy_1449,0.212314,0.338031,0.409055,0.677513,0.255743,0.384095,O=S(=O)(NC1CCCCC1)c1ccccc1
decoy_145,0.306002,0.300345,0.516619,0.677046,0.315498,0.346198,O=C1N=CC=C2SCC=C12
decoy_1450,0.187476,0.30259,0.373338,0.627237,0.23534,0.346759,O=S(=O)(NCC1CCCC1)c1ccccc1
decoy_1451,0.199134,0.308002,0.378227,0.552903,0.263089,0.391809,O=C(C[N@@H+]1CCCNCC1)Nc1cccs1
decoy_1453,0.374593,0.421153,0.693871,0.754422,0.456241,0.492095,O=C(NCC1CCCCC1)NC1CC[NH2+]CC1
decoy_1454,0.2186,0.278513,0.424287,0.524809,0.280854,0.335453,O=[P@@H](Oc1ccccc1)OC1CCCCC1
decoy_1455,0.278273,0.353066,0.549275,0.851194,0.32864,0.398128,O=C(c1ccccc1)c1ccc2c(c1)OCCO2
decoy_1456,0.175929,0.242698,0.344267,0.518292,0.227978,0.321207,O=C1[C@@H]2[C@H](C(=O)N1c1ccccn1)[C@H]1C=C[C@@H]2C1
decoy_1457,0.218324,0.294698,0.435678,0.534416,0.292417,0.378342,O=C(C[NH+]1CCCCC1)NN1C(=O)CNC1=O
decoy_1458,0.220959,0.212479,0.394601,0.38998,0.263781,0.293876,c1ccc2c(CNCc3ncncn3)coc2c1
decoy_146,0.279998,0.336652,0.452439,0.703937,0.304424,0.387963,c1csc(-c2nnc[nH]2)c1
decoy_1460,0.235149,0.269887,0.38678,0.422569,0.274082,0.316358,O=c1[nH][nH]cc1[C@@H](c1ccccc1)c1cn[nH]c1
decoy_1461,0.40828,0.458462,0.708761,0.74861,0.510427,0.553241,O=C1CC([C@@H]2C=C(c3ccccc3)N=N2)=CNN1
decoy_1462,0.175578,0.196297,0.32896,0.3778,0.224598,0.278277,C1=C[C@H]([C@H]2N=NCN2/N=C/c2ccccc2)N=N1
decoy_1463,0.206006,0.215272,0.357052,0.370554,0.251718,0.273727,c1ccc2ncc(C[NH2+]Cc3nnn[n-]3)cc2c1
decoy_1464,0.332646,0.351606,0.48082,0.587282,0.327545,0.373768,O=c1ccc2c(c1)sc1cccc3[nH][nH]c2c31
decoy_1465,0.191519,0.232409,0.426269,0.512023,0.272566,0.303987,C1=C[C@H]2CCOC[C@@H]2[C@@H](O[C@H]2CCCCO2)O1
decoy_1466,0.220539,0.308522,0.408545,0.621453,0.261509,0.392984,c1coc(C[NH2+]CCn2ccc3ccccc32)c1
decoy_1467,0.315009,0.328558,0.651482,0.675791,0.422613,0.435491,O=C1CN(Cc2cccc3ccccc23)CCN1
decoy_1468,0.157826,0.247527,0.33102,0.541952,0.220311,0.344494,O=C(CNc1ccccc1)NCc1ccccc1
decoy_1469,0.178537,0.206153,0.369992,0.436433,0.244891,0.280131,O=C(CNCc1ccccc1)Nc1ccccc1
decoy_147,0.269613,0.291408,0.414391,0.426672,0.305823,0.314252,c1coc(C[NH2+]CC2CC2)c1
decoy_1470,0.205196,0.268241,0.406932,0.538264,0.274075,0.312727,O=C(NCc1ccccc1)NCc1ccccc1
decoy_1471,0.173435,0.251489,0.348042,0.524055,0.240251,0.31988,O=C(NCCc1ccccc1)Nc1ccccc1
decoy_1473,0.247675,0.298165,0.395341,0.49081,0.280789,0.328246,O=S(=O)(/N=c1\[nH]ccs1)c1ccccc1
decoy_1474,0.279912,0.301127,0.492355,0.507913,0.345471,0.359592,c1ccc(N2CCN(c3cccc[nH+]3)CC2)nc1
decoy_1475,0.364073,0.40576,0.588084,0.656303,0.405932,0.452863,O=C(CSc1nc[nH]n1)Nc1cccs1
decoy_1476,0.172379,0.204544,0.342144,0.41017,0.23157,0.274369,O=C(C[NH2+]C[C@H]1CCCO1)Nc1cccs1
decoy_1477,0.344917,0.405423,0.611422,0.687313,0.425702,0.461903,O=S(=O)(N[C@H]1CCC[NH2+]C1)c1ccccc1
decoy_1478,0.318878,0.428759,0.571646,0.712595,0.398887,0.492183,O=S(=O)(NC1CC[NH2+]CC1)c1ccccc1
decoy_1479,0.350034,0.394869,0.626391,0.679692,0.448006,0.489789,O=S(=O)(NCC[NH2+]C1CC1)c1ccccc1
decoy_148,0.296271,0.351824,0.44114,0.486121,0.329164,0.371884,c1coc(C[NH+]2CCCC2)c1
decoy_1480,0.232939,0.263296,0.472493,0.524893,0.297363,0.333086,c1ccc(Cn2ccc(-c3cccs3)n2)cc1
decoy_1481,0.283437,0.26833,0.476204,0.448243,0.33311,0.313201,c1csc(CNc2cc[nH+]c3ccccc23)c1
decoy_1482,0.213551,0.253816,0.433871,0.604663,0.275146,0.330812,c1ccc(CSC2N=c3ccccc3=N2)cc1
decoy_1483,0.158284,0.235352,0.341565,0.478225,0.210608,0.320161,c1ccc(CNCC[NH2+]Cc2ccccc2)cc1
decoy_1486,0.292657,0.314793,0.456845,0.501946,0.31352,0.344553,O=C1NC(=O)N2CCC3=c4ccccc4=N[C@@H]3[C@@H]12
decoy_1487,0.247056,0.22663,0.455809,0.438143,0.299623,0.301051,c1ncc2c3cncnc3n([C@@H]3CCCO3)c2n1
decoy_1488,0.248677,0.264461,0.418897,0.457358,0.296473,0.313151,O=C1CN(Cc2ccccn2)c2ncncc2N1
decoy_1489,0.183833,0.244343,0.353498,0.528587,0.244327,0.317396,c1ccc(C[NH2+]Cc2ccc3c(c2)OCO3)cc1
decoy_149,0.264561,0.257756,0.452139,0.441508,0.303304,0.318735,C1C[C@@H]2CC[C@H]3CC[C@H](C1)[N@@H+]32
decoy_1490,0.188334,0.182623,0.397617,0.389896,0.250283,0.254083,O=c1ccn(CC[C@H]2Cc3ccccc3O2)cc1
decoy_1491,0.242871,0.2721,0.425235,0.446093,0.292122,0.314301,O=C1NCCC[C@@H]1Nc1cc[nH+]c2ccccc12
decoy_1492,0.148777,0.22868,0.299469,0.458666,0.216696,0.318864,O=C(NCc1ccccc1)NNc1ccccc1
decoy_1493,0.188927,0.262839,0.357159,0.463625,0.251201,0.329391,[NH2+]=C(NCCc1ccccc1)Nc1ncccn1
decoy_1494,0.36178,0.418388,0.567461,0.62495,0.398917,0.452584,O=C(CSc1nc[nH]n1)Nc1nccs1
decoy_1495,0.339822,0.399745,0.614,0.66177,0.417884,0.454883,O=S(=O)(N[C@H]1CCC[NH2+]C1)c1cccnc1
decoy_1496,0.357698,0.421575,0.636324,0.682801,0.428929,0.471143,O=S(=O)(NC1CC[NH2+]CC1)c1ccccn1
decoy_1497,0.327959,0.380427,0.597037,0.638766,0.416366,0.440897,O=S(=O)(NC1CC[NH2+]CC1)c1cccnc1
decoy_1498,0.350265,0.425679,0.62424,0.690439,0.414506,0.461482,O=S(=O)(NC[C@H]1CCC[NH2+]1)c1cccnc1
decoy_1499,0.387964,0.452193,0.676321,0.719285,0.443903,0.487922,O=S(=O)(NC[C@H]1CC[NH2+]C1)c1cccnc1
decoy_15,0.267699,0.304688,0.515602,0.711991,0.310669,0.364859,C1=C[C@@H]2N=CC=C2C=N1
decoy_150,0.338562,0.342026,0.584984,0.628486,0.415448,0.424507,O=c1[nH]c(=O)c2[nH]cnc2[nH]1
decoy_1500,0.336521,0.39653,0.617223,0.664479,0.416144,0.462129,O=S(=O)(NCC[NH2+]C1CC1)c1cccnc1
decoy_1501,0.313756,0.343477,0.615422,0.662825,0.382456,0.406489,C1=C(Sc2ccccc2)CNc2ncncc21
decoy_1502,0.290763,0.287575,0.465228,0.454478,0.33656,0.324374,c1ccc2c(NCc3cscn3)cc[nH+]c2c1
decoy_1503,0.232637,0.281251,0.430829,0.608179,0.285099,0.341287,c1ccc(CNc2ncnc3sccc23)cc1
decoy_1504,0.386147,0.413762,0.682135,0.663725,0.451821,0.47243,O=C(CSc1nc[nH]n1)NC1CC[NH2+]CC1
decoy_1505,0.171119,0.195676,0.36032,0.384033,0.241979,0.24915,c1ccc(C[NH2+]CCCOc2ccccc2)cc1
decoy_1506,0.307527,0.366082,0.585477,0.680058,0.384245,0.430454,c1ccc([C@@H]([NH2+]Cc2cn[nH]c2)C2CCC2)cc1
decoy_1507,0.215599,0.23709,0.423302,0.431081,0.288444,0.286213,c1ccc(C[NH2+][C@H]2CCC[C@@H]2n2ccnc2)cc1
decoy_1508,0.185102,0.252075,0.319768,0.445043,0.225578,0.320862,O=C(NNC(=S)NC1CC1)c1cccs1
decoy_1509,0.189678,0.224372,0.398265,0.431635,0.249778,0.269636,c1ccc(C[NH2+][C@]23C[C@H]4C[C@H](C[C@H](C4)C2)C3)cc1
decoy_151,0.286889,0.27211,0.457149,0.459931,0.311887,0.312057,O=c1ccn(C2CC2)c(=O)[nH]1
decoy_1510,0.196338,0.230865,0.410492,0.444394,0.253371,0.272268,c1ccc(C[NH2+][C@H]2[C@@H]3C[C@H]4C[C@@H](C3)C[C@@H]2C4)cc1
decoy_1511,0.217544,0.251418,0.467672,0.564175,0.272623,0.32987,NC1=C2CCCC[C@@H]2[C@H]2CC[C@@H]3CCC=C3C2=C1
decoy_1512,0.399651,0.370587,0.863182,0.888913,0.521913,0.48199,NC1=CC[C@@H]2C(=C1)C=C[C@@H]1[C@@H]3CCC[C@@H]3CC[C@H]12
decoy_1513,0.339851,0.326972,0.585358,0.572018,0.38197,0.371531,O=c1[nH]c2ccc(Cc3ccco3)cc2[nH]c1=O
decoy_1514,0.335715,0.341712,0.594237,0.614374,0.382509,0.392964,O=c1[nH]c2c(c(=O)[nH]1)[C@H](c1ccccc1)C=CO2
decoy_1515,0.292056,0.305672,0.484956,0.487972,0.336946,0.353836,O=c1[nH]c2ccc(Cc3cc[nH]n3)cc2[nH]c1=O
decoy_1516,0.229684,0.233296,0.454171,0.486404,0.272373,0.295265,c1ccc(OCc2cccc3c2OCOC3)cc1
decoy_1517,0.209341,0.227522,0.411563,0.420258,0.257246,0.282405,c1cc2c(cc1-c1c[nH]c(C3CC3)n1)OCCO2
decoy_1518,0.333337,0.348991,0.592915,0.60929,0.397338,0.407117,O=C1C=C(N2CC[NH2+]CC2)C(=O)c2ccccc21
decoy_1519,0.219997,0.253601,0.396727,0.419105,0.288547,0.300254,O=C1NC(=O)[C@H]2C[NH2+][C@H](/C=C/c3ccccc3)[C@@H]12
decoy_152,0.281338,0.28599,0.48476,0.594148,0.308485,0.321578,O=c1nc[nH]c2sccc12
decoy_1520,0.251403,0.370813,0.457947,0.726255,0.283176,0.40257,O=C1NN(c2ccccc2)C(=O)[C@H]2CC=CC[C@@H]12
decoy_1521,0.308437,0.363553,0.546138,0.638192,0.38073,0.438159,O=C1CCc2ccc(NCc3cn[nH]c3)cc2N1
decoy_1522,0.187659,0.254177,0.36422,0.524314,0.246049,0.330373,O=C(c1ccccc1)N1CC[C@H](n2ccnn2)C1
decoy_1523,0.237539,0.316598,0.409932,0.5169,0.283272,0.367567,C1=[NH+][C@@H](CCc2nc[nH]n2)N(c2ccccc2)N1
decoy_1524,0.357369,0.415289,0.550433,0.599131,0.391972,0.450922,O=C(CSc1nc[nH]n1)Nc1nncs1
decoy_1525,0.231246,0.278386,0.407185,0.540996,0.284783,0.34246,c1cc(CNc2ncnc3ccsc23)ccn1
decoy_1526,0.224522,0.231994,0.376749,0.421423,0.271773,0.295282,C1=NC2=NC=N[C@@H]2C(SCc2ccccc2)=N1
decoy_1527,0.229718,0.308456,0.479183,0.631681,0.323915,0.371357,O=C(C[C@H]1CCCO1)NCCN1CCOCC1
decoy_1528,0.210371,0.261161,0.404393,0.467046,0.268034,0.340953,c1ccc(N2CC[NH+](Cc3ccco3)CC2)cc1
decoy_1529,0.190452,0.290204,0.381127,0.603888,0.257644,0.357458,c1ccc(-c2nc(C[NH+]3CCCCC3)co2)cc1
decoy_153,0.215735,0.223556,0.405983,0.418968,0.267185,0.292012,C1=C[C@H]2C[C@@H]1CC21OCCO1
decoy_1530,0.217927,0.355396,0.40531,0.678874,0.291069,0.431613,O=C1Nc2ccccc2[C@@H]1[N@@H+]1[C@@H]2CCC[C@H]1CC2
decoy_1531,0.231118,0.305705,0.428728,0.551455,0.293296,0.342999,C1=NC2(CCCCC2)NC(Nc2ccccc2)=[NH+]1
decoy_1532,0.176674,0.310604,0.350544,0.548243,0.237838,0.385621,C1=[NH+]/C(=N\c2ccccc2)NC2(CCCCC2)N1
decoy_1533,0.187846,0.285109,0.36703,0.515489,0.25432,0.368908,C1=[NH+]/C(=N/c2ccccc2)NC2(CCCCC2)N1
decoy_1534,0.270108,0.350903,0.529384,0.674743,0.321661,0.39941,c1ccc(C[N@H+]2CC[C@H](n3ccnn3)CC2)cc1
decoy_1536,0.359295,0.404148,0.571385,0.641844,0.394528,0.45211,c1n[nH]c(SCCCSc2nc[nH]n2)n1
decoy_1537,0.300768,0.290912,0.861012,0.850677,0.375994,0.360445,O=C1C=C[C@H]2C(=C1)CC[C@H]1[C@H]3CCC[C@H]3CC[C@@H]12
decoy_1539,0.241717,0.27002,0.437247,0.471921,0.292537,0.315511,O=C(COC(=O)C1C=CNC=C1)c1ccccc1
decoy_154,0.448899,0.510309,0.688621,0.802972,0.492569,0.536376,c1coc(C2CC[NH2+]CC2)n1
decoy_1540,0.251517,0.306633,0.431614,0.522562,0.305757,0.348017,O=C1CNC(=O)[C@H](Cc2c[nH]c3ccccc23)N1
decoy_1541,0.255468,0.247419,0.474942,0.473614,0.327359,0.329384,O=C(NCc1ccccc1)Nc1ccc[nH]c1=O
decoy_1542,0.226647,0.252586,0.392461,0.415451,0.269508,0.299051,O=c1nc([C@H]2[NH2+]CNN2c2ccccc2)cc[nH]1
decoy_1543,0.271401,0.274449,0.444975,0.56508,0.31177,0.316165,O=C1CC(c2cccs2)=CC(c2ccco2)=N1
decoy_1544,0.323404,0.364147,0.604816,0.71762,0.373748,0.425144,c1ncc2sc3ncc4c(c3c2n1)CCOC4
decoy_1545,0.327552,0.320904,0.562184,0.558584,0.374647,0.358841,O=C1Cc2ccc(Sc3ncccn3)cc2N1
decoy_1546,0.244035,0.329498,0.406878,0.553073,0.291478,0.363822,c1ccc2[nH]c(SCc3ncncn3)nc2c1
decoy_1547,0.197728,0.255697,0.418261,0.586533,0.258776,0.313117,O=C(CCc1ccccc1)NCCc1ccco1
decoy_1548,0.214581,0.247461,0.432279,0.527175,0.280907,0.312489,C1=NN=C(c2ccccc2)[C@H]1CN1CCOCC1
decoy_1549,0.136372,0.21591,0.289844,0.428327,0.193317,0.292853,C(\NCCNc1ccccc1)=[NH+]/Cc1ccco1
decoy_155,0.418313,0.43528,0.615606,0.626607,0.448227,0.462166,c1cc([C@@H]2C[NH2+]CCN2)co1
decoy_1550,0.211348,0.287825,0.428901,0.592264,0.284382,0.34293,O=C1N[C@]2(C[C@H]3CC[C@@H]2CC3)Nc2ncccc21
decoy_1551,0.197904,0.222593,0.387599,0.402176,0.2727,0.313039,c1ncc2nc(C[NH2+]C3CCCCC3)cnc2n1
decoy_1552,0.225974,0.257983,0.442175,0.50011,0.264868,0.335491,O=C(CSc1ccccc1)Nc1ccccc1
decoy_1553,0.256738,0.308207,0.475795,0.638384,0.293178,0.35901,O=C(Nc1ccccc1)c1csc2c1CCC2
decoy_1554,0.18146,0.194603,0.386427,0.386098,0.265351,0.249618,c1ccc(C[NH2+]CCCCCc2cc[nH]n2)cc1
decoy_1555,0.394332,0.357247,0.867181,0.878383,0.524255,0.480867,NC1=CC[C@@H]2C(=C1)CC[C@H]1[C@H]2CC[C@H]2CCC[C@@H]21
decoy_1556,0.190159,0.229582,0.365434,0.40875,0.277955,0.305809,c1nnc(SCCC[NH+]2CCCCC2)s1
decoy_1557,0.192818,0.193755,0.354612,0.363839,0.246195,0.263508,O=C(CNC(=O)c1ccco1)Nc1ccccc1
decoy_1558,0.277975,0.288204,0.515826,0.540282,0.331616,0.348307,O=C(COC(=O)c1ccc[nH]1)Nc1ccccc1
decoy_1559,0.18694,0.214929,0.352225,0.44071,0.241714,0.289815,O=C(NCc1ccoc1)C(=O)Nc1ccccc1
decoy_156,0.428659,0.483205,0.663927,0.768938,0.470787,0.508754,c1coc([C@H]2CCC[NH2+]C2)n1
decoy_1560,0.21757,0.27456,0.394702,0.495764,0.264956,0.326417,O=C(COc1ccccc1)NNc1ccncn1
decoy_1561,0.340723,0.330878,0.586265,0.567551,0.394152,0.397195,c1cnc(SCc2ncc3cn[nH]c3n2)nc1
decoy_1562,0.168452,0.177516,0.372727,0.390167,0.245179,0.270183,C1CC[C@@H](OCC[C@H]2C[C@@H]3OCO[C@@H]3O2)OC1
decoy_1563,0.2333,0.247967,0.451657,0.481722,0.289799,0.316923,c1ccc([C@@H]2CN(Cc3ccno3)CCO2)cc1
decoy_1564,0.152793,0.155312,0.319995,0.33964,0.207385,0.226771,c1ccc(-c2nc(CN3CCOCC3)co2)cc1
decoy_1565,0.377458,0.366764,0.823416,0.85629,0.463555,0.45722,c1cc(-c2ccc(OC[C@H]3CCCO3)cc2)[nH]n1
decoy_1566,0.173876,0.232334,0.347236,0.448724,0.24269,0.297404,O=C(CC[NH2+]Cc1ccco1)Nc1ccccc1
decoy_1567,0.194623,0.250671,0.39363,0.519551,0.255412,0.30998,O=C(NCCc1ccco1)NCc1ccccc1
decoy_1568,0.284106,0.328678,0.537182,0.615585,0.339884,0.393697,O=C(NCCc1ccccc1)NCc1cn[nH]c1
decoy_1569,0.210905,0.219142,0.400806,0.399176,0.269112,0.28272,O=C(NCCCc1cc[nH]n1)Nc1ccccc1
decoy_157,0.005159,0.005159,0.010607,0.010365,0.030413,0.033359,O=C1[C@@H]2CN3C[C@H]1C[N@H+](C2)C3
decoy_1570,0.335315,0.393869,0.593007,0.672708,0.404666,0.450675,O=C(NCCCn1cc[nH+]c1)Nc1ccccc1
decoy_1571,0.392779,0.455552,0.662151,0.708393,0.456921,0.506048,c1cnn(-c2cc(NC3CC[NH2+]CC3)ncn2)c1
decoy_1572,0.210523,0.244582,0.430605,0.498026,0.277462,0.339957,O=C(/C=C/c1ccccc1)OCc1ccsc1
decoy_1573,0.312797,0.330894,0.561666,0.568129,0.404125,0.401438,O=C1Cc2ccc(NCc3cccs3)cc2N1
decoy_1574,0.165756,0.181415,0.416928,0.42307,0.24985,0.264054,C(CCO[C@@H]1CCCCO1)CCC1OCCO1
decoy_1575,0.294453,0.317967,0.634806,0.67527,0.361495,0.399741,O=c1[nH]c2ccc(CC3CCCCCC3)cc2[nH]1
decoy_1576,0.179298,0.270676,0.369347,0.534887,0.242034,0.333024,O=C(c1ccccc1)N1CCC2(CC[NH2+]CC2)C1
decoy_1577,0.342509,0.389728,0.582481,0.65873,0.387146,0.445509,O=C(CSc1nc[nH]n1)N[C@@H]1CCCS1
decoy_1578,0.245469,0.276436,0.474859,0.512782,0.29283,0.325845,c1ccc(Sc2nc3cccnc3s2)cc1
decoy_1579,0.230108,0.283193,0.413446,0.461364,0.296896,0.334175,c1ccc2ncc(C[NH+]3CCSCC3)cc2c1
decoy_158,0.194836,0.227271,0.353842,0.465676,0.255572,0.295257,O=C1CCC[C@@H]2CCCC[C@H]12
decoy_1580,0.267574,0.276375,0.487657,0.505035,0.356023,0.361891,O=C(Cc1ccccc1)Nc1c[nH]c(=O)[nH]c1=O
decoy_1581,0.170919,0.172176,0.322687,0.332167,0.223666,0.26033,O=C(CCc1ccccc1)O/N=C/c1cnon1
decoy_1582,0.268251,0.308806,0.434296,0.507303,0.304201,0.345381,O=C(CNc1ccccc1)c1c[nH]c(=O)[nH]c1=O
decoy_1583,0.193846,0.192431,0.346023,0.346294,0.246765,0.261536,O=C(CNC(=O)c1cocn1)Nc1ccccc1
decoy_1584,0.206353,0.273986,0.378921,0.517631,0.253414,0.308183,O=S(=O)(/C=C/c1ccccc1)c1ccccn1
decoy_1585,0.188184,0.223588,0.321242,0.383442,0.236015,0.286849,O=C1CS[C@H](c2ccccc2)c2cn[nH]c2N1
decoy_1586,0.203948,0.218975,0.371808,0.418256,0.256943,0.275526,O=C(Cc1cscn1)N/N=C/c1ccccc1
decoy_1587,0.194627,0.179792,0.357639,0.353055,0.252146,0.260343,O=C(CSc1ncccn1)Nc1ccccc1
decoy_1588,0.1772,0.231633,0.367444,0.461138,0.251355,0.311111,c1coc(-c2n[nH]cc2C[NH2+]C2CCCCC2)c1
decoy_1589,0.229622,0.310303,0.444209,0.549225,0.287823,0.363716,O=C1CCc2ccc(NC[C@H]3CCC[NH2+]3)cc2N1
decoy_159,0.270752,0.24869,0.549475,0.517922,0.350198,0.345558,c1cc2c(s1)CCCCC2
decoy_1590,0.347241,0.411558,0.628866,0.707852,0.436844,0.477231,O=C1CCc2cc(NC[C@H]3CCC[NH2+]3)ccc2N1
decoy_1591,0.359822,0.406705,0.645142,0.703496,0.441477,0.477936,O=C1CCc2cc(NC[C@H]3CC[NH2+]C3)ccc2N1
decoy_1592,0.217651,0.319667,0.414804,0.57275,0.269512,0.376994,O=C1NCC[N@H+]2C[C@@H](NCc3ccccc3)C[C@@H]12
decoy_1593,0.295984,0.303079,0.552763,0.560388,0.356304,0.358672,O=c1[nH]c2ccc(C[NH2+]C3CCCCC3)cc2[nH]1
decoy_1594,0.187013,0.221533,0.379937,0.408558,0.247408,0.286346,O=C(c1cccnc1)N1CCC2(CC[NH2+]CC2)C1
decoy_1595,0.184078,0.218607,0.375914,0.406191,0.243198,0.28147,O=C(c1ccncc1)N1CCC2(CC[NH2+]CC2)C1
decoy_1596,0.208849,0.276571,0.410807,0.517649,0.275463,0.341807,O=C(N[C@H]1CC[N@H+]2CCCC[C@H]12)c1cccnc1
decoy_1597,0.283508,0.391494,0.582445,0.766633,0.365153,0.463567,O=C(N[C@]12C[C@H]3C[C@H](C[C@H](C3)C1)C2)c1cn[nH]c1
decoy_1598,0.164285,0.188455,0.343176,0.392857,0.23649,0.262781,O=C(Nc1ccccc1)N[C@H]1CC[N@@H+](C2CC2)C1
decoy_16,0.432657,0.376414,0.900038,0.910352,0.48412,0.440424,c1ccc2[nH]cnc2c1
decoy_160,0.36477,0.362904,0.576644,0.621875,0.366903,0.392175,O=c1cc2n(c(=O)[nH]1)CCN2
decoy_1600,0.234188,0.243903,0.411479,0.401595,0.28632,0.288745,c1ccc(OC[C@@H]2[NH2+]CCc3sccc32)cc1
decoy_1601,0.195412,0.251312,0.419461,0.576306,0.25738,0.316626,O=C(CCc1ccccc1)NCc1cccs1
decoy_1602,0.209601,0.269426,0.433308,0.605224,0.270653,0.321617,O=C(CCc1cccs1)NCc1ccccc1
decoy_1603,0.196023,0.262084,0.415711,0.741237,0.259164,0.350538,c1ccc2c(c1)CC[N@H+](CC[C@H]1CCCCO1)C2
decoy_1604,0.16942,0.198754,0.410994,0.467371,0.222677,0.261971,O=C(CCC1CCCCC1)NCc1ccccc1
decoy_1605,0.194369,0.32439,0.372249,0.645765,0.239145,0.363496,O=S(=O)(NC1CCCCC1)c1cccs1
decoy_1606,0.193532,0.321911,0.366607,0.642623,0.229645,0.366391,O=S(=O)(NC1CCCCC1)c1ccsc1
decoy_1607,0.260865,0.268228,0.532614,0.521785,0.3423,0.344527,O=c1ccoc2cc(O[C@@H]3CCCCO3)ccc12
decoy_1608,0.257475,0.272841,0.513986,0.551265,0.352452,0.373796,O=c1ccc2cccc(O[C@@H]3CCCCO3)c2o1
decoy_1609,0.252876,0.257608,0.501359,0.485237,0.305361,0.30833,O=c1ccc2ccc(O[C@@H]3CCCCO3)cc2o1
decoy_161,0.393709,0.375778,0.632694,0.616482,0.428589,0.429832,O=C1C=CC2(CC[NH2+]CC2)O1
decoy_1610,0.241452,0.307574,0.461304,0.610915,0.281904,0.360106,O=C1Nc2ccccc2/C1=N/O[C@@H]1CCCCO1
decoy_1611,0.244977,0.307666,0.439437,0.525135,0.299621,0.352316,O=C(C[C@H]1NCON1)NC1=C[C@@H]2N=CC=C2C=C1
decoy_1612,0.213431,0.32282,0.40792,0.550841,0.285098,0.38422,O=C(Nc1ccc2[nH]c(=O)[nH]c2c1)[C@@H]1CCC[NH2+]1
decoy_1613,0.300634,0.364299,0.563954,0.590254,0.367903,0.414613,O=C(Nc1ccc2[nH]c(=O)[nH]c2c1)[C@H]1CC[NH2+]C1
decoy_1614,0.214591,0.267268,0.405327,0.495241,0.278813,0.322301,O=C(NCCc1ccco1)NNc1ccccn1
decoy_1615,0.189295,0.261631,0.370136,0.472866,0.260064,0.328106,O=C(NCC[NH2+]Cc1ccccc1)c1cnon1
decoy_1616,0.28418,0.27543,0.526934,0.572781,0.325553,0.343276,c1ccc(-n2ncc3nc4ccccc4nc32)cc1
decoy_1617,0.195917,0.223746,0.389956,0.434766,0.262904,0.290638,c1cnc(Sc2ccc3c(c2)OCCO3)nc1
decoy_1618,0.205853,0.254853,0.375428,0.457788,0.251976,0.306058,O=C(Cc1nncs1)N/N=C/c1ccccc1
decoy_1619,0.197726,0.194302,0.352038,0.365674,0.246839,0.271937,O=C(CSc1ncncn1)Nc1ccccc1
decoy_162,0.269844,0.28356,0.442492,0.482723,0.311259,0.333355,c1cn(C[C@H]2CCCO2)nn1
decoy_1620,0.231495,0.264347,0.38665,0.434741,0.275475,0.306403,O=C(NC1N=c2ccccc2=N1)C1=CNCS1
decoy_1621,0.223994,0.213879,0.372157,0.369606,0.273256,0.28532,S=C(NNc1ncncn1)Nc1ccccc1
decoy_1622,0.174826,0.199511,0.389515,0.429462,0.236043,0.284733,O=C(/C=C/c1ccccc1)OC[C@H]1CCCCO1
decoy_1623,0.167975,0.174999,0.361603,0.388552,0.228089,0.252079,O=C(Nc1ccccc1)C(=O)NC1CCCCC1
decoy_1624,0.206384,0.226551,0.404795,0.411008,0.264829,0.290763,c1ccc(OCCCSc2ncccn2)cc1
decoy_1625,0.179819,0.237176,0.359394,0.501344,0.249189,0.310565,O=C(CNCc1ccccc1)Nc1cccs1
decoy_1626,0.228786,0.262832,0.413579,0.467254,0.294011,0.31073,O=C(C[NH2+]Cc1cccs1)Nc1ccccc1
decoy_1627,0.194702,0.219233,0.383933,0.489745,0.259045,0.29037,O=C(NCCc1cccs1)Nc1ccccc1
decoy_1628,0.187428,0.181492,0.366879,0.372721,0.243224,0.254406,O=C(NCCc1ccsc1)Nc1ccccc1
decoy_1629,0.177037,0.258859,0.404422,0.601443,0.248539,0.321261,O=C(CCNc1ccccc1)NC1CCCCC1
decoy_163,0.433053,0.431038,0.640766,0.658975,0.494918,0.488304,NC1=[N+]([C@@H]2CCCO2)C=NC1
decoy_1630,0.156993,0.164673,0.351463,0.353919,0.227891,0.238958,O=C(C[NH+]1CCCCCCC1)Nc1ccccc1
decoy_1631,0.172072,0.20254,0.391722,0.440086,0.226137,0.261721,O=C(NCc1ccccc1)NCC1CCCCC1
decoy_1632,0.342701,0.398418,0.588674,0.660986,0.425421,0.451214,O=S(=O)(NC1CC[NH2+]CC1)c1cccs1
decoy_1633,0.141995,0.166671,0.356268,0.385409,0.206483,0.22214,c1ccc(C[NH2+]CCCC[NH+]2CCCCC2)cc1
decoy_1634,0.258325,0.291445,0.48236,0.630352,0.303186,0.350691,O=C1c2ccccc2C(=O)c2c1cc1ccccn21
decoy_1635,0.255366,0.295508,0.4466,0.475339,0.326925,0.346001,O=c1[nH]cc(NCCNc2cccc[nH+]2)c(=O)[nH]1
decoy_1636,0.238742,0.336289,0.384558,0.516471,0.27677,0.372551,O=C1NC(=S)NC(=O)C1=CNc1ccccc1
decoy_1637,0.133955,0.205945,0.283833,0.400128,0.195565,0.29397,O=C(CNCc1ccccc1)NC(=O)NC1CC1
decoy_1638,0.295163,0.32769,0.574613,0.592077,0.391682,0.414609,O=C(Nc1ccccc1)C(=O)NC1CC[NH2+]CC1
decoy_1639,0.360707,0.470548,0.640026,0.740727,0.437316,0.535162,O=C(NC[C@H]1CC[NH2+]C1)C(=O)Nc1ccccc1
decoy_164,0.41217,0.414687,0.661658,0.695365,0.453621,0.459194,O=c1[nH]nc(C2CCCC2)[nH]1
decoy_1640,0.213788,0.262916,0.43113,0.566516,0.278341,0.331946,c1ccc(C(c2ccccc2)c2ncncn2)cc1
decoy_1641,0.25882,0.272332,0.468108,0.526852,0.302929,0.328139,N/C(=C/c1ccccc1)c1cnc2ccccc2n1
decoy_1642,0.221922,0.313017,0.387293,0.596766,0.284691,0.366301,c1csc(C[NH2+]Cc2ccc3c(c2)OCO3)c1
decoy_1643,0.23072,0.276656,0.462204,0.636834,0.299695,0.357435,O=C(CNc1ccccc1)OCc1ccsc1
decoy_1644,0.214484,0.267962,0.406424,0.523115,0.255312,0.312444,O=c1[nH]nc(SCc2ccccc2)n1C1CC1
decoy_1645,0.216337,0.239026,0.432871,0.446999,0.275484,0.289313,c1cc2c(cc1C[NH2+]C1CCCCC1)OCCO2
decoy_1646,0.182912,0.186836,0.384658,0.372824,0.258936,0.257455,C(\NCCNc1ccccc1)=[NH+]/C[C@H]1CCCO1
decoy_1647,0.383998,0.437967,0.686788,0.752655,0.466984,0.508279,O=C(NCCc1ccccc1)NC1CC[NH2+]CC1
decoy_1648,0.159544,0.193091,0.346183,0.37927,0.230889,0.265141,O=C(NCC[NH+]1CCCCC1)Nc1ccccc1
decoy_1649,0.225744,0.285532,0.448504,0.527671,0.305474,0.358856,c1nc(NC2CC[NH2+]CC2)cc(N2CCCC2)n1
decoy_165,0.309225,0.326729,0.543631,0.554984,0.346531,0.373766,C1CCC([NH+]2CCCC2)CC1
decoy_1650,0.171603,0.243734,0.402111,0.563345,0.241186,0.302868,c1nc(N2CCCCC2)nc(N2CCCCC2)n1
decoy_1651,0.242543,0.317565,0.431781,0.608932,0.295733,0.363401,c1csc(CSc2nnc3ccccn23)c1
decoy_1652,0.169132,0.190432,0.340568,0.360066,0.243735,0.242508,c1ccc(OCCC[NH2+]Cc2cccs2)cc1
decoy_1653,0.222553,0.259685,0.403648,0.439432,0.276004,0.310669,S=C1NN[C@]2(CCC[C@@H](c3ccccc3)C2)N1
decoy_1654,0.200911,0.267111,0.356757,0.471084,0.250572,0.325721,O=C(CNc1ccccc1)NN1C(=O)CNC1=O
decoy_1655,0.251483,0.290578,0.395673,0.485599,0.27505,0.329803,O=c1[nH]c2c(c(=O)[nH]1)[C@H](c1cccs1)C=CO2
decoy_1656,0.341638,0.409045,0.55153,0.604125,0.386867,0.442809,O=c1[nH]cc(CSc2ncnc3[nH]cnc23)[nH]1
decoy_1657,0.33712,0.425899,0.542718,0.615905,0.385689,0.453349,O=c1[nH]cc(CSc2ncc3nc[nH]c3n2)[nH]1
decoy_1658,0.250368,0.260198,0.507018,0.494342,0.306166,0.306889,O=C1CCc2ccc(O[C@@H]3CCCCO3)cc2O1
decoy_1659,0.245188,0.286072,0.51327,0.539556,0.308741,0.335246,O=C1CC=C2C=CC(O[C@H]3CCCCO3)=C[C@@H]2O1
decoy_166,0.306678,0.331788,0.513731,0.615288,0.371896,0.410926,O=C1NC(=O)C2(CCCC2)N1
decoy_1660,0.220557,0.266359,0.446613,0.489064,0.279436,0.306665,O=C1C=C[C@@H]2C=CC(O[C@H]3CCCCO3)=C[C@H]2O1
decoy_1661,0.181456,0.177477,0.364108,0.364602,0.246742,0.253509,O=C(Nc1ccccc1)N[C@H]1CC[C@H]2OC[C@@H]1O2
decoy_1662,0.211345,0.321994,0.404075,0.684419,0.251615,0.375566,C=C1C(=O)Nc2ccccc2N=C1c1ccccc1
decoy_1663,0.197226,0.244366,0.386318,0.455269,0.266756,0.303242,c1ccc(NCC[NH2+]CCOc2cnon2)cc1
decoy_1664,0.358505,0.421173,0.664536,0.689204,0.434775,0.475699,O=C(Nc1cccnc1)C(=O)NC1CC[NH2+]CC1
decoy_1665,0.191808,0.22697,0.361214,0.440904,0.235071,0.295914,c1ccc(N(c2ccccc2)c2ncncn2)cc1
decoy_1666,0.20301,0.260135,0.363566,0.450709,0.245418,0.329535,C1=Nc2nc3ccccc3n2[C@@H](c2ccccc2)N1
decoy_1667,0.207473,0.244884,0.395914,0.473609,0.260349,0.316273,c1ccc(Nc2cncc(-c3cccnc3)n2)cc1
decoy_1668,0.208606,0.249317,0.394911,0.481819,0.250592,0.323603,c1ccc(Nc2nccc(-c3cccnc3)n2)cc1
decoy_1669,0.24422,0.312179,0.408411,0.539542,0.269769,0.347288,O=S(=O)(NNc1ccccc1)c1ccccc1
decoy_167,0.209844,0.214188,0.351539,0.385676,0.259516,0.288399,O=C1CCC2(CCCCC2)O1
decoy_1670,0.235298,0.288158,0.398974,0.513531,0.280204,0.335966,O=C1C[C@H](CNc2ncnc3sccc23)CN1
decoy_1671,0.191566,0.173262,0.348834,0.324583,0.257042,0.244504,O=C(CCSc1nc[nH]n1)Nc1ccccc1
decoy_1672,0.405824,0.40533,0.667643,0.62611,0.453496,0.44863,O=C(Nc1cc2c(s1)C[NH2+]CC2)c1cc[nH]n1
decoy_1673,0.212791,0.306702,0.380919,0.542761,0.281023,0.364187,O=C(NCCc1ccccc1)Nc1nncs1
decoy_1674,0.221453,0.23472,0.486812,0.514975,0.29716,0.328072,c1cc(N2CCOCC2)cc(N2CCOCC2)c1
decoy_1675,0.191605,0.292292,0.405,0.654911,0.256818,0.372984,c1ccc(N[C@@H]2CCCO2)c(N[C@H]2CCCO2)c1
decoy_1676,0.177829,0.264224,0.389775,0.618051,0.2516,0.344295,c1cc(N[C@H]2CCCO2)cc(N[C@@H]2CCCO2)c1
decoy_1677,0.140116,0.171118,0.325155,0.373552,0.20324,0.25463,c1cc(N[C@@H]2CCCO2)ccc1N[C@H]1CCCO1
decoy_1678,0.223158,0.21983,0.448212,0.417324,0.291989,0.28678,O=C1NCCC[C@@H]1[NH2+]CCCOc1ccccc1
decoy_1679,0.165716,0.175764,0.353948,0.35216,0.238982,0.25994,O=C1CC[N@H+](CCCOc2ccccc2)CCN1
decoy_168,0.306635,0.313882,0.551467,0.56724,0.391437,0.409748,c1ccc(-c2ccccc2)cc1
decoy_1680,0.190134,0.314756,0.403126,0.653161,0.267231,0.401853,O=C(C[NH+]1CCCC1)NCCOc1ccccc1
decoy_1681,0.226024,0.271714,0.410752,0.461605,0.282363,0.341298,c1ccc([C@H]2[NH2+]CCc3c2[nH]c2ccccc32)cc1
decoy_1682,0.182676,0.249298,0.372242,0.515785,0.234226,0.315298,c1ccc([C@H]2NCCC3=c4ccccc4=N[C@H]32)cc1
decoy_1683,0.200456,0.259106,0.419977,0.615098,0.266371,0.342776,c1nc(N2CCCCC2)cc(N2CCOCC2)n1
decoy_1684,0.396025,0.410938,0.704915,0.694767,0.474588,0.482837,O=C(NCCN1CC[NH2+]CC1)Nc1ccccc1
decoy_1685,0.399071,0.447142,0.659015,0.753712,0.442733,0.484782,c1csc(CSc2ncnc3nc[nH]c23)c1
decoy_1686,0.156214,0.18287,0.316882,0.342612,0.225723,0.229433,c1ccc(OCCC[NH2+]Cc2cscn2)cc1
decoy_1687,0.371738,0.508185,0.632079,0.789855,0.444571,0.562993,c1nc(NC[C@H]2CCC[NH2+]C2)c2ccsc2n1
decoy_1688,0.193,0.234232,0.474951,0.539112,0.261441,0.309878,C1=C[C@@]23CCC[C@]2(C1)CC[C@H]3O[C@@H]1CCCCO1
decoy_1689,0.184358,0.193462,0.413192,0.408943,0.27064,0.273207,c1ccc(OCCC[NH2+]CCN2CCCC2)cc1
decoy_169,0.33466,0.310092,0.549917,0.558956,0.351277,0.345931,c1csc(N2CCCC2)n1
decoy_1690,0.18648,0.261345,0.41583,0.61572,0.25424,0.318434,c1coc(C[N@H+]2CC[C@H]([NH+]3CCCCC3)CC2)c1
decoy_1691,0.293857,0.334972,0.648111,0.717631,0.402553,0.437072,c1ccc(OCCC[NH2+]CC2CC[NH2+]CC2)cc1
decoy_1692,0.176695,0.22227,0.388524,0.435555,0.24241,0.291486,O=C([C@@H]1CC=CCC1)N1CCC2(CC[NH2+]CC2)C1
decoy_1693,0.327928,0.471235,0.633017,0.834036,0.412676,0.532322,O=C(N[C@H]1CC[NH2+]C1)[C@]12C[C@H]3C[C@H](C[C@H](C3)C1)C2
decoy_1694,0.232784,0.312669,0.463105,0.663718,0.289303,0.374987,O=C(NC[C@H]1CCCO1)c1ccc2c(c1)OCO2
decoy_1695,0.185897,0.19165,0.359758,0.379011,0.254653,0.270395,c1ccc(Oc2ccc(-c3ncncn3)cc2)cc1
decoy_1696,0.226124,0.313115,0.403183,0.505229,0.282641,0.363728,O=c1[nH]c2nc(C[NH+]3CCCCC3)nc-2c([O-])[nH]1
decoy_1697,0.219072,0.27061,0.411198,0.50481,0.272939,0.322687,c1ccc2nc([C@H]3CNc4nccnc43)ncc2c1
decoy_1698,0.216062,0.257799,0.398158,0.483906,0.263776,0.330248,c1ccc(Nc2ncnc(-c3ccncc3)n2)cc1
decoy_1699,0.444532,0.417943,0.677407,0.636641,0.467363,0.458565,O=C(Nc1cc2c(s1)C[NH2+]CC2)c1ccno1
decoy_17,0.416261,0.369605,0.897254,0.928779,0.482039,0.452098,c1ccc2[nH]ncc2c1
decoy_170,0.220907,0.2514,0.443995,0.448345,0.271757,0.28669,C1CCC(OC2CCC2)CC1
decoy_1700,0.248284,0.276117,0.40486,0.443408,0.269368,0.316021,O=S(=O)(NNc1ccccn1)c1ccccc1
decoy_1701,0.316661,0.364908,0.632443,0.789749,0.382796,0.424045,c1ccc2c(c1)CC[C@@H]2Nc1cccn2cc[nH+]c12
decoy_1702,0.244678,0.237259,0.445858,0.478929,0.306862,0.30714,c1cncc(CCNc2cc[nH+]c3ccccc23)c1
decoy_1703,0.217882,0.356526,0.397963,0.615599,0.278249,0.421229,O=c1[nH]c(C[NH+]2CCCCC2)nc2sccc12
decoy_1704,0.219543,0.287477,0.418237,0.64171,0.277468,0.352255,O=C(CSc1ccccc1)Nc1cccs1
decoy_1705,0.191756,0.238523,0.388863,0.443067,0.249667,0.299809,S=C(NCc1ccccc1)NC1CC[NH2+]CC1
decoy_1706,0.174697,0.227771,0.431744,0.534112,0.24129,0.305302,O=C(C[C@H]1CCC[C@H]2CCCC[C@@H]21)N1CCCC1
decoy_1707,0.194425,0.231721,0.382759,0.424947,0.2465,0.29183,c1coc([C@H]2c3ccccc3Oc3ncncc32)c1
decoy_1708,0.20407,0.249646,0.344106,0.46186,0.256516,0.325138,O=C1NC(=O)C2(N1)c1ccccc1-c1ccccc12
decoy_1709,0.248845,0.281322,0.43825,0.507224,0.303082,0.355496,O=C(N/N=C1\C=Nc2ccccc21)c1ccccn1
decoy_171,0.437239,0.400216,0.720625,0.691462,0.488549,0.444516,C1CCN([C@H]2CC[NH2+]C2)CC1
decoy_1710,0.229135,0.355174,0.378607,0.568408,0.262773,0.393134,O=S(=O)(NNc1ccncn1)c1ccccc1
decoy_1711,0.175127,0.185558,0.376271,0.372987,0.239958,0.260005,O=C(NCNc1ccccc1)OC[C@H]1CCCO1
decoy_1712,0.230189,0.299263,0.426681,0.552821,0.254602,0.35367,N/C(=C/[C@@H]1C(=O)Nc2ccccc21)c1ccccc1
decoy_1713,0.246158,0.3017,0.468673,0.619796,0.27997,0.348145,O=c1[nH]c2ccccc2nc1CCc1ccccc1
decoy_1714,0.23791,0.302331,0.425311,0.585867,0.272209,0.340355,O=C1NC(c2ccccc2)=C[C@@H](c2ccccc2)N1
decoy_1715,0.203776,0.347903,0.415914,0.621047,0.258018,0.402241,O=C(NCC1CCCC1)NNC(=O)c1ccc[nH]1
decoy_1716,0.244911,0.340576,0.48194,0.621773,0.315561,0.403962,O=C(NCCNc1cccc[nH+]1)N1CCOCC1
decoy_1717,0.273209,0.279521,0.506357,0.514808,0.329609,0.320019,c1ccc(CCNc2cc[nH+]c3nccnc23)cc1
decoy_1718,0.29841,0.280307,0.854095,0.838115,0.409702,0.391432,O=C1C=C2CC[C@@H](O[C@H]3CCCCO3)CC[C@@H]2C1
decoy_1719,0.185352,0.269167,0.372545,0.519962,0.246654,0.343726,[NH2+]=C1C[C@@H](c2ccccc2)N[C@H](c2ccccc2)C1
decoy_172,0.385187,0.460271,0.643872,0.754292,0.441049,0.501448,C1C[NH2+][C@H](C2CC[NH2+]CC2)C1
decoy_1720,0.209126,0.242831,0.411112,0.490459,0.267712,0.297738,O=C(CSc1nccs1)Nc1ccccc1
decoy_1721,0.202181,0.237333,0.428242,0.47846,0.275361,0.305578,O=C(NCCCc1cc[nH]n1)NC1CCCCC1
decoy_1722,0.224271,0.279079,0.429905,0.539433,0.291764,0.328682,O=C(CC[NH+]1CCSCC1)Nc1ccccc1
decoy_1723,0.22231,0.265004,0.4189,0.455116,0.279749,0.330082,O=C(c1cccs1)N1CCC2(CC[NH2+]CC2)C1
decoy_1724,0.200425,0.250713,0.384955,0.435998,0.259758,0.308871,O=C(c1ccsc1)N1CCC2(CC[NH2+]CC2)C1
decoy_1725,0.304492,0.389845,0.592489,0.656141,0.383747,0.467079,S=C(NC[C@H]1CCC[NH2+]1)NNc1ccccc1
decoy_1726,0.171637,0.219657,0.392619,0.445644,0.24575,0.291668,O=C(C1CCCCC1)N1CCC2(CC[NH2+]CC2)C1
decoy_1727,0.203454,0.281827,0.420526,0.614611,0.274944,0.348005,c1csc(CN2CC[C@H]([NH+]3CCCCC3)C2)c1
decoy_1728,0.257133,0.274885,0.417435,0.488754,0.28621,0.330629,O=C(Cn1c(=O)[nH]c(=O)c2ccsc21)N1CC1
decoy_1729,0.236494,0.368638,0.374766,0.554579,0.268537,0.404529,O=S(=O)(NNc1ncncn1)c1ccccc1
decoy_173,0.312778,0.365978,0.479958,0.853261,0.347644,0.399048,c1ccc(-c2ccncc2)cc1
decoy_1730,0.469906,0.419273,0.881744,0.853084,0.54026,0.48599,[NH2+]=c1ccc2c(COc3ccccc3)ccoc-2c1
decoy_1731,0.214832,0.225352,0.408663,0.430252,0.271924,0.286646,N/C(=C/[C@@H]1OC(=O)c2ccccc21)c1ccccc1
decoy_1732,0.28391,0.326461,0.518824,0.635056,0.309911,0.366514,O=C1c2ccccc2C(=O)c2c1[nH]c1c2CCCC1
decoy_1733,0.195716,0.307723,0.403755,0.580208,0.272521,0.403084,O=C(C[NH+]1CCCC1)NC(=O)NCc1ccco1
decoy_1734,0.243734,0.274032,0.496526,0.590261,0.324616,0.349289,c1nc(N2CCOCC2)nc(N2CCOCC2)n1
decoy_1735,0.193171,0.284253,0.384784,0.550112,0.259192,0.376961,O=C1C[C@@H](c2ccccc2)[NH2+][C@H](c2ccccc2)C1
decoy_1736,0.178586,0.254154,0.38374,0.616662,0.245142,0.335158,O=C(/C=C/c1ccccc1)NCCc1ccccc1
decoy_1737,0.243214,0.280346,0.48637,0.507967,0.317025,0.340853,O=C(CC[C@H]1CNC(=O)[C@@H]2CCC[N@H+]12)NC1CC1
decoy_1738,0.210738,0.193011,0.358707,0.347986,0.2666,0.263961,O=C(CSc1nncs1)Nc1ccccc1
decoy_1740,0.183217,0.24245,0.354752,0.439782,0.251402,0.312058,O=C1NCC[N@@H+]2C[C@@H](NCc3cccs3)C[C@@H]12
decoy_1741,0.368405,0.367643,0.654177,0.648129,0.452226,0.44452,O=C(Nc1cc2c(s1)CCC2)N1CC[NH2+]CC1
decoy_1742,0.351912,0.410769,0.633586,0.728468,0.430208,0.484563,C1=N[C@H](N2CCN(Cc3cnc[nH]3)CC2)SC1
decoy_1746,0.189487,0.22761,0.350108,0.424628,0.247169,0.30069,c1ccc(C[NH2+]CCSc2nncs2)cc1
decoy_1748,0.168614,0.166317,0.335903,0.339446,0.247886,0.23103,O=C1C[C@@]2(C=CN1)C(=O)N1CC=Cc3cccc2c31
decoy_1749,0.213608,0.283624,0.417081,0.595816,0.259765,0.320031,O=c1ccccn1Cc1ncc(-c2ccccc2)o1
decoy_175,0.299741,0.310125,0.467773,0.471993,0.324869,0.348342,C1CC[NH+]([C@H]2CCOC2)CC1
decoy_1750,0.313551,0.394518,0.561264,0.71014,0.375424,0.445129,O=C1N[C@H](c2ccccc2)/C(=C/c2cc[nH]c2)C1=O
decoy_1751,0.211776,0.261148,0.383513,0.457327,0.25077,0.325879,O=C1C=C(C(=O)[C@H]2C=CN=C2)[C@@H](c2ccccc2)N1
decoy_1752,0.29137,0.259818,0.544779,0.507232,0.372435,0.33923,O=c1[nH]c2ccc(Cc3ccccc3)cc2[nH]c1=O
decoy_1753,0.232804,0.225954,0.410281,0.416097,0.289799,0.301189,O=C(NCc1cccc2ccccc12)c1cocn1
decoy_1754,0.243469,0.260182,0.469028,0.456327,0.298842,0.311091,O=C(C[NH+]1CCCCC1)Nc1c[nH]c(=O)[nH]c1=O
decoy_1755,0.192109,0.318035,0.385685,0.566769,0.24282,0.375707,O=C(NC[C@H]1CCCO1)NNC(=O)c1ccc[nH]1
decoy_1756,0.20203,0.183999,0.412062,0.415804,0.267903,0.256517,O=c1oc2ccc(O[C@@H]3CCCCO3)cc2s1
decoy_1757,0.172496,0.226257,0.32547,0.41131,0.227905,0.353285,O=C(NCC[NH2+]Cc1cccs1)c1cnon1
decoy_1758,0.196693,0.236757,0.4185,0.701269,0.267634,0.313532,c1ccc(OCCCn2cnc3ccccc32)cc1
decoy_1759,0.1871,0.259906,0.368671,0.522262,0.245716,0.307501,O=C1[NH+]=CN=C2c3ccccc3CC3(CCCC3)[C@H]12
decoy_176,0.177617,0.238004,0.378347,0.713831,0.244122,0.313471,C1=NC2(CCCCC2)CS1
decoy_1760,0.203422,0.222198,0.402937,0.425486,0.253095,0.279356,O=C1CCc2ccc(NCc3ccccc3)cc2N1
decoy_1761,0.218695,0.239349,0.438553,0.451532,0.272212,0.288754,O=C1CCCc2cc(Cc3cccnc3)ccc2N1
decoy_1762,0.190339,0.250048,0.390686,0.601554,0.237878,0.31161,O=C1CN(CCc2ccccc2)c2ccccc2N1
decoy_1763,0.227142,0.290269,0.426993,0.580158,0.270287,0.33422,O=C1N[C@H](c2ccccc2)C[C@H](c2ccccc2)N1
decoy_1764,0.231472,0.27094,0.407102,0.546074,0.270686,0.313874,O=C1CS[C@@H](c2ccco2)N1c1nccs1
decoy_1765,0.181898,0.279099,0.357149,0.648446,0.240656,0.346356,c1ccc(Sc2cc(-c3ccccc3)n[nH]2)cc1
decoy_1766,0.390858,0.416229,0.68406,0.685684,0.463203,0.481047,O=C(CSc1ncccn1)NC[C@H]1CC[NH2+]C1
decoy_1767,0.174016,0.21941,0.386413,0.433856,0.244682,0.289801,O=C(C1CCOCC1)N1CCC2(CC[NH2+]CC2)C1
decoy_1768,0.216893,0.261041,0.466444,0.580632,0.289726,0.342155,C1=C2[C@@H](CN1)C1=C(CCCC1)N[C@H]2c1ccccc1
decoy_1769,0.233638,0.244864,0.463993,0.463769,0.320867,0.314481,c1ccc(C(c2ccccc2)N2CC[NH2+]CC2)cc1
decoy_177,0.342004,0.306321,0.528099,0.553507,0.3885,0.365292,c1ccc(-c2ccccn2)nc1
decoy_1770,0.220353,0.231772,0.447184,0.447357,0.304437,0.290709,c1ccc(CN2CC[NH2+][C@H](c3ccccc3)C2)cc1
decoy_1771,0.312461,0.339952,0.63399,0.694252,0.386348,0.401204,c1ccc(-c2ccc(C[NH+]3CCNCC3)cc2)cc1
decoy_1773,0.167043,0.258659,0.312603,0.496853,0.222619,0.338428,O=C(CNCc1cccs1)Nc1cccs1
decoy_1774,0.176206,0.312657,0.372576,0.6586,0.236738,0.389075,O=C(NCCC[NH+]1CCCCC1)c1cccs1
decoy_1775,0.208872,0.252518,0.468907,0.516089,0.306388,0.332798,O=C(NCC[NH+]1CCCCC1)C1CCCCCC1
decoy_1776,0.299801,0.269596,0.524853,0.494512,0.360719,0.336292,c1cc2[nH]c(-c3cnon3)nc2c(-c2ccoc2)n1
decoy_1777,0.206016,0.269388,0.373834,0.469365,0.247781,0.332089,O=C1C=C(C(=O)c2ccco2)[C@@H](c2ccccc2)N1
decoy_1778,0.23231,0.305181,0.41391,0.575879,0.27237,0.351507,O=C1C=C(C(=O)c2ccccc2)[C@H](c2ccco2)N1
decoy_1779,0.277775,0.355737,0.489941,0.608983,0.319755,0.389557,O=C1C=C(C(=O)c2cc[nH]c2)[C@@H](c2ccccn2)N1
decoy_178,0.402939,0.337607,0.74292,0.724666,0.47392,0.411083,c1ccc(-c2ccncn2)cc1
decoy_1780,0.318325,0.395861,0.540624,0.667654,0.37901,0.445457,O=C1N[C@H](c2ccncc2)/C(=C/c2cc[nH]c2)C1=O
decoy_1781,0.290017,0.350127,0.50464,0.603062,0.337873,0.384099,O=C1C=C(C(=O)c2cc[nH]c2)[C@@H](c2ccncc2)N1
decoy_1782,0.402434,0.401972,0.648415,0.624972,0.470038,0.470326,NC1=Nn2ccc(=[NH2+])nc2/C1=N/Nc1ccccc1
decoy_1783,0.187854,0.223199,0.382186,0.476411,0.240703,0.291141,O=C1O[C@H](c2ccccc2)CN1Cc1ccccc1
decoy_1784,0.161552,0.177379,0.321031,0.336283,0.22092,0.269882,O=c1[nH]c2ccc(C[NH2+]Cc3ccccc3)cc2[nH]1
decoy_1785,0.157848,0.259002,0.324668,0.517421,0.215134,0.342497,O=C(CNc1ccccc1)N/N=C/c1ccccc1
decoy_1786,0.224386,0.338295,0.453985,0.595728,0.300072,0.401764,O=C(NCCC[NH+]1CCOCC1)Nc1cn[nH]c1
decoy_1787,0.190889,0.208885,0.33045,0.378188,0.259488,0.287006,O=C(CSc1ncccn1)Nc1nncs1
decoy_1788,0.22366,0.26444,0.420176,0.471085,0.293233,0.311101,O=S(=O)(/C=C/c1ccccc1)N1CCOCC1
decoy_1789,0.253194,0.268199,0.474795,0.497998,0.293267,0.313293,O=C(CNC(=O)c1ccns1)NC1CCCC1
decoy_179,0.314126,0.380063,0.493836,0.708418,0.343755,0.418084,c1ccc(-c2cncnc2)cc1
decoy_1790,0.380177,0.487717,0.665482,0.759674,0.452607,0.530806,O=C(Nc1cccs1)C(=O)NC1CC[NH2+]CC1
decoy_1791,0.266088,0.321864,0.50732,0.626187,0.325353,0.385931,c1cnc2c(c1)C[C@@H](C1N=c3ccccc3=N1)S2
decoy_1792,0.2556,0.291847,0.499721,0.599989,0.29954,0.350416,c1cnc(SCc2cccc3cccnc23)nc1
decoy_1793,0.200307,0.269579,0.426062,0.552388,0.277954,0.331678,O=C(O[C@H]1CCCCO1)[C@@H]1C[C@@H]2CCCC[C@@H]2[NH2+]1
decoy_1794,0.220274,0.26988,0.436156,0.485988,0.294921,0.336633,c1ccc(Oc2ccc(C[NH+]3CCCC3)cc2)cc1
decoy_1795,0.164074,0.273162,0.376003,0.556228,0.240573,0.364893,O=C(C[NH+]1CCCCC1)NC(=O)NC1CCCC1
decoy_1796,0.23145,0.315238,0.387954,0.573238,0.252775,0.352557,O=S(=O)(NCc1ccccc1)c1ccsc1
decoy_1797,0.199495,0.279363,0.394576,0.53949,0.270576,0.35045,c1ccc(-c2cc([C@H]3C[N@H+]4CC[C@@H]3CC4)[nH]n2)cc1
decoy_1798,0.211664,0.299733,0.417753,0.627919,0.282062,0.374655,c1ccc(C[NH+]2CCN(c3ccccn3)CC2)cc1
decoy_1799,0.165203,0.175635,0.352984,0.355857,0.22423,0.247911,O=S1(=O)CC[C@H]([NH2+]CCCc2ccccc2)C1
decoy_18,0.271846,0.322074,0.497229,0.852589,0.310991,0.389474,c1ccn2ccnc2c1
decoy_180,0.358698,0.302603,0.588932,0.571284,0.413619,0.376051,c1ccc(-c2ncccn2)cc1
decoy_1800,0.198556,0.321448,0.408432,0.674024,0.245949,0.371059,O=S(=O)(NC1CCCCCC1)c1ccccc1
decoy_1801,0.174331,0.287135,0.368314,0.622156,0.226771,0.332976,O=S(=O)(NCC1CCCCC1)c1ccccc1
decoy_1802,0.147225,0.163644,0.337421,0.350309,0.218008,0.220507,c1csc(C[NH2+]CCCOC2CCCCC2)c1
decoy_1803,0.307745,0.31503,0.465317,0.491045,0.317851,0.352161,C1=CN=C(c2[nH+]ccc3c2N[C@@H](c2cnon2)N3)C1
decoy_1804,0.319935,0.34416,0.510985,0.539932,0.339623,0.389416,C1=NC=C(c2[nH+]ccc3c2N[C@@H](c2cnon2)N3)C1
decoy_1805,0.247782,0.283685,0.418231,0.469053,0.28698,0.327685,c1ccc(Nc2cc(Nc3ccon3)ncn2)nc1
decoy_1806,0.415952,0.381879,0.623074,0.568359,0.442781,0.42136,c1nc(Nc2cc[nH+]cc2)cc(Nc2ccon2)n1
decoy_1807,0.215672,0.241401,0.512248,0.516413,0.292836,0.319538,c1ccc([C@@H]2CCOc3cc4c(cc32)OCO4)cc1
decoy_1808,0.313377,0.293325,0.624271,0.605832,0.375535,0.367902,O=c1[nH]c2ccc(CCOc3ccccc3)cc2[nH]1
decoy_1809,0.177553,0.185911,0.356101,0.379789,0.247176,0.261813,O=C(CNC(=O)c1ccccc1)Nc1ccccc1
decoy_181,0.369265,0.411662,0.691176,0.853731,0.425943,0.451988,c1cncc(-c2ccncc2)c1
decoy_1810,0.175661,0.205962,0.351505,0.441211,0.227621,0.281891,O=C(NCc1ccccc1)C(=O)Nc1ccccc1
decoy_1811,0.195359,0.221362,0.385512,0.428415,0.26487,0.285402,C1=C[C@@H]2C3=C(NN2CN1)OC=C[C@@H]3c1cccnc1
decoy_1812,0.188437,0.244062,0.379637,0.478716,0.265165,0.308749,O=C(Cc1cn[nH]c1)NC[C@H]1C=c2ccccc2=N1
decoy_1813,0.249548,0.278758,0.454876,0.498805,0.287806,0.316233,O=C(Nc1ccccc1)c1cc2cccnc2s1
decoy_1814,0.251434,0.287699,0.42351,0.438017,0.310944,0.316075,Nc1sc(-c2ccccn2)n[n+]1-c1ccccc1
decoy_1815,0.205832,0.248754,0.43401,0.529444,0.266793,0.32034,O=C(CCNc1ccccc1)NCc1ccccc1
decoy_1816,0.179073,0.259647,0.388415,0.589261,0.242614,0.326951,O=C(CNc1ccccc1)NCCc1ccccc1
decoy_1817,0.190861,0.250002,0.401798,0.507515,0.254409,0.306606,O=C(CNCc1ccccc1)NCc1ccccc1
decoy_1818,0.192945,0.239362,0.412358,0.518848,0.260446,0.296777,O=C(NCCc1ccccc1)NCc1ccccc1
decoy_182,0.320524,0.306874,0.496881,0.604581,0.330088,0.3519,[H]/N=C1/C=CC=C2C(=O)C=CC=C21
decoy_1820,0.258953,0.341558,0.515024,0.671054,0.322957,0.410232,c1ccc(C[NH+]2CCN(c3ccncn3)CC2)cc1
decoy_1821,0.196197,0.217192,0.404781,0.432765,0.256197,0.266821,c1ccc2c(C[NH2+]CCCn3cc[nH+]c3)c[nH]c2c1
decoy_1822,0.252385,0.270671,0.437224,0.4551,0.310598,0.328191,O=C(CS[C@@H]1N=CC=CN1)Nc1nccs1
decoy_1823,0.200061,0.227379,0.325365,0.389941,0.247476,0.280015,O=C(NCCc1nnc([S-])[nH]1)c1cccs1
decoy_1824,0.264881,0.373209,0.423116,0.65868,0.290498,0.423272,S=c1[nH]cnc2c1[nH]c(=S)n2[C@@H]1CCCO1
decoy_1825,0.229933,0.280258,0.44962,0.49187,0.306183,0.34766,O=S(=O)(NCC[NH+]1CCCC1)c1ccccc1
decoy_1826,0.21006,0.242692,0.450475,0.587222,0.266674,0.307421,c1ccc(CCSC2N=c3ccccc3=N2)cc1
decoy_1827,0.123116,0.171316,0.274609,0.341208,0.176681,0.230162,O=C1NCC[N@@H+]2C[C@@H](NC(=S)NC3CC3)C[C@@H]12
decoy_1828,0.143639,0.171947,0.350052,0.387121,0.222399,0.24112,c1ccc(C[NH2+]CCC[NH2+]Cc2ccccc2)cc1
decoy_183,0.38331,0.318498,0.692105,0.666388,0.469918,0.406442,c1ccc(-c2ncncn2)cc1
decoy_1832,0.344578,0.368854,0.666757,0.727513,0.432392,0.464487,NC1=CCCc2oc(C(=O)Oc3ccccc3)cc21
decoy_1833,0.185193,0.197408,0.373655,0.413027,0.253423,0.271822,O=C(COC(=O)c1ccccc1)Nc1ccccc1
decoy_1834,0.233027,0.269791,0.409883,0.438566,0.291726,0.308723,O=C1NC(=O)[C@H]2C[NH2+][C@@H](c3c[nH]c4ccccc34)[C@@H]12
decoy_1835,0.156533,0.236024,0.312911,0.460029,0.211791,0.305916,O=C(Cn1ccccc1=O)N/N=C/c1ccccc1
decoy_1836,0.180703,0.204356,0.350271,0.411852,0.240486,0.279353,O=C(NCc1cccnc1)C(=O)Nc1ccccc1
decoy_1837,0.190616,0.226281,0.369555,0.457797,0.250242,0.313668,O=C(NCc1ccncc1)C(=O)Nc1ccccc1
decoy_1838,0.176423,0.204008,0.336918,0.402622,0.225127,0.277302,O=C(NNc1ccccc1)C(=O)Nc1ccccc1
decoy_1839,0.229754,0.244459,0.399135,0.41804,0.265974,0.303733,O=c1[nH]c(NCCc2ccccc2)nc2[nH]ncc12
decoy_184,0.26018,0.316157,0.394117,0.672662,0.29996,0.397993,C1=C2[C@@H](CN1)[C@H]2c1ccccc1
decoy_1840,0.233942,0.269443,0.416288,0.455812,0.284091,0.321901,c1ccc(NCCn2cnnc2-c2cn[nH]c2)nc1
decoy_1841,0.238946,0.259445,0.419607,0.430421,0.289658,0.311046,O=c1/c(=C/C=C/c2ccccc2)sc2ncnn12
decoy_1842,0.153922,0.174164,0.322988,0.340087,0.212328,0.261125,c1ccc(C[NH2+]Cc2ccc3c(c2)OCCO3)cc1
decoy_1843,0.260803,0.27553,0.472532,0.484224,0.308058,0.325007,[NH2+]=c1oc2cc3c(cc2c2c1CCCC2)CCCO3
decoy_1844,0.188541,0.220283,0.404685,0.460448,0.24631,0.287683,O=C(COc1ccccc1)NCCc1ccccc1
decoy_1845,0.185919,0.233004,0.355571,0.659675,0.256259,0.302484,C(=N/[n+]1cscc1-c1ccccc1)\c1ccco1
decoy_1846,0.174253,0.299977,0.372813,0.620558,0.240332,0.37292,O=C(NCCc1ccccc1)NCc1cccnc1
decoy_1847,0.19772,0.253786,0.396181,0.486469,0.27902,0.317722,O=C(NCCCNc1cccc[nH+]1)c1ccccc1
decoy_1848,0.220659,0.258428,0.436954,0.513176,0.281441,0.314788,O=C(NCCNc1ccccc1)Nc1ccccc1
decoy_1849,0.226939,0.313543,0.428041,0.57106,0.287839,0.390678,c1ccc(N2CC[NH+](Cc3ncncn3)CC2)cc1
decoy_185,0.356471,0.355914,0.845429,0.85344,0.423921,0.417729,c1ccc(Cc2cc[nH]c2)cc1
decoy_1850,0.380217,0.362282,0.654743,0.622024,0.472124,0.433825,c1ccc(Nc2cc(N3CC[NH2+]CC3)ncn2)cc1
decoy_1851,0.350301,0.454272,0.613294,0.743054,0.45351,0.531157,c1ccc(Nc2nccc(N3CC[NH2+]CC3)n2)cc1
decoy_1852,0.22041,0.252247,0.415194,0.456765,0.280478,0.301097,c1ccc(Nc2ccnc(N3CC[NH2+]CC3)n2)cc1
decoy_1853,0.332934,0.396335,0.632373,0.652099,0.409948,0.458357,C1=C(C[NH2+]Cc2cc(-c3ccccc3)[nH]n2)CNN1
decoy_1854,0.21674,0.298913,0.40422,0.518876,0.275978,0.352783,O=C1NC(=O)[C@]2(CC[N@H+]([C@H]3CCSC3)CC2)N1
decoy_1855,0.344513,0.423662,0.640828,0.711919,0.41578,0.474154,O=S(=O)(NC[C@H]1CCCC[NH2+]1)c1cccnc1
decoy_1856,0.278738,0.380067,0.529334,0.668351,0.363045,0.449172,O=S(=O)(NCC[NH+]1CCCC1)c1cccnc1
decoy_1857,0.165482,0.186563,0.368193,0.385548,0.24235,0.238912,c1ccc(C[NH2+]CCCOCc2ccccc2)cc1
decoy_1858,0.170762,0.203276,0.370091,0.40403,0.250416,0.270318,c1ccc(CC[NH2+]CCCOc2ccccc2)cc1
decoy_1859,0.183848,0.21915,0.414735,0.453465,0.243579,0.271831,c1ccc(C[NH2+]C[C@]23C[C@H]4C[C@H](C[C@H](C4)C2)C3)cc1
decoy_186,0.284726,0.391243,0.471912,0.822725,0.326172,0.439063,C1=CC(c2ccccc2)C=CN1
decoy_1860,0.340994,0.344101,0.609456,0.641343,0.413504,0.417082,c1n[nH]c(-c2cn([C@@H]3CCCO3)c3ncncc23)n1
decoy_1861,0.26234,0.292716,0.438264,0.457478,0.303271,0.321529,O=c1[nH]c2ccccc2cc1C[NH2+]Cc1nnn[n-]1
decoy_1862,0.208438,0.183934,0.373531,0.334249,0.247334,0.249487,O=C(N/N=C/C1=c2ccccc2=NC1)[C@@H]1N=NCN1
decoy_1863,0.219846,0.270376,0.379634,0.455821,0.259334,0.322515,[H]/N=C1C(=C/c2ccccc2)/C(=O)N=C2SC=NN2/1
decoy_1864,0.219327,0.268939,0.370039,0.436079,0.25995,0.314096,[H]/N=C1C(=C/c2ccccc2)/C(=O)N=C2SN=CN2/1
decoy_1865,0.144245,0.143023,0.318696,0.337056,0.209007,0.239439,c1ccc(OCCc2ccc3c(c2)OCCO3)cc1
decoy_1866,0.250353,0.318188,0.466395,0.62704,0.284176,0.362092,C1=C[C@H]2[C@H](C=NC23OCCO3)[C@@H](c2ccccc2)N1
decoy_1867,0.214114,0.273299,0.422247,0.541754,0.265994,0.343217,c1ccc(-c2nncnc2N[C@@H]2CCCCO2)cc1
decoy_1868,0.367955,0.405714,0.652805,0.669967,0.440758,0.467501,[H]/N=C(/Cc1ccccc1)C(=O)NCCc1c[nH+]c[nH]1
decoy_1869,0.208296,0.200553,0.39863,0.383786,0.258366,0.269707,O=C(CCC1=c2ccccc2=NC1)N[C@@H]1CC=NN1
decoy_187,0.214281,0.281949,0.364743,0.653004,0.266307,0.36499,C1CCC2(CC1)NCCS2
decoy_1870,0.226698,0.320263,0.455982,0.615643,0.30908,0.399286,O=C(Nc1cn[nH]c1)NC1(c2ccccc2)CCC1
decoy_1871,0.35884,0.355556,0.640532,0.60087,0.45277,0.427677,c1ccc(Nc2cc(N3CC[NH2+]CC3)ncn2)nc1
decoy_1872,0.198035,0.273925,0.398605,0.600196,0.248348,0.32,O=S(=O)(OC[C@H]1CCCCO1)c1ccccc1
decoy_1873,0.217286,0.280778,0.394275,0.535337,0.261666,0.336412,O=C(NCc1cccs1)c1c[nH]c2ccccc12
decoy_1874,0.197401,0.291233,0.338318,0.512356,0.239752,0.327481,O=C([N-]C(=S)Nc1ccccc1)c1ccccc1
decoy_1876,0.235305,0.241498,0.462622,0.448263,0.300601,0.296141,O=c1[nH]c2ccccc2cc1C[NH2+]C1CCCCC1
decoy_1877,0.217233,0.275013,0.474126,0.643825,0.275821,0.333228,O=C(CCC1=c2ccccc2=NC1)N1CCCCC1
decoy_1878,0.185203,0.225614,0.388147,0.429392,0.266393,0.289973,c1ccc(C[NH2+][C@H]2CC[C@@H](n3ccnn3)CC2)cc1
decoy_188,0.305663,0.282243,0.50568,0.521662,0.323219,0.332743,O=C1C=CC(=O)c2ccccc21
decoy_1880,0.17173,0.224373,0.368633,0.446674,0.249481,0.305228,c1cncc(-c2n[nH]cc2C[NH2+]C2CCCCC2)c1
decoy_1883,0.355053,0.430294,0.654479,0.758842,0.431025,0.497953,c1nc2n[nH]cc2c2c1C[N@H+](C1CCCCC1)CC2
decoy_1884,0.225214,0.321242,0.398192,0.53692,0.277237,0.366777,[H]/N=C(/C(=O)NC[C@H]1NCCS1)c1cscn1
decoy_1885,0.19181,0.266452,0.425629,0.622244,0.258941,0.315511,c1ccc2c(c1)CC[N@@H+](C[C@H]1C[N@H+]3CC[C@@H]1CC3)C2
decoy_1886,0.328358,0.322218,0.690332,0.675393,0.448377,0.434772,NC1=CC[C@@H]2C(=C1)CC[C@@H]1[C@H]2CCC2=C(N)CC[C@H]21
decoy_1887,0.193781,0.260303,0.387196,0.663477,0.255323,0.326487,O=C(N/C=C/c1ccc2c(c1)OCO2)c1ccco1
decoy_1888,0.207849,0.269336,0.362212,0.459324,0.248576,0.330569,O=C1NC(=O)[C@@H]2CN[C@@]3(C(=O)Nc4ccccc43)[C@H]12
decoy_1889,0.295763,0.289479,0.535376,0.520884,0.356087,0.358133,O=C(/C=C/c1ccccc1)Nc1c[nH]c(=O)[nH]c1=O
decoy_189,0.245268,0.276821,0.481903,0.507606,0.308229,0.344572,c1ccc(Cc2ccco2)cc1
decoy_1890,0.269201,0.316521,0.566135,0.688634,0.329896,0.392144,O=C(CCc1ccccc1)OCC(=O)c1ccc[nH]1
decoy_1891,0.212881,0.342132,0.420459,0.628135,0.269791,0.404062,O=C(CCc1ccccc1)NNC(=O)c1ccc[nH]1
decoy_1892,0.226356,0.33798,0.446622,0.610998,0.292033,0.423629,O=C(CNCC(=O)c1ccc[nH]1)Nc1ccccc1
decoy_1893,0.252016,0.370637,0.46829,0.650314,0.314643,0.419627,O=C(N[C@H]1CCCc2[nH]c(=O)ccc21)c1ccc[nH]1
decoy_1894,0.265864,0.329517,0.491725,0.586762,0.326236,0.379431,O=C(NCc1ccccc1)NCc1ccc[nH]c1=O
decoy_1895,0.177467,0.231011,0.350678,0.420601,0.24836,0.321274,O=C(NCCc1ccccc1)Nc1ccc[nH]c1=O
decoy_1896,0.2602,0.228945,0.469302,0.432682,0.301374,0.290325,c1cncc(-c2cc3c(cn2)cnc2ccccc23)c1
decoy_1897,0.216519,0.227984,0.433401,0.452991,0.28599,0.316504,c1ncnc(CN(Cc2ncncn2)CC2CC2)n1
decoy_1898,0.228211,0.296146,0.430029,0.595352,0.283186,0.376024,O=c1cc(CNc2ccccc2)nc2sccn12
decoy_1899,0.318266,0.336966,0.58302,0.613059,0.367126,0.386326,O=C1CCc2cc(Sc3ncccn3)ccc2N1
decoy_19,0.267973,0.289544,0.537154,0.819356,0.327105,0.341813,c1ccc2ocnc2c1
decoy_190,0.284825,0.292891,0.510185,0.53789,0.33931,0.352289,C1=CC(c2ccccc2)C=CO1
decoy_1900,0.238851,0.290109,0.410944,0.498629,0.285858,0.332325,S=C(/N=C/Nc1ncccn1)Nc1ccccc1
decoy_1901,0.193277,0.246909,0.346182,0.453966,0.241232,0.32378,S=C(N/N=C/c1cnccn1)Nc1ccccc1
decoy_1902,0.35048,0.323777,0.835799,0.842891,0.450406,0.40137,N=C1C=CC(=C(c2ccccc2)c2ccccc2)C=C1
decoy_1903,0.379199,0.392777,0.678809,0.682821,0.459028,0.457002,O=C(Cc1c[nH]c2ccccc12)NC1CC[NH2+]CC1
decoy_1904,0.409095,0.395687,0.723932,0.703584,0.494873,0.477885,O=C(CCC1=c2ccccc2=NC1)N1CC[NH2+]CC1
decoy_1905,0.196807,0.21798,0.424758,0.452483,0.258931,0.293246,O=C(NCCC1N=c2ccccc2=N1)C1CCCC1
decoy_1906,0.156779,0.222209,0.340729,0.44397,0.219422,0.28728,O=S(=O)(NCC[NH+]1CCCCC1)c1cc[nH]c1
decoy_1907,0.243184,0.333969,0.449182,0.646038,0.284492,0.366504,S=C(NCCc1ccccc1)Nc1ccccn1
decoy_1908,0.204806,0.22405,0.341371,0.42619,0.259181,0.299866,O=C(CSc1nncs1)Nc1cccs1
decoy_1909,0.231842,0.248844,0.460547,0.465802,0.280662,0.306147,O=C1C=C(O[C@@H]2CCCCO2)C(=O)c2ccccc21
decoy_191,0.257439,0.289896,0.396792,0.466695,0.285961,0.324329,c1ccc(Cc2cn[nH]c2)cc1
decoy_1910,0.179426,0.256159,0.368322,0.520203,0.249011,0.330677,O=C(CNc1ccccc1)OCC(=O)c1ccc[nH]1
decoy_1911,0.171017,0.176591,0.34126,0.354294,0.242783,0.253336,O=C(CNc1ccccc1)OCC(=O)c1cc[nH]c1
decoy_1912,0.278607,0.332027,0.528827,0.630059,0.33829,0.377369,O=C(COC(=O)c1ccc[nH]1)NCc1ccccc1
decoy_1913,0.165709,0.195422,0.335371,0.42191,0.214146,0.269098,O=C(NCCc1ccco1)C(=O)Nc1ccccc1
decoy_1914,0.217047,0.31428,0.420454,0.562247,0.276145,0.383947,O=C(NCc1ccccc1)NNC(=O)c1ccc[nH]1
decoy_1915,0.307302,0.424469,0.546922,0.698036,0.380884,0.485768,O=C(NCCn1cc[nH+]c1)C(=O)Nc1ccccc1
decoy_1916,0.315485,0.434896,0.544887,0.750081,0.366446,0.467769,O=C1C=C(C(=O)c2cc[nH]c2)[C@H](c2cccs2)N1
decoy_1917,0.336039,0.325423,0.585786,0.574708,0.382961,0.37016,O=c1[nH]c2ccc(Cc3cccs3)cc2[nH]c1=O
decoy_1918,0.191041,0.210569,0.380212,0.402113,0.249749,0.270946,O=C1C=CC(=C(c2ccccc2)c2ccccc2)C=C1
decoy_1919,0.181492,0.180404,0.40364,0.383943,0.257909,0.247853,c1ccc(OCCCCCOc2ccccn2)nc1
decoy_192,0.280583,0.293622,0.505793,0.527884,0.33518,0.350528,c1ccc(Cn2cccn2)cc1
decoy_1920,0.193663,0.218973,0.432429,0.458141,0.274135,0.296243,c1cncc(OCCCCCOc2cccnc2)c1
decoy_1921,0.243486,0.245784,0.465846,0.441483,0.305447,0.289369,O=c1[nH]c2ccccc2cc1C[NH2+]C[C@H]1CCCO1
decoy_1922,0.268006,0.336742,0.513921,0.604952,0.349573,0.421407,O=c1[nH]cnc2cc(NCC[NH+]3CCCC3)ccc12
decoy_1923,0.197009,0.239761,0.394868,0.458317,0.262185,0.308162,O=C(C[NH+]1CCCCC1)NC1N=c2ccccc2=N1
decoy_1924,0.347536,0.379244,0.640735,0.653209,0.426921,0.461384,O=C(CN1CC[NH2+]CC1)Nc1c[nH]c2ccccc12
decoy_1925,0.37826,0.413333,0.676933,0.691729,0.444632,0.47996,O=C(CN1CC[NH2+]CC1)NC1=c2ccccc2=NC1
decoy_1926,0.171862,0.244163,0.355278,0.483989,0.238025,0.322567,O=C(NCCc1ccccc1)NCCc1cn[nH]c1
decoy_1927,0.262339,0.32141,0.513438,0.612482,0.346679,0.401711,O=C(NCCc1ccccc1)NCCn1cc[nH+]c1
decoy_1928,0.272497,0.315208,0.528994,0.561641,0.358754,0.380175,O=C(NCCCCn1cc[nH+]c1)Nc1ccccc1
decoy_1929,0.422467,0.40875,0.697761,0.677338,0.463002,0.454725,O=C(Nc1cc2c(s1)C[NH2+]CC2)c1ccccc1
decoy_193,0.255729,0.29589,0.395502,0.499229,0.29228,0.324134,c1ccc(Cn2ccnc2)cc1
decoy_1930,0.190903,0.205558,0.463323,0.477873,0.261032,0.289662,O=C1CC[C@H]2C(=CC[C@@H]3[C@@H]4CCC[C@@H]4CC(=O)[C@@H]32)C1
decoy_1931,0.192061,0.202639,0.410891,0.407314,0.27137,0.2688,c1ccc2c(CC[NH2+]C[C@H]3CCCCO3)c[nH]c2c1
decoy_1932,0.171178,0.202612,0.376602,0.403786,0.237628,0.265707,O=C(Cc1ccccc1)N1CCC2(CC[NH2+]CC2)C1
decoy_1933,0.172361,0.256202,0.379005,0.535429,0.251426,0.355703,O=C(/C=C/c1ccccc1)NCC[NH+]1CCCCC1
decoy_1934,0.2046,0.273532,0.405474,0.73217,0.282806,0.343703,c1ccc(N2CC[NH+](Cc3cccs3)CC2)cc1
decoy_1935,0.234,0.264418,0.449522,0.472909,0.302841,0.312333,c1ccc(-c2nc(C[NH2+]C3CCCC3)cs2)cc1
decoy_1936,0.13872,0.176612,0.351303,0.406528,0.215413,0.264323,c1ccc(C[NH2+]C[C@H]2CCC[N@@H+]3CCCC[C@@H]23)cc1
decoy_1937,0.177736,0.250057,0.409336,0.600504,0.257767,0.33674,c1ccc(CN2CCC([NH+]3CCCCC3)CC2)cc1
decoy_1938,0.291662,0.32756,0.555938,0.592113,0.378228,0.414723,O=C1NC(=O)C(=CNCCc2ccccc2)C(=O)N1
decoy_1939,0.288648,0.285305,0.54159,0.527821,0.360079,0.358158,O=C(CCc1ccccc1)Nc1c[nH]c(=O)[nH]c1=O
decoy_194,0.249042,0.264722,0.361832,0.432893,0.276089,0.327232,O=C1C=C[C@@H](c2ccccc2)N1
decoy_1940,0.196018,0.221707,0.365763,0.404841,0.262112,0.285451,O=C(CCc1c[nH]c(=O)[nH]c1=O)Nc1ccccc1
decoy_1941,0.154537,0.13357,0.290434,0.248225,0.224427,0.195552,O=C(CNCc1ccccc1)c1c[nH]c(=O)[n-]c1=O
decoy_1942,0.1696,0.246827,0.327316,0.465838,0.238418,0.329958,O=C(NCc1ccccc1)NNC(=O)c1ccoc1
decoy_1943,0.218001,0.309133,0.416922,0.532434,0.279167,0.380123,O=C(NCc1ccccn1)NNC(=O)c1ccc[nH]1
decoy_1944,0.185008,0.177725,0.353232,0.346598,0.247144,0.254885,O=C(NCCOc1ncncn1)Nc1ccccc1
decoy_1945,0.194515,0.282705,0.335321,0.467031,0.249833,0.332661,O=c1[n-]cc(S(=O)(=O)NC2CCCC2)c(=O)[nH]1
decoy_1946,0.265981,0.313122,0.443925,0.532616,0.297185,0.343419,O=S(=O)(c1ccccc1)n1nnc2ccccc21
decoy_1947,0.237103,0.302097,0.443766,0.537189,0.292977,0.373457,O=C(N[C@H]1C[C@H]2C(=O)NCC[N@H+]2C1)c1ccccc1
decoy_1948,0.189825,0.236461,0.375414,0.461708,0.239957,0.30185,OC1=C2C(=CCC1)N[C@@H]1NCNN1[C@H]2C1=CC=NC1
decoy_1949,0.229772,0.297965,0.423359,0.525869,0.275657,0.350666,O=C1CNN[C@@H](NCCC2=c3ccccc3=NC2)N1
decoy_195,0.492067,0.441102,0.786977,0.784281,0.509741,0.462526,C1=NC=[NH+]CN1c1ccccc1
decoy_1950,0.212292,0.239092,0.436007,0.451663,0.283684,0.309514,O=C(NCCCc1[nH]cc[nH+]1)NNc1ccccc1
decoy_1951,0.287486,0.350148,0.613416,0.649233,0.388131,0.428212,c1nc(NCc2c[nH+]c[nH]2)cc(N2CC[NH2+]CC2)n1
decoy_1952,0.322247,0.316266,0.6933,0.698233,0.393108,0.395155,O=C1CCc2cc(OCc3cccs3)ccc2N1
decoy_1953,0.241833,0.287587,0.430102,0.51845,0.285556,0.355824,O=S(=O)(c1ccccc1)N1CCc2ccccc21
decoy_1954,0.211236,0.260198,0.415891,0.586933,0.268558,0.327111,c1coc(CCCNc2ncnc3sccc23)c1
decoy_1955,0.196225,0.177307,0.320827,0.314151,0.260624,0.246591,O=C(CSc1nncs1)Nc1nncs1
decoy_1956,0.201722,0.255754,0.413866,0.498051,0.274946,0.316662,O=C(NC[C@H]1C[C@H]2CC[N@@H+]1CC2)Nc1ccccc1
decoy_1957,0.149439,0.234911,0.327638,0.582158,0.212118,0.306566,O=C(CCc1ccccc1)NCCc1cccs1
decoy_1958,0.249003,0.319935,0.388,0.558072,0.271692,0.357155,O=S(=O)(NCc1cccs1)c1cccs1
decoy_1959,0.253981,0.341631,0.532219,0.712232,0.325665,0.429667,c1ccc(-c2csc(NC[C@H]3CCCN3)n2)cc1
decoy_196,0.448672,0.45948,0.635103,0.672182,0.47606,0.482258,c1ccc(Nc2c[nH+]c[nH]2)cc1
decoy_1960,0.179576,0.310955,0.364985,0.647906,0.215357,0.3853,O=S(=O)(NC1CCCCCC1)c1ccsc1
decoy_1961,0.264261,0.323789,0.583802,0.677542,0.362515,0.422328,c1ccc(CN[C@H]2CC[N@@H+](C3CC[NH2+]CC3)C2)cc1
decoy_1963,0.187963,0.257387,0.418101,0.557383,0.275614,0.348561,c1ccc(CN2CCC([NH+]3CCCCC3)CC2)nc1
decoy_1964,0.321074,0.383583,0.640597,0.749097,0.429757,0.476433,c1ccc(CN2CCC([NH+]3CCNCC3)CC2)cc1
decoy_1965,0.288222,0.274743,0.524047,0.490037,0.36137,0.348619,O=C(CNc1ccccc1)Nc1c[nH]c(=O)[nH]c1=O
decoy_1966,0.317539,0.347475,0.557218,0.580013,0.405204,0.423023,O=C(CNc1c[nH]c(=O)[nH]c1=O)Nc1ccccc1
decoy_1967,0.190666,0.210627,0.346275,0.384111,0.244776,0.281062,O=C(CNC(=O)Nc1ccccc1)Nc1ccon1
decoy_1968,0.277071,0.305205,0.441122,0.494589,0.305267,0.341362,O=C1CS/C(=N/N=C2\C(=O)Nc3ccccc32)N1
decoy_1969,0.201932,0.173435,0.428075,0.381097,0.274532,0.243206,O=c1ccc2cc(CO[C@@H]3CCCCO3)ccc2o1
decoy_197,0.332398,0.367129,0.473481,0.669808,0.353028,0.401098,c1ccc(Nc2cn[nH]c2)cc1
decoy_1970,0.152072,0.170928,0.32484,0.344451,0.221777,0.241557,O=C(Cc1ccccc1)N/N=C/C[C@H]1CCC(=O)O1
decoy_1971,0.19547,0.277286,0.419442,0.780423,0.251931,0.364261,c1ccc(-c2ccc(-c3cn4ccccc4n3)o2)cc1
decoy_1972,0.206766,0.287889,0.440153,0.765983,0.270856,0.357641,c1ccc(-n2ccc(-c3cc4ccccc4o3)n2)cc1
decoy_1973,0.199674,0.219344,0.374996,0.432628,0.252104,0.286143,c1ccc([C@H]2c3ccccc3Oc3ncncc32)cc1
decoy_1974,0.228151,0.314273,0.450857,0.553757,0.299295,0.408661,O=C(CNCC1=CCNC(=O)N1)Nc1ccccc1
decoy_1975,0.291284,0.406524,0.567208,0.66399,0.381547,0.485898,O=C(Nc1ccc2[nH]c(=O)[nH]c2c1)[C@H]1CCC[NH2+]C1
decoy_1976,0.299553,0.397513,0.586072,0.667191,0.383189,0.484203,O=C(NCc1ccc2[nH]c(=O)[nH]c2c1)[C@@H]1CCC[NH2+]1
decoy_1977,0.227322,0.279368,0.417026,0.537205,0.284767,0.321382,c1ccc(-n2cnnc2-c2c[nH]c3ccccc23)cc1
decoy_1978,0.310259,0.363602,0.59068,0.611054,0.382207,0.433363,c1nc(Nc2ccon2)cc(NC2CC[NH2+]CC2)n1
decoy_1979,0.178612,0.208884,0.364241,0.401814,0.247269,0.271469,O=C(NCCCn1cccn1)NNc1ccccn1
decoy_198,0.177963,0.192003,0.327546,0.392412,0.229589,0.273265,C1OCC2(CO1)COCOC2
decoy_1980,0.294376,0.354118,0.554764,0.609924,0.37846,0.42278,O=C(NCCCn1cc[nH+]c1)NNc1ccccn1
decoy_1981,0.229082,0.282159,0.421317,0.516096,0.287762,0.333634,O=C(NCc1ccccc1)C(=O)Nc1cccs1
decoy_1982,0.17497,0.268035,0.317386,0.483331,0.220866,0.337137,O=S1(=O)N[C@@H](c2ccccc2)Nc2ccccc21
decoy_1983,0.441273,0.506976,0.726536,0.726949,0.510443,0.55727,O=C(CSC1=[NH+]NCN1)C1=c2ccccc2=NC1
decoy_1984,0.192804,0.211191,0.363649,0.420741,0.260239,0.290781,O=C(CSCc1ncncn1)Nc1ccccc1
decoy_1985,0.166843,0.205904,0.358285,0.397046,0.229548,0.270795,O=C1OC2(CC[NH2+]CC2)CN1CCc1ccccc1
decoy_1986,0.194654,0.253313,0.422387,0.53558,0.253635,0.309912,O=C(NCC1CCCCC1)C(=O)Nc1ccccc1
decoy_1987,0.221951,0.252721,0.387505,0.460808,0.273613,0.322818,c1cnc(SCc2ncc3ccsc3n2)nc1
decoy_1988,0.170109,0.193563,0.343166,0.362954,0.244864,0.246753,O=C(C[NH2+]Cc1cccs1)NCc1ccccc1
decoy_1989,0.160399,0.242781,0.332101,0.523874,0.217351,0.315173,O=C(NCCc1cccs1)NCc1ccccc1
decoy_199,0.281854,0.327358,0.454072,0.658506,0.303297,0.366014,c1ccc(Cc2ncon2)cc1
decoy_1990,0.282875,0.349507,0.461681,0.599108,0.30927,0.396923,O=S(=O)(NCc1cncs1)c1cccs1
decoy_1991,0.46602,0.471502,0.754089,0.774292,0.528047,0.528129,c1nc(N2CC[NH2+]CC2)c2c3c(sc2n1)CCC3
decoy_1992,0.192113,0.264129,0.387558,0.519381,0.253051,0.318693,S=c1[nH]c(C2CC2)nn1CNCc1ccccc1
decoy_1993,0.185263,0.209591,0.4134,0.433477,0.276719,0.28975,O=C(NCCCC[NH+]1CCCCC1)c1ccccc1
decoy_1995,0.268658,0.27241,0.489937,0.486385,0.337609,0.3562,O=C(COc1ccccc1)Nc1c[nH]c(=O)[nH]c1=O
decoy_1996,0.302313,0.320895,0.572125,0.611612,0.383927,0.409901,O=c1[nH]cc(NCCCOc2ccccc2)c(=O)[nH]1
decoy_1997,0.239316,0.257875,0.42762,0.436752,0.295343,0.307921,[NH2+]=c1oc2ccccc2cc1C1N=c2ccccc2=N1
decoy_1998,0.164274,0.207438,0.32488,0.461033,0.216508,0.280654,O=C(COC(=O)c1ccccc1)Nc1cccs1
decoy_1999,0.235717,0.28111,0.394121,0.482807,0.266978,0.333756,O=C1NC(=S)NC(=O)C1=CNCc1ccccc1
decoy_2,0.295273,0.288363,0.573465,0.616042,0.339373,0.333718,S=C1NCCN1
decoy_20,0.276981,0.291854,0.533081,0.703722,0.328084,0.352922,c1cnc2cncn2c1
decoy_200,0.413985,0.404942,0.823173,0.885399,0.484184,0.46623,c1ccc(Oc2ccn[nH]2)cc1
decoy_2000,0.256767,0.346712,0.430405,0.563332,0.304395,0.38276,O=c1[nH]c(C[NH2+]Cc2ccco2)nc2sccc12
decoy_2001,0.19241,0.3275,0.344839,0.5585,0.251235,0.403168,O=C(CNC(=O)c1ccccc1)Nc1nccs1
decoy_2002,0.18963,0.175968,0.344229,0.331498,0.242838,0.247636,O=C(CSc1nccc(=O)[nH]1)Nc1ccccc1
decoy_2003,0.19518,0.24909,0.343254,0.445892,0.238972,0.318567,O=C(NNC(=S)Nc1ccccc1)c1ccco1
decoy_2004,0.282743,0.344228,0.56024,0.595069,0.34694,0.408598,NC1=CCCc2oc(C(=O)NC3CC[NH2+]CC3)cc21
decoy_2005,0.199449,0.317487,0.419314,0.600263,0.282039,0.404549,O=C(C[NH+]1CCCCC1)NC(=O)Nc1ccccc1
decoy_2006,0.164381,0.291184,0.351543,0.550323,0.232265,0.375214,O=C(C[NH+]1CCCCC1)NNC(=O)c1ccccc1
decoy_2007,0.212846,0.298295,0.431697,0.553457,0.269769,0.359864,O=C(CNC(=O)c1ccccc1)NC1CC[NH2+]CC1
decoy_2008,0.164373,0.24024,0.354603,0.467432,0.238615,0.326856,O=C(NCC[NH+]1CCCC1)C(=O)Nc1ccccc1
decoy_2009,0.219003,0.262844,0.4204,0.487787,0.285803,0.320027,C1=Nc2ccccc2/C1=C1\C[C@@H](c2ccccc2)NN1
decoy_201,0.273525,0.27592,0.430173,0.475886,0.298459,0.3227,O=C1CCCCc2ccccc21
decoy_2010,0.216449,0.241482,0.434521,0.487999,0.285618,0.307241,c1ccc(NCc2ncncc2-c2ccccc2)cc1
decoy_2011,0.183661,0.24976,0.37835,0.527692,0.254056,0.330802,c1ccc(CNc2ccc(-c3cncnc3)cc2)cc1
decoy_2012,0.277159,0.304429,0.458006,0.52584,0.317196,0.350446,c1ccc(-n2nncc2Sc2cnns2)cc1
decoy_2013,0.184196,0.293043,0.366827,0.613413,0.237059,0.342391,O=S(=O)(NCCc1ccccc1)c1ccccc1
decoy_2014,0.371616,0.42251,0.639092,0.699274,0.454385,0.487587,O=C(NC1CC[NH2+]CC1)c1cc2cccnc2s1
decoy_2015,0.180861,0.214284,0.360204,0.451378,0.226435,0.280474,O=C(NCCc1ccsc1)NNc1ccccc1
decoy_2016,0.231336,0.349474,0.426998,0.779725,0.256182,0.388975,S=c1[nH]c(-c2ccccc2)nn1[C@@H]1CCCCO1
decoy_2017,0.184645,0.18217,0.44608,0.408432,0.265504,0.261076,N/C(=C\CCCO[C@@H]1CCCCO1)c1ccccc1
decoy_2018,0.195743,0.284324,0.426235,0.56141,0.271523,0.35979,O=C(N[C@H]1CC[NH2+]C2(CCCCC2)C1)c1ccc[nH]1
decoy_2019,0.175574,0.192961,0.390092,0.421287,0.253592,0.263668,O=C(NCCC[NH+]1CCCCC1)Nc1ccccc1
decoy_202,0.345718,0.361451,0.579657,0.841785,0.379746,0.404568,O=C1CCN(c2ccccc2)C1
decoy_2020,0.121986,0.190374,0.293341,0.418539,0.187134,0.2683,O=C(NCC[NH+]1CCCCC1)NCc1ccccc1
decoy_2021,0.330799,0.400819,0.626289,0.718921,0.422434,0.47929,c1nc(NC2CC[NH2+]CC2)cc(N2CCCCC2)n1
decoy_2022,0.177848,0.22251,0.318936,0.409256,0.229593,0.293618,c1csc(C[NH2+]Cc2ncc3ccsc3n2)c1
decoy_2023,0.36495,0.432785,0.681126,0.762194,0.442703,0.499069,O=S(=O)(NC1CC[NH2+]CC1)N1CCCCCC1
decoy_2025,0.171886,0.229608,0.359224,0.473114,0.229923,0.290797,S=C(NNc1ccccc1)N[C@H]1C[C@@H]2CC[C@H]1C2
decoy_2026,0.252274,0.367297,0.480962,0.620483,0.338675,0.445682,O=C(CNCc1ccccc1)NN1C(=O)CNC1=O
decoy_2027,0.216274,0.270138,0.422674,0.499715,0.272636,0.341958,O=C(NCCc1ccco1)NNC(=O)c1ccc[nH]1
decoy_2028,0.237069,0.293698,0.474883,0.605708,0.297004,0.377475,c1ccc(-c2ccn3nc(-c4ncco4)cc3n2)cc1
decoy_2029,0.223575,0.255799,0.387287,0.429501,0.264448,0.30392,O=C(CSc1ncccn1)N/N=C/c1cn[nH]c1
decoy_203,0.238003,0.226567,0.409086,0.440841,0.286265,0.292807,O=C(Nc1ccccc1)C1CC1
decoy_2030,0.166091,0.187503,0.373245,0.38771,0.245778,0.258859,O=C1C[C@H]2C=C[C@@H]3[C@@H](O[C@H]4CCCCO4)OC=C1[C@H]32
decoy_2031,0.312854,0.336723,0.839137,0.898947,0.393531,0.418624,O=C1OCCc2c(CO[C@@H]3CCCCO3)cccc21
decoy_2032,0.247563,0.267574,0.457695,0.51017,0.28324,0.318598,O=C1C=C[C@H]2C(=O)c3cc4ccccc4cc3C[C@H]2C1
decoy_2033,0.212985,0.223087,0.370409,0.377791,0.259282,0.274438,O=C1C2=C([O-])C=CC[C@@H]2Cc2cc3ccccc3cc21
decoy_2034,0.21426,0.210679,0.417761,0.436066,0.275246,0.251948,O=C1N=c2ccccc2=C/C1=C\NCc1ccccc1
decoy_2035,0.288014,0.303241,0.571203,0.538678,0.346873,0.36133,NC1=CCCc2oc(C(=O)NN3CC[NH2+]CC3)cc21
decoy_2036,0.164913,0.224287,0.346307,0.448051,0.229207,0.294201,O=C(CCNc1ccccc1)NNC(=O)NC1CC1
decoy_2037,0.351738,0.395896,0.673101,0.677722,0.431963,0.468244,O=C(CN1CC[NH2+]CC1)NC(=O)Nc1ccccc1
decoy_2038,0.323712,0.330195,0.628873,0.585797,0.415711,0.411098,O=C(NNC(=O)c1ccccc1)N[C@H]1CCC[NH2+]C1
decoy_2039,0.166462,0.187111,0.351953,0.363226,0.221629,0.24541,O=C(NNC(=O)c1ccccc1)NC1CC[NH2+]CC1
decoy_204,0.309902,0.279875,0.544926,0.547846,0.355804,0.330136,c1ccc(-c2cscn2)cc1
decoy_2040,0.23755,0.30254,0.331287,0.485925,0.257744,0.336725,O=C1[N-]C(=S)S/C1=C1\C(=O)Nc2ccccc21
decoy_2041,0.158754,0.256889,0.340875,0.534002,0.218325,0.341669,C1=C(c2ccccc2)CN(C2N=c3ccccc3=N2)N1
decoy_2042,0.23142,0.351846,0.427092,0.642058,0.269945,0.404208,C1=N[C@@H](c2ccccc2)N2C=[NH+][C@@H](c3ccccc3)N12
decoy_2043,0.254362,0.301777,0.449815,0.505507,0.297323,0.34054,c1ccc(N2CN[NH+]=C2C2=c3ccccc3=NC2)cc1
decoy_2044,0.06027,0.080718,0.142109,0.176536,0.118472,0.15701,C(=C/c1cc[nH]n1)\c1ccc(/C=C/c2cc[nH]n2)cc1
decoy_2045,0.172332,0.193295,0.352863,0.419728,0.248083,0.265248,c1ccc2c(c1)=NC(CCc1nc3ccccc3[nH]1)N=2
decoy_2046,0.206703,0.27067,0.427181,0.59173,0.262684,0.355641,c1ccc(CN(c2ccccn2)c2ccncn2)cc1
decoy_2047,0.199135,0.224217,0.350784,0.39725,0.263016,0.285013,O=C(CCc1ccccc1)NCc1nnc([S-])[nH]1
decoy_2048,0.234896,0.357743,0.473852,0.692419,0.311228,0.42536,O=C(Cn1cnnc1)Nc1cc2c(s1)CCCC2
decoy_2049,0.282054,0.400286,0.541231,0.789003,0.314348,0.444729,S=c1[nH]c(-c2ccncc2)nn1[C@@H]1CCCCO1
decoy_205,0.326621,0.275287,0.561997,0.544466,0.365611,0.324302,c1ccc(-c2nccs2)cc1
decoy_2051,0.148849,0.131308,0.361422,0.306894,0.207282,0.19519,C(=C/c1ccccc1)\COCCO[C@@H]1CCCCO1
decoy_2053,0.186327,0.276286,0.309972,0.480853,0.232568,0.312451,O=C([N-]C(=S)Nc1cccs1)c1ccccc1
decoy_2054,0.300399,0.302116,0.668391,0.60536,0.398399,0.383322,c1nc(NC2CC[NH2+]CC2)cc(N2CC[NH2+]CC2)n1
decoy_2055,0.194992,0.261621,0.376958,0.500982,0.261509,0.314401,c1csc(-c2nnc3sc(C4CCC4)nn23)c1
decoy_2056,0.19721,0.307696,0.385352,0.582966,0.257878,0.381657,c1nc(NCC[NH+]2CCCCC2)c2ccsc2n1
decoy_2057,0.373488,0.365965,0.741822,0.748214,0.448388,0.432474,c1c(C[C@H]2CCC[NH2+]C2)noc1CC1CCCCC1
decoy_2058,0.150802,0.171191,0.358753,0.376748,0.224373,0.244809,c1cnn(CCCN2CC[C@H]([NH+]3CCCCC3)C2)c1
decoy_2059,0.247038,0.294532,0.420299,0.512275,0.280584,0.35474,c1ccc(-c2nccc3[nH]c(-c4cnon4)nc23)cc1
decoy_206,0.257645,0.294223,0.426532,0.459233,0.306912,0.345694,c1ccc(C[NH2+]CC2CC2)cc1
decoy_2060,0.217307,0.279416,0.415419,0.566133,0.266172,0.334189,O=C1N[C@H](c2ccccc2)/C(=C/c2ccccc2)C1=O
decoy_2061,0.193105,0.248812,0.374405,0.463326,0.238872,0.315922,O=C1C=C(C(=O)c2ccccc2)[C@@H](c2ccccc2)N1
decoy_2062,0.368709,0.405488,0.658456,0.702187,0.442809,0.470545,O=C(Nc1ccc2c(c1)OCO2)NC1CC[NH2+]CC1
decoy_2063,0.195963,0.294307,0.352763,0.509479,0.246068,0.346856,[H]/N=C(\Cc1ccccc1)c1nc2ccccc2[n-]c1=O
decoy_2064,0.294797,0.32562,0.65955,0.726125,0.381693,0.443183,C1=C[C@H](c2ccc[nH]2)c2cnn(-c3ccccc3)c2O1
decoy_2065,0.17631,0.224457,0.344613,0.468708,0.235941,0.335023,c1ccc(N2CC(C3N=c4ccccc4=N3)=NN2)cc1
decoy_2066,0.192797,0.250205,0.386034,0.490048,0.245832,0.319459,c1ccc(Nc2cc(Nc3ccccn3)ncn2)cc1
decoy_2067,0.200428,0.263051,0.387954,0.487155,0.253471,0.322991,c1ccc(Nc2cc(Nc3cccnc3)ncn2)cc1
decoy_2068,0.33472,0.411844,0.556938,0.658688,0.398779,0.458078,c1ccc(Nc2cc(Nc3cc[nH+]cc3)ncn2)cc1
decoy_2069,0.191262,0.248378,0.346585,0.420731,0.237715,0.323413,NC1=Nc2nc3ccccc3n2[C@@H](c2ccccc2)N1
decoy_207,0.469836,0.451607,0.817298,0.816108,0.515174,0.488454,c1ccc(C2CC[NH2+]CC2)cc1
decoy_2070,0.243573,0.347276,0.424694,0.597279,0.301772,0.389014,O=C1CN(C(=S)NC(=O)c2ccccc2)CCN1
decoy_2071,0.23998,0.283129,0.475162,0.51569,0.321431,0.360595,O=C(c1cocn1)N1CCC([NH+]2CCCCC2)CC1
decoy_2072,0.178773,0.195578,0.388071,0.41891,0.252253,0.261893,O=C(NCCC[NH+]1CCOCC1)Nc1ccccc1
decoy_2073,0.186577,0.244719,0.397761,0.587712,0.241819,0.30893,c1cnc2c(c1)CCN2CCc1c[nH]c2ccccc12
decoy_2074,0.223066,0.223909,0.433035,0.413169,0.302168,0.267951,c1ccc(C[NH2+]Cc2ccccc2-n2cccn2)cc1
decoy_2075,0.212661,0.272514,0.417451,0.513338,0.263384,0.342344,c1ccc(C[NH2+]Cc2c[nH]nc2-c2ccccc2)cc1
decoy_2076,0.177002,0.202138,0.363062,0.384481,0.253461,0.257233,c1ccc(C[NH2+]Cc2cnn(-c3ccccc3)c2)cc1
decoy_2077,0.172683,0.22919,0.372117,0.457678,0.249271,0.303249,c1ncc2c(n1)NC[N@H+](CCCN1CCOCC1)C2
decoy_2079,0.296509,0.366883,0.673463,0.720469,0.38616,0.448279,c1nc(NN2CC[NH2+]CC2)cc(N2CC[NH2+]CC2)n1
decoy_208,0.294592,0.306633,0.557522,0.547968,0.343761,0.343733,c1cncc(C2CCCCC2)c1
decoy_2080,0.195276,0.267754,0.384891,0.503338,0.261856,0.330662,O=c1[nH]c(C[NH2+]C2CCCCC2)nc2sccc12
decoy_2081,0.16388,0.175719,0.333935,0.350967,0.216265,0.248808,O=C(NNC(=S)NC1CCCC1)c1ccccc1
decoy_2082,0.179032,0.222245,0.355202,0.431249,0.235588,0.288678,O=C(CCSc1ccccc1)Nc1cccs1
decoy_2083,0.199695,0.259618,0.45542,0.626056,0.252621,0.324209,O=C(Cc1cccs1)N[C@H]1CC[C@H]2CCCC[C@@H]21
decoy_2084,0.386381,0.397198,0.715203,0.699306,0.450702,0.464651,S=C(NCCc1ccccc1)NC1CC[NH2+]CC1
decoy_2085,0.235081,0.281288,0.410584,0.485665,0.28823,0.310496,[NH2+]=c1oc2ccccc2cc1C(=O)Nc1ccccc1
decoy_2086,0.342026,0.398781,0.628424,0.730487,0.391109,0.449969,O=C1c2ccccc2C(=O)c2c1ccc1c2NCCN1
decoy_2087,0.221014,0.246299,0.420083,0.459678,0.272224,0.306442,O=C1N[C@H](c2cccnc2)/C(=C/c2ccccc2)C1=O
decoy_2088,0.221952,0.285532,0.404097,0.529446,0.276539,0.342361,O=C1C=C(C(=O)c2ccccc2)[C@@H](c2cccnc2)N1
decoy_2089,0.209734,0.198978,0.40514,0.405257,0.274875,0.27344,c1coc(C2=NN[C@H](c3ccc4nccnc4c3)C2)c1
decoy_209,0.235837,0.242099,0.490583,0.526498,0.328702,0.334671,c1ccc(NC2CCCC2)cc1
decoy_2090,0.2326,0.272564,0.440534,0.521051,0.269958,0.32708,O=C1N=c2ccccc2=N[C@H]1/C=N/Nc1ccccc1
decoy_2091,0.230553,0.226697,0.416077,0.4158,0.284405,0.299676,O=C(Cc1ncncn1)c1ccn(-c2ccccc2)c1
decoy_2092,0.228547,0.24622,0.414367,0.456901,0.276418,0.300907,O=C(N/N=C/c1c[nH]c2ccccc12)c1ccncc1
decoy_2093,0.200918,0.215652,0.372941,0.402268,0.258327,0.309053,c1ccc(Nc2cc(Nc3ccccn3)ncn2)nc1
decoy_2094,0.19874,0.207861,0.37516,0.393873,0.266397,0.291687,c1ccc(Nc2cc(Nc3cccnc3)ncn2)nc1
decoy_2095,0.338863,0.41049,0.560763,0.636783,0.400559,0.456498,c1ccc(Nc2cc(Nc3cc[nH+]cc3)ncn2)nc1
decoy_2096,0.177379,0.229683,0.339432,0.457315,0.231054,0.297169,O=C(NCCc1ccco1)C(=O)Nc1cccs1
decoy_2097,0.299271,0.298435,0.574493,0.59032,0.354366,0.363351,O=C(c1ccco1)N1CCN(c2nncs2)CC1
decoy_2098,0.319138,0.390621,0.545119,0.625207,0.387797,0.451277,O=C(Nc1ccc2[nH]c(=O)[nH]c2c1)[C@@H]1CSCN1
decoy_2099,0.179067,0.227164,0.395829,0.502394,0.234972,0.306574,c1ccc(O[C@H]2OCCC[C@H]2O[C@H]2CCCO2)cc1
decoy_21,0.308125,0.319126,0.622348,0.698513,0.364464,0.384102,C1=NCC2=NC=NC2=N1
decoy_210,0.287633,0.294455,0.578522,0.572955,0.39158,0.391978,c1ccc(N2CCCCC2)cc1
decoy_2100,0.166948,0.196677,0.386403,0.436086,0.237968,0.273339,c1ccc(O[C@@H]2CC[C@@H](O[C@H]3CCCO3)CO2)cc1
decoy_2101,0.23857,0.267419,0.460911,0.519235,0.283735,0.321339,O=C1C=C[C@H]2C(=O)C3=Cc4ccccc4C[C@H]3C[C@H]2C1
decoy_2102,0.240505,0.267981,0.483545,0.495039,0.294173,0.326079,O=C1C=C[C@H]2C=C3C(=O)c4ccccc4C[C@@H]3C[C@@H]2C1
decoy_2103,0.242845,0.266025,0.489303,0.492061,0.297218,0.324167,O=C1C2=C[C@@H]3C(=O)C=CC[C@H]3C[C@H]2Cc2ccccc21
decoy_2104,0.226682,0.356934,0.42155,0.636024,0.279678,0.443836,O=C1Nc2ccccc2[C@@]12CC[NH2+][C@H]2c1ccccc1
decoy_2105,0.241403,0.250252,0.453037,0.441631,0.301168,0.285869,O=c1[nH]c2ccccc2cc1C[NH2+]Cc1ccccc1
decoy_2106,0.194284,0.276272,0.376968,0.515056,0.253365,0.342209,O=C(c1ccccc1)[C@H]1C[NH+]=CN[C@H]1c1ccccc1
decoy_2107,0.21306,0.232839,0.436673,0.454386,0.276755,0.297653,O=C(NCCC1=c2ccccc2=NC1)c1ccccc1
decoy_2108,0.20692,0.27978,0.418135,0.653088,0.262709,0.350727,O=C(NCCn1ccc2ccccc21)c1ccccc1
decoy_2109,0.179489,0.244882,0.387498,0.490628,0.242236,0.31189,O=C(NCC1CCCCC1)NNC(=O)c1ccc[nH]1
decoy_211,0.28213,0.333309,0.446492,0.486381,0.328263,0.355844,c1ccc(C[NH+]2CCCC2)cc1
decoy_2110,0.360748,0.435858,0.64579,0.752688,0.419404,0.497007,c1ccc(C[N@@H+]2CCc3c(cnc4n[nH]cc34)C2)cc1
decoy_2111,0.207301,0.234979,0.496287,0.53637,0.300561,0.320507,c1ccc(N2CCC3(CCc4ccccc43)CC2)nc1
decoy_2112,0.336615,0.323899,0.701628,0.678371,0.425915,0.410677,c1cc2c(c(-c3cccc4c3C[NH2+]CC4)c1)C[NH2+]CC2
decoy_2113,0.216994,0.300371,0.43289,0.634571,0.293829,0.397102,C=C1C[N@@H+]2CC[C@H]1C[C@@H]2Cc1ccnc2ccccc12
decoy_2114,0.439484,0.425788,0.697399,0.674207,0.470649,0.460029,O=C(Nc1cc2c(s1)C[NH2+]CC2)c1cccs1
decoy_2115,0.439813,0.42956,0.694003,0.677312,0.470011,0.462052,O=C(Nc1cc2c(s1)C[NH2+]CC2)c1ccsc1
decoy_2116,0.093477,0.145953,0.220804,0.34618,0.143151,0.207762,O=C(CCC[NH+]1CCSCC1)Nc1ccccc1
decoy_2117,0.183626,0.30501,0.402251,0.652809,0.257823,0.388753,O=C(C[NH+]1CCCC1)NCCSc1ccccc1
decoy_2118,0.224979,0.234996,0.443735,0.435221,0.272324,0.280849,O=C(C[NH+]1CCCCC1)Nc1cc2c(s1)CCC2
decoy_2119,0.185905,0.202583,0.387389,0.392914,0.242517,0.259298,O=C(C[NH+]1CCCCC1)Nc1cc(C2CC2)cs1
decoy_212,0.319781,0.317032,0.470595,0.55908,0.325829,0.345373,O=c1[nH]c2ccccc2[nH]c1=O
decoy_2120,0.383964,0.421922,0.7085,0.768537,0.465943,0.498648,O=C(CSCc1ccccc1)NC1CC[NH2+]CC1
decoy_2121,0.355983,0.408017,0.659836,0.741068,0.445493,0.483061,O=C(NC1CC[NH2+]CC1)c1cc2c(s1)CCCC2
decoy_2122,0.334947,0.380943,0.632142,0.707234,0.42165,0.463618,O=C(Nc1cc2c(s1)CCCC2)C1CC[NH2+]CC1
decoy_2123,0.154433,0.178762,0.378825,0.39926,0.22457,0.24863,O=C(CCC1CCCC1)N1CCC2(CC[NH2+]CC2)C1
decoy_2124,0.195052,0.240209,0.445587,0.543774,0.282727,0.316778,O=C(N[C@H]1CC[N@@H+]2CCCC[C@H]12)C1CCCCCC1
decoy_2125,0.163512,0.233085,0.381191,0.574947,0.230449,0.299054,c1csc(C[N@H+]2CC[C@H](C[NH+]3CCCC3)CC2)c1
decoy_2126,0.166641,0.186907,0.335794,0.41914,0.229536,0.269313,O=C(Oc1ccccc1)c1conc1-c1ccccc1
decoy_2127,0.298443,0.300479,0.573717,0.597588,0.362215,0.371682,Nc1ncnc2c1[C@@H](c1ccco1)c1ccccc1O2
decoy_2128,0.318878,0.365064,0.608943,0.740188,0.342368,0.408062,O=C1Cc2c(ncc3cnccc23)N1Cc1ccco1
decoy_2129,0.240374,0.230385,0.453385,0.421063,0.282054,0.28774,O=C1COc2ccc(-c3cn4ccccc4n3)cc2N1
decoy_213,0.316832,0.346409,0.476322,0.641017,0.31608,0.380656,O=c1[nH]c(=O)c2ccccc2[nH]1
decoy_2130,0.237363,0.273372,0.376322,0.426247,0.283941,0.312579,O=C(CNCc1cccs1)c1c[nH]c(=O)[n-]c1=O
decoy_2131,0.210231,0.211955,0.407014,0.385497,0.27599,0.26844,O=c1cc(C[NH2+]Cc2ccccc2)c2ccccc2o1
decoy_2132,0.195121,0.31391,0.415347,0.599793,0.275159,0.401821,O=C(C[NH+]1CCCCC1)NC(=O)NCc1ccco1
decoy_2133,0.428746,0.373656,0.842728,0.805531,0.511391,0.461442,C1=NC=[NH+]CN1c1ccc(OCc2ccccc2)cc1
decoy_2134,0.19221,0.219015,0.374441,0.429423,0.242455,0.277349,O=c1cc(C[NH2+]Cc2ccccc2)nc2ccccn12
decoy_2135,0.19867,0.213947,0.386441,0.385394,0.274028,0.254047,O=c1[nH]c(C[NH2+]Cc2ccccc2)nc2ccccc12
decoy_2136,0.20214,0.331152,0.397848,0.635694,0.263725,0.410663,O=C(NCc1ccc2[nH]ccc2c1)Nc1ccccc1
decoy_2137,0.180045,0.25263,0.351144,0.493775,0.24789,0.334399,c1ccc(N2C[C@@H](C3N=c4ccccc4=N3)NN2)cc1
decoy_2138,0.206586,0.259992,0.394144,0.473461,0.250778,0.307257,C1=C2C(=NC(Nc3ccccc3)=C3C[NH2+]CC[C@@H]23)[NH+]=N1
decoy_2139,0.036264,0.034507,0.090058,0.081318,0.094661,0.08768,[NH2+]=C(N/N=C/c1ccccc1)N/N=C/c1ccccc1
decoy_214,0.408737,0.376912,0.676438,0.669672,0.428576,0.399578,O=C1NCCN1c1ccccc1
decoy_2140,0.184096,0.288633,0.360939,0.541792,0.239923,0.360479,O=S(=O)(NCCCc1ccn[nH]1)c1ccccc1
decoy_2141,0.199814,0.211923,0.401717,0.3993,0.256269,0.268026,c1ccc(-c2cc([C@H]3C[N@H+]4CC[C@@H]3CC4)ncn2)cc1
decoy_2142,0.188724,0.249153,0.38213,0.706595,0.246419,0.329335,C(=N/[n+]1cscc1-c1ccccc1)\c1ccccc1
decoy_2143,0.182751,0.191392,0.333801,0.351812,0.231275,0.281598,O=C(CSc1nncs1)NCc1ccccc1
decoy_2144,0.152595,0.193714,0.342782,0.415051,0.217864,0.269003,O=C(CCSc1ccccc1)N[C@H]1CCCOC1
decoy_2145,0.379785,0.423626,0.660998,0.717336,0.448377,0.492285,O=C(CN1CC[NH2+]CC1)Nc1cc2c(s1)CCC2
decoy_2146,0.18933,0.24323,0.385083,0.472424,0.250932,0.309534,O=C(CN1CC[N@@H+]2CCC[C@H]2C1)Nc1cccs1
decoy_2147,0.345088,0.422538,0.6383,0.750269,0.449929,0.509598,O=C(Nc1cc2c(s1)CCCC2)N1CC[NH2+]CC1
decoy_2149,0.232437,0.243956,0.369593,0.383074,0.277137,0.296228,C=C1C(=O)[N-]C(=O)N(c2cccc3ccccc23)C1=O
decoy_215,0.395033,0.326423,0.727282,0.704787,0.437274,0.377511,c1ccc(-c2nncs2)cc1
decoy_2150,0.202553,0.224404,0.354482,0.395206,0.276027,0.293171,O=C1Nc2ccccc2[C@@]12C=COc1cc[nH]c(=O)c12
decoy_2151,0.289738,0.352341,0.497939,0.566561,0.362113,0.416401,O=C(CNc1c[nH]c(=O)[nH]c1=O)Nc1cccs1
decoy_2152,0.266835,0.269593,0.460031,0.444571,0.32355,0.331711,O=C(CNc1c[nH]c(=O)[nH]c1=O)Nc1ccsc1
decoy_2153,0.170706,0.19382,0.365441,0.645821,0.244067,0.279613,O=C(/C=C/c1ccc2c(c1)OCCO2)c1ccccc1
decoy_2154,0.212861,0.215728,0.427667,0.484298,0.280306,0.282518,[H]/N=C1/C(=O)N(CCOc2ccccc2)c2ccccc21
decoy_2155,0.20502,0.217952,0.384909,0.388987,0.253657,0.303163,O=C1NC(=O)[C@H]2C[NH2+][C@@H](c3cccc4ccccc34)[C@@H]12
decoy_2156,0.166327,0.225778,0.346861,0.507234,0.222282,0.309919,O=C(NN1C(=O)C[C@H]1c1ccccc1)c1ccccc1
decoy_2157,0.325578,0.321938,0.614874,0.607876,0.388596,0.385774,O=C1CC(=O)Nc2cc(Cc3ccccc3)ccc2N1
decoy_2158,0.235564,0.254587,0.479098,0.470895,0.293691,0.31446,O=C(C[NH+]1CCCCCC1)Nc1c[nH]c(=O)[nH]c1=O
decoy_2159,0.268039,0.309347,0.555534,0.568691,0.329665,0.359762,O=C(C[NH2+]C1CCCCC1)Nc1c[nH]c(=O)[nH]c1=O
decoy_216,0.297964,0.295283,0.53137,0.546743,0.343087,0.342997,c1ccc(C2CCOCC2)cc1
decoy_2160,0.259689,0.299471,0.544706,0.556059,0.318513,0.344253,O=C(C[NH2+]CC1CCCC1)Nc1c[nH]c(=O)[nH]c1=O
decoy_2161,0.23934,0.301997,0.424786,0.50649,0.294714,0.372692,O=c1[nH]cncc1[C@H]1[NH2+]CCc2c1[nH]c1ccccc21
decoy_2162,0.255205,0.297136,0.447232,0.511727,0.303443,0.343848,O=C1Nc2ccccc2N2[C@@H]1NN[C@@H]2c1ccccc1
decoy_2163,0.235038,0.352828,0.425854,0.629539,0.300214,0.416382,O=C(NCc1cn2ccccc2[nH+]1)Nc1ccccc1
decoy_2164,0.215039,0.252745,0.359852,0.460339,0.273354,0.327718,O=c1[nH]c(CSc2nncs2)nc2occc12
decoy_2165,0.238426,0.251322,0.435761,0.478555,0.284133,0.306727,C1=C(CCC2=NC3=c4ccccc4=NCN3N2)CN=N1
decoy_2166,0.174893,0.200574,0.34055,0.371024,0.260645,0.281487,O=S(=O)(NCCCc1cn[nH]c1)c1cccnc1
decoy_2167,0.226598,0.226153,0.496578,0.482883,0.325132,0.335705,O=C1CCC2=C1CC(C1=CCC3=C(C1)C(=O)CC3)=CC2
decoy_2168,0.206174,0.245775,0.430083,0.508572,0.249068,0.305907,O=C1CCCC2=C1[C@H]1C(=O)c3ccccc3C[C@H]1CC2
decoy_2169,0.191772,0.256431,0.409405,0.543948,0.248525,0.324006,O=C1C2=C(CC[C@H]3CCCC(=O)[C@@H]23)Cc2ccccc21
decoy_217,0.242239,0.274181,0.511252,0.488876,0.296943,0.317313,c1ccc([C@@H]2CCCCO2)cc1
decoy_2170,0.233995,0.284702,0.490795,0.638999,0.301411,0.340835,O=C1c2ccccc2C[C@H]2C[C@H]3CC=CC(=O)[C@@H]3C[C@H]12
decoy_2171,0.161756,0.195066,0.350208,0.385434,0.230241,0.288522,[NH2+]=C(CCC(=O)Nc1ccccc1)Cc1ccccc1
decoy_2172,0.203976,0.23179,0.410859,0.437529,0.262333,0.301904,O=C1[NH+]=CN=C2c3ccccc3CC3(CCCCC3)[C@H]12
decoy_2173,0.38026,0.330424,0.684924,0.614781,0.460024,0.401155,O=C(CCc1ccccc1)Nc1cccc2c1C[NH2+]C2
decoy_2174,0.124481,0.205891,0.291225,0.495072,0.189042,0.302673,O=C(CNCc1ccccc1)N1CCc2ccccc21
decoy_2175,0.187798,0.232323,0.427657,0.513744,0.267709,0.303773,O=C(c1ccccc1)N(Cc1ccncc1)CC1CC1
decoy_2176,0.174571,0.237607,0.378358,0.540929,0.242832,0.306585,O=C(NCc1ccccc1)N[C@H]1C[C@H]1c1ccccc1
decoy_2177,0.196428,0.256666,0.420164,0.545347,0.263915,0.31407,O=C(NCc1ccccc1)N[C@H]1CCc2ccccc21
decoy_2178,0.204884,0.219967,0.409561,0.411766,0.266714,0.273898,c1cncc(NCC[NH2+]Cc2c[nH]c3ccccc23)c1
decoy_2179,0.148511,0.216589,0.331316,0.487064,0.20144,0.295643,O=C(NCC1CCCCC1)C(=O)Nc1cccs1
decoy_218,0.419542,0.49334,0.673815,0.798092,0.456205,0.509427,c1ccc(N[C@H]2CC[NH2+]C2)cc1
decoy_2180,0.289611,0.372288,0.579666,0.738497,0.334303,0.392348,O=S(=O)(c1ccc2c(c1)NCC2)N1CCCCC1
decoy_2181,0.201914,0.338193,0.400795,0.626171,0.261587,0.415521,O=S(=O)(N[C@H]1CC[N@@H+]2CCC[C@H]12)c1ccccc1
decoy_2182,0.189236,0.305142,0.386288,0.586674,0.253186,0.382533,O=S(=O)(N[C@H]1CC[N@@H+](C2CC2)C1)c1ccccc1
decoy_2183,0.2336,0.291283,0.425667,0.535,0.305296,0.360957,c1ccc(-c2c3c(nc4sccc24)CC[NH2+]C3)cc1
decoy_2184,0.182335,0.212996,0.379256,0.436142,0.258066,0.332509,O=C(CSCc1ncncn1)NC1CCCCC1
decoy_2185,0.221322,0.28315,0.481749,0.595755,0.313009,0.36035,O=C(NC[C@@H]1OCC[C@H]1[NH+]1CCCC1)C1CCCC1
decoy_2186,0.195045,0.208539,0.436063,0.452147,0.26486,0.290094,c1ccc(C[NH2+]C[C@H]2CC[NH2+][C@@H]2c2ccccc2)cc1
decoy_2187,0.157863,0.242755,0.356798,0.574478,0.218134,0.339287,c1ccc(NC[C@@H](c2ccccc2)[NH+]2CCCC2)cc1
decoy_219,0.481683,0.462439,0.819254,0.816778,0.523389,0.499778,c1ccc(N2CC[NH2+]CC2)cc1
decoy_2192,0.149768,0.172839,0.298045,0.322068,0.210438,0.232846,O=C(CC[NH2+]Cc1cccs1)Nc1cccs1
decoy_2193,0.115323,0.149777,0.275835,0.321578,0.182072,0.230933,O=C(CCc1cccs1)NCC[NH+]1CCCCC1
decoy_2194,0.232122,0.263547,0.403892,0.501516,0.284321,0.317543,O=C1Nc2ccccc2[C@@]12C=COc1c2occc1=O
decoy_2195,0.207625,0.225748,0.367849,0.410681,0.28009,0.292898,O=C1Nc2ccccc2[C@@]12C=COc1ccoc(=O)c12
decoy_2196,0.19062,0.215439,0.37158,0.419749,0.267824,0.286088,O=C1CCCC2=C1[C@]1(C=CO2)C(=O)Nc2ccccc21
decoy_2197,0.183761,0.322881,0.379547,0.756417,0.25262,0.38542,O=C(N/C=C/c1ccc2c(c1)OCO2)c1ccccc1
decoy_2198,0.222364,0.280563,0.446251,0.558389,0.276002,0.333565,O=C(ONCc1ccccc1)c1coc2ccccc12
decoy_2199,0.09068,0.141427,0.206534,0.309821,0.141061,0.197576,O=C(/C=C/c1ccccc1)NNC(=O)c1cccnc1
decoy_22,0.267364,0.24852,0.550812,0.549356,0.323467,0.316839,c1cnc2ncnn2c1
decoy_220,0.418652,0.353326,0.681811,0.656854,0.423725,0.382601,O=c1[nH+]csc2ccccc12
decoy_2200,0.216166,0.223463,0.415638,0.416925,0.270571,0.29273,O=C(NCCn1ncc2cncnc21)c1ccccc1
decoy_2201,0.180753,0.248333,0.359595,0.454745,0.241714,0.318831,c1ccc(CNc2nccc(Nc3cc[nH]n3)n2)nc1
decoy_2202,0.196972,0.203942,0.369156,0.395266,0.265341,0.280181,C1=C[C@@H](c2cccnc2)c2cnc3cnsc3c2O1
decoy_2204,0.232202,0.269578,0.447222,0.543965,0.285616,0.33447,Nc1[nH+]c2ccccc2n1CCCOc1ccccc1
decoy_2205,0.38737,0.458387,0.677022,0.753208,0.454511,0.513356,O=C(CNc1cccc2c1C[NH2+]C2)Nc1ccccc1
decoy_2206,0.184145,0.215578,0.373051,0.416497,0.246384,0.275663,O=C(Nc1ccccc1)Nc1cccc2c1CC[NH2+]C2
decoy_2207,0.237676,0.255478,0.471147,0.498736,0.281127,0.303391,O=C(CNC(=O)c1ccns1)NC1CCCCC1
decoy_2208,0.343831,0.391392,0.632067,0.704744,0.434352,0.462822,O=C(Nc1cc2c(s1)COCC2)N1CC[NH2+]CC1
decoy_2209,0.16667,0.243131,0.345989,0.45991,0.23679,0.324409,O=C(NCC[NH+]1CCCC1)C(=O)Nc1cccs1
decoy_221,0.317633,0.30427,0.53142,0.525369,0.363018,0.349522,c1ccc(N2CCOCC2)cc1
decoy_2210,0.213786,0.326894,0.414836,0.586849,0.275465,0.404167,O=S(=O)(N[C@H]1CC[N@@H+]2CCC[C@H]12)c1cccnc1
decoy_2211,0.19345,0.314904,0.382486,0.570649,0.24755,0.376785,O=S(=O)(N[C@H]1C[N@H+]2CC[C@@H]1CC2)c1cccnc1
decoy_2212,0.215487,0.280512,0.42679,0.518255,0.283685,0.364498,O=S(=O)(N[C@H]1CC[N@@H+](C2CC2)C1)c1cccnc1
decoy_2213,0.136286,0.189187,0.313791,0.391353,0.210495,0.275766,c1ccc(OCCC[N@@H+]2CCc3ccccc3C2)cc1
decoy_2214,0.179823,0.199485,0.438708,0.490222,0.262372,0.300116,c1ccc(COCCCN2CCc3ccccc32)cc1
decoy_2215,0.172249,0.287728,0.411353,0.599989,0.259513,0.40239,O=C(C[NH+]1CCCCC1)NC(=O)NC1CCCCC1
decoy_2216,0.194788,0.285532,0.409531,0.582632,0.259516,0.360409,c1ccc2c(c1)CC[C@]21CC[N@H+](Cc2cc[nH]n2)CC1
decoy_2218,0.180403,0.248548,0.38702,0.522848,0.26525,0.309722,c1ccc(C[NH2+][C@H]2CCCN(c3ccccn3)C2)cc1
decoy_2219,0.211151,0.249453,0.383306,0.457165,0.266431,0.312084,O=C1CS[C@@H]([C@H]2CC=CCC2)N1c1nncs1
decoy_222,0.232345,0.243644,0.41276,0.501149,0.292254,0.366021,c1ccc(N[C@@H]2CCCO2)cc1
decoy_2220,0.166694,0.278794,0.372985,0.627044,0.224036,0.325899,O=S(=O)(NCC1CCCCCC1)c1ccccc1
decoy_2221,0.188523,0.260141,0.410149,0.607455,0.257471,0.315079,C1CCc2nnc(SC[C@H]3CCCCO3)n2CC1
decoy_2222,0.345365,0.341502,0.68389,0.687885,0.388411,0.397411,O=C1Oc2ccc3c(c2Oc2ccccc21)COC3=O
decoy_2223,0.196393,0.250388,0.393541,0.59194,0.268648,0.314026,O=C1OCCOC(=O)c2ccccc2-c2ccccc21
decoy_2224,0.186826,0.209714,0.350733,0.390077,0.247685,0.308465,O=C(Cc1cnc2cc(O)nn2c1)Nc1ccccc1
decoy_2225,0.191902,0.265291,0.391067,0.529173,0.242014,0.331184,O=C(NCc1ccccc1)c1cc2c([nH]1)CCCC2=O
decoy_2226,0.207733,0.236124,0.431905,0.487337,0.268192,0.303106,O=C(CCC1=c2ccccc2=NC1)NCc1ccco1
decoy_2227,0.173528,0.22975,0.363571,0.483864,0.229853,0.296557,O=C(NCCc1ccccc1)C(=O)Nc1ccccc1
decoy_2228,0.233352,0.269554,0.440867,0.485181,0.262467,0.318004,c1ccc2c(-c3nncn3C[C@H]3CCCO3)c[nH]c2c1
decoy_2229,0.431587,0.414198,0.733679,0.702191,0.515507,0.484391,[NH2+]=C1CCN(c2ccc3c(=O)ccn(C4CC4)c3n2)C1
decoy_223,0.37635,0.380363,0.861438,0.866859,0.430125,0.424895,O=c1ccn(C2CCCC2)cc1
decoy_2230,0.177117,0.248898,0.358705,0.473724,0.234129,0.317043,O=C([C@@H]1C=c2ccccc2=N1)N1CCN2NC=C[C@H]2C1
decoy_2231,0.184171,0.209524,0.325825,0.385851,0.243783,0.289526,O=C(CSc1nccc(=O)[nH]1)Nc1nccs1
decoy_2232,0.21376,0.254995,0.398081,0.454352,0.274551,0.309576,O=C(CN[C@H]1CCS(=O)(=O)C1)Nc1ccccc1
decoy_2233,0.216575,0.241395,0.402939,0.419222,0.276214,0.295468,O=C(NCN[C@H]1CCS(=O)(=O)C1)c1ccccc1
decoy_2234,0.209671,0.242685,0.420773,0.461626,0.266284,0.310117,O=C(CSc1ncc[nH]1)N[C@H]1CCCCNC1=O
decoy_2235,0.351831,0.396423,0.661703,0.665434,0.425693,0.454523,O=C(NNC(=O)c1cccs1)NC1CC[NH2+]CC1
decoy_2236,0.187257,0.202339,0.440064,0.44403,0.269841,0.280006,O=C1CC[C@H](C/C=C/CCCO[C@H]2CCCCO2)O1
decoy_2237,0.139818,0.210148,0.333761,0.501418,0.211969,0.291681,O=C(CCc1ccccc1)NCCNc1ccccc1
decoy_2238,0.147116,0.205484,0.334647,0.438947,0.211767,0.271713,O=C(CC[NH2+]CCc1ccccc1)Nc1ccccc1
decoy_2239,0.152729,0.209589,0.349496,0.483084,0.218563,0.288548,O=C(CNCc1ccccc1)NCCc1ccccc1
decoy_224,0.246701,0.248492,0.455185,0.470393,0.31353,0.310271,c1cc(NC2CCCC2)ncn1
decoy_2240,0.142862,0.217244,0.329196,0.501172,0.210872,0.287061,O=C(NCCc1ccccc1)NCCc1ccccc1
decoy_2241,0.223564,0.28124,0.380508,0.448042,0.255557,0.325138,[H]/N=C1/S[C@H]2CS(=O)(=O)C[C@H]2N1c1ccccc1
decoy_2242,0.251807,0.327174,0.421215,0.54756,0.295463,0.35991,O=S1(=O)C[C@@H]2SC(Nc3ccccc3)=N[C@@H]2C1
decoy_2243,0.195103,0.296182,0.402271,0.583174,0.268457,0.37751,c1ccc(-c2cn(C[C@H]3C[C@H]4CC[N@@H+]3CC4)nn2)cc1
decoy_2244,0.212091,0.245654,0.452501,0.501048,0.283885,0.315336,c1ccc(C[C@H]2CC[N@H+](Cc3ncncn3)CC2)cc1
decoy_2246,0.204672,0.203451,0.420153,0.40172,0.279095,0.274067,c1ccc2c(c1)CC[N@H+](CCCNc1ccncn1)C2
decoy_2247,0.16739,0.269309,0.364547,0.550368,0.235636,0.341947,O=S(=O)(NCC[NH+]1CCCCC1)c1ccccc1
decoy_2249,0.290468,0.30791,0.518267,0.531894,0.364606,0.370241,O=c1cc(Cc2nncn2-c2ccccc2)[nH]c(=O)[nH]1
decoy_225,0.463654,0.48198,0.712979,0.789179,0.523796,0.525402,c1ccc(N2CC[NH2+]CC2)nc1
decoy_2250,0.337587,0.364366,0.5731,0.57044,0.38487,0.408449,O=C1Nc2cn[nH]c2NC=C1NC(=O)c1ccccc1
decoy_2251,0.217816,0.278444,0.449173,0.614651,0.272912,0.341381,O=C(Cc1ccc2c(c1)OCO2)NCc1ccccc1
decoy_2252,0.296232,0.357029,0.605424,0.749977,0.33629,0.412504,O=C1Cc2c(ncc3cnccc23)N1C[C@H]1CCCO1
decoy_2253,0.174122,0.197683,0.356756,0.395326,0.243595,0.272936,O=C(CCC(=O)Nc1ccccn1)Nc1ccccc1
decoy_2254,0.23145,0.2693,0.369503,0.411915,0.26337,0.30588,O=C(CSc1nccs1)c1c[nH]c(=O)[nH]c1=O
decoy_2255,0.19817,0.270965,0.376141,0.475532,0.256572,0.336917,[H]/N=C1/N=C/C(=C\CNC(=O)/C(Cc2ccccc2)=N/[H])N1
decoy_2256,0.2667,0.354231,0.401001,0.540172,0.296987,0.405952,O=S(=O)(Nc1cn[nH]c1)c1cnc2sccn12
decoy_2257,0.221794,0.254138,0.428756,0.466575,0.281141,0.306375,O=S(=O)(c1ccc2c(c1)OCCO2)N1CCCC1
decoy_2258,0.222845,0.247729,0.408696,0.44423,0.265654,0.304508,O=C1C=C(C(=O)c2cccs2)[C@@H](c2ccccc2)N1
decoy_2259,0.230234,0.309378,0.412123,0.580849,0.270861,0.354627,O=C1C=C(C(=O)c2ccccc2)[C@H](c2cccs2)N1
decoy_2260,0.202498,0.260982,0.385168,0.471282,0.247479,0.309951,N/C(=N\S(=O)(=O)c1ccccc1)N1CCOCC1
decoy_2261,0.228875,0.248863,0.391286,0.4639,0.265964,0.309854,O=c1ccnc(SNc2cccc3ccccc23)[nH]1
decoy_2262,0.232075,0.244666,0.417473,0.474954,0.278982,0.318959,O=C(CSc1ncccn1)C1=c2ccccc2=NC1
decoy_2263,0.209535,0.245804,0.38748,0.425285,0.260999,0.337219,O=C(Nc1nc(-c2cc[nH]c2)cs1)c1ccccc1
decoy_2264,0.243646,0.250427,0.4517,0.474795,0.283137,0.32043,c1ccc(Nc2cc(Nc3nccs3)ncn2)cc1
decoy_2265,0.193332,0.213488,0.402459,0.412879,0.250879,0.264109,c1ccc(CC[NH2+]CCc2ccc3c(c2)OCO3)cc1
decoy_2266,0.161394,0.266939,0.379054,0.554341,0.238168,0.359571,O=C(C[NH+]1CCCCC1)NC(=O)NC[C@H]1CCCO1
decoy_2267,0.201243,0.238258,0.43875,0.512511,0.273833,0.308384,c1ccc(NCc2ccc(N3CCOCC3)nc2)cc1
decoy_2268,0.191614,0.21928,0.396831,0.427691,0.253582,0.28468,c1ccc(NCc2cc[nH+]c(N3CCOCC3)c2)cc1
decoy_2269,0.38427,0.355242,0.719411,0.703605,0.465186,0.426094,O=C(CCCc1ccccc1)N1CCc2[nH+]c[nH]c2C1
decoy_227,0.347263,0.389246,0.612931,0.693601,0.419906,0.45379,O=C1NC=C[C@@H](c2ccco2)N1
decoy_2270,0.14584,0.154561,0.324347,0.329696,0.2165,0.253864,O=C(CCCc1ccccc1)N1CCc2[nH]ncc2C1
decoy_2271,0.196505,0.255966,0.408463,0.501912,0.280875,0.317772,O=C(C[NH+]1CCCCC1)Nc1cccc2ncccc12
decoy_2272,0.164961,0.200559,0.362002,0.399232,0.243726,0.261017,O=C(NCC[NH2+]Cc1ccccc1)Nc1ccccc1
decoy_2273,0.265034,0.290195,0.463223,0.488642,0.347028,0.361065,O=C(CSc1nccc(=O)[nH]1)N[C@@H]1CC=CS1
decoy_2274,0.175969,0.247414,0.375109,0.490745,0.243393,0.330983,c1ccc(C[NH+]2CCN(Cc3ncncn3)CC2)cc1
decoy_2275,0.299656,0.345607,0.580866,0.617383,0.380566,0.4262,c1ccc(Nc2cc(NC3CC[NH2+]CC3)ncn2)cc1
decoy_2276,0.217194,0.269016,0.434821,0.498299,0.295531,0.341686,c1ccc(Nc2nccc(NC3CC[NH2+]CC3)n2)cc1
decoy_2277,0.189539,0.242318,0.396037,0.475291,0.250913,0.293217,c1ccc(Nc2ncnc(C[NH+]3CCCCC3)n2)cc1
decoy_2278,0.192377,0.259196,0.402616,0.558768,0.24461,0.316517,O=C(c1cccs1)[C@H]1CNC=C[C@H]1c1ccccc1
decoy_2279,0.361814,0.413891,0.6827,0.753739,0.430822,0.456173,C1=[NH+][C@@H](c2ccccc2)Nc2sc3c(c21)CC[NH2+]C3
decoy_228,0.238336,0.269131,0.439535,0.449135,0.281708,0.325713,c1ccc(C2OCCCO2)cc1
decoy_2280,0.170674,0.194352,0.391206,0.41237,0.2522,0.260287,c1ccc(CC[NH2+]CCCOCc2ccccc2)cc1
decoy_2281,0.176626,0.244724,0.364769,0.528824,0.234562,0.311366,O=C(COc1ccccc1)NNC(=O)c1ccccc1
decoy_2282,0.243362,0.230031,0.436664,0.459421,0.298905,0.287648,O=c1cc(CSc2ncccn2)c2ccccc2o1
decoy_2283,0.235036,0.210682,0.407179,0.375053,0.283711,0.27882,O=C(CSc1ncncn1)c1c[nH]c2ccccc12
decoy_2284,0.279128,0.293854,0.455995,0.486557,0.314998,0.341757,c1nc2c3c4c(sc3n3cnnc3n2n1)CCCC4
decoy_2285,0.247392,0.314103,0.432701,0.537986,0.305933,0.350665,c1ccc(-n2cnnc2SCc2ncncn2)cc1
decoy_2286,0.192169,0.189508,0.352007,0.363202,0.242535,0.266955,c1ccc(-c2nc(SCc3ncncn3)n[nH]2)cc1
decoy_2287,0.202242,0.203013,0.417569,0.392963,0.272508,0.260285,O=C(C[NH2+]CCOc1ccccc1)Nc1ccccc1
decoy_2288,0.19257,0.26209,0.410733,0.553628,0.258922,0.323059,O=C(NCc1ccccc1)N[C@H]1CCCc2occc21
decoy_2289,0.339194,0.365891,0.621911,0.656599,0.418516,0.444909,c1ccc(Oc2cc(NC3CC[NH2+]CC3)ncn2)cc1
decoy_229,0.297786,0.295194,0.499585,0.516979,0.333096,0.344581,c1ccc(N2CCOCC2)nc1
decoy_2290,0.144175,0.217863,0.322406,0.464439,0.202737,0.286124,c1ccc(Nc2ccnc(NC[C@H]3CCCO3)n2)cc1
decoy_2291,0.298706,0.33157,0.575009,0.588076,0.382704,0.398592,O=c1ccnc(-c2ccc(C[NH+]3CCNCC3)cc2)[nH]1
decoy_2292,0.33426,0.325771,0.615686,0.596668,0.419594,0.411408,O=C(N[C@H]1CCC[NH2+]C1)c1cnn(-c2ccccc2)c1
decoy_2293,0.315051,0.343037,0.608612,0.597972,0.39247,0.42483,c1ccc(Nc2cc(NC3CC[NH2+]CC3)ncn2)nc1
decoy_2294,0.29293,0.298786,0.630551,0.584037,0.349249,0.347885,c1nc(Nc2cc[nH+]cc2)cc(NC2CC[NH2+]CC2)n1
decoy_2295,0.344442,0.365319,0.638611,0.636192,0.451663,0.452634,c1cc(NCc2ccnc(N3CC[NH2+]CC3)c2)ncn1
decoy_2296,0.25955,0.288411,0.486412,0.509252,0.342186,0.360034,c1ccc(N2CCCN(Cc3ncncn3)CC2)[nH+]c1
decoy_2297,0.196034,0.267757,0.3923,0.489425,0.269545,0.336562,c1ccc(Nc2ncnc(C[NH+]3CCNCC3)n2)cc1
decoy_2298,0.292519,0.338426,0.577437,0.593515,0.368439,0.413783,c1ccc(Nc2cc(NN3CC[NH2+]CC3)ncn2)cc1
decoy_2299,0.264325,0.273302,0.463903,0.455626,0.31729,0.302628,O=c1[nH]c2ccccc2cc1C[NH2+]Cc1cccs1
decoy_23,0.353999,0.332079,0.697791,0.730869,0.414579,0.406581,c1ncc2cn[nH]c2n1
decoy_230,0.425153,0.504523,0.634962,0.73011,0.465929,0.529114,c1cc(N2CC[NH2+]CC2)ncn1
decoy_2300,0.214077,0.229373,0.410426,0.42915,0.259287,0.286606,O=C1CSc2ccc(NCc3ccccc3)cc2N1
decoy_2301,0.196019,0.249251,0.38628,0.482722,0.237659,0.298387,O=C(NCCc1cccs1)c1cc2ccccc2[nH]1
decoy_2302,0.235968,0.239337,0.45218,0.454453,0.288644,0.294463,O=C(NCCc1c[nH]c2ccccc12)c1cccs1
decoy_2303,0.150749,0.241942,0.344808,0.560928,0.22226,0.371241,c1ccc(OCCC[N@@H+]2CCC[C@H]2c2ccc[nH]2)cc1
decoy_2304,0.17781,0.202654,0.392891,0.412004,0.247391,0.261699,O=C([C@@H]1CCCC[NH2+]1)N1CC=C(c2ccccc2)CC1
decoy_2305,0.224844,0.259091,0.500704,0.551619,0.295674,0.352156,c1ccc(CC[N@H+]2CC[C@H](Cn3ccnn3)CC2)cc1
decoy_2306,0.203877,0.216289,0.491258,0.473861,0.295372,0.287549,c1ccc2c(c1)[C@@H]([NH+]1CCCCC1)CC21CC[NH2+]CC1
decoy_2307,0.281573,0.293182,0.528037,0.562211,0.353398,0.368426,O=C1Cc2c(n(CCc3ccccc3)c(=O)[nH]c2=O)N1
decoy_2308,0.207725,0.260658,0.392553,0.499961,0.263972,0.324868,O=C1NC(Cn2ccccc2=O)=C[C@@H](c2ccco2)N1
decoy_2309,0.208336,0.281774,0.385703,0.491653,0.249108,0.32781,[NH2+]=C(Nc1ccc2c(c1)OCCO2)Nc1ncccn1
decoy_231,0.313371,0.346334,0.424416,0.502317,0.334472,0.376667,c1cnc(N2CC[NH2+]CC2)nc1
decoy_2310,0.243412,0.309397,0.428923,0.521817,0.304989,0.367223,O=c1cc(C[C@H]2N[NH+]=CN2c2ccccc2)[nH]c(=O)[nH]1
decoy_2311,0.205759,0.222336,0.382462,0.393637,0.256482,0.287008,O=C(CNC(=O)c1ccccc1)NNc1ccncn1
decoy_2312,0.19159,0.249106,0.358152,0.468146,0.237141,0.312934,O=C(OCc1ncc2ccsc2n1)c1ccccn1
decoy_2313,0.340103,0.348908,0.71957,0.774562,0.402749,0.430641,[NH2+]=c1ccc2c(-c3ccccc3)c3ccccc3oc-2c1
decoy_2314,0.15437,0.260093,0.329705,0.502638,0.228608,0.353807,O=c1[nH]cc([C@H](c2ccccc2)[NH+]2CCCC2)c(=O)[nH]1
decoy_2315,0.173684,0.212442,0.364876,0.422773,0.251563,0.280662,O=C(N[C@H]1CCC[NH2+]C1)c1conc1-c1ccccc1
decoy_2316,0.177892,0.215933,0.368036,0.415554,0.235953,0.273624,O=C(NCCCc1ccccc1)Nc1ccc[nH]c1=O
decoy_2317,0.224687,0.273456,0.468947,0.63091,0.289471,0.356948,c1ccc(-c2ccn3nc(-c4ccccc4)cc3n2)cc1
decoy_2318,0.322491,0.358585,0.585288,0.644728,0.393709,0.423228,c1ncc2c(C3=[NH+]CCCN3)cn([C@@H]3CCCO3)c2n1
decoy_2319,0.277171,0.358839,0.554088,0.641349,0.358451,0.421114,O=C(NCc1cn([C@H]2CC[NH2+]C2)nn1)c1ccccc1
decoy_232,0.295163,0.280851,0.423984,0.393716,0.337711,0.290455,C1=N[C@H]2C[NH+]=CN3CCC[C@]23N1
decoy_2320,0.294011,0.341863,0.585285,0.603784,0.37164,0.416305,c1ccc(Nc2cc(NN3CC[NH2+]CC3)ncn2)nc1
decoy_2321,0.221752,0.273737,0.426861,0.598926,0.274871,0.355832,c1ccc(-c2cn3nc([C@@H]4CCCO4)sc3n2)cc1
decoy_2322,0.167997,0.188111,0.304684,0.32989,0.223867,0.253227,C=C1C[C@@H](c2ccccc2)C2=C([O-])NC(=S)NC2=N1
decoy_2323,0.209275,0.215674,0.384255,0.37002,0.276435,0.262889,O=c1[nH]c(C[NH2+]Cc2ccccc2)nc2sccc12
decoy_2324,0.205306,0.261028,0.378334,0.470374,0.255664,0.309998,O=C(NNC(=S)Nc1ccccc1)c1ccccc1
decoy_2325,0.184087,0.214021,0.403436,0.432643,0.276199,0.283765,c1ccc(OCCC[NH2+]CCOc2ccccc2)cc1
decoy_2326,0.150472,0.232494,0.343964,0.485352,0.222593,0.323387,c1ccc(OCCC[NH2+]CCNc2ccccn2)cc1
decoy_2327,0.207789,0.258428,0.433055,0.503838,0.287102,0.319323,O=c1[nH]c2ccccc2cc1CNCC[NH+]1CCCC1
decoy_2328,0.234492,0.305243,0.488677,0.600421,0.291913,0.364686,O=C1Cc2ccc(N[C@H]3CC[N@@H+]4CCCC[C@H]34)cc2N1
decoy_2329,0.238623,0.269849,0.493526,0.524013,0.303123,0.330354,O=C1CCc2cc(N[C@H]3C[N@H+]4CC[C@@H]3CC4)ccc2N1
decoy_233,0.265467,0.276205,0.496478,0.543924,0.314131,0.337016,C1=CC(c2cccs2)C=CO1
decoy_2330,0.187427,0.230957,0.399703,0.4739,0.254989,0.293418,O=C(CC[NH+]1CCCCC1)Nc1c[nH]c2ccccc12
decoy_2331,0.145957,0.26027,0.334123,0.542355,0.208144,0.355358,O=C(CC[NH+]1CCCCC1)NC1=c2ccccc2=NC1
decoy_2332,0.188714,0.186215,0.372544,0.371345,0.272544,0.280156,O=C(CSc1nccc(=O)[nH]1)N[C@@H]1CCCS1
decoy_2333,0.325437,0.310774,0.697414,0.634576,0.424633,0.413416,c1cc(N2CC[NH2+]CC2)ccc1C[NH2+]Cc1cn[nH]c1
decoy_2334,0.228774,0.243268,0.434788,0.469443,0.271433,0.289405,S=c1cc(-c2ccccc2)ccn1[C@@H]1CCCCO1
decoy_2335,0.242444,0.251182,0.427008,0.429047,0.267801,0.278194,C(=N/[n+]1cscc1-c1cccs1)\c1ccccc1
decoy_2336,0.201807,0.236414,0.373141,0.415201,0.26836,0.299579,O=C1NC(=O)[C@H]2[C@H]3C=C[C@@H]([C@@H]12)[C@@H]1[C@H]2C(=O)NC(=O)[C@H]2[C@H]31
decoy_2337,0.323838,0.319935,0.539562,0.524592,0.399768,0.388483,O=c1ccnc(Sc2ccc3c(=O)[nH]cnc3c2)[nH]1
decoy_2338,0.207947,0.191139,0.373669,0.360883,0.265869,0.271037,O=C(OCc1ncncn1)c1cc2cccnc2s1
decoy_2339,0.168713,0.1858,0.371823,0.408252,0.236725,0.250001,O=c1cccc(-c2ccccc2O[C@@H]2CCCCO2)o1
decoy_234,0.448497,0.392111,0.769965,0.768716,0.499917,0.439146,c1ccc(C2=NNCS2)cc1
decoy_2340,0.167807,0.273443,0.357852,0.572109,0.229505,0.325849,O=C(CNC(=O)c1ccco1)NCCc1ccccc1
decoy_2341,0.160492,0.188401,0.337559,0.392298,0.217383,0.263292,O=C(NCCCc1cc[nH]n1)C(=O)Nc1ccccc1
decoy_2342,0.271961,0.322488,0.526728,0.574558,0.347042,0.385399,O=C(NCCCc1[nH]cc[nH+]1)C(=O)Nc1ccccc1
decoy_2343,0.219612,0.273514,0.425799,0.550656,0.265196,0.329575,c1ccc(-c2nc3ccccn3c2-c2ccncn2)cc1
decoy_2344,0.236848,0.27332,0.440588,0.564628,0.294474,0.346272,c1ccc(-c2ncnc3nn(-c4ccccc4)cc23)cc1
decoy_2345,0.185519,0.253665,0.394357,0.528287,0.245698,0.32865,C(=N/n1ccc2nc3ccccc3nc21)\c1ccccc1
decoy_2346,0.215221,0.278707,0.396768,0.502565,0.261229,0.331364,O=C(N[N-]/C=C/Sc1ccccn1)c1ccncc1
decoy_2347,0.188867,0.257602,0.345367,0.44486,0.244951,0.304541,O=C(NNC(=S)Nc1ccccc1)c1ccccn1
decoy_2348,0.156729,0.181096,0.375941,0.400151,0.229703,0.255883,C1CC[C@@H](O[C@@H]2OCC[C@@H]2O[C@@H]2CCCCO2)OC1
decoy_2349,0.181807,0.207971,0.433755,0.465664,0.255493,0.27762,O=c1cccc(/C=C/C=C/CC/C=C/[C@@H]2CCCO2)o1
decoy_235,0.369617,0.336442,0.679512,0.671145,0.420784,0.402095,c1cc(N2CCOCC2)ncn1
decoy_2350,0.166061,0.177737,0.36901,0.365277,0.241046,0.239987,c1ccc(C[NH2+]Cc2cn(C[C@H]3CCCO3)nn2)cc1
decoy_2351,0.200079,0.240876,0.41341,0.448584,0.281414,0.316681,c1cc2n(n1)C[C@@H](C[NH2+][C@H]1CCCc3occc31)CN2
decoy_2353,0.142736,0.219773,0.326716,0.447183,0.208887,0.311583,c1ccc(OCCC[NH2+]CCNc2ncccn2)cc1
decoy_2354,0.394397,0.463658,0.70983,0.755845,0.464739,0.508469,O=C1NC(CN2CC[NH2+]CC2)=C[C@@H](c2ccccc2)N1
decoy_2355,0.135915,0.193942,0.31855,0.414672,0.197204,0.265504,O=C(CC[NH2+]CCCn1ccnc1)Nc1ccccc1
decoy_2356,0.190839,0.300519,0.414295,0.564541,0.281163,0.392855,O=C(NCCC1=C2CC=CC=C2N=C1)[C@@H]1C[NH2+]CCN1
decoy_2357,0.219611,0.201317,0.475384,0.429176,0.318912,0.294468,c1cc(NCCCCCCNc2ccncn2)ncn1
decoy_2358,0.244528,0.286357,0.488011,0.589345,0.304313,0.34085,O=C(CN1CCc2ccccc2C1)Nc1cccs1
decoy_2359,0.188842,0.249509,0.385834,0.52876,0.239789,0.343939,O=C(CN[C@H]1CCc2ccccc21)Nc1cccs1
decoy_236,0.278736,0.297553,0.469991,0.542732,0.329926,0.360769,O=C(CC1CC1)Nc1cc[nH]n1
decoy_2360,0.176852,0.204718,0.405512,0.424179,0.267686,0.293054,c1cc(OCCC[NH2+]C2CCCCC2)c2cc[nH]c2c1
decoy_2361,0.176307,0.191414,0.400683,0.409605,0.236275,0.267345,C(\NCC1(c2ccccc2)CCC1)=[NH+]/C[C@H]1CCCO1
decoy_2362,0.179962,0.211437,0.413996,0.465982,0.248751,0.282159,O=C(CC[NH2+]CCC1=CCCCC1)Nc1ccccc1
decoy_2363,0.149858,0.181044,0.371848,0.420253,0.219249,0.250503,O=C(Nc1ccc(N2CCCCC2)cc1)C1CCCC1
decoy_2364,0.160948,0.251501,0.372207,0.541372,0.242684,0.336492,C1=C(C[N@H+]2CC[C@H](Cn3ccnn3)CC2)[C@H]2C[C@@H](C1)C2
decoy_2365,0.202716,0.2123,0.437361,0.447425,0.271716,0.282166,c1ccc([C@H]2[NH2+]CC[C@@H]2C[NH2+]Cc2cccs2)cc1
decoy_2366,0.164157,0.236557,0.400668,0.55225,0.237477,0.328577,c1ccc(CNCC2([NH+]3CCCCC3)CCCC2)cc1
decoy_2368,0.169288,0.183927,0.443576,0.439718,0.252927,0.242039,c1cc(C[NH+]2CCCCC2)ccc1C[NH+]1CCCCC1
decoy_2369,0.165736,0.214922,0.349295,0.441146,0.25095,0.307794,O=C(CCC(=O)Nc1ccon1)NCc1ccccc1
decoy_237,0.420671,0.374507,0.753975,0.769967,0.45303,0.429627,O=C1CSc2ccccc2N1
decoy_2370,0.155135,0.210425,0.33664,0.465785,0.212373,0.282199,O=C(Nc1ccc(N2CCOCC2)cc1)c1cocn1
decoy_2371,0.235557,0.288446,0.422282,0.514299,0.298312,0.355001,O=c1cc(C[C@H]2NNCN2c2ccccc2)[nH]c(=O)[nH]1
decoy_2372,0.302166,0.334747,0.52957,0.572286,0.349197,0.376567,O=C1CCc2cc(Sc3nccc(=O)[nH]3)ccc2N1
decoy_2373,0.329113,0.406191,0.55784,0.681191,0.366784,0.457438,O=S(=O)(Nc1cccc2[nH]ncc12)c1ccccc1
decoy_2374,0.25001,0.265951,0.392188,0.43186,0.289658,0.308452,O=C(CSc1nnn[n-]1)N1CC=Cc2ccccc21
decoy_2375,0.153121,0.189822,0.275105,0.31369,0.212652,0.244616,[S-]c1ncnc2c1c1cncnc1n2[C@@H]1CCCO1
decoy_2376,0.229256,0.26701,0.464812,0.58188,0.280054,0.350439,C1=C[C@H](c2ccccc2)c2oncc2[C@H]1c1ccccc1
decoy_2377,0.181075,0.235987,0.42054,0.592721,0.237838,0.312071,c1ccc(-n2ncc(CCO[C@@H]3CCCCO3)n2)cc1
decoy_2378,0.283831,0.280471,0.550569,0.54288,0.341579,0.334752,c1cc(N2CCOCC2)ncc1C[NH2+]Cc1cn[nH]c1
decoy_2379,0.176811,0.306075,0.384911,0.634325,0.239152,0.37781,c1nc(NC2CCCC2)c2ncn([C@@H]3CCCO3)c2n1
decoy_238,0.221636,0.317233,0.369441,0.725021,0.271804,0.35396,c1coc(C[NH+]2CCCCC2)c1
decoy_2380,0.212123,0.296733,0.446565,0.626748,0.274712,0.354349,c1ncc2nc(N3CCCCC3)n([C@@H]3CCCO3)c2n1
decoy_2381,0.227281,0.313824,0.491657,0.667013,0.28803,0.379812,c1nc(N2CCCCC2)c2ncn([C@@H]3CCCO3)c2n1
decoy_2382,0.178366,0.252199,0.349107,0.493192,0.234556,0.311078,O=C(OCc1ccsc1)[C@@H]1Cc2ccccc2C[NH2+]1
decoy_2383,0.196846,0.268531,0.398993,0.599118,0.242902,0.31574,O=S(=O)(c1ccccc1)N1CCc2ccccc2C1
decoy_2384,0.374187,0.446441,0.652193,0.735097,0.44985,0.504105,O=C(CNc1cccc2c1C[NH2+]C2)Nc1cccs1
decoy_2385,0.398862,0.397752,0.674971,0.675398,0.451001,0.455518,O=C(Nc1ccccc1)Nc1cc2c(s1)C[NH2+]CC2
decoy_2388,0.197776,0.278103,0.384627,0.629867,0.246618,0.354579,c1ccc(-c2nc(SCc3ccsc3)n[nH]2)cc1
decoy_2389,0.204156,0.206152,0.371124,0.415991,0.257368,0.290524,c1ccc(CSc2nc(-c3cccs3)n[nH]2)cc1
decoy_239,0.276594,0.323272,0.419801,0.76861,0.273335,0.350359,S=C1CC2=C(C=N1)CCCC2
decoy_2390,0.225939,0.225641,0.456316,0.426662,0.297662,0.303456,O=C(CS[C@@H]1NNCS1)NCCc1ccn[nH]1
decoy_2391,0.221179,0.243144,0.443094,0.572074,0.284645,0.299809,O=C(OC1CCOCC1)c1cc2ccccc2oc1=O
decoy_2392,0.20042,0.23833,0.380336,0.417444,0.245161,0.301267,O=C1NC(=O)[C@H]2C[NH2+][C@@H](c3ccc4c(c3)OCCO4)[C@@H]12
decoy_2393,0.171412,0.195292,0.332977,0.367423,0.233819,0.275953,O=C(CCNc1ccccc1)Nc1c[nH]c(=O)[nH]c1=O
decoy_2394,0.269621,0.321672,0.518636,0.575548,0.336313,0.392883,O=C(CNCc1ccccc1)Nc1c[nH]c(=O)[nH]c1=O
decoy_2395,0.185773,0.279367,0.363865,0.50265,0.264644,0.372696,O=C(CNCC(=O)Nc1ccon1)Nc1ccccc1
decoy_2396,0.199452,0.299496,0.405981,0.547951,0.271899,0.372303,O=C(Nc1ccc2[nH]c(=O)c(=O)[nH]c2c1)[C@@H]1CCC[NH2+]1
decoy_2397,0.206346,0.283654,0.336699,0.464432,0.244695,0.337924,O=C1Nc2ccccc2O/C1=C(/[O-])Nc1cccs1
decoy_2398,0.229804,0.286027,0.360827,0.449456,0.265333,0.344066,O=C1Nc2ccccc2C/C1=C(/[O-])Nc1nncs1
decoy_2399,0.161032,0.231719,0.364602,0.545515,0.223562,0.308794,C1=C[C@H](c2ccccc2)c2c(-c3ccccc3)n[nH]c2O1
decoy_24,0.264521,0.258072,0.499517,0.519211,0.309141,0.334578,c1ccc2c(c1)CCO2
decoy_240,0.384941,0.443651,0.616278,0.705279,0.414199,0.4747,O=c1[nH]c2c(c(=O)[nH]1)CNC=N2
decoy_2400,0.185603,0.278946,0.436605,0.797044,0.255979,0.337697,C1=C[C@H](c2ccccc2)c2cnn(-c3ccccc3)c2O1
decoy_2401,0.216779,0.328191,0.439842,0.594073,0.296058,0.399324,O=C(C[NH+]1CCCCC1)Nc1ccc2[nH]c(=O)[nH]c2c1
decoy_2402,0.150082,0.205396,0.326138,0.402858,0.21682,0.283165,O=C(Nc1ccccc1)N[C@H]1C[C@H]2C(=O)NCC[N@H+]2C1
decoy_2403,0.347272,0.405337,0.630285,0.702182,0.443389,0.48592,c1ncc2nc(N3CC[NH2+]CC3)n([C@@H]3CCCO3)c2n1
decoy_2404,0.205406,0.300437,0.439902,0.669057,0.274362,0.356723,O=C1C=C(S[C@H]2CCCCO2)C(=O)c2ccccc21
decoy_2405,0.214014,0.283134,0.421775,0.563279,0.268154,0.338985,O=C(Cc1ccccc1)N[C@H]1C(=O)N2C=CCS[C@@H]12
decoy_2406,0.156785,0.213559,0.326532,0.437976,0.212828,0.277637,O=C(CCc1ccccc1)NNC(=O)c1cccs1
decoy_2407,0.193858,0.266174,0.379889,0.52613,0.248637,0.315172,O=C(CNC(=O)c1cccs1)NCc1ccccc1
decoy_2408,0.202033,0.252035,0.39811,0.495732,0.259306,0.30505,O=C(NCCc1ccccc1)C(=O)Nc1cccs1
decoy_2409,0.185257,0.25831,0.375835,0.530968,0.248348,0.344156,O=C(NCCc1cccs1)C(=O)Nc1ccccc1
decoy_241,0.306263,0.307045,0.46692,0.466149,0.343077,0.344892,O=c1ncccn1[C@@H]1CCCO1
decoy_2410,0.173739,0.204054,0.353008,0.440421,0.230114,0.280133,O=C(NCCc1ccsc1)C(=O)Nc1ccccc1
decoy_2411,0.163888,0.189286,0.346324,0.388055,0.210207,0.26757,O=C(NCO/N=C/Cc1ccccc1)c1cccs1
decoy_2412,0.205951,0.276323,0.392506,0.505184,0.271579,0.340398,c1ccc([C@H]2NO[C@@H](CSc3ncccn3)N2)cc1
decoy_2413,0.203239,0.261028,0.408074,0.487829,0.268075,0.330266,O=C(CSCc1ncncn1)NCc1ccccc1
decoy_2414,0.17601,0.244859,0.351269,0.513141,0.23289,0.319605,O=C(c1ccccc1)N1CCN(c2nncs2)CC1
decoy_2415,0.171116,0.219334,0.349194,0.425302,0.240245,0.279348,O=C(N[C@@H]1CNCS1)[C@H]1C=C(c2ccccc2)N=N1
decoy_2416,0.165059,0.18837,0.372736,0.388024,0.230764,0.254456,O=C(COc1ccccc1)N1CCC2(CC[NH2+]CC2)C1
decoy_2417,0.210186,0.254419,0.37964,0.440993,0.259797,0.308874,O=C(CN[C@H]1CCS(=O)(=O)C1)Nc1cccs1
decoy_2418,0.233018,0.241655,0.420619,0.416901,0.268534,0.289373,O=c1[nH]c(CSc2ccccc2)nc2sccc12
decoy_2419,0.212093,0.266338,0.480191,0.549988,0.283068,0.339614,O=C(NCc1ccncc1)[C@H]1C[NH2+]CC12CC[NH2+]CC2
decoy_242,0.345954,0.28347,0.632816,0.586087,0.450235,0.393062,c1csc(-c2cccs2)c1
decoy_2420,0.190108,0.172962,0.348307,0.319379,0.252656,0.246748,c1cc(-c2ccc(CSc3ncn[nH]3)cc2)sn1
decoy_2421,0.187019,0.222195,0.398679,0.463662,0.245836,0.309533,O=C(NCC1CCCC1)c1c[nH]cc1-c1cccs1
decoy_2422,0.163395,0.23768,0.358683,0.527983,0.212547,0.301383,O=C(NCCc1ccccc1)NCCc1cccs1
decoy_2423,0.178715,0.263396,0.380716,0.576605,0.247351,0.335796,O=C(NCCc1ccccc1)NCCc1ccsc1
decoy_2424,0.243074,0.267407,0.461576,0.472591,0.31961,0.324843,c1nc(N2CC[NH+](CC3CC3)CC2)c2ccsc2n1
decoy_2425,0.21502,0.332867,0.427785,0.699207,0.248703,0.376569,S=c1[nH]c(-c2ccccc2)nn1CN1CCCCC1
decoy_2426,0.294615,0.369269,0.507179,0.623147,0.340848,0.41277,O=S(=O)(Oc1cccc2cccnc12)c1cn[nH]c1
decoy_2427,0.230105,0.298658,0.461562,0.629275,0.288567,0.335112,O=C1N=c2ccccc2=C2OC=C[C@@H](c3ccccc3)[C@H]12
decoy_2428,0.19359,0.292051,0.398999,0.580894,0.247318,0.348822,O=C(CNCC1OCCO1)NC1=c2ccccc2=NC1
decoy_2429,0.366739,0.412138,0.67511,0.700533,0.444637,0.479506,O=C1Nc2ccccc2O[C@H]1C(=O)NC1CC[NH2+]CC1
decoy_243,0.307579,0.309427,0.483192,0.493869,0.35776,0.366195,O=c1nccnn1[C@@H]1CCCO1
decoy_2430,0.155155,0.182155,0.341639,0.392098,0.215063,0.258078,C1=C[C@H](c2ccccc2)c2c(-c3ccncc3)n[nH]c2O1
decoy_2431,0.180624,0.208318,0.37078,0.420242,0.229395,0.27906,C1=C[C@@H](c2ccccc2)[C@@H]2C(=NN=C2c2ccncc2)O1
decoy_2432,0.208336,0.270462,0.428567,0.552042,0.259225,0.316054,O=C1CN(c2ccccc2)C=C1C1N=c2ccccc2=N1
decoy_2433,0.20567,0.239905,0.394269,0.444708,0.262707,0.300605,O=C1N[C@H](c2ccccc2)[C@@H]2C1=NN=C2c1ccccc1
decoy_2434,0.194434,0.216082,0.370328,0.402266,0.246707,0.286926,O=C1N[C@H](c2ccccc2)c2c1n[nH]c2-c1ccccc1
decoy_2435,0.140576,0.144051,0.284221,0.291913,0.21207,0.223894,O=C1CCCc2nc3ncncc3c(-c3ccccc3)c21
decoy_2436,0.216689,0.249719,0.438927,0.507406,0.285413,0.313509,O=c1[nH]cnc2c1nc(N1CCCC1)n2[C@@H]1CCCO1
decoy_2437,0.156475,0.210143,0.33169,0.486343,0.22374,0.287661,O=C(COC(=O)Cc1ccccc1)Nc1cccs1
decoy_2438,0.171901,0.222095,0.334543,0.422779,0.227058,0.273086,O=C(NCc1ccccc1)NNC(=O)c1cccs1
decoy_2439,0.175251,0.249982,0.339861,0.473488,0.22372,0.322664,O=C(NCNC(=S)Nc1ccccc1)c1ccco1
decoy_244,0.284578,0.369787,0.441487,0.646171,0.302148,0.419527,O=S1(=O)N=Cc2ccccc21
decoy_2440,0.181465,0.1725,0.353466,0.342889,0.246898,0.249902,O=C(NCCSc1ncncn1)Nc1ccccc1
decoy_2441,0.153278,0.224422,0.297243,0.408156,0.220454,0.315734,O=C(NNC(=S)NCc1ccccc1)c1cc[nH]n1
decoy_2442,0.165978,0.173966,0.389887,0.387841,0.225719,0.253603,O=C(CCc1ccccc1)OCC(=O)N1CCCCC1
decoy_2443,0.140892,0.267635,0.340484,0.636203,0.208831,0.344948,O=C(CCNC(=O)c1ccccc1)OC1CCCCC1
decoy_2444,0.218488,0.339003,0.383928,0.570805,0.262861,0.384395,O=S1(=O)CC[C@H](NS(=O)(=O)c2ccccc2)C1
decoy_2445,0.142647,0.195926,0.32952,0.414389,0.209776,0.260942,O=C(CCN/C=[NH+]/C[C@H]1CCCO1)Nc1ccccc1
decoy_2446,0.117373,0.185543,0.283952,0.400856,0.17539,0.259765,O=C(NCCC(=O)N1CCC[NH2+]CC1)c1ccccc1
decoy_2447,0.128973,0.202837,0.301066,0.424669,0.195008,0.282762,O=C(CNCc1ccccc1)NC(=O)NC1CCCC1
decoy_2448,0.172526,0.225036,0.389319,0.466171,0.250464,0.292362,O=C(C[NH+]1CCCCC1)NCC(=O)Nc1ccccc1
decoy_2449,0.165571,0.233317,0.367376,0.479067,0.230803,0.294545,O=C(CNC(=O)NCc1ccccc1)NC1CCCC1
decoy_245,0.206126,0.246015,0.385816,0.478193,0.272007,0.304992,O=C1CC2(CCCCC2)C(=O)N1
decoy_2450,0.117083,0.225372,0.282189,0.471316,0.177743,0.313626,O=C(NCCC[NH+]1CCCC1)C(=O)Nc1ccccc1
decoy_2451,0.171377,0.256337,0.379311,0.516078,0.240649,0.32906,O=C(NCC[NH+]1CCCCC1)C(=O)Nc1ccccc1
decoy_2452,0.151879,0.221224,0.347762,0.468556,0.219114,0.292796,O=C(NCCNC(=O)C1CC1)NCCc1ccccc1
decoy_2453,0.223972,0.237902,0.439431,0.480093,0.284567,0.315445,O=C(OCc1ccsc1)c1cc2cccnc2s1
decoy_2454,0.144912,0.238743,0.317937,0.549231,0.206371,0.322485,C(=[NH+]/CCc1ccccc1)\c1cnn(-c2ccccc2)c1
decoy_2455,0.185481,0.210058,0.384027,0.399993,0.258332,0.260704,c1ccc(C[NH2+]Cc2cccc(-c3cnccn3)c2)cc1
decoy_2456,0.219881,0.28342,0.408623,0.530323,0.26759,0.374535,O=C(Nc1nc(-c2cccs2)cs1)c1ccc[nH]1
decoy_2457,0.238143,0.253384,0.487367,0.480774,0.329849,0.33259,O=C(NNc1ccccn1)N[C@H]1CC[N@H+](C2CC2)CC1
decoy_2458,0.177022,0.242023,0.374116,0.517589,0.240088,0.298158,O=S(=O)(NCCCc1ccccc1)c1ccccc1
decoy_2459,0.159639,0.223659,0.326145,0.459878,0.2184,0.300438,c1cc2c3c(c(N4CCOCC4)nc2s1)C[NH2+]CC3
decoy_246,0.396702,0.383569,0.859875,0.889387,0.450592,0.440874,c1ccc2c(c1)ccc1[nH]ccc12
decoy_2460,0.243853,0.310512,0.518384,0.648641,0.302482,0.36582,O=C(Nc1nc(-c2cc[nH]c2)cs1)C1CCCCC1
decoy_2461,0.222892,0.286431,0.440789,0.539635,0.286883,0.340466,c1csc(CN2CC[NH+](Cc3ncncn3)CC2)c1
decoy_2462,0.184449,0.254837,0.372594,0.47054,0.248269,0.32442,c1ccc2c(c1)NC[C@@H]2C[NH2+]CCSc1nc[nH]n1
decoy_2463,0.162632,0.251301,0.382169,0.593835,0.244698,0.338112,O=C1O[C@H]2/C=C\CC/C=C\CC[C@H]2[C@@H]1C[NH+]1CCCC1
decoy_2464,0.181199,0.250458,0.454416,0.641142,0.255327,0.326979,O=C(C[C@H]1CCC[C@H]2CCCC[C@@H]21)NCc1ccco1
decoy_2465,0.14275,0.197355,0.347435,0.444496,0.21342,0.273707,O=C(CCNc1ccccc1)NCC[NH+]1CCCCC1
decoy_2466,0.110068,0.190411,0.279156,0.429196,0.170438,0.277098,O=C(NCCCC[NH+]1CCCCC1)Nc1ccccc1
decoy_2467,0.122516,0.195547,0.307349,0.43939,0.190193,0.293596,O=C(NCCC[NH+]1CCCCC1)NCc1ccccc1
decoy_2468,0.101618,0.1798,0.261728,0.409034,0.160695,0.275082,O=C(NCCC[NH+]1CCCCCC1)Nc1ccccc1
decoy_2469,0.131849,0.1962,0.326604,0.442714,0.198634,0.268844,O=C(NCCc1ccccc1)NCC[NH+]1CCCCC1
decoy_247,0.324548,0.306803,0.495302,0.550161,0.353317,0.361872,c1ccc2c(c1)[nH]c1ccccc12
decoy_2470,0.217516,0.313335,0.442957,0.608765,0.306874,0.371374,S=C(NC[C@H]1C[C@H]2CC[N@@H+]1CC2)Nc1ccccc1
decoy_2471,0.222822,0.274083,0.471989,0.761355,0.28323,0.335647,O=c1oc2ccccc2c2c1[C@H](c1ccccc1)C=CO2
decoy_2472,0.152686,0.175845,0.321997,0.360586,0.213232,0.241774,O=C1N=C/C(=C/c2ccccc2)C(=O)N1c1ccccc1
decoy_2473,0.280351,0.328104,0.542811,0.60038,0.377338,0.428019,O=C1CN(CC2=C[C@@H](c3ccco3)NC(=O)N2)CCN1
decoy_2474,0.234087,0.337762,0.451662,0.591294,0.302742,0.403954,O=C(C[NH+]1CCCCC1)Nc1occ2cn[nH]c(=O)c12
decoy_2475,0.165204,0.27527,0.338899,0.50385,0.223157,0.341222,O=C(NCc1ccccc1)NNC(=O)C(=O)NC1CC1
decoy_2476,0.217149,0.280105,0.410224,0.515154,0.27798,0.335947,O=C(N/N=C/c1cnc2ccccc2n1)c1ccccc1
decoy_2477,0.178072,0.276034,0.355429,0.574246,0.236908,0.344646,O=C(COc1ccccc1)NNC(=O)c1cccs1
decoy_2478,0.233667,0.336308,0.424879,0.634318,0.280256,0.391277,O=C(COc1ccccc1)NNC(=O)c1ccsc1
decoy_2479,0.233117,0.345174,0.457079,0.581635,0.299181,0.415649,O=C(NCC1N=c2ccccc2=N1)N[C@H]1NC=NS1
decoy_248,0.276987,0.364437,0.424888,0.567814,0.316685,0.380616,c1noc(C[NH+]2CCCCC2)n1
decoy_2480,0.180384,0.209944,0.420189,0.481919,0.249578,0.291324,O=C(/C=C/c1ccccc1)OCCO[C@@H]1CCCCO1
decoy_2481,0.26925,0.299472,0.553184,0.660981,0.330824,0.357803,C=C1c2ccccc2C(=O)C2=C[C@@H]3C(=O)C=CC[C@H]3C[C@@H]12
decoy_2482,0.253682,0.250689,0.61802,0.633195,0.335661,0.341639,C=C1c2ccccc2C(=O)C2=C[C@@H]3C=CC(=O)C[C@@H]3C[C@@H]12
decoy_2483,0.28919,0.32687,0.692984,0.822602,0.374784,0.414065,C=C1c2ccccc2C=C2C(=O)[C@@H]3C=CC(=O)C[C@H]3C[C@@H]12
decoy_2484,0.192122,0.221314,0.428038,0.466842,0.257628,0.289019,O=C1C=C[C@H]2[C@@H](c3ccccc3)C[C@@H]1N2c1ccccn1
decoy_2485,0.214847,0.263017,0.428953,0.529948,0.270332,0.313402,O=C1C=C[C@H]2c3[nH]nc4c3[C@@H](Cc3ccccc3-4)C[C@H]2C1
decoy_2486,0.237299,0.280794,0.470217,0.560147,0.290917,0.336187,O=C(Nc1ccccc1)C1=CNC=C[C@H]1c1ccccc1
decoy_2487,0.124323,0.161092,0.290738,0.340199,0.181818,0.248,O=C(Cc1ccccc1)NNC(=O)NC1CC[NH2+]CC1
decoy_2488,0.342084,0.380691,0.683883,0.681703,0.432043,0.460212,O=C(CNC(=O)NC1CC[NH2+]CC1)Nc1ccccc1
decoy_2489,0.329798,0.365616,0.672088,0.666727,0.416822,0.446413,O=C(CNC(=O)NC[C@H]1CC[NH2+]C1)Nc1ccccc1
decoy_249,0.290808,0.267647,0.547397,0.552291,0.317709,0.317565,c1csc(-c2cscn2)c1
decoy_2490,0.262381,0.325707,0.547813,0.591789,0.353942,0.40299,O=C(NCCN1CC[NH2+]CC1)C(=O)Nc1ccccc1
decoy_2491,0.223079,0.275166,0.452803,0.579332,0.286752,0.337846,c1ccc([C@@H]2C[C@@H](c3ccccc3)n3ncnc3N2)cc1
decoy_2492,0.173212,0.274615,0.375303,0.604421,0.231357,0.355089,c1ccc(CNc2cc(Nc3ccccc3)ncn2)cc1
decoy_2493,0.211814,0.22038,0.405235,0.407892,0.272799,0.280976,c1cc2c3c(c(N4CCOCC4)[nH+]c2s1)COCC3
decoy_2494,0.159867,0.210626,0.337334,0.451356,0.234643,0.289626,O=C(CNCCOc1ccccc1)Nc1cccs1
decoy_2495,0.21917,0.282122,0.405412,0.507194,0.269125,0.333976,c1nc(N2CC[NH2+]CC2)c2c3c(sc2n1)COCC3
decoy_2496,0.223692,0.302578,0.422917,0.52744,0.280685,0.378907,O=C(C[NH+]1CCCC1)[N-]c1nc(-c2cc[nH]c2)cs1
decoy_2497,0.3187,0.374044,0.596799,0.620131,0.395258,0.444298,c1nc(Nc2nccs2)cc(NC2CC[NH2+]CC2)n1
decoy_2498,0.151964,0.181564,0.370801,0.408751,0.227495,0.254647,c1ccc(N[C@@H]2CCCCO2)c(N[C@H]2CCCCO2)c1
decoy_2499,0.152604,0.245131,0.372134,0.619072,0.219426,0.341073,c1cc(N[C@H]2CCCCO2)cc(N[C@@H]2CCCCO2)c1
decoy_25,0.227972,0.264593,0.386112,0.480014,0.258321,0.31149,O=S1(=O)CCCC1
decoy_250,0.276604,0.337812,0.422324,0.475147,0.314936,0.364063,c1csc(C[NH+]2CCCC2)c1
decoy_2500,0.141847,0.216412,0.354579,0.573061,0.220367,0.297025,c1cc(N[C@@H]2CCCCO2)ccc1N[C@H]1CCCCO1
decoy_2501,0.193323,0.237273,0.431163,0.481805,0.248555,0.295722,c1cc(CN2CCOCC2)cc(C[NH+]2CCOCC2)c1
decoy_2502,0.20433,0.263867,0.425357,0.550392,0.257865,0.342117,c1ccc(NCC[NH2+]Cc2cccc3ccccc23)cc1
decoy_2503,0.29915,0.304644,0.58851,0.598101,0.401713,0.383774,c1nc(NC2CC[NH2+]CC2)cc(OC2CCCCC2)n1
decoy_2505,0.218357,0.288316,0.367389,0.511387,0.268917,0.319937,O=C(Cc1ccccc1)[N-]C(=S)Nc1cccs1
decoy_2506,0.282413,0.332631,0.58893,0.630145,0.379201,0.416311,O=C(NCc1n[nH]c2c1CCCCC2)[C@H]1CCC[NH2+]C1
decoy_2507,0.341631,0.419246,0.682159,0.745801,0.437068,0.495001,O=C(NCCCCN1CC[NH2+]CC1)Nc1ccccc1
decoy_2508,0.126402,0.193132,0.312892,0.424906,0.200087,0.279514,O=C(NCCC[NH+]1CCCCC1)NCc1cccnc1
decoy_2509,0.234555,0.288944,0.57528,0.613826,0.320084,0.375618,c1nc(NC2CC[NH2+]CC2)cc(NC2CC[NH2+]CC2)n1
decoy_251,0.277914,0.320584,0.504652,0.547622,0.34952,0.377323,C1CCC(C[NH+]2CCCC2)CC1
decoy_2511,0.20529,0.269016,0.386691,0.533556,0.250559,0.328379,O=C1N[C@H](c2ccccc2)c2c1oc1ccccc1c2=O
decoy_2512,0.113807,0.194813,0.237534,0.390681,0.166665,0.281882,O=C(COC(=O)/C=C/c1cn[nH]c1)Nc1cccs1
decoy_2513,0.291225,0.287189,0.525311,0.512028,0.354833,0.356373,O=C(CSc1ccccc1)Nc1c[nH]c(=O)[nH]c1=O
decoy_2514,0.213056,0.240643,0.425036,0.477013,0.249286,0.310722,O=C(CCc1ccccc1)c1cc2ccccc2[nH]c1=O
decoy_2515,0.223013,0.319193,0.464431,0.708043,0.282735,0.394664,O=C(CCc1ccccc1)c1c[nH]c2ccccc2c1=O
decoy_2516,0.249829,0.23329,0.480714,0.435438,0.318838,0.292196,O=C(CCc1ccccc1)/[NH+]=c1/ccc2cccoc-2c1
decoy_2517,0.233575,0.29603,0.504714,0.611113,0.30399,0.374858,O=C(CN1CCCCC1)c1cn(C2CC2)c(=O)[nH]c1=O
decoy_2518,0.16452,0.244362,0.351962,0.482289,0.233007,0.314112,O=C(CNc1ccccc1)NC(=O)NC[C@H]1CCCO1
decoy_2519,0.164537,0.197679,0.363897,0.441481,0.236023,0.276349,O=C(NCCC(=O)N1CCOCC1)Nc1ccccc1
decoy_252,0.243592,0.324673,0.48434,0.8411,0.324741,0.414498,C1CCC([NH+]2CCCCC2)CC1
decoy_2520,0.152838,0.181009,0.34148,0.401314,0.209071,0.258161,O=C(NCCN1CCOCC1)C(=O)Nc1ccccc1
decoy_2521,0.170461,0.224037,0.368481,0.469488,0.227993,0.295601,O=C(NCCNC(=O)N1CCOCC1)c1ccccc1
decoy_2522,0.187896,0.262281,0.385444,0.523638,0.243702,0.331787,C1=C[C@@H]2N=CC=C2C=C1[C@H]1NC(Cc2ccccc2)=NO1
decoy_2523,0.211946,0.258359,0.427558,0.510698,0.265596,0.31642,OC1=C2C(=CCC1)Nc1ncncc1[C@@H]2c1ccccc1
decoy_2524,0.223483,0.275332,0.439468,0.539382,0.272215,0.331951,O=C(NCc1ccccc1)c1c[nH]nc1-c1ccccc1
decoy_2525,0.340076,0.340257,0.685245,0.628648,0.427964,0.413481,O=C(NCCN1CC[NH2+]CC1)C(=O)Nc1cccnc1
decoy_2526,0.234339,0.267843,0.454037,0.510118,0.277901,0.348642,c1ccc(N2NN=N[C@H]2Cc2cc3ccccc3[nH]2)cc1
decoy_2527,0.233441,0.241339,0.384935,0.410551,0.272809,0.296559,O=c1[nH]c(SCc2ncncn2)nc2sccc12
decoy_2528,0.23187,0.260886,0.4296,0.499514,0.281656,0.310155,O=S1(=O)CC[C@H](n2ncc3ccc(C4CC4)nc32)C1
decoy_2529,0.179253,0.250205,0.352678,0.450055,0.24727,0.329683,O=C(C[NH2+]CCNc1ccccc1)[N-]c1nncs1
decoy_253,0.301392,0.316066,0.412383,0.481546,0.296795,0.361485,O=[P@H]1COCc2ccccc21
decoy_2530,0.353513,0.352761,0.644234,0.604576,0.403651,0.415888,O=C(NCCCc1ccn[nH]1)c1cc2c(s1)NNC2
decoy_2531,0.295905,0.39723,0.581727,0.666472,0.383234,0.474522,c1nc(Nc2nccs2)cc(NN2CC[NH2+]CC2)n1
decoy_2532,0.186799,0.231933,0.446017,0.543706,0.271825,0.32831,c1ccc(N[C@@H]2CC[C@@H](O[C@H]3CCCCO3)CO2)cc1
decoy_2533,0.362511,0.391948,0.687943,0.726313,0.451424,0.470869,O=C(NCCCOc1ccccc1)NC1CC[NH2+]CC1
decoy_2534,0.180704,0.204061,0.383849,0.400277,0.252009,0.267417,C1=c2ccccc2=N[C@H]1C[NH2+]C[C@H]1CNc2ccccc21
decoy_2535,0.167639,0.197077,0.368101,0.398454,0.237069,0.263585,c1ccc(C[NH2+]Cc2ccc(Cn3cccn3)cc2)cc1
decoy_2536,0.373288,0.347597,0.711396,0.643465,0.453975,0.432935,c1nc(NC[C@H]2CCCO2)cc(NC2CC[NH2+]CC2)n1
decoy_2537,0.257681,0.274997,0.451338,0.511719,0.314652,0.34426,O=C(CS[C@@H]1NN=CS1)C1=c2ccccc2=NC1
decoy_2538,0.160007,0.187147,0.374767,0.398354,0.231771,0.250453,O=C(NCCCN1CC[NH2+]CC1)c1cc(C2CC2)[nH]n1
decoy_2539,0.233754,0.289835,0.576562,0.619107,0.31719,0.373137,c1nc(NC2CC[NH2+]CC2)cc(NN2CC[NH2+]CC2)n1
decoy_254,0.363003,0.329472,0.636577,0.644302,0.435169,0.405273,O=c1[nH]c(=O)c2ccsc2[nH]1
decoy_2540,0.255818,0.300666,0.482019,0.581605,0.322737,0.379845,c1ccc(-n2ncc3c(Nc4ccon4)ncnc32)cc1
decoy_2541,0.20626,0.241445,0.438308,0.503978,0.271447,0.318594,C1=C(c2ccc3c(c2)OCCO3)[C@@H](c2ccccc2)N=N1
decoy_2542,0.219317,0.245528,0.427285,0.481677,0.271096,0.294096,[H]/N=C(/C[C@@H]1C(=O)Nc2ccccc21)C(=O)c1ccccc1
decoy_2543,0.169776,0.231702,0.346544,0.464061,0.229096,0.302523,O=c1[nH]cccc1C(c1ccccc1)c1ccc[nH]c1=O
decoy_2544,0.245745,0.257913,0.456642,0.459603,0.316493,0.323182,O=c1ccoc([C@@H](Nc2cccc[nH+]2)c2ccccc2)c1
decoy_2545,0.200064,0.260225,0.395128,0.542339,0.258414,0.323329,O=C(NC(c1ccccc1)c1ccccc1)c1cocn1
decoy_2546,0.236759,0.274487,0.486742,0.509582,0.304475,0.334901,O=C(C[N@@H+](CC1CC1)C1CC1)Nc1c[nH]c(=O)[nH]c1=O
decoy_2547,0.195453,0.234056,0.387626,0.432688,0.250732,0.301515,O=C(Nc1ccccc1)Nc1cnn(-c2ccccc2)c1
decoy_2548,0.226168,0.213601,0.445803,0.420209,0.280704,0.279257,O=C(NCc1cccnc1)c1ccc(-n2cccn2)cc1
decoy_2549,0.228185,0.332788,0.431706,0.59283,0.280972,0.378277,[H]/N=C1/NN(c2ccccc2)C(=N/[H])/C1=N\Nc1ccccc1
decoy_255,0.220161,0.273504,0.389894,0.573288,0.264192,0.328842,O=C1CCC[C@@H]2CCOC(=O)[C@H]12
decoy_2550,0.326331,0.348155,0.576378,0.580365,0.392058,0.408446,O=C(CNC(=O)c1cccs1)NCCn1cc[nH+]c1
decoy_2551,0.182907,0.277592,0.355355,0.507544,0.240436,0.333432,O=S(=O)(NCCNc1ncccn1)c1ccccc1
decoy_2552,0.225585,0.251982,0.409193,0.523782,0.286986,0.315784,c1ccc(-n2cc3c(-c4cccs4)ncnc3n2)cc1
decoy_2553,0.170285,0.219055,0.396638,0.503421,0.23164,0.301799,c1ccc(O[C@H]2OCCC[C@H]2O[C@H]2CCCCO2)cc1
decoy_2554,0.147326,0.157645,0.36027,0.39449,0.219776,0.253943,c1ccc(O[C@@H]2CC[C@@H](O[C@H]3CCCCO3)CO2)cc1
decoy_2555,0.185233,0.214129,0.434702,0.48381,0.260359,0.290143,c1ccc(O[C@@H]2C[C@@H](O[C@H]3CCCCO3)CCO2)cc1
decoy_2556,0.170323,0.198237,0.415088,0.447218,0.253473,0.273687,c1ccc(O[C@@H]2CCC[C@@H](CO[C@H]3CCCO3)O2)cc1
decoy_2557,0.173526,0.169251,0.419213,0.389725,0.240356,0.243563,O=C(CCCCOc1ccccc1)O[C@@H]1CCCCO1
decoy_2558,0.173128,0.224889,0.416781,0.726349,0.246313,0.298772,O=C1c2ccccc2C([C@@H]2CCCCO2)c2ccccc21
decoy_2559,0.158788,0.165663,0.339162,0.334918,0.227287,0.245918,C1=[NH+]CC[C@]2(C[C@@H](c3ccccc3)c3ccccc3O2)N1
decoy_256,0.342333,0.28406,0.564918,0.520778,0.356576,0.336676,c1ccc2c(c1)oc1ccccc12
decoy_2560,0.195812,0.247121,0.450141,0.603731,0.259905,0.30278,O=C1[C@@H]2CCCN2[C@@H](c2ccccc2)N1c1ccccc1
decoy_2561,0.21952,0.232872,0.479694,0.478944,0.279,0.294245,Nc1cc(N2CCCCC2)nc[n+]1O[C@@H]1CCCCO1
decoy_2562,0.359598,0.414234,0.661548,0.734859,0.43549,0.490857,O=C(c1coc(CN2CC[NH2+]CC2)n1)N1CCCCC1
decoy_2563,0.173857,0.216271,0.399226,0.454479,0.251328,0.289929,O=C(NCCC[NH+]1CCCCC1)Nc1ccc[nH]c1=O
decoy_2564,0.293123,0.369109,0.612696,0.662636,0.367317,0.428983,O=C(NNC(=S)NC[C@H]1CCC[NH2+]1)c1ccccc1
decoy_2565,0.444373,0.41438,0.724403,0.686183,0.473685,0.457038,O=C(Cc1cccs1)Nc1cc2c(s1)C[NH2+]CC2
decoy_2566,0.319079,0.317098,0.582369,0.597828,0.377835,0.384108,S=C(Nc1cn[nH]c1)Nc1cc2c(s1)CCCC2
decoy_2567,0.170359,0.211918,0.375485,0.468752,0.243834,0.2756,O=C(C[NH+]1CCCCC1)Nc1cc2c(s1)CCCC2
decoy_2568,0.160894,0.235974,0.344579,0.551438,0.204641,0.304374,O=[P@@H](Oc1c[nH]c2ccccc12)OC1CCCCC1
decoy_2569,0.411199,0.365078,0.748201,0.711318,0.535559,0.494834,[NH2+]=c1ccc2c(COC(=O)c3ccccc3)ccoc-2c1
decoy_257,0.276773,0.292419,0.438824,0.460956,0.310288,0.351068,O=C1NCC=CN1[C@@H]1CCCO1
decoy_2570,0.218521,0.357557,0.415785,0.667347,0.269715,0.397464,O=c1cc(Nc2ccccc2)[nH]c(=O)n1-c1ccccc1
decoy_2571,0.191112,0.250795,0.381161,0.498293,0.248012,0.304737,O=C(Cc1ccccc1)Nc1nnc(-c2ccccc2)o1
decoy_2572,0.187416,0.230006,0.383031,0.470649,0.240944,0.301089,O=C(COc1ccccc1)N/N=C1\N=Cc2ccccc21
decoy_2573,0.176486,0.236969,0.352825,0.48121,0.239151,0.311293,O=C(NCc1nc2ccccc2c(=O)[nH]1)c1ccccc1
decoy_2574,0.214516,0.277841,0.405948,0.533814,0.259746,0.345892,O=C(NNC(=O)c1ccccc1)C1=c2ccccc2=NC1
decoy_2575,0.22534,0.271477,0.418985,0.496046,0.273092,0.321685,C1=Cc2ncnn2C(N2CCC(c3ccccc3)=N2)=NN1
decoy_2576,0.226125,0.272929,0.414871,0.490941,0.270542,0.320767,C1=Cc2nncn2C(N2CCC(c3ccccc3)=N2)=NN1
decoy_2577,0.205409,0.315929,0.389707,0.592257,0.254133,0.369765,O=C(Cc1ccco1)NCS(=O)(=O)c1ccccc1
decoy_2578,0.261981,0.275444,0.496436,0.60669,0.31043,0.343755,O=c1c(-c2nc3ccccc3s2)coc2ccccc12
decoy_2579,0.174836,0.22158,0.390929,0.456911,0.248432,0.293804,O=C(CC[NH+]1CCCCC1)NC(=O)NCc1ccco1
decoy_258,0.208425,0.246737,0.365981,0.448379,0.270598,0.303648,O=C1NC(=O)C2(CCCCC2)N1
decoy_2580,0.147131,0.167749,0.339905,0.355679,0.213584,0.230653,O=C(NCC[NH+]1CCCCC1)NNC(=O)c1ccc[nH]1
decoy_2581,0.256183,0.260915,0.549071,0.567008,0.349271,0.353771,c1ccc2c(c1)=NC([C@H]1CCCN(c3ccncn3)C1)N=2
decoy_2582,0.165148,0.189216,0.353908,0.386076,0.22691,0.26148,c1ccc(CNc2n[nH]c(NCc3ccccc3)n2)cc1
decoy_2583,0.368288,0.414349,0.654491,0.712337,0.437792,0.490074,O=C(Nc1cc2c(s1)CCC2)C(=O)N1CC[NH2+]CC1
decoy_2584,0.170533,0.230334,0.348529,0.438103,0.223851,0.283199,O=C(NNC(=S)NC[C@H]1CCCO1)c1ccccc1
decoy_2585,0.157632,0.262658,0.389531,0.567253,0.238586,0.356867,O=C(C[NH+]1CCCC1)NC(=O)NC[C@H]1C[C@@H]2CC[C@H]1C2
decoy_2586,0.418304,0.371967,0.677233,0.613789,0.461692,0.431283,O=C(Nc1ccsc1)Nc1cc2c(s1)C[NH2+]CC2
decoy_2587,0.208939,0.251746,0.477055,0.522118,0.291144,0.338656,O=C(NCCCc1cc[nH]n1)NCC[NH+]1CCCCC1
decoy_2588,0.129416,0.194007,0.324248,0.431657,0.196534,0.27744,O=C(NCCC[NH+]1CCCCC1)NCCn1cccn1
decoy_2589,0.167737,0.197539,0.391144,0.424374,0.230244,0.273767,O=C(CCCSc1ccccc1)N[C@H]1CCCOC1
decoy_259,0.511387,0.451326,0.716859,0.715694,0.512695,0.45907,c1ccc2c(c1)[nH]c1c[nH+]ccc12
decoy_2590,0.192095,0.220191,0.416885,0.447774,0.27559,0.276902,O=S(=O)(/C=C/c1ccccc1)NCC1CCCCC1
decoy_2591,0.354823,0.399398,0.649205,0.709498,0.427503,0.474682,O=C(CN1CC[NH2+]CC1)Nc1cc2c(s1)CCCC2
decoy_2592,0.367528,0.386134,0.680544,0.703768,0.448571,0.470282,O=C(NCCSc1ccccc1)NC1CC[NH2+]CC1
decoy_2594,0.163261,0.246374,0.378695,0.539786,0.239852,0.322639,c1csc(NC[C@H]2CCC[N@@H+]2CC2CCCCC2)n1
decoy_2595,0.226379,0.254859,0.474209,0.545451,0.296251,0.336732,O=C1/C(=C\c2cccc3c2OCOC3)Oc2ccccc21
decoy_2596,0.188992,0.216927,0.384015,0.453828,0.248385,0.298273,O=C(c1ccc2c(c1)OCCO2)c1cc2ccccc2o1
decoy_2597,0.225084,0.265716,0.41838,0.478241,0.288061,0.336108,O=c1[nH]cncc1C(c1ccccc1)c1cnc[nH]c1=O
decoy_2598,0.293786,0.339601,0.558185,0.574245,0.336875,0.373383,O=C(C[NH2+]Cc1cccs1)Nc1c[nH]c(=O)[nH]c1=O
decoy_2599,0.258362,0.306541,0.502372,0.580046,0.302639,0.374415,O=c1c2sc3ncccc3c2nnn1-c1ccccc1
decoy_26,0.298815,0.311285,0.605361,0.699206,0.364264,0.385212,c1ncn2cnnc2n1
decoy_260,0.239051,0.256981,0.497695,0.534834,0.339033,0.368652,c1ccc(Cc2ccccc2)cc1
decoy_2600,0.193739,0.228756,0.369055,0.410721,0.246208,0.282235,O=C1C=C[C@@H]2C([O-])=C3C(=O)c4ccccc4C[C@H]3C[C@@H]2C1
decoy_2601,0.177862,0.222853,0.347884,0.406824,0.239427,0.296003,O=C1C=CC[C@@H]2C[C@@H]3Cc4ccccc4C([O-])=C3C(=O)[C@H]12
decoy_2602,0.18282,0.265661,0.389134,0.60855,0.247381,0.335599,O=C(Nc1ccccc1)[C@H]1CC(=O)N(c2ccccc2)C1
decoy_2603,0.146532,0.187541,0.321896,0.411323,0.205453,0.281309,O=C1C[C@H](NCc2ccccc2)C(=O)N1c1ccccc1
decoy_2604,0.326076,0.428059,0.64579,0.702639,0.388363,0.481901,O=C(C[NH+]1CCCCC1)N[C@H]1OCC2=C1C(=O)NNC2
decoy_2605,0.253757,0.270044,0.552949,0.530731,0.316849,0.325349,O=C(C[NH2+]C1CCCCCC1)Nc1c[nH]c(=O)[nH]c1=O
decoy_2606,0.335519,0.372851,0.687942,0.683727,0.428479,0.458872,O=C(CNC(=O)NC1CC[NH2+]CC1)NCc1ccco1
decoy_2607,0.19959,0.254728,0.411602,0.502959,0.260442,0.318854,c1ccc2c(c1)=NC(CNc1cc(NC3CC3)ncn1)N=2
decoy_2608,0.201491,0.25847,0.391799,0.473986,0.264361,0.319592,[NH2+]=C(NCCc1c[nH]c2ccccc12)Nc1ncccn1
decoy_2609,0.208491,0.315246,0.393451,0.546033,0.270521,0.38071,O=C(Nc1ccsc1)N[C@H]1C[C@H]2C(=O)NCC[N@@H+]2C1
decoy_261,0.292732,0.258154,0.541503,0.55905,0.32276,0.31088,c1csc(-c2cscn2)n1
decoy_2610,0.175088,0.222272,0.351649,0.421214,0.228608,0.279232,O=C(NNC(=S)NC[C@H]1CCCO1)c1ccccn1
decoy_2611,0.309669,0.335852,0.600015,0.590609,0.386795,0.40005,O=S(=O)(NCC[NH2+]Cc1cn[nH]c1)c1ccccc1
decoy_2612,0.20846,0.288567,0.366585,0.502825,0.247901,0.327012,C1=C[C@@H](c2ccccc2)n2nc(-c3cccs3)nc2[N-]1
decoy_2613,0.166451,0.207908,0.356647,0.403506,0.23495,0.28423,c1ccc([C@@H]2C[C@]3(CC[NH2+]CN3)c3ccccc3O2)cc1
decoy_2615,0.151274,0.169429,0.343147,0.353706,0.232874,0.241361,c1ccc(C[NH2+]CCCOc2cccc3[nH]ccc23)cc1
decoy_2616,0.172334,0.182671,0.380304,0.378809,0.260879,0.257723,[NH2+]=C(CCCC(=O)Nc1ccccc1)Cc1ccccc1
decoy_2617,0.175296,0.204042,0.340343,0.422495,0.238903,0.281403,O=C(CCC(=O)Nc1cccs1)Nc1cccs1
decoy_2618,0.174717,0.223853,0.338274,0.451766,0.227925,0.292154,O=C(NCCc1cccs1)C(=O)Nc1cccs1
decoy_2619,0.224304,0.256337,0.418507,0.483396,0.274558,0.318163,O=C(NCCc1ccsc1)C(=O)Nc1cccs1
decoy_262,0.293293,0.266628,0.541727,0.572843,0.318565,0.318455,c1csc(-c2nccs2)n1
decoy_2620,0.243965,0.256584,0.453573,0.459033,0.305936,0.293997,c1ccc(/N=C(/Nc2ccccc2)[n+]2cccs2)cc1
decoy_2621,0.32267,0.36368,0.583683,0.655518,0.377783,0.422334,O=C(CSc1nc[nH]n1)Nc1cc2c(s1)CCC2
decoy_2622,0.211681,0.279784,0.46727,0.602136,0.279114,0.350485,O=C(CN1CCOCC1)Nc1cc2c(s1)CCCC2
decoy_2623,0.124456,0.215512,0.284492,0.438376,0.186508,0.301624,S=C(NCCN1CCOCC1)NNc1ccccc1
decoy_2624,0.194648,0.268367,0.424423,0.613263,0.261094,0.333529,c1ccc2c3c([nH]c2c1)C[C@@H]1C[C@H]2CCCC[C@H]2C[N@H+]1C3
decoy_2625,0.17219,0.179762,0.397744,0.38958,0.246603,0.23071,c1ccc(C[NH2+]Cc2ccc(N3CCCCC3)cc2)cc1
decoy_2626,0.176964,0.262308,0.404171,0.618083,0.247147,0.342425,c1ccc(NC[C@@H](c2ccccc2)[NH+]2CCCCC2)cc1
decoy_2627,0.165697,0.197525,0.385709,0.422149,0.250516,0.277825,c1ccc(CC[NH2+]C2CCN(c3ccccc3)CC2)cc1
decoy_2629,0.156191,0.235816,0.329817,0.518793,0.21057,0.305956,O=C(NCCc1cccs1)NCCc1cccs1
decoy_263,0.431876,0.491063,0.725291,0.80235,0.51323,0.553059,C1CC(C2CC[NH2+]CC2)CC[NH2+]1
decoy_2630,0.208457,0.246415,0.393551,0.476391,0.257019,0.306755,O=C(NNC(=O)c1ccco1)c1cnc2ccccc2c1
decoy_2631,0.176946,0.214499,0.347602,0.376181,0.236089,0.274432,N/C(=N\N=C\c1ccc(-c2ccccc2)o1)c1cnon1
decoy_2632,0.165061,0.181163,0.306983,0.321022,0.22932,0.244557,O=c1[nH]c2c(c(=O)[nH]1)[C@H](c1ccccc1)c1cn[nH]c1N2
decoy_2633,0.175888,0.242088,0.377002,0.549691,0.245196,0.307194,O=C(COC(=O)/C=C/c1ccccc1)Nc1ccccc1
decoy_2634,0.182829,0.209041,0.389611,0.468229,0.248821,0.278461,O=C(c1ccco1)N(Cc1ccccc1)Cc1ccco1
decoy_2635,0.245001,0.304162,0.451261,0.570801,0.284845,0.35447,Nc1[nH+]c2ccccc2n1CCc1ccc2c(c1)OCO2
decoy_2636,0.244668,0.261125,0.469459,0.48229,0.292898,0.313993,O=C1NC[C@@H](C(=O)c2cccnc2)[C@@H](c2ccccc2)N1
decoy_2637,0.149408,0.271749,0.319262,0.530565,0.214506,0.345444,O=C(CNC(=O)c1ccccc1)N/N=C/c1ccccc1
decoy_2638,0.186106,0.25794,0.367657,0.481846,0.246486,0.315971,O=C(NN=CC=C([O-])Nc1ccccc1)c1ccccc1
decoy_2639,0.248695,0.254806,0.477214,0.495743,0.329054,0.33308,O=C(NCCC1=c2ccccc2=NC1)c1c[nH]ccc1=O
decoy_264,0.432795,0.517823,0.762302,0.89034,0.507289,0.572439,C1CC[NH+](CC2CC[NH2+]CC2)C1
decoy_2640,0.235988,0.263872,0.472924,0.531671,0.311468,0.346978,c1ccc(CCNc2nccc(Nc3ccon3)n2)cc1
decoy_2641,0.160494,0.179186,0.347478,0.372474,0.219798,0.244048,O=C1S/C(=C/c2ccccc2)C(=O)N1c1ccccc1
decoy_2642,0.207284,0.289979,0.390979,0.533311,0.26408,0.340479,O=C1N/C(=N/c2ccccn2)S/C1=C\c1ccccc1
decoy_2643,0.321267,0.361668,0.619897,0.743026,0.345615,0.408673,O=C1Cc2c(ncc3cnccc23)N1Cc1cccs1
decoy_2644,0.176744,0.260769,0.374028,0.536646,0.243249,0.341212,C1=C[C@]2(CC[N@@H+](Cc3ccccc3)CC2)c2cn[nH]c2O1
decoy_2645,0.168898,0.192559,0.365375,0.379964,0.242861,0.272727,O=C1NCCN1c1ccc(C[NH2+]Cc2ccccc2)cc1
decoy_2646,0.25807,0.251635,0.445567,0.422259,0.2998,0.299852,O=C(CSc1nnco1)Nc1cc2c(s1)CCC2
decoy_2647,0.197329,0.235952,0.441788,0.512207,0.247521,0.308426,c1cncc(Nc2cc(N3C[C@H]4CCC[C@@H]3C4)ncn2)c1
decoy_2648,0.339781,0.371087,0.613541,0.676375,0.409305,0.447791,c1nc(Nc2cc[nH+]cc2)cc(N2C[C@H]3CCC[C@@H]2C3)n1
decoy_2649,0.179819,0.32607,0.384195,0.614981,0.255097,0.424356,c1ccc2c(NCCCCCc3cc[nH]n3)[nH+]ncc2c1
decoy_265,0.243041,0.275572,0.375622,0.423043,0.290542,0.343387,O=C1NC(=O)C2(CC[NH2+]CC2)N1
decoy_2650,0.362665,0.409281,0.650718,0.710613,0.435052,0.483124,O=C(CN1CC[NH2+]CC1)Nc1cc2c(s1)COCC2
decoy_2651,0.152237,0.199664,0.34317,0.421989,0.23617,0.278481,O=C(NCC[NH+]1CCCCC1)C(=O)Nc1cccs1
decoy_2652,0.173004,0.196278,0.385193,0.404805,0.254627,0.271771,c1ccc(NC[C@@H](c2ccccc2)[NH+]2CCNCC2)cc1
decoy_2653,0.113147,0.187989,0.277258,0.415769,0.178992,0.281164,O=C(NCCC[NH+]1CCCCC1)NCc1cccs1
decoy_2654,0.26064,0.285256,0.743343,0.810372,0.336915,0.371989,O=c1ccoc(O[C@H]2OCCC[C@H]2O[C@H]2CCCO2)c1
decoy_2655,0.22061,0.282413,0.40969,0.4935,0.285082,0.356114,O=c1[nH]cc([C@H]2[NH2+]CCc3c2[nH]c2ccccc32)c(=O)[nH]1
decoy_2656,0.336125,0.427851,0.630827,0.710141,0.415783,0.525743,O=c1[nH]cc([C@H]2NCCC3=c4ccccc4=N[C@@H]32)c(=O)[nH]1
decoy_2657,0.201998,0.198249,0.405372,0.399283,0.263846,0.275381,O=C(CCC1=c2ccccc2=NC1)OCc1ncncn1
decoy_2658,0.169547,0.216043,0.329966,0.4073,0.22352,0.296785,O=C(CNc1ccccc1)Nc1ccc2[nH]c(=O)[nH]c2c1
decoy_2659,0.253505,0.301451,0.481404,0.543299,0.333951,0.377871,O=C(NCCC1N=c2ccccc2=N1)c1c[nH]ccc1=O
decoy_266,0.2704,0.314999,0.448131,0.625096,0.289077,0.349888,O=C1CC[C@@H](c2cscn2)O1
decoy_2660,0.136326,0.196142,0.263686,0.400855,0.18747,0.250046,O=C1C[C@@H](c2ccco2)C2=c3ncccc3=CSC2=[NH+]1
decoy_2661,0.22601,0.234846,0.499873,0.490982,0.295405,0.306415,O=C1c2ccccc2O[C@@H]2C=CC([C@H]3CCCCO3)=C[C@@H]12
decoy_2662,0.261643,0.330342,0.615859,0.692987,0.366236,0.432364,C=C(C(=O)OC1CC[NH2+]CC1)C(=O)OC1CC[NH2+]CC1
decoy_2663,0.147404,0.212018,0.3387,0.482042,0.209062,0.303524,O=C(CCc1ccccc1)NCC(=O)Nc1ccccc1
decoy_2664,0.165154,0.192002,0.372811,0.426324,0.240798,0.271348,O=C(CCCC(=O)Nc1ccccc1)Nc1ccccc1
decoy_2665,0.141595,0.218872,0.328249,0.497627,0.195812,0.303255,O=C(NCCCc1ccccc1)C(=O)Nc1ccccc1
decoy_2666,0.130631,0.198863,0.309201,0.420342,0.209463,0.304686,O=C(NCC1CCCCC1)NNC(=O)C(=O)NC1CC1
decoy_2667,0.358356,0.370621,0.664028,0.692284,0.463017,0.460402,c1cc2c(c(-c3cc(N4CC[NH2+]CC4)ncn3)c1)OCC2
decoy_2668,0.189462,0.211931,0.385337,0.409919,0.253124,0.278644,O=C1C[C@@H](c2c[nH]cn2)c2ccc(N3CCCC3)cc2N1
decoy_2669,0.20737,0.266586,0.368343,0.457057,0.261093,0.317481,O=C(CSc1n[nH]c(C2CC2)n1)Nc1nncs1
decoy_267,0.288658,0.322495,0.473254,0.80026,0.311572,0.360194,C=C1C=NC=C[C@@H]1c1ccccc1
decoy_2670,0.221472,0.259005,0.440071,0.512606,0.287053,0.321383,O=C(Nc1ccccc1)[C@H]1SC=N[C@H]1c1ccccc1
decoy_2671,0.220282,0.244662,0.453028,0.495683,0.268113,0.30025,O=C(NCCc1ccccc1)c1cc2cccnc2s1
decoy_2672,0.189448,0.255606,0.357403,0.492399,0.235671,0.313423,O=C(/C=C/c1ccccc1)[N-]C(=S)Nc1ccccc1
decoy_2673,0.224533,0.287384,0.435188,0.550993,0.278211,0.33862,c1ccc2c(c1)NC(CSC1N=c3ccccc3=N1)N2
decoy_2674,0.140241,0.15411,0.373843,0.406063,0.227854,0.251064,C1=CO[C@H](O[C@H]2CCC[C@@H](O[C@H]3CCCCO3)C2)CC1
decoy_2675,0.18396,0.267054,0.405338,0.753502,0.262409,0.348534,c1ccc(OCC[NH+]2CCN(c3ccccc3)CC2)cc1
decoy_2676,0.14704,0.21226,0.359217,0.507979,0.218857,0.283592,O=C(CCCNc1ccccc1)NCCc1ccccc1
decoy_2677,0.329905,0.379123,0.691231,0.709749,0.423294,0.462432,O=C(CCNC(=O)NC1CC[NH2+]CC1)NC1CCCC1
decoy_2678,0.191144,0.21866,0.433335,0.476754,0.264302,0.289701,c1ccc(CC[C@H]2CC[N@H+](Cc3ncncn3)CC2)cc1
decoy_2679,0.177286,0.214796,0.417285,0.498101,0.248318,0.296806,c1ccc(CCNc2nccc(N3CCCCC3)n2)cc1
decoy_268,0.28088,0.369428,0.503205,0.870789,0.327394,0.426557,c1ccc(Nc2ccccc2)cc1
decoy_2680,0.223225,0.302111,0.478371,0.60834,0.301665,0.379465,c1ccc([C@H](CNc2ccncn2)[NH+]2CCCCC2)cc1
decoy_2681,0.146598,0.210265,0.340101,0.510761,0.205077,0.299833,O=C(COC(=O)CCc1ccccc1)Nc1ccccc1
decoy_2682,0.17263,0.240046,0.365322,0.488505,0.234731,0.328985,O=C(CCc1ccccc1)NNC(=O)Nc1ccccc1
decoy_2683,0.193551,0.223071,0.399768,0.433966,0.254453,0.282774,O=C(CNc1ccccc1)NCC(=O)Nc1ccccc1
decoy_2684,0.135423,0.210079,0.299021,0.421308,0.203149,0.289657,O=C(CNCc1ccccc1)NC(=O)Nc1ccccc1
decoy_2685,0.162376,0.188202,0.348189,0.386136,0.235512,0.26247,O=C(CNCC(=O)Nc1ccccc1)Nc1ccccc1
decoy_2686,0.161526,0.232939,0.347084,0.474067,0.229672,0.31431,O=C(NCCc1ccccc1)NNC(=O)c1ccccc1
decoy_2687,0.14197,0.190016,0.324671,0.407326,0.209566,0.266454,O=C(NCCc1ccco1)C1=NN(c2ccccc2)CC1
decoy_2688,0.152372,0.225155,0.338747,0.468264,0.222599,0.316486,O=C(NCCNc1ccccc1)C(=O)Nc1ccccc1
decoy_2689,0.181582,0.278171,0.370694,0.521023,0.239928,0.330891,N/C(=N/c1nc(=O)c2c([nH]1)CCCC2)Nc1ccccc1
decoy_269,0.431717,0.509196,0.639293,0.733663,0.47673,0.534829,c1nnc(C2CC[NH2+]CC2)s1
decoy_2690,0.276213,0.364495,0.539142,0.683199,0.337532,0.428928,O=C1N=CC2=Nc3ccc(N4CCCCC4)cc3N[C@H]2N1
decoy_2691,0.245729,0.254617,0.498821,0.49708,0.314732,0.31674,O=C(Nc1ccc(CNc2ccncn2)cc1)NC1CC1
decoy_2692,0.183016,0.241398,0.365937,0.44316,0.245142,0.304613,O=C(NCc1ccccc1)NN[C@H]1CCS(=O)(=O)C1
decoy_2693,0.147331,0.173753,0.3207,0.378162,0.204398,0.248578,O=C(NCCN1CCOCC1)C(=O)Nc1cccs1
decoy_2694,0.274,0.307294,0.549599,0.628449,0.341855,0.365646,O=C1N=C(c2ccncc2)N=C2S[C@H]3CCCCC3=C12
decoy_2695,0.184938,0.232169,0.371007,0.494441,0.251468,0.299137,O=C(CSC1N=c2ccccc2=N1)Nc1ccccc1
decoy_2696,0.23545,0.351684,0.432906,0.598955,0.286658,0.403492,[S-]c1nnc(-c2ccncc2)n1NCc1ccccc1
decoy_2697,0.189931,0.226282,0.449418,0.534575,0.273875,0.332204,c1ccc(CO[C@H]2OCCC[C@H]2Nc2ccccc2)cc1
decoy_2698,0.202861,0.231145,0.485628,0.530043,0.281672,0.319674,c1ccc(CO[C@H]2CC[C@@H](CNc3ccncn3)C2)cc1
decoy_2699,0.13793,0.193353,0.325273,0.414424,0.206118,0.266775,O=C(CC[NH2+]CCNc1ccccc1)Nc1ccccc1
decoy_27,0.266241,0.243264,0.549703,0.517166,0.337037,0.310822,c1ccc2c(c1)OCO2
decoy_270,0.367566,0.338863,0.590322,0.619595,0.405543,0.387242,c1ccc2c(c1)[nH]c1ncnnc12
decoy_2700,0.13884,0.207757,0.329992,0.442202,0.201155,0.29348,O=C(C[NH2+]CCCNc1ccccc1)Nc1ccccc1
decoy_2701,0.145533,0.173081,0.342538,0.36955,0.226323,0.261085,O=C(NCCC[NH2+]Cc1ccccc1)Nc1ccccc1
decoy_2703,0.303223,0.374625,0.59673,0.666109,0.400406,0.456429,c1ccc(CNc2cc(NC3CC[NH2+]CC3)ncn2)cc1
decoy_2704,0.158288,0.256685,0.352845,0.521261,0.221878,0.342737,C1=CN([C@H]2CC[N@H+](C[C@H]3C=c4ccccc4=N3)CC2)NN1
decoy_2705,0.184816,0.309657,0.395814,0.613973,0.258634,0.404291,C1=CN([C@H]2CCC[N@@H+](C[C@H]3C=c4ccccc4=N3)C2)NN1
decoy_2707,0.15422,0.186337,0.370548,0.404528,0.231001,0.264481,c1ccc([C@H]2CC[C@@H]([NH2+]CCCc3cc[nH]n3)CC2)cc1
decoy_2708,0.172514,0.223178,0.456299,0.596744,0.258443,0.322546,C1=C(NCCc2ccccc2)C=C(N2CCCCC2)CC1
decoy_2709,0.233546,0.288224,0.420969,0.465566,0.292119,0.335125,O=C1NC(=O)[C@H]2C[NH2+][C@H](c3coc4ccccc4c3=O)[C@@H]12
decoy_271,0.241483,0.268098,0.446302,0.486456,0.299732,0.318411,c1ccc(Oc2ccccc2)cc1
decoy_2710,0.140729,0.236666,0.312866,0.524028,0.203581,0.331424,O=C(CCNc1ccccc1)Nc1ccc2c(c1)OCO2
decoy_2711,0.162229,0.219451,0.351964,0.487158,0.220133,0.328699,O=C(CNCc1ccc2c(c1)OCO2)Nc1ccccc1
decoy_2712,0.142464,0.241295,0.310254,0.491747,0.204339,0.321532,O=C(COc1ccccc1)NCC(=O)Nc1ccccc1
decoy_2713,0.165982,0.19942,0.35505,0.441811,0.227902,0.275265,O=C(Nc1ccccc1)C(=O)N[C@H]1CCCc2occc21
decoy_2714,0.187992,0.165873,0.375512,0.326604,0.252289,0.231899,O=C(CCc1c[nH]c2ccccc12)N[C@@H]1C=NC(=O)NC1
decoy_2715,0.248652,0.292192,0.518951,0.611063,0.320934,0.353706,c1ccc(-c2nc3cncnc3nc2-c2ccccc2)cc1
decoy_2716,0.030457,0.0388,0.075347,0.116456,0.087733,0.096902,c1ccc(-c2cnc3nc(-c4ccccc4)ncc3n2)cc1
decoy_2717,0.193542,0.22701,0.400233,0.431088,0.263809,0.287041,O=c1ccnc(NCC[NH2+]CC2N=c3ccccc3=N2)[nH]1
decoy_2718,0.261184,0.300824,0.494792,0.642481,0.30678,0.352481,O=C(c1ccns1)N(Cc1ccco1)c1ccccc1
decoy_2719,0.200249,0.260062,0.385329,0.497398,0.247633,0.308903,O=S(=O)(c1ccccc1)c1cc(-c2ccccc2)n[nH]1
decoy_272,0.288443,0.301336,0.497966,0.504034,0.333017,0.338104,c1ccc(Cc2cccnn2)cc1
decoy_2720,0.208014,0.269264,0.369977,0.470137,0.256748,0.31892,O=c1[nH]c2ccc(NC(=S)Nc3ccccc3)cc2[nH]1
decoy_2721,0.226756,0.218379,0.408325,0.376583,0.279753,0.280359,O=C(Cn1cnnc1)Nc1cc(-c2ccccc2)cs1
decoy_2722,0.204332,0.209917,0.444186,0.459832,0.269935,0.283857,O=C(Cn1cccc1-c1ccccc1)NC[C@H]1CCCO1
decoy_2723,0.159533,0.186717,0.366333,0.403518,0.235549,0.255164,O=C(COc1ccccc1)NCCCNc1ccccc1
decoy_2724,0.174314,0.240146,0.396944,0.538044,0.250171,0.299943,O=C(NCCCOc1ccccc1)NCc1ccccc1
decoy_2725,0.228383,0.274806,0.522219,0.62931,0.310542,0.355384,c1ccc(CCNc2nccc(N3CCOCC3)n2)cc1
decoy_2726,0.218262,0.279066,0.461654,0.54781,0.304472,0.365787,O=C(NCCCc1[nH]cc[nH+]1)N[C@H]1CCc2ccccc21
decoy_2727,0.383054,0.353601,0.713179,0.623996,0.454485,0.428427,c1ccc(CNc2cc(NN3CC[NH2+]CC3)ncn2)cc1
decoy_2728,0.201572,0.231734,0.424349,0.521007,0.271924,0.300489,O=C1Nc2ccccc2N[C@H]1CSCc1ccccc1
decoy_2729,0.411722,0.369012,0.710812,0.658719,0.45707,0.435652,O=C(/C=C/c1ccccc1)Nc1cc2c(s1)C[NH2+]CC2
decoy_273,0.249314,0.285437,0.410847,0.481716,0.291835,0.328518,c1ccc(Cc2cncnc2)cc1
decoy_2732,0.176266,0.233386,0.386107,0.507936,0.238407,0.300962,S=C(NCCc1ccccc1)NCCc1ccccc1
decoy_2733,0.120835,0.18446,0.29253,0.397472,0.185112,0.2602,O=C(NNC(=S)NC1CCCC1)NC1CCCCC1
decoy_2734,0.184025,0.194058,0.350278,0.350519,0.241688,0.257592,O=C(CN[C@H]1CCc2ccccc21)c1c[n-]c(=O)[nH]c1=O
decoy_2735,0.179888,0.213136,0.367571,0.40893,0.235705,0.282126,O=C(Nc1ccn([C@@H]2CCCO2)c(=O)n1)c1ccccc1
decoy_2736,0.19065,0.220984,0.396008,0.447761,0.245395,0.295099,c1coc(CNc2nc3cncnc3n2[C@@H]2CCCO2)c1
decoy_2737,0.256627,0.278457,0.517511,0.552042,0.327975,0.375264,O=C(CCc1cnc2ncnn2c1)NCCc1ccco1
decoy_2738,0.164916,0.234666,0.331281,0.446337,0.223342,0.308007,O=C(NCC(=O)N1CCS(=O)(=O)CC1)c1ccc[nH]1
decoy_2739,0.398336,0.387904,0.632836,0.625949,0.508427,0.493877,[NH2+]=c1ccc2c(CSc3nccc(=O)[nH]3)ccoc-2c1
decoy_274,0.259465,0.263121,0.447219,0.487176,0.309508,0.33994,c1ccc(Nc2ccccn2)cc1
decoy_2740,0.218517,0.311765,0.416002,0.61383,0.263718,0.359832,O=C(CSc1n[nH]c(-c2ccco2)n1)c1ccccc1
decoy_2741,0.187996,0.201526,0.337361,0.377296,0.249943,0.256872,O=S1(=O)N=C([N-]/N=C/c2ccccc2)c2ccccc21
decoy_2742,0.243556,0.335102,0.43302,0.565929,0.300884,0.374122,O=S(=O)(/N=C1/CN=c2ccccc2=N1)c1ccccc1
decoy_2743,0.208965,0.229375,0.375722,0.421297,0.272911,0.305966,c1ccc(Nc2ncnc(CSc3nc[nH]n3)n2)cc1
decoy_2744,0.207997,0.220562,0.432683,0.42796,0.265044,0.27815,O=C(NCc1cc2ccccc2[nH]c1=O)[C@H]1CCC[NH2+]C1
decoy_2745,0.187159,0.202847,0.402562,0.43721,0.251231,0.271568,O=C(NCCCCn1ccccc1=O)Nc1ccccc1
decoy_2746,0.298732,0.396903,0.619102,0.701093,0.408369,0.500302,O=C(CNCCC1=c2ccccc2=NC1)NC1=CNNC1
decoy_2747,0.244767,0.312215,0.504277,0.578935,0.303978,0.371741,O=C(c1cnc2[nH]ncc2c1)N1CCC2(CC[NH2+]CC2)C1
decoy_2748,0.254258,0.266406,0.530755,0.510023,0.342924,0.351033,O=C(Nc1ccc(C[NH2+]Cc2cn[nH]c2)cc1)NC1CC1
decoy_2749,0.207674,0.307763,0.412621,0.622077,0.252441,0.386015,O=C(CCc1cccs1)C1=C[C@@H]2C=CC=C[C@@H]2NC1=O
decoy_275,0.274188,0.283972,0.46629,0.490005,0.322737,0.337157,c1ccc(Nc2cccnc2)cc1
decoy_2750,0.223606,0.309206,0.458477,0.64731,0.279195,0.380236,O=C(CCc1cccs1)C1=CN[C@@H]2C=CC=C[C@H]2C1=O
decoy_2751,0.184335,0.266848,0.369093,0.502259,0.254286,0.332937,O=c1[nH]c(C[NH2+]CCc2ccccc2)nc2ccsc12
decoy_2752,0.388929,0.432694,0.661521,0.711898,0.457704,0.492126,O=C1N[C@@H](c2ccccc2)Nc2sc3c(c21)CC[NH2+]C3
decoy_2753,0.175149,0.289564,0.353116,0.549591,0.234632,0.357675,O=C(Cc1ccccc1)NNC(=S)Nc1ccccc1
decoy_2754,0.20451,0.276422,0.395811,0.510393,0.266141,0.321048,O=C(NCNC(=S)Nc1ccccc1)c1ccccc1
decoy_2755,0.150261,0.202388,0.360053,0.422998,0.227843,0.284526,c1ccc(OCCC[NH2+]CCCOc2ccccc2)cc1
decoy_2756,0.26111,0.274659,0.535792,0.535209,0.338922,0.354909,O=C1CN([C@H]2CC3(CC[NH2+]CC3)c3ccccc32)CCN1
decoy_2757,0.188733,0.253352,0.37048,0.462695,0.255353,0.323187,N/C(=N\S(=O)(=O)c1ccccc1)N1CCSCC1
decoy_2758,0.186607,0.264688,0.423107,0.621028,0.239386,0.333363,O=C(CSC1=CC2(C=CN1)CCCC2)c1ccccc1
decoy_2759,0.182513,0.27289,0.384809,0.551677,0.24159,0.355114,c1cnc(SCCC[N@H+]2CCc3ccccc3C2)nc1
decoy_276,0.299676,0.276681,0.492252,0.496431,0.33032,0.329653,c1csc(N2CCOCC2)n1
decoy_2760,0.13839,0.226485,0.354694,0.575016,0.208017,0.332412,C1=C(COCCC[NH2+]CCc2ccccc2)[C@H]2C[C@@H](C1)C2
decoy_2761,0.162126,0.192335,0.400316,0.438588,0.236841,0.266733,c1ccc(N2CC[NH+](C[C@H]3C[N@H+]4CC[C@@H]3CC4)CC2)cc1
decoy_2762,0.196236,0.250819,0.404585,0.508309,0.259424,0.331122,O=C(CNC(=O)c1ccccc1)OCC(=O)c1ccc[nH]1
decoy_2763,0.154066,0.137789,0.31228,0.279352,0.222177,0.209506,O=c1[nH]c(=O)c2c(ncn2CCCOc2ccccc2)[nH]1
decoy_2764,0.308414,0.321466,0.581511,0.586863,0.406502,0.398801,O=C(CNc1c[nH]c(=O)[nH]c1=O)N1CCc2ccccc21
decoy_2765,0.273887,0.320419,0.52738,0.559126,0.350909,0.391053,O=C(NCc1ccccc1)NNC(=O)c1ccc(=O)[nH]c1
decoy_2766,0.185003,0.168733,0.346158,0.329814,0.243357,0.247317,O=C(CSc1nc2ncncn2n1)Nc1ccccc1
decoy_2767,0.289691,0.351856,0.553415,0.614465,0.391521,0.444822,NC1=CCCc2oc(C(=O)NCCCn3cc[nH+]c3)cc21
decoy_2768,0.202867,0.228838,0.432124,0.454576,0.293925,0.31962,O=C(NC1=CC2=CC=N[C@H]2C=C1)C(=O)NC1CC[NH2+]CC1
decoy_2769,0.351438,0.403999,0.647949,0.714043,0.430724,0.476834,O=C(NCCCc1c[nH+]c[nH]1)C1=NO[C@@]2(C=CC=CC2)C1
decoy_277,0.239423,0.275807,0.470837,0.520078,0.286695,0.329299,C1CC[C@@H](OC2CCCC2)OC1
decoy_2770,0.158081,0.178488,0.336112,0.383268,0.216821,0.258484,c1ccc(Cn2cc3c(-c4ccccc4)ncnc3n2)cc1
decoy_2771,0.193636,0.253709,0.378184,0.494008,0.243102,0.31451,O=C1NC[C@H](C(=O)c2cccs2)[C@@H](c2ccccc2)N1
decoy_2772,0.20542,0.271539,0.375885,0.516887,0.267563,0.314893,O=C(COc1ccccc1)[N-]C(=S)Nc1ccccc1
decoy_2773,0.204343,0.214951,0.403787,0.410603,0.262851,0.273078,O=C1NC(CSc2ncc[nH]2)=C[C@@H](c2ccccc2)N1
decoy_2774,0.208971,0.270229,0.415079,0.52148,0.267618,0.336604,O=C(CCc1cnc2cncn2c1)NCc1cccs1
decoy_2775,0.385194,0.426091,0.667052,0.684686,0.428905,0.475185,O=C(Nc1ncc(Cc2ccccc2)s1)C1=[NH+]CCN1
decoy_2776,0.190031,0.310913,0.371257,0.559441,0.241642,0.35346,O=C(NCc1nc(-c2ccccc2)c[nH]1)C1=CSNC1
decoy_2777,0.157648,0.169721,0.390573,0.402877,0.24229,0.257879,O=C1C=C[C@H]2C(=C1)CC[C@H]1[C@@H]3C[C@@H]4OCO[C@@H]4[C@@H]3CC[C@H]12
decoy_2778,0.160334,0.239892,0.370284,0.502044,0.237367,0.326425,c1ccc(OCCC[NH2+]C[C@H]2CNc3ccnn3C2)cc1
decoy_2779,0.301466,0.36343,0.608038,0.663208,0.411546,0.455625,O=C1NC(CN2CCC[NH2+]CC2)=C[C@@H](c2ccccc2)N1
decoy_278,0.255255,0.287005,0.438624,0.492276,0.310625,0.330628,c1cnc(Cc2ccncc2)nc1
decoy_2780,0.33401,0.387316,0.613147,0.653533,0.417923,0.450054,O=S(=O)(N[C@H]1CCC[NH2+]C1)c1cnc2sccn12
decoy_2781,0.325874,0.372038,0.598507,0.631707,0.418294,0.437272,O=S(=O)(NC1CC[NH2+]CC1)c1cnc2sccn12
decoy_2782,0.200665,0.224292,0.463679,0.514341,0.273894,0.298062,O=C(CCCc1ccccc1)N1CCc2ncsc2C1
decoy_2783,0.155847,0.240592,0.344421,0.530214,0.21701,0.332108,O=C(CNCc1ccccc1)Nc1cc2c(s1)CCC2
decoy_2785,0.3391,0.32434,0.622175,0.595229,0.412518,0.399978,c1ccc(Sc2cc(NC3CC[NH2+]CC3)ncn2)cc1
decoy_2786,0.126724,0.15131,0.323145,0.352856,0.200857,0.232903,C(\NCC1(c2ccccc2)CCCC1)=[NH+]/C[C@H]1CCCO1
decoy_2788,0.165964,0.234931,0.40782,0.556146,0.243134,0.313224,c1ccc(N2CC[NH+](C[C@H]3C[N@H+]4CC[C@@H]3CC4)CC2)nc1
decoy_2789,0.292018,0.31943,0.564245,0.578541,0.386972,0.41741,NC1=CCCc2oc(C(=O)NNC(=O)c3ccco3)cc21
decoy_279,0.282962,0.363986,0.449658,0.600294,0.312207,0.379487,c1ccc(Nc2ccncn2)cc1
decoy_2790,0.314302,0.378471,0.588018,0.645723,0.381254,0.452761,NC1=CCCc2oc(C(=O)NNC(=O)c3ccoc3)cc21
decoy_2791,0.175155,0.237811,0.393398,0.531885,0.236319,0.298164,O=C(COC(=O)CCc1ccccc1)NCc1ccco1
decoy_2792,0.187305,0.222631,0.392097,0.435323,0.241272,0.28073,O=C(NN1C(=O)NC2(CCCCC2)C1=O)c1ccccc1
decoy_2793,0.163817,0.16647,0.346118,0.344887,0.232751,0.238771,O=C1NC(=O)[C@]2(CC[C@H](C(=O)Nc3ccccc3)CC2)N1
decoy_2794,0.173072,0.201814,0.362377,0.408347,0.244204,0.28081,O=C(CCc1c[nH]c(=O)[nH]c1=O)NCCc1ccccc1
decoy_2795,0.170402,0.245884,0.360941,0.482153,0.237929,0.31291,O=C(CNC(=O)NCc1ccco1)NCc1ccccc1
decoy_2796,0.175568,0.235579,0.374946,0.474432,0.24104,0.298572,O=C(NCCNC(=O)c1ccco1)NCc1ccccc1
decoy_2797,0.192773,0.300717,0.389998,0.650475,0.255873,0.364988,O=c1ccc2c(-c3ccccc3)nn(-c3ccccc3)c2[nH]1
decoy_2798,0.189579,0.222385,0.428191,0.455735,0.26145,0.313237,O=C(C[NH2+]CCNc1nccc(=O)[nH]1)Nc1ccccc1
decoy_2799,0.26474,0.340551,0.523928,0.596037,0.35703,0.428172,O=C(NCCCn1cc[nH+]c1)NNC(=O)c1ccccc1
decoy_28,0.276535,0.314819,0.501675,0.618829,0.317486,0.362291,C1=Nc2[nH]cnc2CN1
decoy_280,0.349014,0.333205,0.588963,0.616782,0.423429,0.416299,c1nc(S[C@H]2CCCO2)n[nH]1
decoy_2800,0.160066,0.257255,0.330649,0.49695,0.211613,0.327585,c1ccc2c(c1)=NC([C@@H]1CNc3nc4ccccc4nc31)N=2
decoy_2801,0.167407,0.24497,0.363738,0.508794,0.227587,0.31445,c1ccc(Nc2ncnc3c2cnn3-c2ccccc2)cc1
decoy_2802,0.233691,0.250839,0.457978,0.5364,0.300249,0.329434,O=C(COC(=O)C1=CCSC1)C1=c2ccccc2=NC1
decoy_2803,0.163557,0.208044,0.347744,0.482591,0.233819,0.288137,O=C(COC(=O)/C=C/c1ccccc1)Nc1cccs1
decoy_2804,0.164543,0.279759,0.333096,0.531701,0.225819,0.339342,O=C(/C=C/c1ccccc1)NCC(=O)Nc1nccs1
decoy_2805,0.161945,0.267417,0.312202,0.481245,0.213623,0.316819,O=C(NN=CC=C([O-])Nc1ccccc1)c1cccs1
decoy_2806,0.219226,0.256036,0.405586,0.472247,0.271941,0.328222,N/C(CSc1ccccn1)=N/NC(=O)c1ccncc1
decoy_2807,0.219273,0.304176,0.400546,0.530448,0.268746,0.350653,O=C1NC(CSc2ncn[nH]2)=C[C@@H](c2ccccc2)N1
decoy_2808,0.17255,0.165188,0.405621,0.387067,0.235362,0.239847,O=C(CCC1=c2ccccc2=NC1)OC[C@H]1CCCCO1
decoy_2809,0.217634,0.220249,0.442457,0.456349,0.301309,0.314364,O=C1NC(=S)S/C1=C/c1ccc(-c2ccccc2)o1
decoy_281,0.303188,0.368838,0.49561,0.856771,0.323167,0.417917,c1ccc2c3c([nH]c2c1)CCCC3
decoy_2810,0.14663,0.173056,0.339172,0.378529,0.216006,0.247379,O=C(CC[C@H]1CNC(=O)[C@@H]2CCC[N@H+]12)Nc1ccccc1
decoy_2811,0.35753,0.363654,0.688208,0.661337,0.445356,0.444228,O=C(/C=C/c1ccccc1)NCC(=O)NC1CC[NH2+]CC1
decoy_2812,0.148625,0.139696,0.341114,0.305344,0.213578,0.210192,O=C(Nc1ccccc1)C(=O)N[C@H]1CC[N@H+]2CCCC[C@H]12
decoy_2813,0.229171,0.239339,0.48436,0.470536,0.311211,0.317307,O=C(Nc1ccccc1)C(=O)N[C@H]1CC[N@H+](C2CC2)CC1
decoy_2814,0.144537,0.208893,0.339218,0.468979,0.214188,0.288367,O=C(NCCCc1ccco1)NCCNc1ccccc1
decoy_2815,0.184361,0.214979,0.365774,0.388016,0.234613,0.277599,[O-]C(=CC1=NCSC1)NCCC1=c2ccccc2=NC1
decoy_2816,0.158826,0.203936,0.332225,0.410285,0.214849,0.284333,O=C(NNC(=S)N[C@H]1C[C@H]2C=C[C@@H]1C2)c1ccccc1
decoy_2817,0.161551,0.181871,0.409321,0.432897,0.24457,0.279166,NC1=CC[C@H]2C(=C1)CC[C@@H]1[C@H]3C[C@@H]4OCO[C@@H]4[C@H]3CC[C@@H]12
decoy_2818,0.302177,0.357838,0.608321,0.686115,0.386264,0.435902,O=C(N[C@H]1CC[NH2+]C1)C1(Nc2ccccc2)CCCCC1
decoy_2820,0.136076,0.203467,0.339977,0.460293,0.213377,0.29053,O=C(NCCc1ccccc1)N[C@H]1CC[N@H+](C2CC2)CC1
decoy_2821,0.195802,0.32434,0.429872,0.63924,0.278844,0.412054,c1nc(NC2CC[NH2+]CC2)cc(N2C[C@H]3CCC[C@@H]2C3)n1
decoy_2822,0.163907,0.229923,0.39844,0.52262,0.237754,0.306444,c1cnc(N2CC[NH+](C[C@H]3C[N@H+]4CC[C@@H]3CC4)CC2)nc1
decoy_2824,0.296187,0.283559,0.812153,0.827726,0.383497,0.389937,O=c1ccc2cc3c(c(O[C@@H]4CCCCO4)c2o1)OCC3
decoy_2825,0.20916,0.200358,0.455929,0.441508,0.286218,0.278498,O=c1ccc2cc3c(cc2o1)OC[C@@H]3O[C@H]1CCCCO1
decoy_2826,0.186843,0.198222,0.38969,0.395186,0.267492,0.269815,O=C(COc1ccccc1)NCCCOc1ncncn1
decoy_2827,0.129814,0.177324,0.284106,0.371569,0.199779,0.254073,O=C(NCCc1ccco1)NNC(=O)Nc1ccccc1
decoy_2828,0.157975,0.146454,0.310627,0.286513,0.241284,0.222437,c1ccc(Oc2cccc(-c3ncnc4n[nH]cc34)c2)cc1
decoy_2829,0.150922,0.21306,0.322036,0.438557,0.214107,0.29208,O=c1[nH]c2cnc(-c3ccccc3)nc2n1-c1ccccc1
decoy_283,0.375443,0.372547,0.620364,0.642439,0.422247,0.413546,O=C1NC=N/C1=C/c1ccccc1
decoy_2830,0.210018,0.287363,0.402705,0.515158,0.264176,0.368003,C(=N/N=C1/N[C@H]2N=c3ccccc3=C2N=[NH+]1)\c1ccccc1
decoy_2831,0.173384,0.244144,0.336522,0.429466,0.230229,0.313712,C(=N/NC1=N[C@@H]2N=c3ccccc3=C2N=[NH+]1)\c1ccccc1
decoy_2832,0.291265,0.3351,0.64192,0.797236,0.378323,0.417402,O=C(c1ccns1)N(Cc1ccco1)Cc1ccco1
decoy_2833,0.301531,0.366931,0.559733,0.639784,0.36785,0.422227,O=C1NC=C(C(=O)CSC2N=c3ccccc3=N2)CN1
decoy_2834,0.360307,0.366972,0.605616,0.593912,0.433127,0.441555,O=C1NC=[NH+]C/C1=C(\[O-])CSc1nc2ccccc2[nH]1
decoy_2835,0.17824,0.239702,0.336275,0.428171,0.223375,0.282188,O=S(=O)(/N=C/[N-]/N=C/c1ccccn1)c1ccccc1
decoy_2836,0.226702,0.237819,0.44435,0.472515,0.315206,0.327687,c1nc(Sc2c[nH]cn2)c2ncn([C@@H]3CCCO3)c2n1
decoy_2837,0.198562,0.220741,0.361846,0.40191,0.247248,0.28613,O=c1ccnc(NCCNc2ncnc3sccc23)[nH]1
decoy_2838,0.208608,0.230727,0.476681,0.514878,0.287081,0.305258,O=c1ccc2cc(CCCO[C@@H]3CCCCO3)ccc2o1
decoy_2839,0.253733,0.212286,0.779267,0.732735,0.365176,0.322865,O=c1ccc2ccc(OCCC[C@H]3CCCCO3)cc2o1
decoy_284,0.429192,0.359814,0.671569,0.643388,0.483181,0.429235,O=c1cc(-c2ccccc2)nc[nH]1
decoy_2840,0.175161,0.232691,0.408492,0.478774,0.243392,0.316633,O=c1cc(NCC[NH2+]CCCc2ccccc2)[nH]c(=O)[nH]1
decoy_2841,0.201176,0.25476,0.425471,0.494068,0.288794,0.324694,Oc1c(NC[NH2+][C@@H]2CCCCO2)cnn1-c1ccccc1
decoy_2842,0.187072,0.293525,0.412157,0.567202,0.266732,0.376284,O=C(C[NH+]1CCCCC1)Nc1ncc2c(n1)CCCC2=O
decoy_2843,0.25173,0.332044,0.516868,0.635301,0.371444,0.440438,O=C(NCCCOc1ccccc1)NCCn1cc[nH+]c1
decoy_2844,0.206006,0.278109,0.429273,0.586675,0.268733,0.340357,c1ccc2c(c1)=NCC=2CCNc1ncnc2ccccc12
decoy_2845,0.208219,0.233029,0.441797,0.491447,0.266264,0.298629,c1ccc2c(c1)=NCC=2CCNc1ncc2ccccc2n1
decoy_2846,0.344719,0.392454,0.664288,0.694387,0.454822,0.478759,c1ncc2nc(NC3CC[NH2+]CC3)n([C@@H]3CCCO3)c2n1
decoy_2847,0.286371,0.389421,0.569386,0.675144,0.37094,0.46434,c1nc(NC2CC[NH2+]CC2)c2ncn([C@@H]3CCCO3)c2n1
decoy_2848,0.21094,0.21662,0.459222,0.44155,0.267683,0.273563,O=C(Cc1cnc2ncnn2c1)NCC[NH+]1CCCCC1
decoy_2849,0.172838,0.283504,0.34836,0.553,0.247946,0.360117,O=C1N/C(=N\c2nncs2)S/C1=C/c1ccccc1
decoy_285,0.323424,0.335864,0.457211,0.555116,0.34202,0.368775,O=c1ccc(-c2ccccc2)n[nH]1
decoy_2850,0.189884,0.21911,0.395518,0.434935,0.263149,0.278541,O=C(CCCNC(=O)c1cccs1)Nc1ccccc1
decoy_2851,0.187002,0.237518,0.387584,0.502762,0.248171,0.298362,O=C(NCc1ccccc1)Nc1cc2c(s1)COCC2
decoy_2852,0.1748,0.236808,0.371605,0.487991,0.231804,0.297757,O=C(NCCc1ccccc1)C(=O)NCc1ccsc1
decoy_2853,0.156844,0.206535,0.336569,0.444312,0.213759,0.278313,O=C(NCCCc1ccccc1)C(=O)Nc1cccs1
decoy_2854,0.174164,0.190021,0.394551,0.403921,0.262323,0.283672,O=C(NC1CCCC1)C1(Oc2ccccc2)CC[NH2+]CC1
decoy_2855,0.159669,0.20451,0.301261,0.354333,0.216341,0.253714,O=C(/C=C/c1ccccc1)[N-]C(=S)Nc1cccs1
decoy_2856,0.270409,0.300145,0.535097,0.572891,0.356891,0.381676,O=C(CCCOc1ccccc1)Nc1c[nH]c(=O)[nH]c1=O
decoy_2857,0.24486,0.302113,0.420949,0.496394,0.309571,0.356824,O=C1Nc2ccccc2[C@@]12NC=Nc1[nH+]c3ccccc3n12
decoy_2858,0.246746,0.309104,0.421529,0.501335,0.306218,0.37694,O=C1Nc2ccccc2[C@]12NC=Nc1[nH+]c3ccccc3n12
decoy_2859,0.293412,0.333421,0.508057,0.541377,0.346235,0.386671,O=c1[nH]c2ccc(S(=O)(=O)Nc3ccccc3)cc2[nH]1
decoy_286,0.361425,0.347338,0.564762,0.591415,0.428573,0.427712,O=c1ccnc(-c2ccccc2)[nH]1
decoy_2860,0.217375,0.279406,0.434219,0.486274,0.264014,0.344316,O=C([N-]C(=S)NNC(=O)c1ccn[nH]1)c1ccccc1
decoy_2861,0.181748,0.234904,0.332801,0.412221,0.238235,0.298843,O=S(=O)(/N=C/[N-]/N=C/c1cnccn1)c1ccccc1
decoy_2862,0.197373,0.250064,0.414375,0.546512,0.248597,0.321469,O=C1C=C(C(=O)/C=C/c2ccccc2)[C@@H](c2ccccc2)N1
decoy_2863,0.203701,0.324664,0.434664,0.618563,0.284117,0.40611,O=C(C[NH+]1CCCCC1)Nc1ccc2c(c1)NC(=O)CO2
decoy_2864,0.170155,0.234034,0.374651,0.466192,0.252147,0.332243,O=C(C[N@H+]1CCCNCC1)Nc1ccc2[nH]c(=O)[nH]c2c1
decoy_2865,0.259431,0.299014,0.426872,0.469598,0.301444,0.347634,O=C1NC(=S)S/C1=C/c1cnc2ccccn2c1=O
decoy_2866,0.167729,0.237217,0.350622,0.481906,0.242654,0.299171,O=C(Cc1ccccc1)NCS(=O)(=O)c1ccccc1
decoy_2867,0.135429,0.200886,0.308235,0.482449,0.190629,0.281749,O=C(COC(=O)CCc1ccccc1)Nc1cccs1
decoy_2868,0.140764,0.16439,0.306934,0.344057,0.199555,0.239989,O=C(CCC(=O)Nc1nccs1)NCc1ccccc1
decoy_2869,0.174296,0.195997,0.354507,0.387658,0.247209,0.268508,O=C(CNCC(=O)Nc1cccs1)Nc1ccccc1
decoy_287,0.283631,0.360914,0.437107,0.590238,0.313857,0.386193,c1ccc(Nc2ncncn2)cc1
decoy_2870,0.165364,0.234824,0.339162,0.464384,0.234853,0.306483,O=C(NCCc1ccccc1)NNC(=O)c1cccs1
decoy_2871,0.138446,0.206258,0.294886,0.422569,0.200532,0.286638,O=C(NCCc1cccs1)NNC(=O)c1ccccc1
decoy_2872,0.24842,0.29622,0.489555,0.539415,0.312071,0.363812,O=C(C[C@H]1NNCS1)N/N=C/C1=c2ccccc2=NC1
decoy_2873,0.122756,0.164014,0.306595,0.377699,0.184712,0.250836,O=C(Cc1ccccc1)NNC(=O)NCC1CCCCC1
decoy_2874,0.328336,0.351385,0.6761,0.673237,0.431198,0.438865,O=C(CCCNC(=O)c1ccccc1)NC1CC[NH2+]CC1
decoy_2875,0.184029,0.255916,0.411926,0.5275,0.268531,0.336237,O=C(NC[C@@H]1OCC[C@H]1[NH+]1CCCC1)Nc1ccccc1
decoy_2876,0.120616,0.237131,0.303567,0.509873,0.187489,0.323707,O=C(NCCC[NH+]1CCCCC1)C(=O)Nc1ccccc1
decoy_2877,0.152807,0.25036,0.365174,0.523828,0.221256,0.316325,O=C(NCCCN/C=[NH+]/C[C@H]1CCCO1)c1ccccc1
decoy_2878,0.109319,0.175693,0.27538,0.391839,0.168421,0.268623,O=C(NCC[NH+]1CCCCCC1)C(=O)Nc1ccccc1
decoy_2879,0.178696,0.235517,0.394921,0.470816,0.260998,0.311357,O=C(NCC1CCCCC1)NN[C@H]1CCS(=O)(=O)C1
decoy_288,0.287108,0.312694,0.423358,0.560634,0.3306,0.374316,c1ccc(Nc2ccncn2)nc1
decoy_2880,0.19466,0.241637,0.412443,0.499044,0.2604,0.304932,O=C(C[C@H]1CSCN1)NCCc1c[nH]c2ccccc12
decoy_2881,0.249173,0.23065,0.477039,0.434721,0.302759,0.295072,C1=CC2(SC=CS2)C2=C(CNc3ccccc32)S1
decoy_2883,0.186581,0.227183,0.329261,0.398804,0.236995,0.304132,NC(C(=O)Nc1ccccc1)=C1C(=O)NC(=S)NC1=O
decoy_2884,0.214347,0.25818,0.457064,0.52953,0.2837,0.325113,O=C1C=C[C@]2(C=C[C@H]3C=CO[C@@H](O[C@H]4CCCCO4)[C@H]32)O1
decoy_2885,0.14129,0.209159,0.315737,0.420307,0.211148,0.288685,O=C(NCCc1ccccc1)NNC(=O)C(=O)NC1CC1
decoy_2886,0.198766,0.217458,0.38797,0.401783,0.263393,0.284042,c1ccc(-c2ccc(C(c3cn[nH]c3)c3cn[nH]c3)o2)cc1
decoy_2887,0.187574,0.288595,0.37216,0.54675,0.244594,0.343959,O=C(CNS(=O)(=O)c1ccccc1)Nc1ccccc1
decoy_2888,0.255915,0.261536,0.510264,0.526951,0.313792,0.328518,O=C(COC(=O)c1ccc[nH]1)Nc1cc2c(s1)CCC2
decoy_2889,0.170858,0.202155,0.364105,0.40982,0.228367,0.281857,O=C(COC(=O)c1cscn1)NCCc1ccccc1
decoy_289,0.372628,0.386697,0.573558,0.665508,0.405788,0.425816,c1cncc(Nc2ccncn2)c1
decoy_2890,0.23574,0.31702,0.46441,0.564266,0.321828,0.400294,O=c1cc(CS[C@@H]2NN[C@@H](c3ccncc3)N2)nc[nH]1
decoy_2891,0.159788,0.157802,0.397413,0.384849,0.234284,0.233495,O=C(/C=C/c1ccccc1)OCCCO[C@@H]1CCCCO1
decoy_2892,0.177733,0.222773,0.419102,0.52467,0.246714,0.296068,O=C1CN(Cc2ccccc2OC[C@H]2CCCO2)CCN1
decoy_2893,0.24182,0.264807,0.564092,0.609379,0.344489,0.370161,O=C1CN(Cc2cccc(OC[C@H]3CCCO3)c2)CCN1
decoy_2894,0.244962,0.259684,0.559105,0.581672,0.320975,0.32692,O=C1CN(Cc2ccc(OC[C@H]3CCCO3)cc2)CCN1
decoy_2895,0.13288,0.260514,0.330267,0.623616,0.199217,0.32808,O=C(N/N=C/CCCO[C@@H]1CCCCO1)c1ccccc1
decoy_2896,0.225867,0.339499,0.409744,0.572448,0.275918,0.389631,O=S1(=O)CCC(NS(=O)(=O)c2cccnc2)CC1
decoy_2897,0.193437,0.243622,0.429915,0.559694,0.258781,0.306385,O=C(/C=C/c1ccccc1)NCCc1c[nH]c2ccccc12
decoy_2898,0.164377,0.223436,0.375707,0.477031,0.254803,0.299927,O=C(Nc1ccccc1N1CC[NH2+]CC1)N1CCOCC1
decoy_2899,0.334615,0.369885,0.689902,0.685134,0.433252,0.453407,O=C(NCCNC(=O)c1ccccc1)NC1CC[NH2+]CC1
decoy_29,0.262063,0.267587,0.486517,0.506631,0.313531,0.330243,c1cc2c(o1)CCCC2
decoy_290,0.251289,0.286982,0.473508,0.521353,0.298122,0.338728,C1CC[C@@H](O[C@H]2CCCO2)OC1
decoy_2900,0.360018,0.404365,0.66581,0.738901,0.459919,0.48065,c1ccc(-c2nc(N3CC[NH2+]CC3)nc3ccccc23)cc1
decoy_2901,0.220519,0.299314,0.471444,0.619686,0.304646,0.377301,c1c[nH]c(Cc2ccc(Cc3ccc(-c4ccc[nH]4)[nH]3)[nH]2)c1
decoy_2902,0.178618,0.208035,0.333476,0.402279,0.236947,0.289299,O=C(CSc1nncs1)Cc1nc2ccccc2[nH]1
decoy_2903,0.226847,0.300368,0.471336,0.68219,0.272034,0.384238,O=c1c2c3c(sc2ncn1C[C@H]1CCCO1)CCCC3
decoy_2904,0.137249,0.205868,0.313697,0.430577,0.21029,0.321845,O=S(=O)(NCC[NH2+]Cc1ccccc1)c1ccccc1
decoy_2905,0.151207,0.190268,0.334718,0.373153,0.207499,0.25481,O=C1NCC[N@@H+]2C[C@@H](NC(=S)Nc3ccccc3)C[C@@H]12
decoy_2906,0.388943,0.483045,0.677974,0.789392,0.497068,0.571206,O=c1[nH]c(N2CC[NH2+]CC2)nc2sc3c(c12)CCCC3
decoy_2907,0.248612,0.310204,0.486078,0.561929,0.290316,0.369257,O=C(C[NH+]1CCCCC1)[N-]c1nc(-c2cc[nH]c2)cs1
decoy_291,0.244237,0.297408,0.476283,0.539587,0.293878,0.346136,C1CC[C@@H](O[C@H]2CCOC2)OC1
decoy_2910,0.231209,0.348961,0.464645,0.648914,0.28284,0.423016,O=c1[nH]cc(S(=O)(=O)NCC2CCCCCC2)s1
decoy_2911,0.167618,0.195978,0.375142,0.407808,0.242649,0.273415,c1ccc([C@@]23CN4C[N@@H+](C2)C[C@](c2ccccc2)(C4)C3)cc1
decoy_2912,0.139124,0.158501,0.33561,0.352992,0.204582,0.230381,c1ccc(CC[NH2+]Cc2ccn(Cc3ccccc3)c2)cc1
decoy_2913,0.165271,0.221205,0.388002,0.501266,0.235471,0.32137,NC1=C2CCC[C@H]1[C@@H](c1ccccc1)N[C@H]2c1ccccc1
decoy_2914,0.226765,0.285707,0.500126,0.587501,0.307599,0.367835,O=C(NC[C@H]1CCCN(Cc2[nH]cc[nH+]2)C1)C1CCCC1
decoy_2915,0.168827,0.223355,0.405233,0.486708,0.232887,0.287767,O=C(NCCC[NH+]1CCCCC1)c1n[nH]c2c1CCCC2
decoy_2916,0.217143,0.216723,0.423152,0.408758,0.279574,0.28014,O=C(CSc1ccccn1)Nc1cc2c(s1)CCC2
decoy_2917,0.422881,0.377152,0.70856,0.65294,0.463119,0.439449,O=C(/C=C/c1cccs1)Nc1cc2c(s1)C[NH2+]CC2
decoy_2918,0.103601,0.165322,0.268715,0.426485,0.179103,0.235208,O=C(C[C@@H]1c2ncsc2C[C@@H]2CCCC[C@@H]21)NC1CC1
decoy_2919,0.19174,0.204636,0.398326,0.40436,0.256173,0.261972,O=C(COC(=O)c1ccccn1)NC(=O)NC1CCCC1
decoy_292,0.247996,0.28523,0.444345,0.525619,0.298852,0.32879,C1COC[C@@H](O[C@H]2CCCO2)C1
decoy_2920,0.244196,0.200834,0.453194,0.379557,0.306353,0.256839,[NH2+]=c1oc2ccccc2cc1C(=O)N/N=C/c1ccccc1
decoy_2921,0.218642,0.290901,0.413774,0.545848,0.273218,0.34988,O=c1c([C@H]2N=C(c3ccccc3)NO2)c[nH]c2ccccc12
decoy_2922,0.164995,0.246396,0.331909,0.445656,0.228943,0.317802,[NH2+]=C(N/N=C/c1ccccc1)c1c[n+]([O-])c2ccccc2n1
decoy_2923,0.198169,0.237164,0.376852,0.42634,0.266825,0.301215,O=C1Nc2ccccc2[C@]12NC(Nc1ccccc1)=NC=[NH+]2
decoy_2924,0.172505,0.184255,0.343655,0.361682,0.239732,0.254714,O=C(CSCC(=O)Nc1ccon1)Nc1ccccc1
decoy_2925,0.314947,0.352923,0.576257,0.592178,0.381167,0.421062,O=C(CSc1nc[nH]n1)NCC(=O)Nc1ccccc1
decoy_2926,0.206266,0.264273,0.465037,0.773232,0.284295,0.322078,O=C(c1ccccc1)N(Cc1ccccc1)Cc1ccco1
decoy_2927,0.194897,0.26821,0.437255,0.631929,0.253481,0.337775,O=C(NCc1ccco1)C(c1ccccc1)c1ccccc1
decoy_2928,0.268316,0.307055,0.562514,0.608022,0.371284,0.398698,NC1=CCCc2oc(C(=O)NCCN3CCOCC3)cc21
decoy_2929,0.151873,0.218698,0.349846,0.476213,0.211218,0.290983,O=C(COc1ccccc1)NNC(=O)NC1CCCCC1
decoy_293,0.532615,0.45525,0.769927,0.708576,0.598955,0.522681,c1ccc2c3c([nH]c2c1)C[NH2+]CC3
decoy_2930,0.369834,0.40698,0.692279,0.738804,0.457803,0.48728,O=C(NC[C@H]1COc2ccccc2O1)NC1CC[NH2+]CC1
decoy_2931,0.125287,0.24132,0.305751,0.509773,0.190867,0.33712,O=C(NCCC[NH+]1CCOCC1)C(=O)Nc1ccccc1
decoy_2932,0.235228,0.253009,0.482321,0.505196,0.300678,0.313551,O=C1c2ccccc2NCN1CCC1=c2ccccc2=NC1
decoy_2933,0.350556,0.354739,0.665502,0.670663,0.439995,0.416864,O=C1NCNc2c1[nH+]c(N1CCCCC1)n2[C@@H]1CCCO1
decoy_2934,0.182059,0.258386,0.392351,0.504276,0.261009,0.343455,O=c1[nH]cnc2c1N[C@H]([NH+]1CCCCC1)N2[C@H]1CCCO1
decoy_2935,0.213403,0.263943,0.455426,0.55161,0.262482,0.340619,c1ccc(CNCc2ncnc(Nc3ccccc3)n2)cc1
decoy_2936,0.198616,0.176431,0.34781,0.320898,0.251573,0.234531,O=C(CSc1nc[nH]n1)Nc1ccc2ncsc2c1
decoy_2937,0.154412,0.256728,0.299761,0.47402,0.216783,0.325024,O=C(CSC1N=c2ccccc2=N1)Nc1nncs1
decoy_2938,0.192059,0.273229,0.432507,0.641266,0.259034,0.334854,C=C1C(=O)/C(=C/c2ccccc2)S/C1=N\c1ccccc1
decoy_2939,0.299056,0.334977,0.58303,0.603639,0.38961,0.41913,O=C1CSc2ccc(C(=O)NC3CC[NH2+]CC3)cc2N1
decoy_294,0.301331,0.350827,0.423812,0.542001,0.314834,0.380234,c1ccc2c(c1)=N[C@H]1C[NH2+]CCC=21
decoy_2940,0.171481,0.260408,0.359382,0.591901,0.230428,0.319288,S=c1[nH]c(COc2ccccc2)nn1[C@@H]1CCCCO1
decoy_2941,0.133559,0.167739,0.339426,0.381511,0.202107,0.254986,O=C(CCC[NH2+]CCc1ccccc1)O[C@@H]1CCCCO1
decoy_2943,0.163573,0.279775,0.38977,0.596878,0.250876,0.368329,O=C(NCCC[NH+]1CCCCC1)c1noc2c1CCCC2
decoy_2944,0.200931,0.258806,0.411915,0.547148,0.246002,0.327798,C1=C(CSc2n[nH]c(/C=C/c3ccco3)n2)CCS1
decoy_2945,0.152804,0.225303,0.320302,0.483269,0.209361,0.292945,O=C(CSC1N=c2ccccc2=N1)N[C@@H]1CC=CS1
decoy_2947,0.192813,0.282018,0.365073,0.533098,0.249978,0.333426,O=C(NCNC(=S)Nc1ccccc1)c1cccs1
decoy_2948,0.162425,0.22773,0.361451,0.465089,0.227307,0.297554,O=C(CCc1ccccc1)NNC(=S)NC1CCCC1
decoy_2949,0.342545,0.385416,0.650138,0.705736,0.436499,0.460676,O=C(NC1CC[NH2+]CC1)N[C@H]1CCSc2ccccc21
decoy_295,0.314012,0.330137,0.531886,0.575624,0.354427,0.391394,C1=C2Nc3ccccc3CN2CC1
decoy_2950,0.198713,0.259542,0.396109,0.524588,0.267161,0.364746,c1ccc2c(c1)CC[N@H+](CCCSc1nncs1)C2
decoy_2951,0.181218,0.232589,0.343563,0.397235,0.229831,0.286639,O=C1[N-]C(=O)N(c2ccccc2)C(=O)/C1=C\c1ccccc1
decoy_2952,0.216583,0.262496,0.383876,0.482737,0.269292,0.309955,O=c1ccoc2c1[N-]C=C[C@H]2c1conc1-c1ccccc1
decoy_2953,0.22144,0.237753,0.40215,0.440877,0.283802,0.298427,O=c1[nH]cnc2c1[C@H](c1ccc(-c3ccccc3)o1)C=CO2
decoy_2954,0.22897,0.24299,0.432426,0.479272,0.26737,0.302034,O=C(N/N=C/c1cc2ccccc2oc1=O)c1ccccc1
decoy_2955,0.17607,0.217605,0.353,0.431022,0.226827,0.285211,O=C(N/N=C/[C@@H]1N=c2ccccc2=NC1=O)c1ccccc1
decoy_2956,0.194944,0.203175,0.385247,0.390547,0.245945,0.288796,O=C(NNC(=O)c1cnc2ccccc2c1)c1cccnc1
decoy_2957,0.213789,0.236595,0.40728,0.424437,0.277729,0.295321,O=C(COC(=O)c1cnoc1)Nc1cc2c(s1)CCC2
decoy_2958,0.19591,0.230982,0.465995,0.50619,0.276686,0.313577,O=C(O[C@@H]1CC[C@@H](O[C@H]2CCCO2)CO1)c1ccccc1
decoy_2959,0.089547,0.104827,0.205005,0.222728,0.155798,0.173261,C=C1c2ccccc2C([O-])=C2C(=O)[C@@H]3C=CC(=O)C[C@@H]3C[C@H]12
decoy_296,0.30779,0.329016,0.619959,0.657969,0.371503,0.40121,C(=C/c1ccc[nH]1)\Cc1ccc[nH]1
decoy_2960,0.215814,0.235872,0.403566,0.419342,0.281111,0.286879,C=C1C(=O)C[C@H]2C[C@H]3Cc4ccccc4C=C3C([O-])=C2C1=O
decoy_2961,0.238184,0.260205,0.490678,0.499781,0.291509,0.322165,C=C1C(=O)C[C@@H]2C[C@H]3Cc4ccccc4C(=O)C3=C[C@@H]2C1=O
decoy_2962,0.153775,0.181903,0.342987,0.39505,0.217536,0.280436,[H]/N=C(/CC(=O)/C=C/c1ccccc1)C(=O)Nc1ccccc1
decoy_2963,0.350027,0.360237,0.636247,0.656135,0.445954,0.448542,O=C1c2ccccc2C(=O)c2cc(N3CC[NH2+]CC3)ccc21
decoy_2964,0.153792,0.184063,0.3324,0.363429,0.215652,0.26713,O=C1[C@H]2[C@H](C[NH2+][C@H]2c2ccccc2)C(=O)N1c1ccccc1
decoy_2965,0.190946,0.250934,0.399332,0.490464,0.250595,0.306636,O=C1Nc2ccc(-c3ccccc3)cc2C(=O)N2CCC[C@@H]12
decoy_2966,0.19364,0.221419,0.411932,0.467942,0.255875,0.291456,O=C(c1cccnc1)N(Cc1ccccc1)Cc1ccco1
decoy_2967,0.184454,0.277431,0.39336,0.585277,0.230708,0.332408,O=C(NCCc1ccccc1)c1cc(=O)[nH]c2ccccc12
decoy_2968,0.130253,0.165258,0.306923,0.351267,0.189688,0.240294,O=C(COc1ccccc1)NNC(=O)NC1CC[NH2+]CC1
decoy_2969,0.314223,0.349688,0.57294,0.625745,0.397769,0.417398,O=C(Nc1ccccc1)c1cccc(NCc2c[nH]c[nH+]2)c1
decoy_297,0.251147,0.312756,0.485445,0.77416,0.298531,0.37022,c1ccc(CCn2cccn2)cc1
decoy_2970,0.274249,0.359519,0.561266,0.644714,0.351478,0.440155,[H]/N=C1/C=CC2=N[C@@H](CC[C@@H]3N=C4C=C/C(=N/[H])C=C4N3)NC2=C1
decoy_2971,0.200479,0.251844,0.431815,0.600061,0.270634,0.298498,O=C(c1ccns1)N(Cc1ccco1)C[C@H]1CCCO1
decoy_2972,0.127801,0.155272,0.265483,0.303752,0.181171,0.213326,O=C1C[C@@H](c2ccccc2)C2=c3ncccc3=CSC2=[NH+]1
decoy_2973,0.372831,0.47434,0.654717,0.775292,0.474734,0.553882,O=c1[nH]c(N2CC[NH2+]CC2)nc2sc3c(c12)CCOC3
decoy_2974,0.189025,0.259226,0.385178,0.504681,0.272049,0.33765,O=C(CNC1(c2ncon2)CCCC1)Nc1cccs1
decoy_2975,0.173007,0.212167,0.422843,0.49204,0.247027,0.301492,c1ccc(CO[C@H]2OCCC[C@H]2O[C@H]2CCCCO2)cc1
decoy_2976,0.157649,0.178816,0.408065,0.434015,0.240907,0.261036,c1ccc(O[C@@H]2CCC[C@@H](CO[C@H]3CCCCO3)O2)cc1
decoy_2977,0.186533,0.213961,0.451914,0.512774,0.258126,0.302449,c1ccc(CCO[C@H]2OCCC[C@H]2O[C@H]2CCCO2)cc1
decoy_2979,0.150195,0.236872,0.344676,0.516456,0.220935,0.327759,c1ccc(NCC[NH2+]Cc2ccc(-c3ccccc3)o2)cc1
decoy_298,0.280944,0.318141,0.420631,0.564144,0.321597,0.351157,O=S1(=O)C[C@H]2CC=CC[C@@H]2C1
decoy_2980,0.165256,0.231707,0.386223,0.533819,0.233537,0.31771,O=C(CCc1ccccc1)NCCC1=c2ccccc2=NC1
decoy_2981,0.214305,0.282497,0.372868,0.51598,0.266035,0.322626,O=C(COc1ccccc1)[N-]C(=S)Nc1cccs1
decoy_2982,0.21613,0.264256,0.496358,0.549095,0.293145,0.345162,O=C(NCCC[NH+]1CCCCC1)NCc1ccc[nH]c1=O
decoy_2983,0.19367,0.228202,0.41187,0.449649,0.261969,0.298446,c1ccc(N2CC[NH+](Cc3c[nH]c4ccccc34)CC2)nc1
decoy_2984,0.182375,0.234086,0.414472,0.493705,0.256183,0.312385,c1ccc([C@H]2C[NH2+][C@H](NCc3c[nH]c4ccccc34)[NH2+]2)cc1
decoy_2985,0.18282,0.234398,0.398117,0.476188,0.246981,0.29356,c1ccc2c(C[NH2+]Cc3ncc4c(n3)CCCC4)c[nH]c2c1
decoy_2986,0.187073,0.219478,0.406155,0.434295,0.262715,0.290765,c1ccc2c(c1)NC[C@@H]2C[NH2+]CCC1N=c2ccccc2=N1
decoy_2987,0.26731,0.312136,0.621864,0.653269,0.377701,0.401853,c1cc(N2CC[NH2+]CC2)nc(NCC[NH+]2CCOCC2)n1
decoy_2988,0.148802,0.208031,0.370962,0.476583,0.221091,0.277322,c1ccc(C[NH2+][C@H]2CC3(CC[NH2+]CC3)c3ccccc32)cc1
decoy_299,0.338467,0.311347,0.553829,0.549761,0.353944,0.351944,c1cnc2cc3c(cc2c1)OCO3
decoy_2990,0.134626,0.201052,0.299687,0.462097,0.192446,0.294104,O=C(CNCc1cccs1)Nc1cc2c(s1)CCC2
decoy_2991,0.19235,0.22512,0.428554,0.460689,0.275174,0.298236,c1ccc(C[NH2+]C[C@]2(N3CCOCC3)CCSC2)cc1
decoy_2992,0.161911,0.235392,0.37709,0.527783,0.240264,0.313167,O=C(CC[NH+]1CCCCC1)Nc1cc2c(s1)CCCC2
decoy_2993,0.197257,0.254619,0.479918,0.597923,0.287159,0.342183,O=C(C[C@H]1CC[C@@H]2CCCC[C@H]2C1)NCC[NH+]1CCCC1
decoy_2994,0.218195,0.276563,0.441489,0.605789,0.2842,0.356455,O=C1OC(c2ccccc2)=N/C1=C/c1ccc2c(c1)OCO2
decoy_2995,0.225019,0.25636,0.442702,0.513636,0.312721,0.333006,c1ccc(COc2cc3[nH]c(-c4cnon4)nc3cn2)cc1
decoy_2996,0.151522,0.214568,0.324806,0.425599,0.209281,0.292228,O=C1[C@H]2[C@H](C[NH2+][C@H]2c2ccccn2)C(=O)N1c1ccccc1
decoy_2997,0.213378,0.268536,0.417624,0.511924,0.267736,0.329775,O=C1NC=C(C(=O)Nc2ccccc2)[C@H](c2ccccc2)N1
decoy_2998,0.202192,0.265203,0.407927,0.522814,0.263484,0.338512,O=C(CC1=c2ccccc2=NC1)NNC(=O)c1ccccc1
decoy_2999,0.161121,0.19372,0.337631,0.41701,0.218081,0.26585,O=C(CN1C(=O)C=CNc2ccccc21)Nc1ccccc1
decoy_3,0.260417,0.232103,0.57782,0.562387,0.354878,0.337324,C=c1ccccc1=C
decoy_30,0.292779,0.273221,0.511554,0.522564,0.32113,0.33324,c1cnn(CC2CC2)c1
decoy_300,0.268825,0.287058,0.484085,0.536492,0.326509,0.34877,c1ccc(NCc2ccco2)cc1
decoy_3000,0.209661,0.208969,0.41255,0.418586,0.266087,0.267096,O=C(NCc1cc2ccccc2[nH]c1=O)Nc1ccccc1
decoy_3001,0.239571,0.255986,0.474664,0.485678,0.30388,0.318266,O=C1c2nccnc2NCN1CCC1=c2ccccc2=NC1
decoy_3002,0.23664,0.286501,0.447539,0.543108,0.290774,0.346411,O=C(Cn1c(=O)[nH]c(=O)c2ccsc21)N1CCCCC1
decoy_3003,0.244805,0.3008,0.51493,0.555919,0.316477,0.384304,O=C(NCC[NH2+]Cc1cn[nH]c1)C(=O)Nc1cccs1
decoy_3004,0.147735,0.166625,0.360043,0.371688,0.217623,0.251893,c1coc(COCCC[NH2+]CCCOCc2ccco2)c1
decoy_3005,0.182478,0.197074,0.401036,0.411562,0.256298,0.267294,C1=NC=[NH+][C@@H](CCCOc2ccccc2)N1c1ccccc1
decoy_3006,0.350218,0.311495,0.776513,0.751555,0.433134,0.385332,C1=NC=[NH+]CN1c1ccc(OCCCc2ccccc2)cc1
decoy_3007,0.244155,0.300376,0.575351,0.719179,0.309218,0.38301,O=C1Cc2c(ncc3cnccc23)N1CCC1=CCCCC1
decoy_3008,0.207032,0.272192,0.433737,0.527368,0.274118,0.338559,O=C1NC(C[NH2+]Cc2ccccc2)=C[C@@H](c2ccccc2)N1
decoy_3009,0.181635,0.203765,0.402552,0.435103,0.252523,0.277913,O=C(CCC1=c2ccccc2=NC1)NCCc1ccccn1
decoy_301,0.274672,0.292043,0.487609,0.546264,0.336743,0.353589,c1ccc(NCc2ccoc2)cc1
decoy_3010,0.205984,0.268162,0.452883,0.599769,0.274303,0.343291,O=C(NCCc1ccccc1)C1=NN(c2ccccc2)CC1
decoy_3011,0.183022,0.2276,0.399366,0.463792,0.255653,0.293601,O=C(NCC[NH2+]Cc1c[nH]c2ccccc12)c1ccccc1
decoy_3012,0.22991,0.246965,0.43168,0.446797,0.293102,0.314921,C=C(C(=O)N[C@H]1C(=O)N2C=CCS[C@@H]12)c1cscn1
decoy_3013,0.210088,0.315028,0.453345,0.632573,0.290453,0.394812,c1cc(N2CCOCC2)nc(NCC[NH+]2CCOCC2)n1
decoy_3014,0.213809,0.310378,0.403338,0.576445,0.258175,0.364053,[H]/N=C(/C(=O)N[C@H]1C(=O)N2C=CCS[C@@H]12)c1ccsc1
decoy_3015,0.162548,0.261743,0.393988,0.523705,0.23028,0.345746,O=C(NCCC[NH+]1CCCCC1)NNC(=O)c1ccc[nH]1
decoy_3016,0.18504,0.225513,0.389825,0.436514,0.255024,0.306728,c1ccc2c(c1)[nH]cc2[C@H]1CC[N@H+](Cc2ncncn2)CC1
decoy_3017,0.13512,0.185376,0.306572,0.388269,0.207496,0.247767,c1ccc(-c2ncn(C3CC[NH2+]CC3)c2-c2c[nH]cn2)cc1
decoy_3018,0.330483,0.370714,0.619762,0.673334,0.412373,0.453684,c1cc(NC2CC[NH2+]CC2)nc(-c2cnc3ccccn23)c1
decoy_3019,0.2183,0.263434,0.374504,0.45429,0.266552,0.323409,O=C1N/C(=C\Sc2nc[nH]n2)C[C@@H](c2cccs2)N1
decoy_302,0.378334,0.446718,0.582262,0.70687,0.414405,0.461504,c1ccc(NCc2c[nH+]c[nH]2)cc1
decoy_3020,0.221123,0.287671,0.390413,0.49771,0.261368,0.337625,O=C(CSc1nc[nH]n1)N[C@H]1Nc2ccccc2S1
decoy_3021,0.174796,0.214019,0.378707,0.428258,0.222985,0.276673,O=C(CSc1ccccn1)NC(=O)NC1CCCCC1
decoy_3022,0.164349,0.275744,0.410504,0.594067,0.248435,0.376053,O=C(C[NH+]1CCCCC1)NC(=O)NC[C@H]1C[C@@H]2CC[C@H]1C2
decoy_3023,0.261803,0.269951,0.527531,0.548075,0.332774,0.335396,O=C(C[N@@H+]1CCCNCC1)Nc1cc2c(s1)CCCC2
decoy_3024,0.243829,0.295733,0.473734,0.578101,0.298152,0.34926,O=C1[C@H]2[C@H](ON[C@@H]2c2ccccc2)C(=O)N1c1ccccc1
decoy_3025,0.204598,0.251276,0.415235,0.488988,0.265882,0.313318,O=C(CN1C(=O)N[C@H](c2ccccc2)C1=O)c1ccccc1
decoy_3026,0.173806,0.207287,0.366416,0.461416,0.236358,0.288536,O=C(NCc1cc2ccccc2o1)C(=O)Nc1ccccc1
decoy_3027,0.169682,0.245061,0.349271,0.480885,0.234711,0.310932,O=C(CNC(=O)c1ccccc1)NC1N=c2ccccc2=N1
decoy_3028,0.20775,0.246134,0.403074,0.458847,0.266793,0.30525,O=C(NCc1nc2ccccc2c(=O)[nH]1)Nc1ccccc1
decoy_3029,0.179838,0.204901,0.369815,0.406628,0.2431,0.266086,O=C(N/N=C/c1ccccc1)C(=O)N/N=C/c1ccccc1
decoy_303,0.188493,0.204923,0.328609,0.406852,0.235674,0.289119,C1O[C@H]2OC[C@H]3OCO[C@H]3[C@H]2O1
decoy_3030,0.15185,0.208877,0.317865,0.403683,0.214439,0.294111,O=C(NNC(=O)[C@@H]1C=c2ccccc2=N1)Nc1ccccc1
decoy_3031,0.231622,0.291632,0.483385,0.571176,0.302228,0.363513,O=C(Cn1nnc(-c2ccccc2)n1)NCc1ccncc1
decoy_3032,0.170007,0.275355,0.342275,0.523108,0.22931,0.358883,O=C(CNS(=O)(=O)c1ccccc1)NCc1ccco1
decoy_3033,0.143994,0.169658,0.330718,0.354986,0.205289,0.263391,O=C1C[C@H]([NH2+]CCc2ccccc2)C(=O)N1c1ccccc1
decoy_3034,0.197535,0.223622,0.423673,0.464276,0.266204,0.287681,O=C1CC[C@@H](C(=O)N(Cc2ccccc2)c2ccccc2)N1
decoy_3035,0.195806,0.259573,0.421488,0.601943,0.252291,0.314937,O=C(c1ccccc1)N1C[C@H]2C[C@@H](C1)c1cccc(=O)n1C2
decoy_3036,0.264295,0.353879,0.492488,0.608881,0.314632,0.399348,[H]/N=C(/C(=O)N[C@H]1C(=O)N2C=CCS[C@@H]12)c1cncs1
decoy_3037,0.185924,0.232101,0.340552,0.441852,0.239431,0.296607,O=C1NC(CSc2nncs2)=C[C@@H](c2ccco2)N1
decoy_3038,0.207752,0.255294,0.421289,0.496778,0.260804,0.313871,c1cc(NC2CCCC2)nc(Nc2ccn3cc[nH+]c3c2)n1
decoy_3039,0.299411,0.307174,0.557668,0.564092,0.381147,0.391096,c1ccc(Nc2cc(NCCCn3cc[nH+]c3)ncn2)cc1
decoy_304,0.249674,0.270985,0.465561,0.518956,0.293833,0.325873,c1ccc(OCc2ccco2)cc1
decoy_3040,0.159274,0.199855,0.34702,0.394405,0.222182,0.261812,O=C1NCC[N@@H+]2C[C@@H](NC(=S)NCc3ccco3)C[C@@H]12
decoy_3041,0.167612,0.236174,0.390545,0.525739,0.23128,0.306093,c1ccc(OCCC[NH2+]CCc2c[nH]c3ccccc23)cc1
decoy_3043,0.181923,0.24429,0.417091,0.54902,0.26161,0.315156,O=C(Nc1ccccc1)[C@H]1CCC[N@H+](Cc2ccccc2)C1
decoy_3044,0.189858,0.206498,0.423184,0.429757,0.268442,0.285279,O=C(NC[C@@H](c1ccccc1)[NH+]1CCCC1)c1ccccc1
decoy_3045,0.150014,0.171488,0.31941,0.36608,0.209858,0.250272,O=C(CCCC(=O)Nc1cccs1)Nc1cccs1
decoy_3046,0.181521,0.19658,0.445619,0.471856,0.255837,0.254613,C(=[NH+]/CCCCCC/[NH+]=C/c1ccncc1)\c1ccncc1
decoy_3047,0.141402,0.182366,0.338113,0.383917,0.214869,0.270471,c1ccc(NCC[NH2+]CCCn2ccc3ccccc32)nc1
decoy_3048,0.27405,0.273424,0.538154,0.539107,0.357067,0.368912,O=C(CCSc1nc[nH]n1)Nc1cc2c(s1)CCC2
decoy_3049,0.31363,0.355947,0.583511,0.657074,0.372573,0.419685,O=C(CSc1nc[nH]n1)Nc1cc2c(s1)CCCC2
decoy_305,0.267391,0.33092,0.400888,0.521095,0.295084,0.352931,O=C1NC=C[C@@H](c2ccccc2)N1
decoy_3051,0.094998,0.159281,0.272337,0.409726,0.154333,0.232727,c1nnc(CCC[NH2+]C[C@H]2CCC[N@H+]3CCCC[C@H]23)s1
decoy_3052,0.183037,0.249059,0.365735,0.499594,0.236877,0.317488,O=C(N[C@H]1NC(=O)N(c2ccccc2)C1=O)c1ccccc1
decoy_3053,0.19005,0.234674,0.369813,0.414432,0.242473,0.288638,Nc1nc[nH]c(=O)c1[C@H](c1ccccc1)[C@H]1C=NC=[NH+]C1=O
decoy_3054,0.173334,0.26593,0.357764,0.506503,0.238925,0.327901,O=C(NNc1cc(Nc2ccccc2)ncn1)c1ccco1
decoy_3055,0.222378,0.251961,0.419156,0.494051,0.272775,0.314815,O=C(Cn1c(=O)[nH]c(=O)c2ccsc21)N1CCOCC1
decoy_3056,0.396416,0.368167,0.825499,0.81995,0.489162,0.460815,C1=NC=[NH+]CN1c1ccc(OCCOc2ccccc2)cc1
decoy_3057,0.146084,0.185506,0.322227,0.387694,0.211446,0.272604,O=C(Nc1ccccc1)N[C@H]1CC(=O)N(c2ccccc2)C1
decoy_3058,0.345073,0.358733,0.656063,0.63938,0.41927,0.430126,O=C(NCc1ccccc1)C(=O)Nc1cccc2c1C[NH2+]C2
decoy_3059,0.182439,0.296506,0.386919,0.614818,0.240535,0.359553,c1ccc(CNc2ncnc3c2ncn3[C@@H]2CCCO2)cc1
decoy_306,0.23295,0.232559,0.352674,0.377856,0.273643,0.295034,c1ccc(NCc2nnc[nH]2)cc1
decoy_3060,0.296201,0.35976,0.610482,0.652102,0.392601,0.444494,NC1=NC(N)=[N+](c2cccc(OCc3ccccc3)c2)CN1
decoy_3061,0.279913,0.370301,0.55018,0.643836,0.369864,0.439851,O=C1N=C[C@H]2C[NH+]=CN[C@H]2N1CCC1=c2ccccc2=NC1
decoy_3062,0.346844,0.41983,0.651206,0.686846,0.43764,0.485487,O=C1C[C@@H](c2c[nH]c[nH+]2)C2=CNN(Cc3ccccc3)[C@@H]2N1
decoy_3063,0.318299,0.375192,0.621122,0.647582,0.404727,0.450901,c1ccc2c(c1)nnn2-c1cc(NC2CC[NH2+]CC2)ncn1
decoy_3064,0.28446,0.348943,0.547573,0.612682,0.382188,0.426712,c1ccc(Nc2cc(NCCCn3cc[nH+]c3)ncn2)nc1
decoy_3065,0.220507,0.209954,0.423558,0.400822,0.278928,0.264969,O=C(Nc1ccc2c(c1)SCN2)[C@@H]1C=c2ccccc2=N1
decoy_3066,0.198378,0.254494,0.376188,0.470631,0.249774,0.30704,O=C(NCc1ccccc1)c1ccc2c[nH]c(=S)nc2c1
decoy_3067,0.248912,0.299493,0.479568,0.596969,0.295899,0.348944,O=C(c1ccns1)N(Cc1ccncc1)c1ccccc1
decoy_3068,0.218516,0.222942,0.452352,0.461535,0.306805,0.321582,O=C1NCC=C(CSc2nncn2C[C@H]2CCCO2)N1
decoy_3069,0.177536,0.234508,0.370669,0.460254,0.231295,0.298423,c1ccc(Nc2ncnc(CSc3ccccn3)n2)cc1
decoy_307,0.316279,0.280313,0.513906,0.555453,0.334719,0.34371,C1=C[C@@H]2N=CC=C2c2scnc21
decoy_3070,0.138178,0.203271,0.343356,0.544121,0.206531,0.291813,O=C(CCc1ccccc1)N1CCN(c2ccccn2)CC1
decoy_3071,0.292111,0.287529,0.577423,0.564864,0.398723,0.378307,O=C(N[C@H]1CCC[NH2+]C1)c1ccccc1Nc1ccccc1
decoy_3072,0.154582,0.220676,0.355061,0.467394,0.225255,0.298396,O=C(NCC[N@H+]1CCc2ccccc2C1)Nc1ccccc1
decoy_3073,0.167843,0.202965,0.381607,0.415626,0.23445,0.284774,c1cnc(NCC[NH2+]CCCn2ccc3ccccc32)nc1
decoy_3074,0.172734,0.228711,0.382362,0.474904,0.249491,0.29712,O=C(NC[C@@H]1OCC[C@H]1[NH+]1CCCC1)Nc1ccsc1
decoy_3075,0.167711,0.192055,0.355345,0.39343,0.225657,0.273319,S=C(NCCC1=c2ccccc2=NC1)Nc1ccccc1
decoy_3076,0.152685,0.217631,0.410164,0.54721,0.229418,0.302818,N/C(=C/CCC(=O)OC1CCCCC1)OC1CCCCC1
decoy_3077,0.179471,0.262334,0.412256,0.760406,0.251566,0.346025,c1cc2c3c(c1)O[C@H]1CCC[C@H]4[C@@H](C2)[N@@H+](CC2CC2)CC[C@]314
decoy_3078,0.183624,0.253258,0.43604,0.764714,0.27498,0.322113,c1ccc(C[NH+](Cc2ccccc2)C[C@H]2CCCCO2)cc1
decoy_3079,0.27144,0.274198,0.605965,0.606724,0.362207,0.362521,c1ccc(C[NH2+]C[C@@H](c2ccccc2)N2CC[NH2+]CC2)cc1
decoy_308,0.25704,0.285779,0.500473,0.525499,0.316546,0.334832,C1=C[C@@H](Oc2ccccc2)CCC1
decoy_3081,0.182456,0.210453,0.424521,0.452475,0.260177,0.286181,O=c1ccocc1O[C@@H]1CCC[C@@H](CO[C@H]2CCCO2)O1
decoy_3082,0.24007,0.233722,0.506169,0.497105,0.306571,0.309864,O=c1ccoc2c1ccc1cc(O[C@@H]3CCCCO3)ccc12
decoy_3083,0.23825,0.210416,0.537891,0.49258,0.330924,0.300453,O=c1ccoc2cc3cccc(O[C@@H]4CCCCO4)c3cc12
decoy_3084,0.235742,0.249355,0.531782,0.560288,0.327698,0.347325,O=c1ccn([C@@H]2CC[C@@H](CO[C@H]3CCCCO3)O2)c(=O)[nH]1
decoy_3085,0.18341,0.235535,0.380862,0.435843,0.263152,0.301963,O=C1NC(=O)[C@H]2[C@@H]1[C@H](Cc1ccccc1)[NH2+][C@@H]2c1ccco1
decoy_3086,0.23457,0.258429,0.464003,0.506355,0.319863,0.355937,O=C1CC2=CNC(=O)N(CCc3c[nH]c4ccccc34)[C@@H]2N1
decoy_3087,0.143366,0.220935,0.306605,0.425228,0.215316,0.307662,O=C(CNCc1ccccc1)Nc1ccc2[nH]c(=O)[nH]c2c1
decoy_3088,0.188507,0.261575,0.392145,0.52538,0.247284,0.314315,O=C(Nc1ccccc1)c1ncn2c1C(=O)N(C1CC1)CC2
decoy_3089,0.336429,0.347628,0.660225,0.622031,0.415152,0.425418,O=C(NCc1ccncc1)C(=O)Nc1cccc2c1C[NH2+]C2
decoy_309,0.278577,0.321047,0.460754,0.588294,0.312166,0.354176,O=C1CCC[C@H](c2ccccc2)C1
decoy_3090,0.233955,0.350509,0.485524,0.685484,0.306934,0.418202,c1cc(CNc2ncnc3c2ncn3[C@@H]2CCCO2)ccn1
decoy_3091,0.168482,0.217675,0.335903,0.443613,0.231141,0.329575,O=C(Nc1ccccc1)c1cnc(Nc2ccccn2)s1
decoy_3092,0.207646,0.234173,0.39879,0.465616,0.264537,0.319107,c1ccc(Nc2ncnc(CSc3ncccn3)n2)cc1
decoy_3093,0.245337,0.270493,0.452397,0.477463,0.302875,0.313498,O=S(=O)(Cc1cccs1)c1ccc2c(c1)OCCO2
decoy_3094,0.143182,0.151403,0.337517,0.342405,0.22348,0.248547,O=C(/C=C/c1ccn(C2CCCCC2)c1)Cc1ncncn1
decoy_3095,0.206572,0.280496,0.435498,0.550058,0.292034,0.352347,O=C(C[NH+]1CCN(c2ccccn2)CC1)Nc1ccccc1
decoy_3096,0.132932,0.237649,0.312881,0.519013,0.194476,0.325709,O=C(Nc1ccccc1)NC1CCN(c2ccccn2)CC1
decoy_3097,0.163734,0.24531,0.372609,0.519457,0.231687,0.315998,O=C(NCc1ccnc(N2CCCC2)c1)Nc1ccccc1
decoy_3098,0.353438,0.332095,0.66663,0.629408,0.451645,0.42058,O=C(NCc1ccnc(N2CC[NH2+]CC2)c1)c1ccccc1
decoy_3099,0.208504,0.206449,0.375906,0.355916,0.270843,0.266137,O=C(CSc1n[nH]c(=O)[nH]1)Nc1cc2c(s1)CCC2
decoy_31,0.407881,0.364948,0.83446,0.863633,0.471989,0.446002,c1n[nH]c2c1CCCC2
decoy_3100,0.194589,0.261237,0.387875,0.496195,0.252085,0.329949,O=C(c1ccccc1)[C@H]1CNC(=S)N[C@@H]1c1ccccc1
decoy_3102,0.14906,0.19398,0.361052,0.419542,0.221285,0.267029,O=C([C@@H]1CCC2(CC2)C[NH2+]1)N1CC=C(c2ccccc2)CC1
decoy_3103,0.319295,0.34976,0.678449,0.675692,0.406918,0.435911,O=C(CCC1CCCCC1)NNC(=O)NC1CC[NH2+]CC1
decoy_3104,0.164875,0.221227,0.393796,0.513004,0.244676,0.309349,c1ccc2c(c1)NCCCNc1ccccc1NCCCN2
decoy_3105,0.15827,0.177788,0.377689,0.388021,0.233999,0.245743,c1ccc2c(c1)NC[C@@H]2C[NH2+]CCc1n[nH]c2c1CCCC2
decoy_3106,0.319311,0.356895,0.600871,0.667837,0.381959,0.434315,O=C(CSc1nc[nH]n1)N[C@@H]1CC2=C(CCCC2)S1
decoy_3107,0.18504,0.193279,0.34725,0.349932,0.247201,0.259185,O=C1OCC2=C1[C@@H](c1ccccc1)c1c([nH]c(=O)[nH]c1=O)N2
decoy_3108,0.295468,0.311872,0.589418,0.586452,0.372685,0.398537,NC1=CCCc2oc(C(=O)NNC(=O)c3ccccc3)cc21
decoy_3109,0.245104,0.315084,0.487173,0.606616,0.305796,0.375495,O=C1NC(COC(=O)c2ccc[nH]2)=C[C@@H](c2ccccc2)N1
decoy_311,0.220027,0.260941,0.447847,0.518129,0.307944,0.357573,c1ccn(CCCn2cccc2)c1
decoy_3110,0.357299,0.390414,0.647405,0.688384,0.464541,0.48362,O=C(Cc1cc2ccccc2oc1=O)NCCc1c[nH+]c[nH]1
decoy_3111,0.159136,0.276725,0.340301,0.530544,0.227418,0.361214,O=C(CNC(=O)c1ccccc1)NNC(=O)c1ccccc1
decoy_3112,0.212522,0.250284,0.4131,0.484752,0.268543,0.304545,O=c1[nH]cnc2c1nc(Nc1ccccc1)n2[C@@H]1CCCO1
decoy_3113,0.181486,0.249876,0.372889,0.499599,0.239845,0.323099,O=C1N=CN=C2C1=N[C@@H](Nc1ccccc1)N2[C@H]1CCCO1
decoy_3114,0.152767,0.16406,0.324434,0.337374,0.215195,0.261551,O=C(CCn1cnc2[nH]ncc2c1=O)NCc1ccccc1
decoy_3115,0.193296,0.245216,0.369275,0.45552,0.245837,0.300828,O=C(NNC(=O)c1cc2cccnc2s1)c1ccccc1
decoy_3116,0.153326,0.188995,0.361836,0.442256,0.228408,0.267795,O=C(CCc1ccccc1)NC[C@H]1COc2ccccc2O1
decoy_3117,0.175307,0.245797,0.400458,0.555414,0.241164,0.2985,O=C(COC(=O)CCc1ccccc1)NCc1ccccc1
decoy_3118,0.149996,0.215043,0.342903,0.460312,0.22032,0.291638,O=C(Cc1ccccc1)NNC(=O)NCCc1ccccc1
decoy_3119,0.14773,0.212702,0.34427,0.462844,0.220506,0.304851,O=C(CCc1ccccc1)NCCC(=O)Nc1cccnc1
decoy_312,0.157622,0.227175,0.279545,0.411542,0.218868,0.313124,NC1=C2C3=C(N)C[C@H]4[C@@H](C1)[C@@H]2C[C@@H]34
decoy_3120,0.131911,0.204125,0.3161,0.432817,0.19274,0.293046,O=C(CC[NH2+]CC(=O)Nc1ccccc1)Nc1ccccc1
decoy_3121,0.150468,0.177542,0.344007,0.388449,0.222282,0.265781,O=C(CNCc1ccccc1)NCC(=O)Nc1ccccc1
decoy_3122,0.165445,0.235721,0.373229,0.492798,0.229156,0.311498,O=C(CNCC(=O)Nc1ccccc1)NCc1ccccc1
decoy_3123,0.175676,0.249868,0.386473,0.507715,0.243236,0.317157,O=C(CNC(=O)NCc1ccccc1)NCc1ccccc1
decoy_3124,0.159218,0.230466,0.358259,0.483717,0.235511,0.308127,O=C(CNC(=O)NCCc1ccccc1)Nc1ccccc1
decoy_3125,0.191441,0.248847,0.410828,0.522789,0.251045,0.320268,O=C1N[C@H](C(=O)NC2CCCC2)Cn2c1cc1ccccc12
decoy_3126,0.160055,0.220091,0.363902,0.448703,0.225873,0.300797,O=C(NCC[NH2+]Cc1ccccc1)C(=O)Nc1ccccc1
decoy_3127,0.218908,0.294527,0.46083,0.558408,0.281861,0.362179,O=C(Nc1ccccc1)[C@H]1CC[N@H+](Cc2ncncn2)CC1
decoy_3128,0.180891,0.198846,0.390469,0.400064,0.264401,0.271114,O=C(NCC/[NH+]=C/c1ccccc1)c1cc2n(n1)CCCN2
decoy_3129,0.36329,0.412935,0.724167,0.731664,0.447518,0.485593,O=C(CNS(=O)(=O)c1ccccc1)NC1CC[NH2+]CC1
decoy_313,0.164819,0.213299,0.287735,0.386178,0.211174,0.27421,O=S1(=O)[C@H]2CCC[C@@H]1CCC2
decoy_3130,0.157672,0.21928,0.341845,0.427985,0.225086,0.294239,O=C(NCCc1ccccc1)NN[C@H]1CCS(=O)(=O)C1
decoy_3131,0.292311,0.323152,0.602514,0.615144,0.405286,0.425701,O=C(NCCS(=O)(=O)N1CC[NH2+]CC1)c1ccccc1
decoy_3132,0.138748,0.222967,0.298185,0.448773,0.199989,0.295704,C(\NCc1nc(-c2ccccc2)cs1)=[NH+]/Cc1ccco1
decoy_3133,0.197459,0.255057,0.418223,0.540242,0.256158,0.308824,O=c1ccccn1Cc1ncc2c3c(sc2n1)CCCC3
decoy_3134,0.186586,0.306388,0.382848,0.565718,0.256172,0.372674,O=c1[nH]c(C[NH2+]C2CC2)nc2scc(-c3ccccc3)c12
decoy_3135,0.214411,0.273765,0.408087,0.503828,0.288266,0.332508,O=c1[nH]cnc2sc3c(c12)CC[N@@H+](Cc1ccccc1)C3
decoy_3136,0.263603,0.295359,0.546447,0.612392,0.339245,0.368284,O=C(CCc1ccccc1)Nc1nc(-c2cc[nH]c2)cs1
decoy_3137,0.20422,0.310499,0.402718,0.58573,0.246265,0.352958,O=C(/C=C/c1ccccc1)NNC(=S)Nc1ccccc1
decoy_3138,0.181896,0.217221,0.451958,0.551783,0.266031,0.307914,O=C(C1CCCCC1)N(Cc1ccccc1)Cc1ccco1
decoy_314,0.267114,0.314764,0.414287,0.506524,0.288313,0.361311,O=S1(=O)CC[C@H](CC2CC2)C1
decoy_3140,0.189622,0.273411,0.42713,0.630995,0.283304,0.364038,c1ccc(N2CC[NH+](CCCOc3cccnc3)CC2)cc1
decoy_3141,0.151926,0.177753,0.329826,0.378611,0.203611,0.239208,O=C1/C(=C/c2ccccc2)SC(=S)N1c1ccccc1
decoy_3142,0.131225,0.146025,0.324838,0.332233,0.204606,0.229833,O=C(Cn1cccc1-c1ccccc1)NCC[NH+]1CCCC1
decoy_3143,0.258064,0.355821,0.674872,0.776781,0.371745,0.469782,O=C(NCCC(=O)N1CC[NH2+]CC1)NC[C@H]1CCCC[NH2+]1
decoy_3144,0.373956,0.353628,0.712838,0.652815,0.448157,0.431785,c1ccc(CCNc2cc(NC3CC[NH2+]CC3)ncn2)cc1
decoy_3145,0.180458,0.195159,0.405176,0.408502,0.245369,0.253796,c1ccc(Nc2cc(NCC[NH+]3CCCCC3)ncn2)cc1
decoy_3146,0.257943,0.257477,0.596662,0.580337,0.34752,0.32751,c1cc(-c2cn([C@H]3CC[NH2+]C3)nn2)ccc1C[NH+]1CCCC1
decoy_3147,0.155824,0.204077,0.365861,0.426579,0.228302,0.300341,c1ccc(N2CC[NH+](CCCNc3ccncn3)CC2)cc1
decoy_3148,0.207166,0.227136,0.469129,0.468715,0.291665,0.287465,C1=C(C[NH2+]CCCc2cc[nH]n2)CN(Cc2ccccc2)N1
decoy_3149,0.240936,0.253694,0.435235,0.438889,0.287913,0.30765,O=C(CSc1nncs1)Nc1cc2c(s1)CCC2
decoy_315,0.267079,0.303468,0.541242,0.565074,0.379411,0.399861,C1=CC(c2ccccc2)C=CS1
decoy_3151,0.297134,0.298632,0.520474,0.527498,0.342239,0.347485,S=[P@H]1OC[C@H]2O[C@@H](n3cnc4cncnc43)C[C@@H]2O1
decoy_3152,0.199879,0.264415,0.401763,0.530183,0.27063,0.320993,O=C1NC(COC(=O)c2ccccc2)=C[C@@H](c2ccco2)N1
decoy_3153,0.158431,0.241311,0.341623,0.484271,0.225666,0.316865,O=C(COC(=O)c1ccccc1)NNC(=O)c1ccccc1
decoy_3154,0.182965,0.21573,0.372713,0.451247,0.238301,0.286459,O=C(NCc1ccc2c(c1)OCO2)C(=O)Nc1ccccc1
decoy_3155,0.217573,0.278588,0.40654,0.476152,0.28351,0.329144,O=C1NC(=O)[C@H]2C[NH2+][C@H](c3cnn(-c4ccccc4)c3[O-])[C@@H]12
decoy_3156,0.234181,0.305947,0.454198,0.569148,0.314377,0.390436,O=C1NC(=O)C(=CNCCC2=c3ccccc3=NC2)C(=O)N1
decoy_3157,0.179097,0.232282,0.36356,0.452804,0.251608,0.296078,O=C(CCc1nc2ccccc2[nH]1)NNC(=O)c1ccoc1
decoy_3158,0.276008,0.317708,0.554585,0.587733,0.365202,0.403929,O=C(CNCc1ccccc1)Nc1occ2cn[nH]c(=O)c12
decoy_3159,0.175984,0.252327,0.359709,0.479115,0.239287,0.319413,O=C(CNC(=O)c1ccco1)NCC1N=c2ccccc2=N1
decoy_316,0.214593,0.251954,0.338494,0.443341,0.249217,0.324497,O=C1CCC(=O)N1c1ccccc1
decoy_3160,0.222361,0.229223,0.387257,0.404362,0.276343,0.287446,O=c1[nH]cc(CSc2nnc3c(n2)[nH]c2ccccc23)[nH]1
decoy_3161,0.186365,0.258851,0.384687,0.566989,0.259563,0.308988,O=C1C2=C([O-])c3ccccc3O[C@H]2C=C[C@H]1[C@H]1CCCCO1
decoy_3162,0.192766,0.231351,0.411462,0.474439,0.245589,0.294942,O=C1CC[C@@H](C(=O)N(Cc2ccccc2)Cc2ccco2)N1
decoy_3163,0.152505,0.223536,0.350406,0.503814,0.214607,0.303269,O=C(CCc1ccccc1)NNC(=O)COc1ccccc1
decoy_3164,0.177086,0.235898,0.393164,0.517248,0.252438,0.312736,O=C(NCc1ccccc1)NC[C@H]1COc2ccccc2O1
decoy_3165,0.240886,0.32464,0.506384,0.659703,0.31123,0.401263,c1cc(N2CC[NH+](Cc3ccc4c(c3)OCO4)CC2)ncn1
decoy_3166,0.179042,0.254731,0.382024,0.507992,0.229863,0.318539,O=C1C=C(C(=O)NCCCc2ccn[nH]2)C2=CCC=C[C@@H]2N1
decoy_3167,0.141894,0.130904,0.312425,0.286905,0.207472,0.207238,O=C1NC(=O)C2(CCN(C[C@H]3C=c4ccccc4=N3)CC2)N1
decoy_3168,0.176638,0.165937,0.379385,0.34683,0.240444,0.240967,O=C(CCCC1=c2ccccc2=NC1)N[C@@H]1C=NC(=O)NC1
decoy_3169,0.172567,0.250188,0.378473,0.539346,0.220872,0.325364,O=C(Nc1ccccc1)Nc1ccc(N2CCOCC2)nc1
decoy_317,0.327054,0.340176,0.566887,0.624672,0.38222,0.39175,c1coc(CNc2ccncn2)c1
decoy_3170,0.187908,0.215575,0.401961,0.428479,0.272503,0.311057,O=C(Nc1cccc2ncccc12)C(=O)NC1CC[NH2+]CC1
decoy_3171,0.165863,0.231836,0.36045,0.471049,0.238267,0.319385,O=C(NCCc1ccccc1)NNC(=O)Nc1ccccc1
decoy_3172,0.25376,0.355465,0.531543,0.72052,0.33188,0.429222,c1ccc(-c2nc(-c3ccncc3)[nH]c2-c2ccncc2)cc1
decoy_3173,0.305684,0.369143,0.613728,0.650302,0.420464,0.462978,O=C(NNc1cc(N2CC[NH2+]CC2)ncn1)c1ccccc1
decoy_3174,0.164719,0.203896,0.340313,0.420402,0.219789,0.282574,O=C1[C@H]2[C@@H](c3cccs3)NC[C@H]2C(=O)N1c1ccccc1
decoy_3175,0.206106,0.239926,0.426321,0.495658,0.27241,0.308789,O=C(c1ccns1)N(Cc1ccccc1)Cc1ccco1
decoy_3176,0.313762,0.324869,0.639788,0.602766,0.418206,0.409674,O=C(CSCC(=O)N[C@H]1CCC[NH2+]C1)Nc1ccon1
decoy_3177,0.335324,0.347194,0.679785,0.640767,0.429331,0.427469,O=C(CSCC(=O)NC1CC[NH2+]CC1)Nc1ccon1
decoy_3178,0.228614,0.27585,0.409978,0.484088,0.279995,0.345317,O=c1[nH]c(=S)[nH]cc1[C@H]1NCCc2c1[nH]c1ccccc21
decoy_3179,0.210539,0.237821,0.387133,0.42223,0.257899,0.302971,O=c1[nH]c(=S)[nH]cc1[C@H]1NCCC2=c3ccccc3=N[C@@H]21
decoy_318,0.296057,0.336918,0.413735,0.537668,0.333616,0.369692,c1ccc(OCc2nnc[nH]2)cc1
decoy_3180,0.143252,0.186374,0.306534,0.373808,0.208161,0.267089,O=c1ccnc(-c2ccc(C[NH2+]Cc3cscn3)cc2)[nH]1
decoy_3181,0.169838,0.221437,0.348241,0.445549,0.23377,0.297272,O=C(CNCc1ncc2ccsc2n1)Nc1ccccc1
decoy_3182,0.151854,0.190695,0.355846,0.401041,0.234683,0.278617,C(\NCC1(c2ccccc2)CCOCC1)=[NH+]/Cc1ccco1
decoy_3183,0.142901,0.181488,0.34033,0.383292,0.204265,0.262474,O=C1[C@H]2[C@H](C[NH2+][C@H]2c2ccccc2)C(=O)N1C1CCCCC1
decoy_3184,0.291637,0.354044,0.65655,0.687207,0.405661,0.461343,O=C(CNC(=O)C1CCOCC1)NCCN1CC[NH2+]CC1
decoy_3185,0.181225,0.202623,0.407212,0.422211,0.268011,0.279839,O=C(N[C@H]1CCCC[N@@H+](Cc2ccco2)C1)c1ccccc1
decoy_3186,0.152159,0.243137,0.367806,0.579257,0.221161,0.319508,O=C(NCCCOc1ccccc1)NCCc1ccccc1
decoy_3187,0.198105,0.213305,0.438862,0.442669,0.288687,0.290602,O=C(NC[C@@H](c1ccco1)[NH+]1CCCCC1)c1ccccc1
decoy_3188,0.158226,0.227339,0.377947,0.526771,0.233013,0.321297,c1ccc(CCNc2nccc(NC[C@H]3CCCO3)n2)cc1
decoy_3189,0.348843,0.486835,0.664104,0.827549,0.440401,0.562504,c1ccc(OCCCNc2ncnc3c2CC[NH2+]CC3)cc1
decoy_319,0.254366,0.300656,0.398034,0.489531,0.289568,0.332389,c1ccc(CNn2cnnn2)cc1
decoy_3190,0.210191,0.265204,0.448279,0.538981,0.28309,0.3457,O=C1[C@@H](C[NH2+]Cc2ccn[nH]2)CCCN1Cc1ccccc1
decoy_3191,0.169674,0.193322,0.390848,0.407915,0.240905,0.263218,O=C1[C@@H](C[NH2+]Cc2cn[nH]c2)CCCN1Cc1ccccc1
decoy_3192,0.169545,0.170379,0.38699,0.366581,0.244439,0.240233,O=C(NCC[NH+]1CCCCC1)c1ccc(-n2cccn2)cc1
decoy_3193,0.165479,0.185683,0.37666,0.396433,0.234824,0.253477,c1ccc(Nc2cc(NCC[NH+]3CCCCC3)ncn2)nc1
decoy_3194,0.156563,0.221637,0.38827,0.523789,0.230654,0.299231,c1nc(N2CCCCC2)c2ncnc(N3CCCCC3)c2n1
decoy_3195,0.150055,0.22512,0.372981,0.536205,0.214139,0.30683,c1nc(N2CCCCC2)nc2cnc(N3CCCCC3)nc12
decoy_3196,0.169275,0.241389,0.403501,0.568031,0.23855,0.31573,c1ncc2nc(N3CCCCC3)nc(N3CCCCC3)c2n1
decoy_3197,0.198099,0.237407,0.430495,0.478846,0.281599,0.311186,O=C(CN1CC=C(c2ccccc2)CC1)Nc1cccs1
decoy_3198,0.256975,0.307257,0.577024,0.665251,0.33774,0.391424,c1ncc2nc(S[C@]34C[C@H]5C[C@H](C[C@H](C5)C3)C4)cnc2n1
decoy_3199,0.180025,0.194559,0.371338,0.380472,0.23945,0.255545,c1cnn(-c2ccc(NC3=[NH+][C@@H]4CCCC[C@@H]4S3)cc2)c1
decoy_32,0.284524,0.27151,0.493527,0.52266,0.327181,0.33082,c1cc2n(n1)CCCN2
decoy_320,0.214748,0.198925,0.395145,0.405837,0.268782,0.266972,O=C(CC1CC1)Nc1ccccc1
decoy_3200,0.181853,0.271226,0.380896,0.550212,0.247055,0.348642,c1ccc([C@H](c2cn3ncnc3s2)[NH+]2CCCCC2)cc1
decoy_3201,0.174991,0.23084,0.406878,0.489175,0.249326,0.313778,N/C(=C/CS/C=C/NCc1cncnc1)c1ccccc1
decoy_3202,0.130431,0.145377,0.360032,0.399705,0.219509,0.249762,C1CCC(CO[C@@H]2CC[C@@H](O[C@H]3CCCCO3)CO2)CC1
decoy_3203,0.13672,0.200136,0.345564,0.456353,0.202824,0.270397,O=C(C[NH2+]C[C@]12C[C@H]3C[C@H](C[C@H](C3)C1)C2)Nc1ccccc1
decoy_3204,0.137079,0.210311,0.365205,0.503137,0.204613,0.295398,c1ccc(-c2n[nH]cc2C[NH2+]CCC[NH+]2CCCCC2)cc1
decoy_3205,0.158226,0.16817,0.405285,0.406519,0.214763,0.23834,c1cnn(-c2ccc(C[NH2+]CCC[NH+]3CCCCC3)cc2)c1
decoy_3207,0.334082,0.358944,0.727476,0.749194,0.455016,0.465453,c1ccc2[nH]c(C[N@H+]3CC[C@H](N4CC[NH2+]CC4)CC3)cc2c1
decoy_3208,0.155705,0.179869,0.350278,0.385003,0.222035,0.246282,c1ccc(SCc2cc(Sc3ccccc3)[nH]n2)cc1
decoy_3209,0.141615,0.215777,0.345277,0.460731,0.210359,0.2757,O=C(NCC1CCCCC1)NNC(=S)NC1CCCC1
decoy_321,0.2273,0.299183,0.40758,0.706423,0.268989,0.344461,O=C(NC1CCC1)c1ccccc1
decoy_3210,0.188265,0.238356,0.406793,0.460351,0.270717,0.325514,c1cn(C[C@H]2CC[N@H+](C3CSCCSC3)CC2)nn1
decoy_3211,0.199285,0.249332,0.390267,0.486824,0.254593,0.310379,O=C1NC(COC(=O)c2cnoc2)=C[C@@H](c2ccccc2)N1
decoy_3212,0.155073,0.178116,0.34797,0.385561,0.223396,0.262698,O=C1N=C[C@H](/C=N/[C@H]2CCCOC2)C(=O)N1c1ccccc1
decoy_3213,0.326624,0.382589,0.611056,0.685661,0.429714,0.470952,O=C(C[C@H]1Cc2ccccc2OC1=O)NCCc1c[nH+]c[nH]1
decoy_3214,0.140786,0.163702,0.303589,0.324275,0.213992,0.248216,O=C(CN1CCC[C@H]1c1ccccc1)c1c[n-]c(=O)[nH]c1=O
decoy_3215,0.223807,0.236544,0.45908,0.479697,0.288414,0.300222,O=C(CNCc1ccccc1)c1cn(C2CC2)c(=O)[nH]c1=O
decoy_3216,0.137785,0.209766,0.309656,0.442162,0.208213,0.305909,O=C(COc1ccccc1)NNC(=O)NCc1ccccc1
decoy_3217,0.188111,0.251492,0.396972,0.507369,0.255424,0.312879,O=C(Nc1ccccc1)N[C@H]1CCN(C(=O)c2ccco2)C1
decoy_3218,0.335297,0.352787,0.650278,0.639087,0.415292,0.432815,O=C(NCCc1ccco1)C(=O)Nc1cccc2c1C[NH2+]C2
decoy_3219,0.265251,0.266444,0.553263,0.511281,0.331388,0.323884,O=c1[nH]c(=O)c2c(ncn2CC[NH2+]CCc2ccccc2)[nH]1
decoy_322,0.262956,0.275309,0.474011,0.503411,0.304656,0.317519,c1ccc(Cc2nccs2)cc1
decoy_3220,0.151802,0.190457,0.327687,0.393028,0.199483,0.243168,O=C1NC(=O)C2=Nc3ccc(N4CCCCC4)cc3N[C@H]2N1
decoy_3221,0.258427,0.363938,0.531605,0.642551,0.339441,0.436351,O=C(NCCNc1cccc[nH+]1)NNC(=O)c1ccccc1
decoy_3222,0.146595,0.200889,0.314432,0.426578,0.212364,0.299051,O=C(COc1ccccc1)Nc1cc(-c2ccco2)cs1
decoy_3223,0.182707,0.247714,0.369481,0.491696,0.238364,0.311884,O=C(NCc1ccco1)c1csc(Nc2ccccc2)n1
decoy_3224,0.16242,0.212131,0.317966,0.403647,0.225303,0.269204,O=C([N-]C(=S)NNC(=O)c1ccccc1)c1ccccc1
decoy_3225,0.156134,0.192295,0.312006,0.363172,0.217896,0.253809,C(=N/Nc1nnc(SCc2ccccc2)[nH]1)\c1cn[nH]c1
decoy_3226,0.175655,0.239203,0.392038,0.518386,0.262441,0.31716,C(\NCc1ccc(N2CCOCC2)cc1)=[NH+]/Cc1ccco1
decoy_3227,0.18117,0.210884,0.40376,0.429099,0.254187,0.276991,O=C1OC2(CC[NH2+]CC2)CN1CCc1c[nH]c2ccccc12
decoy_3228,0.142239,0.215065,0.337405,0.453432,0.20072,0.291892,O=C1[C@H]2[C@H](C[NH2+][C@H]2c2ccccn2)C(=O)N1C1CCCCC1
decoy_3229,0.373434,0.416399,0.705509,0.758678,0.461575,0.495063,O=C(CCc1ncc(-c2ccccc2)o1)NC1CC[NH2+]CC1
decoy_323,0.460719,0.442911,0.839854,0.841574,0.547897,0.49828,c1ccc(CC2CC[NH2+]CC2)cc1
decoy_3230,0.134118,0.190062,0.322869,0.416688,0.199979,0.255491,O=C(NCCc1ccccc1)c1coc([C@H]2CCC[NH2+]C2)n1
decoy_3231,0.172135,0.224732,0.387592,0.475564,0.255137,0.300202,O=C(NC[C@@H](c1ccco1)[NH+]1CCCC1)Nc1ccccc1
decoy_3232,0.128757,0.182942,0.305918,0.395052,0.192084,0.246326,c1ccc(Nc2cc(NCC[NH+]3CCOCC3)ncn2)cc1
decoy_3233,0.129449,0.181669,0.305867,0.394273,0.188473,0.245484,c1ccc(Nc2ccnc(NCC[NH+]3CCOCC3)n2)cc1
decoy_3234,0.351995,0.4324,0.683938,0.7353,0.433534,0.504972,O=C1C(=CNCCN2CC[NH2+]CC2)C=NN1c1ccccc1
decoy_3236,0.369568,0.440762,0.70218,0.736516,0.433778,0.476167,O=S(=O)(NCc1ncn[nH]1)c1cc2c(s1)C[NH2+]CC2
decoy_3237,0.166162,0.228448,0.355506,0.457647,0.23173,0.31369,O=C1NC(C[NH2+]Cc2ccccc2)=C[C@@H](c2cccs2)N1
decoy_3238,0.138501,0.241138,0.307035,0.480511,0.21488,0.32952,O=C(CCc1ccccc1)NNC(=S)Nc1ccccc1
decoy_3239,0.157819,0.22432,0.348432,0.525263,0.210639,0.291021,S=c1ccc(/N=N/c2ccccc2)cn1[C@@H]1CCCCO1
decoy_324,0.222732,0.23597,0.496404,0.537671,0.323222,0.337016,c1ccc(NC2CCCCC2)cc1
decoy_3240,0.184844,0.209913,0.451654,0.501298,0.254131,0.281256,O=C(CSC1=CC2(C=CN1)CCCCC2)c1ccccc1
decoy_3241,0.149147,0.199092,0.329128,0.412176,0.216199,0.287293,O=C(COc1ccccc1)NNC(=O)COc1ccccc1
decoy_3242,0.262247,0.288318,0.527983,0.548698,0.344199,0.369078,O=C(CN1CCc2ccccc2C1)Nc1c[nH]c(=O)[nH]c1=O
decoy_3243,0.202298,0.233212,0.419102,0.455765,0.269983,0.308502,O=C1Nc2ccccc2O/C1=C(\[O-])NCCCn1cc[nH+]c1
decoy_3244,0.221976,0.239884,0.457381,0.462858,0.315603,0.332142,O=C(NCCNC(=O)c1ccccc1)Nc1ccc[nH]c1=O
decoy_3245,0.294112,0.310294,0.523299,0.539437,0.349385,0.351671,O=c1cc[nH]c2ccc(S(=O)(=O)Nc3ccccc3)cc12
decoy_3246,0.275196,0.304256,0.503487,0.536845,0.328146,0.3599,O=c1ccc2cc(S(=O)(=O)Nc3ccccc3)ccc2[nH]1
decoy_3247,0.206352,0.278901,0.383189,0.482121,0.274679,0.350555,O=C(Nc1ccon1)C1=CNC(=S)N[C@H]1c1ccccc1
decoy_3248,0.196797,0.174616,0.484089,0.435063,0.301995,0.285433,O=c1ccoc2ccc(C/C=C/CO[C@@H]3CCCCO3)cc12
decoy_3249,0.209145,0.192569,0.500741,0.459842,0.322855,0.312316,O=c1ccc2cccc(C/C=C/CO[C@@H]3CCCCO3)c2o1
decoy_325,0.239143,0.327154,0.402959,0.745655,0.277398,0.349752,c1ccc(C[NH+]2CCCCC2)cc1
decoy_3250,0.170991,0.173097,0.405355,0.384687,0.237976,0.247046,O=C(NC[C@H]1CCCO1)c1coc(CCc2ccccc2)n1
decoy_3251,0.181478,0.291106,0.412891,0.688951,0.258833,0.374076,c1ccc(CNc2cc3c(cn2)cnn3-c2ccccc2)cc1
decoy_3252,0.228132,0.209502,0.429678,0.403044,0.310674,0.289224,c1cc(CSc2nc3ncncc3[nH]2)c2nsnc2c1
decoy_3253,0.169136,0.223387,0.362755,0.465888,0.227785,0.281745,O=C(CSCc1ccccc1)NNC(=O)c1ccccc1
decoy_3254,0.22477,0.285776,0.420879,0.517281,0.28309,0.349763,O=C1NC(=S)NC[C@H]1[C@H]1NCCC2=c3ccccc3=N[C@@H]21
decoy_3255,0.15689,0.196722,0.391796,0.459339,0.23985,0.277057,O=C1CC[C@@H](C(=O)N(Cc2ccccc2)C2CCCCC2)N1
decoy_3256,0.191498,0.276329,0.437427,0.558653,0.282834,0.36665,O=C(NCCC[NH+]1CCCCC1)Nc1ccc2[nH]ccc2c1
decoy_3257,0.207378,0.241215,0.426256,0.465186,0.262943,0.307743,O=C(CSc1nncs1)NC(=O)NC1CCCCC1
decoy_3258,0.168403,0.254362,0.39465,0.524741,0.237015,0.345315,c1ccc2c(c1)=NC(C[NH2+]C[C@H]1NN[C@@H]3CCCCCN31)N=2
decoy_3259,0.221242,0.279064,0.485211,0.567987,0.304638,0.359753,C1=N[C@@H]2C(N3CCCCC3)=[NH+]C=N[C@H]2C(N2CCCCC2)=N1
decoy_326,0.3939,0.429922,0.685086,0.861766,0.411594,0.470204,c1nc2cc3c(cc2[nH]1)OCCO3
decoy_3260,0.159495,0.21632,0.395434,0.529234,0.243334,0.295507,O=C(CN(Cc1ccccc1)CC1CC1)Nc1cccs1
decoy_3261,0.155243,0.256941,0.361419,0.571228,0.221481,0.324955,O=C(CNCc1ccccc1)Nc1cc2c(s1)CCCC2
decoy_3262,0.156156,0.26041,0.365814,0.579769,0.222066,0.32936,O=C(CNCc1ccccc1)NCCSc1ccccc1
decoy_3263,0.180391,0.215631,0.392443,0.424181,0.239382,0.284376,O=C(c1csc2ccccc12)N1CCC2(CC[NH2+]CC2)C1
decoy_3264,0.185888,0.181186,0.385848,0.364833,0.24309,0.241788,O=C(NCCNC(=O)c1ccco1)C(=O)Nc1ccccc1
decoy_3265,0.160703,0.219875,0.376851,0.571363,0.225715,0.302804,O=C(O[C@@H]1CCCCO1)c1ccccc1NCc1ccco1
decoy_3266,0.153853,0.154777,0.367269,0.386479,0.234507,0.247063,C1=C[C@@H](c2ccco2)c2cc(/C=N/c3ccccc3)ccc2O1
decoy_3267,0.154137,0.221339,0.345043,0.458367,0.219027,0.302917,O=C1NC(=O)[C@]2(CC[C@H](C(=O)NCc3ccccc3)CC2)N1
decoy_3268,0.177748,0.227538,0.383221,0.466507,0.262414,0.303218,O=C(C[NH+]1CCCCC1)Nc1c[nH]c2cc3c(cc12)OCO3
decoy_3269,0.153426,0.219295,0.347033,0.457871,0.22549,0.293943,O=C(CNC(=O)NCc1ccco1)NCCc1ccccc1
decoy_327,0.28392,0.316446,0.462697,0.524069,0.349017,0.37183,O=C1NC(=O)[C@@H](c2ccccc2)N1
decoy_3270,0.244702,0.317844,0.515254,0.590029,0.333137,0.415554,O=C(Cc1ccccc1)NNC(=O)NCCCn1cc[nH+]c1
decoy_3271,0.17708,0.204741,0.394482,0.424013,0.241856,0.271315,O=C(C[NH2+][C@H]1CCCCNC1=O)NC1N=c2ccccc2=N1
decoy_3272,0.352526,0.3884,0.696337,0.69175,0.432902,0.460899,O=C(NCc1nc(-c2ccccc2)no1)NC1CC[NH2+]CC1
decoy_3273,0.255398,0.328107,0.529477,0.600553,0.358757,0.42014,O=C(NCCCCn1cc[nH+]c1)NNC(=O)c1ccccc1
decoy_3274,0.217399,0.253406,0.434189,0.503884,0.273457,0.322716,c1ccc(-c2n[nH]cc2CNc2ncnc3ccccc23)cc1
decoy_3275,0.157482,0.247921,0.345514,0.539832,0.223739,0.320328,O=C(COC(=O)c1ccccc1)Nc1cc2c(s1)CCC2
decoy_3276,0.16138,0.18229,0.347557,0.38752,0.232275,0.269003,O=C(CSc1ccccn1)NCC(=O)Nc1ccccc1
decoy_3277,0.16903,0.208722,0.412895,0.548989,0.241907,0.289528,c1ccc(-n2ncc(CCCCO[C@@H]3CCCCO3)n2)cc1
decoy_3278,0.169804,0.214592,0.395391,0.447524,0.240722,0.295411,O=C1NC(=O)[C@](CCCc2ccccc2)(C2CC[NH2+]CC2)N1
decoy_3279,0.125194,0.192715,0.312719,0.425248,0.189842,0.270902,O=C(C[N@@H+]1CCC[C@H](C(=O)NC2CC2)C1)Nc1ccccc1
decoy_328,0.395659,0.367247,0.685553,0.657603,0.415591,0.394455,O=C1CN(c2ccccc2)CCN1
decoy_3280,0.148826,0.21666,0.365219,0.475074,0.222229,0.304865,O=C(C[N@H+]1CC[C@H](C(=O)NC2CC2)CC1)Nc1ccccc1
decoy_3281,0.169255,0.205861,0.407107,0.467041,0.24059,0.281062,O=C(CN1CCC(NC(=O)C2CC2)CC1)Nc1ccccc1
decoy_3282,0.321106,0.32967,0.656426,0.629343,0.408532,0.407957,O=C(NCC1CCCCC1)C(=O)Nc1cccc2c1C[NH2+]C2
decoy_3283,0.233025,0.278104,0.566337,0.591783,0.30833,0.358999,c1nc(NCCCn2cc[nH+]c2)cc(NC2CC[NH2+]CC2)n1
decoy_3284,0.146923,0.190991,0.339258,0.44136,0.21541,0.272012,O=C(CN1CC[C@H](Nc2ccccc2)C1)Nc1cccs1
decoy_3285,0.194437,0.227047,0.40482,0.438942,0.269263,0.300577,O=C(C[NH+]1CCN(c2ccccc2)CC1)Nc1cccs1
decoy_3286,0.169662,0.202945,0.373581,0.431734,0.23234,0.26438,O=C(Nc1nc(C[NH+]2CCCCC2)cs1)c1ccccc1
decoy_3287,0.159846,0.187439,0.349457,0.379397,0.238636,0.261124,O=C(NCC[N@@H+]1CCc2sccc2C1)Nc1ccccc1
decoy_3288,0.162864,0.216122,0.372837,0.473812,0.228873,0.282345,S=c1n([C@@H]2CCCCO2)nc(-c2ccccc2)n1C1CC1
decoy_3289,0.311777,0.346629,0.585413,0.637412,0.392875,0.417486,c1cc(Nc2cc3c(s2)CCC3)nc(N2CC[NH2+]CC2)n1
decoy_329,0.264801,0.239567,0.518631,0.519083,0.335542,0.315064,O=C(CC1CC1)Nc1cccnc1
decoy_3291,0.100757,0.128195,0.255849,0.299212,0.174993,0.208934,C1C[C@H]2C[NH2+][C@H]3[C@@]4(C1)[C@@H]2C[C@@]31OCO[C@]12CC[C@H]1C[C@@H]4[C@@H]2C1
decoy_3293,0.135424,0.15906,0.341275,0.365535,0.210076,0.253408,[NH2+]=C(NCC1(c2ccccc2)CCOCC1)NC1CCCC1
decoy_3295,0.163417,0.291495,0.398632,0.667676,0.244483,0.394597,O=C(Nc1ccccc1)N1CC[NH+](CC2CCCCC2)CC1
decoy_3296,0.140135,0.27812,0.356794,0.610476,0.218886,0.37959,O=C(Nc1ccccc1)N[C@H]1CC[N@H+](CC2CCCC2)CC1
decoy_3297,0.364173,0.396785,0.714214,0.757987,0.457153,0.485539,O=C(NCC1(c2ccccc2)CCCC1)NC1CC[NH2+]CC1
decoy_3298,0.140553,0.194075,0.359439,0.452552,0.211959,0.27277,O=C(NCCC[NH+]1CCCCC1)N[C@H]1C[C@H]1c1ccccc1
decoy_3299,0.15505,0.170401,0.388091,0.391625,0.216307,0.254108,O=C(NCCC[NH+]1CCCCC1)N[C@H]1CCc2ccccc21
decoy_33,0.319043,0.29919,0.611606,0.631422,0.395882,0.387803,C=C1C=NC(=O)NC1=O
decoy_330,0.22564,0.211688,0.382934,0.390166,0.27601,0.276555,O=C(Nc1ccccc1)NC1CC1
decoy_3300,0.16045,0.186916,0.388083,0.416947,0.23998,0.271841,c1nc(NC2CC2)cc(N2CCC([NH+]3CCCCC3)CC2)n1
decoy_3301,0.174267,0.196304,0.43133,0.456184,0.241701,0.260363,O=C(CSc1ccccc1)N[C@]12C[C@H]3C[C@H](C[C@H](C3)C1)C2
decoy_3302,0.177547,0.222792,0.350974,0.458064,0.247948,0.307597,O=C(COC(=O)c1cc2cccnc2s1)Nc1ccco1
decoy_3303,0.178423,0.187574,0.324787,0.341272,0.236251,0.257324,O=C(CSc1nc2ccccc2[nH]1)c1c[nH]c(=O)[nH]c1=O
decoy_3304,0.156749,0.222941,0.345762,0.483405,0.218964,0.294666,O=[P@@]1(c2ccccc2)NN2C[C@H]3C=CC=C[C@@H]3C[C@@H]2CO1
decoy_3305,0.197551,0.233504,0.401105,0.448007,0.265818,0.299333,O=[P@H]1NN2C[C@H]3C=C(c4ccccc4)C=C[C@H]3C[C@H]2CO1
decoy_3306,0.126049,0.120588,0.301718,0.303537,0.18872,0.206375,c1ccc(O[C@H]2CC[C@@H]3O[C@@H](c4ccco4)OC[C@H]3O2)cc1
decoy_3307,0.199262,0.212382,0.441578,0.464311,0.234804,0.280089,O=c1cc(CO[C@@H]2CCCCO2)oc2cc3c(cc12)CCO3
decoy_3308,0.217916,0.24017,0.509004,0.546204,0.312492,0.328097,O=c1ccoc2cc3c(cc12)C[C@H](CO[C@H]1CCCCO1)O3
decoy_3309,0.276888,0.245074,0.802584,0.777518,0.388565,0.349273,O=c1ccc2ccc3c(c2o1)C[C@H](O[C@H]1CCCCO1)CO3
decoy_331,0.298979,0.348041,0.452713,0.709199,0.294238,0.394501,c1ncc2c3c(sc2n1)CCC3
decoy_3310,0.224446,0.286823,0.436326,0.547326,0.272969,0.365022,O=C1N[C@H](c2c[nH]c3ccccc23)/C(=C/c2ccccc2)C1=O
decoy_3311,0.178876,0.206702,0.392158,0.437169,0.237692,0.289465,O=C(OCC1N=c2cc3ccccc3cc2=N1)c1ccccc1
decoy_3312,0.122801,0.144108,0.292221,0.331212,0.197211,0.241661,c1ncc2ncn([C@H]3C[C@H]4O[C@H]5CCCO[C@H]5C[C@H]4O3)c2n1
decoy_3314,0.29816,0.327926,0.603378,0.613117,0.389942,0.401986,O=C(CN1C(=O)N[C@H](c2ccccc2)C1=O)N1CC[NH2+]CC1
decoy_3315,0.077126,0.115252,0.193977,0.264421,0.134071,0.178425,O=C(c1cnoc1-c1ccon1)N1CCC2(CC[NH2+]CC2)C1
decoy_3316,0.318003,0.401794,0.621784,0.699893,0.404058,0.479782,O=C(NC1CC[NH2+]CC1)c1nc(COc2ccccc2)no1
decoy_3317,0.195697,0.249875,0.42609,0.512988,0.250883,0.304599,O=C1CN(/N=C/c2ccccc2)C=C1C1N=c2ccccc2=N1
decoy_3318,0.331244,0.378547,0.578234,0.611627,0.402483,0.43039,O=C1Nc2ccccc2Nc2cc(Nc3cc[nH+]cc3)ccc21
decoy_3319,0.188618,0.270154,0.387591,0.524768,0.247628,0.333763,O=c1nc([C@@H]2[CH+][N-]N/C2=C\c2ccccc2)[nH]c2ccccc12
decoy_332,0.299705,0.323171,0.484293,0.565772,0.340043,0.362972,c1ccc(Nc2nccs2)cc1
decoy_3320,0.203356,0.230786,0.418721,0.455939,0.266927,0.298927,c1ccc(Nc2ncnc(Cn3cnc4ccccc43)n2)cc1
decoy_3321,0.272092,0.305107,0.51584,0.553685,0.33487,0.366953,O=C1CCc2cc(S(=O)(=O)Nc3ccccc3)ccc2N1
decoy_3322,0.193401,0.254924,0.374877,0.46205,0.252189,0.304033,O=C(Cc1cscn1)NN=CC=C([O-])Nc1ccccc1
decoy_3323,0.163173,0.200818,0.399631,0.470123,0.235761,0.298173,O=C1C[C@H]2[C@H](CCC[C@]23CO3)[C@@]2(CO[C@@H](c3ccoc3)C2)C1
decoy_3324,0.162518,0.225122,0.375269,0.502382,0.222611,0.284058,O=C([C@@H]1COc2ccccc2O1)N1CCC2(CC[NH2+]CC2)C1
decoy_3325,0.173485,0.214849,0.38727,0.460908,0.240909,0.291792,O=C1CCCC2=C1[C@H](c1cccnc1)C=CN2c1ccccc1
decoy_3326,0.222392,0.24061,0.490034,0.505297,0.313232,0.341801,O=C1CN(Cc2ccc(CN3CCNC(=O)C3)cc2)CCN1
decoy_3328,0.309947,0.375587,0.66791,0.70356,0.406258,0.456012,O=C(CNc1cccc2c1C[NH2+]C2)NC(=O)NC1CCCC1
decoy_3329,0.204163,0.268784,0.435351,0.562982,0.271467,0.335273,C1=C([C@H](c2ccccc2)c2cn[nH]c2)CN(c2ccccc2)N1
decoy_333,0.448833,0.397816,0.762883,0.7775,0.517086,0.487573,Nc1nc(-c2ccccc2)cs1
decoy_3330,0.174784,0.238256,0.382358,0.491396,0.234554,0.306943,c1ccc(-n2cccn2)c(C[NH2+]Cc2c[nH]c3ccccc23)c1
decoy_3331,0.184141,0.197762,0.396809,0.393206,0.249006,0.264513,c1ccc(-n2cc(C[NH2+]Cc3cc4ccccc4[nH]3)cn2)cc1
decoy_3332,0.180774,0.298341,0.399101,0.630376,0.239881,0.368704,O=C(NCc1ccco1)[C@H]1CSC[C@@H](c2ccccc2)N1
decoy_3333,0.199982,0.252964,0.447741,0.617219,0.267722,0.303585,O=C(c1ccns1)N(Cc1ccccc1)C[C@H]1CCCO1
decoy_3334,0.197792,0.19801,0.438208,0.406116,0.254617,0.262801,c1cc(Nc2cc3c(s2)CCC3)nc(N2CCOCC2)n1
decoy_3335,0.359804,0.359356,0.663896,0.654681,0.454197,0.441147,O=C(CSc1ncc(-c2ccccc2)[nH]1)N1CC[NH2+]CC1
decoy_3336,0.168168,0.209828,0.457973,0.531393,0.256807,0.314272,C1CC[C@@H](OCCCOCCCO[C@@H]2CCCCO2)OC1
decoy_3337,0.16571,0.255759,0.398444,0.605548,0.252723,0.332796,c1ccc(CN[C@H]2C[C@@H]([NH+]3CCCCC3)[C@H]3OC[C@@H]2O3)cc1
decoy_3339,0.191368,0.252171,0.37166,0.474975,0.23887,0.311345,O=C(c1cccs1)[C@H]1CNC(=S)N[C@@H]1c1ccccc1
decoy_334,0.235092,0.328928,0.363957,0.675501,0.279273,0.382931,c1ccc(Sc2ccn[nH]2)cc1
decoy_3340,0.213337,0.301455,0.393562,0.516423,0.251821,0.344179,S=C(NNC(=S)Nc1ccccc1)Nc1ccccc1
decoy_3341,0.195077,0.273565,0.422334,0.572696,0.280495,0.35454,c1ccc(N2CC[NH+](CCCNc3nccs3)CC2)cc1
decoy_3342,0.237552,0.320443,0.525787,0.657406,0.296531,0.405837,c1n[nH]c2c1C[C@@H]([NH2+]CC1(N3CCCCC3)CCCC1)CC2
decoy_3343,0.128848,0.161828,0.367471,0.429214,0.206914,0.246931,c1cncc(NCCC[NH2+]C2CCC3(CC[NH2+]CC3)CC2)c1
decoy_3344,0.237738,0.263643,0.421763,0.444811,0.281538,0.319712,O=C(COC(=O)c1cc2cccnc2s1)Nc1ccno1
decoy_3345,0.180052,0.237033,0.368224,0.461611,0.230865,0.312314,O=C1C=C(C(=O)c2cc3ccccc3o2)[C@@H](c2ccccc2)N1
decoy_3346,0.141464,0.134469,0.311022,0.278103,0.205016,0.205765,O=C(CNCCCOc1ccccc1)c1c[nH]c(=O)[n-]c1=O
decoy_3347,0.15253,0.225566,0.338408,0.469218,0.220264,0.302698,O=C(COc1ccccc1)NNC(=O)NCCc1ccco1
decoy_3348,0.275042,0.295741,0.558915,0.583966,0.347093,0.362003,O=C(OC[C@H]1CC[C@@H](N2NC=CNC2=O)O1)c1ccccc1
decoy_3349,0.198512,0.215598,0.397156,0.424627,0.255278,0.279157,O=C1N[C@H](c2ccccc2)/C(=C/c2cnc3ccccn23)C1=O
decoy_335,0.235059,0.269052,0.359812,0.447359,0.270543,0.303146,c1ccc(Sc2cn[nH]c2)cc1
decoy_3350,0.196282,0.221622,0.39777,0.431408,0.252982,0.291913,O=C1C=C(C(=O)c2cnc3ccccn23)[C@@H](c2ccccc2)N1
decoy_3351,0.175135,0.229194,0.360155,0.447144,0.226889,0.302419,O=C1C=C(C(=O)c2cn3ccccc3n2)[C@@H](c2ccccc2)N1
decoy_3352,0.189568,0.219847,0.360767,0.417863,0.243915,0.296001,O=C(Nc1ccccc1)C1=CN2CCS(=O)(=O)N=C2C=C1
decoy_3353,0.244417,0.337006,0.516457,0.646236,0.30776,0.399152,O=C1CN(C(=O)C2(Oc3ccccc3)CC[NH2+]CC2)CCN1
decoy_3354,0.22622,0.243725,0.463973,0.459155,0.298218,0.312989,O=C(CSC1=[NH+]C(=O)CC=N1)N[C@H]1CCS(=O)(=O)C1
decoy_3355,0.202639,0.25896,0.420566,0.512537,0.254419,0.330378,c1ccc(C[NH2+]Cc2c[nH]nc2-c2cc3ccccc3o2)cc1
decoy_3356,0.154429,0.191622,0.342049,0.389535,0.220232,0.281917,O=c1c([C@H]2[NH2+]CCc3ccccc32)cncn1-c1ccccc1
decoy_3357,0.180921,0.249972,0.383989,0.485455,0.249454,0.326133,c1ccc(-c2n[nH]cc2C[NH2+]Cc2nc3ccccc3[nH]2)cc1
decoy_3358,0.148461,0.190043,0.358245,0.44418,0.206163,0.262731,O=C(Cc1cscn1)c1ccc(O[C@@H]2CCCCO2)cc1
decoy_3359,0.178686,0.281293,0.424175,0.577412,0.266312,0.387781,O=C(C[NH+]1CCCCC1)NC(=O)N[C@H]1CCS(=O)(=O)C1
decoy_336,0.445335,0.45047,0.723456,0.741592,0.482552,0.481091,c1ccc(NC[C@H]2CC[NH2+]C2)cc1
decoy_3360,0.135386,0.203736,0.304637,0.430902,0.197098,0.279181,O=C(Cc1ccccc1)NNC(=O)NCCc1ccsc1
decoy_3361,0.14047,0.202828,0.31584,0.409977,0.213601,0.278955,O=C(C[NH2+]CCC(=O)Nc1cccs1)Nc1ccccc1
decoy_3362,0.152017,0.226908,0.328643,0.448823,0.213129,0.305274,O=C(CNCc1ccccc1)NC(=O)NCc1cccs1
decoy_3363,0.15554,0.179835,0.343059,0.364075,0.234065,0.238967,O=C(C[NH2+]Cc1cccs1)NCC(=O)Nc1ccccc1
decoy_3364,0.141044,0.216008,0.313088,0.448775,0.20306,0.302221,O=C(CNC(=O)NCCc1ccsc1)Nc1ccccc1
decoy_3365,0.164075,0.223702,0.359243,0.444311,0.2295,0.304568,O=C(NCC[NH2+]Cc1ccccc1)C(=O)Nc1cccs1
decoy_3366,0.178958,0.277216,0.37365,0.519482,0.249035,0.366156,O=C(CC1=CN=NC1)N[C@H]1CN[C@H](Nc2ccccc2)S1
decoy_3367,0.171224,0.232604,0.406265,0.508629,0.250389,0.305138,O=C(NC[C@@H]1OCC[C@H]1[NH+]1CCCCC1)Nc1ccccc1
decoy_3368,0.1121,0.176814,0.293523,0.406026,0.17544,0.267807,O=C(NCCCC[NH+]1CCCCC1)C(=O)Nc1ccccc1
decoy_3369,0.128908,0.202354,0.321902,0.474271,0.20409,0.303282,O=C(NC[C@@H](c1ccccc1)[NH+]1CCCC1)N1CCOCC1
decoy_337,0.349063,0.431581,0.654518,0.847565,0.389236,0.447888,c1ccc(NC2CCCCC2)[nH+]c1
decoy_3371,0.140223,0.203476,0.300117,0.391434,0.201648,0.274354,O=C(NCCc1ccsc1)NN[C@H]1CCS(=O)(=O)C1
decoy_3372,0.164946,0.212949,0.389905,0.441214,0.24444,0.300403,O=C([C@H]1C[N@H+]2CC[C@@H]1C[C@H]2Cn1ccnn1)N1CCCCC1
decoy_3374,0.126772,0.162919,0.3566,0.417533,0.21167,0.247474,c1ccc([C@H]2[NH2+]CC[C@@H]2C[NH2+]CCCN2CCOCC2)cc1
decoy_3376,0.172903,0.229407,0.357462,0.479944,0.22489,0.31515,O=C1Cc2cc3n(c(=O)c2CO1)Cc1cc2ccccc2nc1-3
decoy_3377,0.17,0.206454,0.338968,0.389518,0.226991,0.308439,O=C(C[NH2+]Cc1cccs1)Nc1occ2cn[nH]c(=O)c12
decoy_3378,0.163839,0.181434,0.337729,0.36645,0.227031,0.242058,O=C(OCc1ncncn1)c1ccsc1NC(=O)C1CC1
decoy_3379,0.027345,0.039985,0.080269,0.109629,0.062653,0.0923,C=C1C(=O)C[C@@H]2C[C@H]3C(=C)c4ccccc4C(=O)C3=C[C@@H]2C1=O
decoy_338,0.419362,0.412473,0.698082,0.699212,0.490562,0.450416,c1ccc(NC2CC[NH2+]CC2)cc1
decoy_3380,0.165503,0.216114,0.324635,0.407862,0.221344,0.277259,O=C(COC(=O)c1cnsc1)N[C@H]1CCS(=O)(=O)C1
decoy_3381,0.239245,0.234781,0.611486,0.622137,0.333884,0.339348,C1=C[C@@H](c2ccc(OCc3ccccc3)cc2)C2=CN=N[C@H]2O1
decoy_3382,0.134354,0.135496,0.315108,0.312256,0.204541,0.221267,O=c1c2ncn([C@H]3CCCCO3)c2ncn1[C@@H]1CCCCO1
decoy_3383,0.166713,0.190006,0.364281,0.380652,0.230508,0.263311,C1=C[C@@H](c2ccc(OCc3ccccc3)cc2)n2ncnc2N1
decoy_3384,0.225413,0.261457,0.477696,0.521577,0.288171,0.330005,[H]/N=c1/cc/c1=N\CCc1ccc(NC(=O)c2ccncc2)cc1
decoy_3385,0.206082,0.226619,0.416163,0.424884,0.27821,0.275513,O=c1[nH]nc(C[NH2+]Cc2c[nH]c3ccccc23)c2ccccc12
decoy_3386,0.140036,0.132943,0.305539,0.288657,0.201332,0.215938,O=c1[nH]c(=O)n([C@@H]2CCCO2)cc1CSc1ccccc1
decoy_3387,0.153076,0.220789,0.334166,0.4806,0.217683,0.28838,O=C(CCc1cccs1)NNC(=O)COc1ccccc1
decoy_3388,0.183724,0.245925,0.380221,0.486544,0.254601,0.306767,O=C(CCNS(=O)(=O)c1ccccc1)Nc1ccccc1
decoy_3389,0.243043,0.249194,0.508506,0.524607,0.305695,0.320125,O=C(COC(=O)c1ccc[nH]1)Nc1cc2c(s1)CCCC2
decoy_339,0.351004,0.378725,0.624656,0.675296,0.403626,0.410782,c1ccc(C[NH+]2CCNCC2)cc1
decoy_3390,0.18488,0.256267,0.39444,0.550869,0.244216,0.312537,O=C(Nc1nccs1)c1ccccc1O[C@@H]1CCCCO1
decoy_3391,0.224365,0.259037,0.426477,0.523138,0.269939,0.321526,[NH2+]=c1oc2ccccc2cc1-c1nc(-c2ccccc2)cs1
decoy_3392,0.169017,0.253012,0.354036,0.48685,0.227549,0.321569,O=C(NCCc1cccs1)NNC(=O)Nc1ccccc1
decoy_3393,0.180614,0.199616,0.376097,0.386658,0.243791,0.272639,O=S(=O)(c1ccccc1)c1cncnc1N1CC[NH2+]CC1
decoy_3394,0.171642,0.180496,0.351805,0.369033,0.23635,0.251449,O=C(CS[C@@H]1NN[C@@H]([C@H]2C=CN=N2)N1)Nc1ccccc1
decoy_3395,0.150845,0.171335,0.349356,0.368406,0.243395,0.246196,c1coc(C[NH2+]CCCn2c3ccccc3c3ccccc32)c1
decoy_3397,0.133722,0.18919,0.337024,0.421709,0.196244,0.264319,O=C(Cc1ccccc1)NNC(=O)NCC[NH+]1CCCCC1
decoy_3398,0.194444,0.233302,0.395554,0.472956,0.254085,0.295422,O=C(c1ccns1)N(Cc1ccco1)Cc1cccs1
decoy_3399,0.360444,0.343259,0.72593,0.659566,0.462723,0.441619,O=C(NC[C@@H]1OCC[C@H]1N1CC[NH2+]CC1)Nc1ccccc1
decoy_34,0.304082,0.316971,0.579977,0.66054,0.345977,0.369196,[H]/N=C1/C(=C)C(=O)NC1=O
decoy_340,0.231683,0.274377,0.381876,0.412832,0.277246,0.301779,c1ccc(NC[C@H]2CCC[NH2+]2)cc1
decoy_3400,0.16535,0.207484,0.374472,0.429801,0.23308,0.296981,c1ccc(C[N@@H+]2CN[C@@H](c3ccccc3)[C@H]2c2c[nH]cn2)cc1
decoy_3401,0.173875,0.243659,0.387614,0.490388,0.245029,0.321258,C1=C(C[NH2+]Cc2cc3ccccc3[nH]2)CN(c2ccccc2)N1
decoy_3402,0.199376,0.245089,0.429246,0.497879,0.275243,0.319874,C1=C(C[NH2+]C[C@H]2C=c3ccccc3=N2)CN(c2ccccc2)N1
decoy_3403,0.193912,0.241087,0.365217,0.466934,0.25174,0.309052,O=C1NC(CSc2nncs2)=C[C@@H](c2ccccc2)N1
decoy_3404,0.169358,0.203852,0.400818,0.435474,0.241726,0.291237,O=C(C[NH+]1CCN(Cc2ncncn2)CC1)N1CCCCC1
decoy_3405,0.063207,0.101121,0.176774,0.250915,0.121822,0.180696,O=C(NCC[NH+]1CCCCC1)NN[C@H]1CCS(=O)(=O)C1
decoy_3406,0.169383,0.196917,0.370201,0.392423,0.228816,0.255625,c1nc(NCC[NH+]2CCCCC2)cc(Nc2nccs2)n1
decoy_3407,0.123846,0.145981,0.329462,0.353366,0.189188,0.238122,O=C(NCCC[NH+]1CCCCC1)NCCNc1ccccc1
decoy_3408,0.405284,0.400057,0.708874,0.699932,0.464461,0.458988,O=C(CSc1ccccc1)Nc1cc2c(s1)C[NH2+]CC2
decoy_3409,0.216366,0.249329,0.389814,0.425773,0.281959,0.303165,O=c1[nH]cncc1-c1c(-c2ccccc2)[nH]c2nc[nH]c(=O)c12
decoy_341,0.376038,0.417205,0.64597,0.697637,0.427691,0.450365,c1ccc(N[C@H]2CCC[NH2+]C2)cc1
decoy_3410,0.172654,0.247759,0.338117,0.469272,0.229042,0.328467,O=C(COC(=O)c1ccccn1)NNC(=O)c1cccs1
decoy_3411,0.187184,0.245417,0.391011,0.528316,0.241531,0.328072,O=C1N[C@H](c2ccccc2)/C(=C/c2ccc3c(c2)CCO3)C1=O
decoy_3412,0.349113,0.396255,0.692183,0.721036,0.446742,0.479268,O=C(CNC(=O)c1ccccc1)OCC(=O)N1CC[NH2+]CC1
decoy_3413,0.201456,0.24286,0.424734,0.500992,0.249209,0.313509,O=C1C[C@H](c2noc(-c3ccccc3)n2)CN1c1ccccc1
decoy_3414,0.198054,0.323367,0.397105,0.570511,0.260081,0.373505,O=C1NC(c2ccccc2)=[NH+]N[C@@]12CC(c1ccccc1)=NN2
decoy_3415,0.196606,0.226848,0.400388,0.449839,0.267297,0.302714,O=C1NN=C(C[C@H]2C=NN=C2c2ccccc2)C2=CC=NC[C@H]12
decoy_3416,0.182516,0.210649,0.375251,0.403504,0.240139,0.267665,O=C(Nc1ccc(C2N=c3ccccc3=N2)cc1)[C@@H]1C=CNN1
decoy_3417,0.211528,0.257271,0.348959,0.412786,0.235362,0.279379,O=C([N-]c1nncs1)C(=O)[N-]c1nc2ccccc2s1
decoy_3418,0.192153,0.231574,0.445706,0.550773,0.261435,0.316569,O=C(Cc1ccccc1)N(Cc1ccccc1)Cc1ccco1
decoy_3419,0.262102,0.261037,0.560546,0.531921,0.344093,0.342033,NC1=CCCc2oc(C(=O)NCCC[NH+]3CCOCC3)cc21
decoy_342,0.313598,0.362906,0.423346,0.533845,0.34666,0.38959,C(=N/Nc1ncn[nH]1)\c1ccco1
decoy_3420,0.192164,0.248397,0.436922,0.540087,0.269104,0.318369,O=C(NC[C@@H]1OCC[C@H]1N1CCOCC1)Nc1ccccc1
decoy_3421,0.168845,0.172995,0.377927,0.365256,0.234777,0.242563,c1ccc(Oc2c(C[NH2+]C3CC3)cnn2-c2ccccc2)cc1
decoy_3422,0.208303,0.250625,0.444533,0.517666,0.276855,0.297994,c1ccc(Oc2[nH]nc(-c3ccccc3)c2C[NH2+]C2CC2)cc1
decoy_3423,0.189,0.218957,0.453749,0.505577,0.273749,0.306147,C1=C[C@@]23CCN(c4ccncn4)Cc4cccc(c42)O[C@H]3CC1
decoy_3424,0.338646,0.359911,0.679786,0.716227,0.431502,0.441534,O=c1ccn(-c2ccccc2)c2cc(N3CC[NH2+]CC3)ccc12
decoy_3425,0.177328,0.241455,0.400823,0.525,0.247699,0.311786,O=C(NCc1ccccc1)[C@@H]1CC=C2Nc3ccccc3CN21
decoy_3426,0.148944,0.265018,0.360941,0.641894,0.224089,0.347335,O=C(NCCCc1ccn(-c2ccccc2)n1)c1ccccc1
decoy_3427,0.190569,0.309168,0.433073,0.605219,0.276932,0.400719,O=C(Nc1ccc(N2CCOCC2)nc1)NC1CC[NH2+]CC1
decoy_3428,0.105961,0.178478,0.274081,0.397071,0.164178,0.266702,O=C(NCC[NH+]1CCCCC1)NNC(=O)Nc1ccccc1
decoy_3429,0.216856,0.262065,0.471591,0.55757,0.297785,0.337139,c1ccc(N2CCN(Cc3ncc4ccccc4n3)CC2)nc1
decoy_343,0.363828,0.386586,0.526589,0.579124,0.418565,0.437995,C(=N/Nc1ncn[nH]1)\c1cn[nH]c1
decoy_3430,0.298539,0.323155,0.627989,0.655203,0.394421,0.424589,c1ccc([C@H]2NCN(Cc3nc[nH]n3)[C@@H]2c2ccccc2)cc1
decoy_3431,0.209563,0.219424,0.443548,0.432846,0.2825,0.27224,c1ccc(CC[NH2+]Cc2ncnc(Nc3ccccc3)n2)cc1
decoy_3432,0.194662,0.255925,0.413979,0.500411,0.261867,0.322345,C1=C(C[NH2+]CC2N=c3ccccc3=N2)CN(c2ccccc2)N1
decoy_3433,0.236014,0.346387,0.499836,0.641372,0.32273,0.441632,[H]/N=C1/C=CC2=N[C@@H](CCCCc3nc4ccccc4[nH]3)NC2=C1
decoy_3434,0.162784,0.224316,0.360438,0.465496,0.225313,0.291408,O=C1NC(CS/C=[NH+]/C2CCCC2)=C[C@@H](c2ccco2)N1
decoy_3435,0.178802,0.21006,0.387487,0.416902,0.247494,0.268637,O=C(C[C@@H]1Sc2ccccc2NC1=O)NC1CC[NH2+]CC1
decoy_3436,0.27606,0.32407,0.558335,0.597988,0.387233,0.418904,O=C(CN1CC[NH+](Cc2cn[nH]c2)CC1)Nc1cccs1
decoy_3437,0.315249,0.356942,0.655484,0.667178,0.398243,0.442834,O=C(CS[C@H]1NCNN1)NCCC1=c2ccccc2=NC1
decoy_3438,0.136091,0.197633,0.352571,0.46203,0.205037,0.277683,O=C(NCCC[NH+]1CCCCC1)NCCOc1ccccc1
decoy_3439,0.14216,0.180181,0.365554,0.410012,0.226961,0.26325,O=C(NCCCOc1ccccc1)NCC[NH+]1CCCCC1
decoy_344,0.368078,0.480651,0.562108,0.724684,0.393442,0.482776,C1=NO[C@@H](CNc2cccc[nH+]2)C1
decoy_3440,0.176177,0.255738,0.372173,0.588515,0.229376,0.306366,O=S(=O)(c1ccccc1)N1CCS[C@H]1c1ccccc1
decoy_3441,0.193083,0.266037,0.427009,0.535469,0.274997,0.349631,C1=C(c2ccccc2)NC2(CC[NH2+]CC2)N[C@@H]1c1ccccc1
decoy_3442,0.183073,0.258645,0.436732,0.545517,0.287143,0.369613,O=C(Cn1cncn1)NCC1([NH+]2CCCCC2)CCCCC1
decoy_3443,0.194884,0.270376,0.387063,0.509201,0.254935,0.313889,O=C(CCc1cccs1)NNC(=S)Nc1ccccc1
decoy_3444,0.197313,0.21789,0.425533,0.453922,0.245006,0.309228,O=C(CSc1ncccn1)Nc1cc2c(s1)CCCC2
decoy_3445,0.227185,0.310734,0.590167,0.666992,0.33095,0.415828,c1nc(NCC[NH+]2CCCCC2)cc(NN2CC[NH2+]CC2)n1
decoy_3446,0.134943,0.199408,0.327012,0.430446,0.198951,0.280489,O=C(NCCc1ccccc1)[C@@H]1CSC2(CC[NH2+]CC2)N1
decoy_3448,0.198056,0.218982,0.42319,0.471122,0.258746,0.282438,O=C(c1ccco1)N1N=C(c2ccco2)C[C@H]1c1ccccc1
decoy_3449,0.196661,0.279314,0.404546,0.552556,0.251999,0.342516,[H]/N=C(/C(=O)Nc1ccccc1)[C@@H]1C=NN(c2ccccc2)C1=O
decoy_345,0.321736,0.305011,0.490225,0.537551,0.354662,0.35359,C(=C/c1cccs1)\c1ccno1
decoy_3450,0.162865,0.209388,0.337884,0.418001,0.219603,0.282984,O=C(Nc1cccnc1)c1ccc2c(c1)=C1CCNC(=O)[C@H]1N=2
decoy_3451,0.211663,0.225475,0.41994,0.455338,0.271634,0.303699,O=C(NCc1cccnc1)C(=O)Nc1cccc2cccnc12
decoy_3452,0.208787,0.263826,0.433184,0.548904,0.253812,0.335385,O=C(OCc1ncnc(Nc2ccccc2)n1)c1ccccc1
decoy_3453,0.196466,0.221015,0.392032,0.434065,0.267694,0.301846,O=C(NNc1cc(Nc2ccccc2)ncn1)c1ccncc1
decoy_3454,0.194267,0.220756,0.396324,0.442343,0.267086,0.299845,O=C(NNc1cc(Nc2ccccn2)ncn1)c1ccccc1
decoy_3455,0.343243,0.362834,0.618793,0.606612,0.407486,0.432514,O=C(NNc1cc(Nc2cc[nH+]cc2)ncn1)c1ccccc1
decoy_3456,0.178696,0.189675,0.355529,0.357693,0.234583,0.261618,O=C(CCNC(=O)c1cccs1)NNC(=O)c1ccc[nH]1
decoy_3457,0.166828,0.237637,0.409072,0.739511,0.234868,0.314332,O=C(OC[C@H]1CCC[C@@H](O[C@H]2CCCO2)O1)c1ccccc1
decoy_3458,0.166959,0.21741,0.39827,0.493084,0.230778,0.299612,O=c1c(-c2ccccc2)coc2c([C@@H]3CCCCO3)cccc12
decoy_3459,0.194973,0.251569,0.460828,0.758402,0.262015,0.325202,O=c1c(-c2ccccc2)coc2ccc([C@@H]3CCCCO3)cc12
decoy_346,0.346125,0.370392,0.588683,0.66852,0.384425,0.409608,c1ccc(Nc2nncs2)cc1
decoy_3460,0.191569,0.216338,0.407756,0.422455,0.267813,0.28669,O=C1NC(=O)[C@H]2[C@@H]1[C@H](Cc1ccccc1)[NH2+][C@@H]2c1ccccc1
decoy_3461,0.190614,0.254337,0.425861,0.511202,0.266814,0.342586,O=C(C[NH+]1CCCC1)N(c1c[nH]c(=O)[nH]c1=O)C1CCCC1
decoy_3462,0.164134,0.190842,0.358896,0.387328,0.223727,0.253071,c1ccc(COc2ccc([C@H]3NCCc4[nH+]cn[c-]43)cc2)nc1
decoy_3463,0.316546,0.336641,0.595021,0.620643,0.41684,0.424071,c1ccc(COc2ccc([C@H]3NCCc4[nH+]c[nH]c43)cc2)nc1
decoy_3464,0.202083,0.269317,0.433789,0.53981,0.253392,0.342346,N/C(=C/CC1=CNc2ccccc2N1)C(=O)Nc1ccccc1
decoy_3465,0.197107,0.261289,0.412021,0.523284,0.257711,0.338401,O=c1ncn(C2CC2)cc1[C@H]1NCCc2c1[nH]c1ccccc21
decoy_3466,0.216026,0.198746,0.467953,0.441627,0.270723,0.2778,O=C(CCc1ccccc1)NCc1cccnc1-n1cccn1
decoy_3467,0.346389,0.322018,0.657053,0.632437,0.425854,0.415452,O=C(CCc1ccc(N2C=NC=[NH+]C2)cc1)Nc1ccccc1
decoy_3468,0.371448,0.364984,0.666199,0.656525,0.441907,0.439564,O=C(Nc1cccc2c1C[NH2+]C2)C1=NN(c2ccccc2)CC1
decoy_3469,0.17926,0.209322,0.389198,0.438803,0.246544,0.278588,O=C(NCCNc1ccc2ccccc2n1)Nc1ccccc1
decoy_347,0.224393,0.244333,0.446023,0.522969,0.297343,0.345514,c1ccc(N[C@@H]2CCCCO2)cc1
decoy_3470,0.207371,0.245571,0.448831,0.510096,0.288518,0.330095,c1cnnc(N2CCN(Cc3ncc4ccccc4n3)CC2)c1
decoy_3471,0.252857,0.289472,0.537106,0.598327,0.337988,0.374234,c1ccc2nc(CN3CCN(c4ccncn4)CC3)ncc2c1
decoy_3472,0.176102,0.199763,0.424415,0.484514,0.241983,0.287312,c1ccc(N2CCN(c3cc(-n4cccn4)ncn3)CC2)cc1
decoy_3473,0.320838,0.352744,0.677641,0.685877,0.430201,0.444421,c1cc(Nc2cc(N3CC[NH2+]CC3)nc[nH+]2)c2cccnc2c1
decoy_3474,0.176193,0.202255,0.451271,0.505791,0.256097,0.295342,c1ccc(CCO[C@H]2OCCC[C@H]2O[C@H]2CCCCO2)cc1
decoy_3475,0.16102,0.197905,0.416618,0.486877,0.243108,0.290187,c1ccc(CO[C@@H]2CCC[C@@H](CO[C@H]3CCCCO3)O2)cc1
decoy_3476,0.137197,0.167288,0.365402,0.432726,0.212999,0.265207,c1ccc(CCO[C@@H]2CCC[C@@H](CO[C@H]3CCCO3)O2)cc1
decoy_3477,0.166516,0.219795,0.393487,0.476845,0.245088,0.3258,c1ccc(CNC2=[NH+]c3ccccc3NC23CC[NH2+]CC3)cc1
decoy_3478,0.171819,0.228535,0.406926,0.500434,0.253225,0.32309,c1ccc(CNC2=[NH+]c3ccccc3N[C@]23CCC[NH2+]C3)cc1
decoy_3479,0.172354,0.264334,0.394809,0.541332,0.242987,0.377377,c1ccc(N2CCC([NH2+]Cc3nc4ccccc4[nH]3)CC2)cc1
decoy_348,0.22662,0.250823,0.424622,0.513893,0.291091,0.323286,c1ccc(NC2CCOCC2)cc1
decoy_3480,0.311519,0.29937,0.735537,0.654396,0.404995,0.390442,c1nc(NCC[NH+]2CCOCC2)cc(NC2CC[NH2+]CC2)n1
decoy_3481,0.168266,0.242652,0.424318,0.590935,0.247112,0.319554,c1ccc(Nc2cc(NC3CCCCC3)cc3ccnn23)cc1
decoy_3482,0.246246,0.251823,0.597182,0.577003,0.345917,0.339291,c1cc(N2CC[NH2+]CC2)nc(NCCC[NH+]2CCOCC2)n1
decoy_3483,0.228924,0.304915,0.540444,0.617081,0.318705,0.388318,O=C(NCc1cn([C@H]2CC[NH2+]C2)nn1)NC1CCCCCC1
decoy_3484,0.139895,0.160821,0.357353,0.374875,0.210749,0.240795,O=C(NCCC[NH+]1CCCCC1)NCCNc1ncccn1
decoy_3485,0.151063,0.207926,0.348133,0.434003,0.220283,0.285802,O=C(NCCc1ccccc1)NNC(=S)NC1CCCC1
decoy_3486,0.182846,0.266359,0.362779,0.485695,0.238932,0.329116,N/C(=N\NC(=O)c1ccccc1)c1cc2ccccc2oc1=O
decoy_3487,0.148858,0.178226,0.313983,0.379285,0.215058,0.269738,O=C1NC(=O)N(c2ccccc2)C(=O)/C1=C\Nc1ccccc1
decoy_3488,0.21923,0.276646,0.438893,0.538827,0.266062,0.333388,O=C(Cc1nc2ccccc2[nH]c1=O)C(=O)Nc1ccccc1
decoy_3489,0.193402,0.208838,0.39322,0.408551,0.254669,0.26962,O=C(Nc1cn(-c2ccccc2)c(=O)[nH]c1=O)c1ccccc1
decoy_349,0.25604,0.284635,0.421493,0.434674,0.304012,0.32657,c1ccc(C[NH2+][C@H]2CCOC2)cc1
decoy_3490,0.026901,0.041771,0.070217,0.115435,0.078617,0.099253,O=C(/C=C/c1ccco1)NNC(=O)c1cnc2ccccc2c1
decoy_3491,0.166625,0.185393,0.341747,0.3709,0.225519,0.264653,O=C(NNc1cc(Oc2ccccc2)ncn1)c1cccnc1
decoy_3492,0.224743,0.269936,0.438085,0.519874,0.273182,0.330886,O=C(OCc1ncnc(Nc2ccccc2)n1)c1ccccn1
decoy_3493,0.149218,0.168686,0.312586,0.34329,0.219674,0.241191,O=C(CCC(=O)Nc1cccs1)NNC(=O)c1ccoc1
decoy_3494,0.190022,0.25423,0.420688,0.572403,0.25345,0.303083,O=C(Cc1cc2ccccc2oc1=O)NCCc1ccccc1
decoy_3495,0.326394,0.383913,0.619083,0.662789,0.435854,0.49075,[NH2+]=c1ccc2c(CNCC(=O)Nc3ccccc3)ccoc-2c1
decoy_3496,0.186813,0.247265,0.397059,0.494633,0.246388,0.312401,O=C1NC=C(C(=O)NCc2ccccc2)[C@H](c2ccccc2)N1
decoy_3497,0.184637,0.222961,0.388079,0.418912,0.242858,0.282678,O=C1Nc2ccc(-c3ccccc3)cc2C(=O)N2CC[NH2+]C[C@@H]12
decoy_3498,0.19141,0.25891,0.402211,0.493614,0.249198,0.334591,O=C1NC(=O)[C@H]2[C@@H]1[C@H](Cc1ccccc1)[NH2+][C@@H]2c1ccccn1
decoy_3499,0.193379,0.268788,0.403453,0.523706,0.272694,0.337505,O=C(Nc1ccccc1)[C@H]1CCN[C@@]12C(=O)Nc1ccccc12
decoy_35,0.375988,0.34644,0.692095,0.715414,0.44012,0.423279,C=C1C(=O)N=CNC1=O
decoy_350,0.254312,0.332007,0.460541,0.837343,0.305518,0.382061,c1ccc(CN2CCOCC2)cc1
decoy_3500,0.154701,0.211888,0.344377,0.462793,0.225214,0.288238,O=C(NCCc1ccccc1)Nc1cccc(-c2cnco2)c1
decoy_3501,0.159962,0.21359,0.356167,0.454635,0.225061,0.287247,O=C(NCCC1=c2ccccc2=NC1)C(=O)Nc1ccccc1
decoy_3502,0.185879,0.258724,0.330645,0.430381,0.248398,0.331007,O=S1(=O)N=C([N-][NH+]=c2cc[nH]cc2)Sc2ccncc21
decoy_3503,0.329476,0.376621,0.660816,0.6576,0.4147,0.457899,C1=C(c2cc[nH+]c(NCCC3N=c4ccccc4=N3)n2)CNN1
decoy_3504,0.257674,0.319648,0.552799,0.600706,0.346849,0.398972,O=S(=O)(NCc1cn([C@H]2CC[NH2+]C2)nn1)c1ccccc1
decoy_3505,0.158618,0.242946,0.38375,0.520735,0.233359,0.322257,O=C1NC(=O)[C@]2(CC[C@H](C(=O)NCC3CCCCC3)CC2)N1
decoy_3506,0.212195,0.232303,0.419727,0.43877,0.275451,0.294552,O=C(COC(=O)c1ccsc1)Nc1cc2c(s1)CCC2
decoy_3507,0.177814,0.306727,0.394481,0.62003,0.247459,0.387209,c1ccc([C@@]2(C[NH2+]Cc3nc4ccccc4[nH]3)CCOC2)cc1
decoy_3508,0.172616,0.296438,0.397105,0.611582,0.245505,0.398731,c1ccc(OCCC[NH2+]Cc2c[nH]nc2-c2ccccc2)cc1
decoy_3509,0.174808,0.222897,0.392958,0.473618,0.257009,0.310939,O=C1N[C@]2(CC[N@@H+](Cc3ccccc3)CC2)Nc2ccccc21
decoy_351,0.23683,0.240127,0.404507,0.392705,0.31504,0.294512,c1ccc(OCC[NH2+]C2CC2)cc1
decoy_3510,0.170214,0.255268,0.419713,0.556146,0.239026,0.367941,O=C(C[NH2+]Cc1cn[nH]c1N1CCOCC1)NC1CCCC1
decoy_3511,0.167887,0.222433,0.344317,0.455705,0.229337,0.312631,O=C(CSc1nccs1)NCC(=O)Nc1ccccc1
decoy_3512,0.215711,0.29114,0.438693,0.573149,0.298762,0.372481,O=C(CSc1nccc(=O)[nH]1)Nc1cc2c(s1)CCC2
decoy_3513,0.361909,0.396778,0.642564,0.671798,0.40216,0.437479,O=C([N-]C(=S)Nc1cc2c(s1)C[NH2+]CC2)c1ccco1
decoy_3514,0.32276,0.38214,0.624791,0.705071,0.419151,0.46082,c1ccc(Nc2cc(NC[C@H]3CC[NH2+]C3)cc3ccnn23)cc1
decoy_3516,0.330768,0.341861,0.634581,0.642827,0.431293,0.423738,c1ccc(Nc2cc(N[C@H]3CCC[NH2+]C3)cc3ccnn23)cc1
decoy_3517,0.367806,0.41495,0.669439,0.669871,0.413098,0.43463,O=C([N-]C(=S)Nc1cc2c(s1)C[NH2+]CC2)c1ccn[nH]1
decoy_3518,0.165394,0.207195,0.335665,0.400471,0.241248,0.282369,OS1=NC=C(NCCSCc2cnc3ccccn23)N1
decoy_3519,0.164871,0.197478,0.38205,0.414665,0.235732,0.267479,O=C(C[N@@H+]1CCC[C@H](C(=O)NC2CC2)C1)Nc1cccs1
decoy_352,0.239435,0.252108,0.447693,0.468682,0.308149,0.30928,c1cnnc(NC2CCCCC2)c1
decoy_3520,0.136815,0.238803,0.327607,0.502466,0.206776,0.327971,O=C(C[N@H+]1CC[C@H](C(=O)NC2CC2)CC1)Nc1cccs1
decoy_3521,0.147553,0.245283,0.352994,0.537069,0.213685,0.326588,O=C(CN1CCC(NC(=O)C2CC2)CC1)Nc1cccs1
decoy_3522,0.130195,0.185095,0.311772,0.404708,0.201259,0.254121,O=C(CNCC(=O)NC1CC1)Nc1cc2c(s1)CCCC2
decoy_3524,0.208833,0.22506,0.443516,0.45462,0.26701,0.283812,O=c1ccc2ccc(O[P@@H](=O)OC3CCCCC3)cc2o1
decoy_3525,0.136413,0.15704,0.277898,0.293204,0.193326,0.225688,O=c1[n-]c(=O)n(-c2ccccc2)c2c1CN=C(c1ccco1)N2
decoy_3526,0.201817,0.223609,0.39602,0.420558,0.253923,0.275983,O=C1N=c2ccccc2=C1NNC(=O)C(=O)Nc1ccccc1
decoy_3527,0.147758,0.198789,0.310436,0.384513,0.214117,0.272989,O=C(NNC(=O)c1n[nH]c(=O)c2ccccc12)c1ccccc1
decoy_3528,0.159213,0.200049,0.326282,0.407607,0.231929,0.274783,O=C(COC(=O)CNC(=O)c1ccco1)Nc1cccs1
decoy_3529,0.168645,0.213896,0.357338,0.438478,0.23825,0.292356,C=C1C(=O)C[C@@H]2C[C@@H]3Cc4ccccc4C(=O)[C@@H]3C([O-])=C2C1=O
decoy_353,0.342311,0.330026,0.719385,0.715309,0.413681,0.402864,c1cnc(N2CCCCCC2)cn1
decoy_3530,0.172835,0.206891,0.392094,0.455567,0.244001,0.287109,O=C1OC[C@H]2Cc3cc4c(cc3[C@@H](c3ccccc3)[C@@H]12)OCO4
decoy_3531,0.201733,0.322597,0.409653,0.616559,0.262347,0.398375,O=c1[nH]c2cc3c(cc2cc1C[NH2+]Cc1ccccc1)OCO3
decoy_3532,0.182609,0.234928,0.392016,0.473892,0.247724,0.304972,O=C(NCc1ccccc1)C1=NN(c2ccccc2)C(=O)CN1
decoy_3533,0.161769,0.263083,0.344165,0.505139,0.226245,0.33458,O=C(Nc1ccccc1)Nc1cccc([C@@H]2C=CNC(=O)N2)c1
decoy_3534,0.169304,0.190489,0.355816,0.390092,0.234787,0.262372,O=C(Nc1ccccc1)Nc1ccc([C@@H]2C=CNC(=O)N2)cc1
decoy_3535,0.184933,0.239803,0.393778,0.479491,0.255632,0.299152,O=C(Cc1ccccc1)NCC(=O)NC1N=c2ccccc2=N1
decoy_3536,0.160739,0.172616,0.350141,0.37212,0.229592,0.246823,O=C(Nc1ccccc1)c1cnn2c1N[C@H](c1ccco1)CC2
decoy_3537,0.200279,0.253262,0.416753,0.523649,0.263265,0.317993,O=C(Nc1ccccc1)c1cc2n(n1)CC[C@@H](c1ccco1)N2
decoy_3538,0.222401,0.303442,0.471077,0.613183,0.301196,0.403054,O=C(NCCC1N=c2ccccc2=N1)c1ccc2c(c1)NCO2
decoy_3539,0.151645,0.13969,0.344945,0.321728,0.219292,0.214544,O=C(/C=C/c1ccccc1)OCCCn1cnc2cncnc21
decoy_354,0.404018,0.451309,0.642668,0.722115,0.476701,0.486779,c1ccc(NC2CC[NH2+]CC2)nc1
decoy_3540,0.218363,0.265522,0.456465,0.531613,0.284461,0.328274,C(=N/Nc1nc2cncnc2n1[C@@H]1CCCO1)\c1ccccc1
decoy_3541,0.143774,0.161848,0.329439,0.339955,0.2314,0.227511,O=C(C[NH2+]Cc1ccco1)NCS(=O)(=O)c1ccccc1
decoy_3542,0.155871,0.232493,0.3354,0.463231,0.210886,0.326235,O=C(CNS(=O)(=O)c1ccccc1)NCCc1ccco1
decoy_3543,0.216837,0.288459,0.441056,0.596392,0.280128,0.354253,O=S(=O)(c1ccccc1)N(c1ccon1)[C@@H]1CCCCO1
decoy_3544,0.21847,0.260338,0.421613,0.485566,0.277932,0.320568,O=C1NC(=S)N=N[C@H]1c1ccccc1/N=C/c1ccccc1
decoy_3545,0.166841,0.183095,0.329976,0.359824,0.22054,0.266699,O=C1NC(c2ccccc2)=N[C@@H]1Nc1nc2ccccc2s1
decoy_3546,0.187226,0.193973,0.419704,0.405694,0.277575,0.268677,c1ccc(OCCC[NH2+]Cc2conc2-c2ccccc2)cc1
decoy_3547,0.167342,0.222163,0.386922,0.479624,0.232942,0.283796,O=C1C[C@H]([NH2+]CCc2ccccc2)C(=O)N1Cc1ccccc1
decoy_3548,0.141698,0.192971,0.361416,0.437547,0.214581,0.284132,O=C(C[NH2+]C1CCCC1)NN1C(=O)NC2(CCCCC2)C1=O
decoy_3549,0.159455,0.263308,0.372193,0.600578,0.223454,0.347218,O=C([C@@H]1Cc2ccccc2N1)N1CCN(c2ccccn2)CC1
decoy_3550,0.152961,0.249165,0.308472,0.462423,0.213811,0.333062,O=C(CSc1nncs1)NCC(=O)Nc1ccccc1
decoy_3551,0.332842,0.372717,0.652458,0.675489,0.436185,0.469208,c1ccc(Cn2c(NC3CC[NH2+]CC3)nc3cccnc32)nc1
decoy_3552,0.173695,0.238575,0.385082,0.49258,0.227592,0.318043,c1ccc(-c2nc(NCCN3CCCC3)nc3n[nH]cc23)cc1
decoy_3553,0.147818,0.22204,0.342316,0.456422,0.20827,0.312199,O=c1[nH]c(C[NH2+]CCCN2CCOCC2)nc2sccc12
decoy_3554,0.154903,0.186721,0.382233,0.412029,0.227893,0.267163,c1ccc(OCCC[NH2+]CCCn2ccc3ccccc32)cc1
decoy_3555,0.164417,0.250078,0.41664,0.624283,0.241433,0.334841,O=C(NC1CCCCC1)[C@H](Nc1ccccc1)c1ccccc1
decoy_3557,0.173853,0.206733,0.380483,0.431086,0.237612,0.275315,O=C(CSc1nncs1)NCCCNc1ccccc1
decoy_3558,0.161207,0.233016,0.350192,0.477702,0.234074,0.305737,c1cc(NCCSSCCNc2ccncn2)ncn1
decoy_3559,0.115364,0.154034,0.33493,0.411908,0.182454,0.232291,O=C(CC[C@]12CCCC[C@H]1CCC2)NCCN1CCOCC1
decoy_356,0.258916,0.26473,0.419322,0.429113,0.307903,0.321228,O=c1ncccn1[C@@H]1C=CCCO1
decoy_3561,0.187018,0.273569,0.390715,0.541611,0.236007,0.345746,O=C(CN1C(=O)N[C@H](c2ccccc2)C1=O)Nc1ccccc1
decoy_3562,0.190196,0.162295,0.369257,0.314478,0.256774,0.230686,O=C(CNCc1cccc2ccccc12)c1c[nH]c(=O)[n-]c1=O
decoy_3563,0.211468,0.263471,0.446477,0.522012,0.298847,0.354936,O=C(CCc1cnn(-c2nccc(=O)[nH]2)c1)Nc1ccccc1
decoy_3564,0.1505,0.191738,0.327504,0.404428,0.225374,0.271302,O=C(Nc1ccon1)c1cnn2c1N[C@H](c1ccccc1)CC2
decoy_3565,0.191955,0.230998,0.385638,0.440116,0.252722,0.301558,C(=N/[n+]1cscc1-c1ccccc1)\c1ccc2c(c1)OCO2
decoy_3566,0.159905,0.206381,0.365346,0.41819,0.219964,0.282546,c1ccc(OCCC[NH2+]Cc2nc(-c3ccccc3)no2)cc1
decoy_3567,0.185533,0.259467,0.409976,0.528941,0.255323,0.322835,O=c1[nH]c(C[NH2+]CCCOc2ccccc2)nc2ccccc12
decoy_3568,0.169591,0.248279,0.386943,0.530686,0.240817,0.328047,O=C(CNc1ccccc1C(=O)NC1CC1)Nc1ccccc1
decoy_3569,0.165609,0.227672,0.374906,0.499684,0.239144,0.300935,O=C(NC[C@H]1CC(=O)N(c2ccccc2)C1)Nc1ccccc1
decoy_357,0.321855,0.368574,0.470573,0.69434,0.316468,0.398481,O=c1[nH]c(=S)[nH]c2ccccc12
decoy_3570,0.329065,0.34073,0.655094,0.63387,0.412348,0.423545,O=C(NCCc1ccccc1)C(=O)Nc1cccc2c1C[NH2+]C2
decoy_3571,0.167936,0.236835,0.37525,0.478148,0.228419,0.308994,O=C(NCC[NH+]1Cc2ccccc2C1)C(=O)Nc1ccccc1
decoy_3572,0.148684,0.258978,0.348209,0.587839,0.20699,0.341876,c1ccc(CNc2ncnc3c2ncn3[C@@H]2CCCCO2)cc1
decoy_3573,0.177352,0.222199,0.400969,0.503405,0.245623,0.301461,c1ccc(CCNc2ncc3ncn([C@@H]4CCCO4)c3n2)cc1
decoy_3574,0.198187,0.240885,0.423053,0.465407,0.266968,0.302255,c1ccn2cc(C[NH+]3CCN(Cc4ncncn4)CC3)nc2c1
decoy_3575,0.302823,0.317267,0.637341,0.604502,0.404719,0.407379,c1ccc2[nH]c(Nc3nccc(N[C@H]4CCC[NH2+]C4)n3)nc2c1
decoy_3576,0.193329,0.23704,0.380868,0.45056,0.248917,0.303201,OC1=C2C(=CCC1)Nc1nc(=S)[nH]cc1[C@@H]2c1ccccc1
decoy_3577,0.224662,0.267715,0.429266,0.49983,0.264194,0.317778,O=c1[nH]c2ccccc2cc1CNC(=S)Nc1ccccc1
decoy_3578,0.180199,0.251261,0.367127,0.475504,0.238216,0.321935,O=C(Nc1ccccc1)C1=CNC(=S)N[C@H]1c1ccccc1
decoy_3579,0.400713,0.389913,0.688226,0.660876,0.457061,0.446253,O=C(Nc1ccccc1)c1cc2cc3c(nc2s1)CC[NH2+]C3
decoy_358,0.299006,0.382994,0.503013,0.710191,0.342877,0.430969,c1cc(Sc2ccn[nH]2)ncn1
decoy_3580,0.189549,0.231256,0.401924,0.461062,0.250631,0.291731,O=C(Nc1cc2c(s1)CCC2)c1cc(-c2ccccc2)n[nH]1
decoy_3581,0.168824,0.26767,0.349225,0.501161,0.23075,0.325635,O=C(Nc1ccc([C@@H]2C=CNC(=S)N2)cc1)c1ccccc1
decoy_3582,0.259014,0.306131,0.575426,0.693681,0.346042,0.385257,O=C(c1ccns1)N(Cc1ccccc1)Cc1cccnc1
decoy_3583,0.177194,0.193574,0.389331,0.390556,0.25599,0.263284,O=C(CCCC[C@@H]1SC[C@H]2NC(=O)N[C@@H]12)Nc1cn[nH]c1
decoy_3584,0.174679,0.265118,0.354571,0.488372,0.234321,0.341407,c1ccc([C@@H]2N[NH+]=C(SCC3N=c4ccccc4=N3)N2)cc1
decoy_3585,0.16516,0.242598,0.33923,0.464159,0.216132,0.314657,[H]/N=C1/N=c2ccccc2=C1NNC(=S)NCc1ccccc1
decoy_3587,0.140906,0.236733,0.363569,0.604699,0.203415,0.332053,O=C(CNc1ccccc1N1CCCCC1)Nc1ccccc1
decoy_3588,0.18499,0.262266,0.422178,0.54767,0.257633,0.346728,O=C(Nc1ccccc1)N[C@H]1CC[N@H+](Cc2ccccc2)CC1
decoy_3589,0.223977,0.244326,0.490596,0.491396,0.303741,0.319623,O=C(NCc1ccccc1C[NH+]1CCCC1)Nc1ccccc1
decoy_359,0.238368,0.283626,0.470656,0.521255,0.305204,0.329977,c1ccc(O[C@@H]2CCCCO2)cc1
decoy_3590,0.129482,0.190171,0.319551,0.431048,0.196727,0.272337,O=C(NCCC[N@@H+]1CCc2ccccc2C1)Nc1ccccc1
decoy_3591,0.155812,0.235087,0.371282,0.504605,0.228126,0.324261,O=C(NC[C@@H](c1ccccc1)[NH+]1CCCC1)Nc1ccccc1
decoy_3592,0.159845,0.268999,0.383963,0.549311,0.234556,0.360614,c1ccc(-c2n[nH]cc2C[NH2+]CCCCCc2cc[nH]n2)cc1
decoy_3593,0.183353,0.209107,0.421739,0.437741,0.270069,0.291191,c1ccc2c(CCC[N@H+]3CC[C@H](n4ccnn4)CC3)c[nH]c2c1
decoy_3594,0.303428,0.299714,0.568625,0.541412,0.392405,0.381944,O=C(CSc1nncs1)NCC1(Cn2cc[nH+]c2)CC1
decoy_3595,0.143186,0.212225,0.344324,0.482637,0.21622,0.291442,O=C(NCCN1CCOCC1)Nc1cc2c(s1)CCCC2
decoy_3598,0.196628,0.182855,0.384826,0.351304,0.264174,0.260746,O=C1Cc2c(n(CCc3c[nH]c4ccccc34)c(=O)[nH]c2=O)N1
decoy_3599,0.177593,0.228862,0.358003,0.436695,0.237734,0.298832,O=C(CNC(=O)c1ccccc1)Nc1ccc2[nH]c(=O)[nH]c2c1
decoy_36,0.261491,0.271142,0.549663,0.826595,0.304058,0.322562,c1cn2ccsc2n1
decoy_360,0.2658,0.345002,0.50339,0.707915,0.326412,0.404925,O=C(NC1CCCC1)c1ccc[nH]1
decoy_3600,0.22239,0.20252,0.413511,0.39053,0.276188,0.284485,c1ccc2c(c1)=NCC=2c1nnc(SCc2ncncn2)o1
decoy_3601,0.183584,0.210344,0.418671,0.460124,0.243359,0.278587,O=C1N[C@H](c2ccccc2)C(=O)N1CCCOc1ccccc1
decoy_3602,0.174172,0.237976,0.393528,0.528498,0.241744,0.340362,O=C(NCCc1ccccc1)C(=O)Nc1ccc2c(c1)OCC2
decoy_3603,0.173281,0.172865,0.38367,0.383769,0.24103,0.259534,c1ccc(CCOc2ncc3ncn([C@@H]4CCCO4)c3n2)cc1
decoy_3604,0.196863,0.227358,0.434831,0.508684,0.259701,0.296439,O=C(NC1CCCCC1)c1cc(-c2ccco2)nc2cncn12
decoy_3605,0.173115,0.217098,0.385169,0.451438,0.24731,0.288146,O=C(NCc1cccnc1)Nc1ccc(C(=O)NC2CC2)cc1
decoy_3606,0.195303,0.269581,0.423933,0.541885,0.241364,0.340042,O=C(NCc1ccc(NC(=O)C2CC2)cc1)Nc1cccnc1
decoy_3607,0.263616,0.273086,0.452495,0.476479,0.31103,0.324874,O=C(CSc1nncs1)c1cn(C2CC2)c(=O)[nH]c1=O
decoy_3609,0.17967,0.206094,0.393911,0.433822,0.243752,0.268945,c1cc(C2N=c3ccccc3=N2)cc(C2N=c3ccccc3=N2)c1
decoy_361,0.415316,0.418614,0.630988,0.617797,0.448281,0.447609,c1cc(NC2CC[NH2+]CC2)ncn1
decoy_3610,0.153405,0.162824,0.351686,0.36399,0.226129,0.253953,c1ccc(Cn2cc(-c3nncn3C[C@H]3CCCO3)nn2)cc1
decoy_3611,0.162889,0.212543,0.365033,0.441987,0.225335,0.284846,O=C(NCCCc1cc[nH]n1)c1cc(C2CC2)nc2[nH]ncc12
decoy_3612,0.285403,0.333299,0.563671,0.605596,0.360611,0.399808,O=C(NCCCn1cc[nH+]c1)Nc1cc(-c2ccccc2)n[nH]1
decoy_3613,0.198076,0.213157,0.401403,0.430753,0.270837,0.271559,O=C(CSC1N=c2ccccc2=N1)N/N=C/c1ccccc1
decoy_3614,0.181916,0.192324,0.439626,0.450795,0.258625,0.277207,c1ccc([C@H]2[NH2+]CC[C@@H]2C[NH2+]Cc2ccc3c(c2)OCO3)cc1
decoy_3615,0.125066,0.156399,0.309925,0.349707,0.186559,0.226114,O=C(c1ccc(-c2ccccc2)o1)N1CCC2(CC[NH2+]CC2)C1
decoy_3616,0.158369,0.222565,0.382328,0.532006,0.21899,0.295535,O=C(N[C@H]1C[C@H]2C[C@H](C2)C1)c1coc(CCc2ccccc2)n1
decoy_3617,0.185364,0.259078,0.416932,0.541859,0.260934,0.354685,O=C(C[N@H+]1CCCN(c2ccccn2)CC1)Nc1ccccc1
decoy_3618,0.286343,0.339674,0.587953,0.663905,0.379505,0.420866,O=C(N[C@H]1CCC[NH2+]C1)c1nn(-c2ccccc2)c2c1CCC2
decoy_3619,0.189325,0.249967,0.428308,0.51456,0.273244,0.341542,O=C(NC[C@@H](c1ccccc1)[NH+]1CCCCC1)c1cncnc1
decoy_362,0.264062,0.341096,0.448793,0.572743,0.311275,0.383206,c1ncnc(C[NH+]2CCCCC2)n1
decoy_3621,0.081346,0.13502,0.183693,0.275638,0.136534,0.197578,O=S1(=O)C=C[C@@H](NC(=S)N[C@H]2CCS(=O)(=O)C2)C1
decoy_3622,0.201332,0.269075,0.416643,0.54972,0.282878,0.335922,c1ccc(C[NH+]2CCN(c3ncnc4sccc34)CC2)cc1
decoy_3623,0.269173,0.313288,0.636285,0.713161,0.395381,0.423988,c1ccc(COc2ccccc2C[NH2+]CC2CC[NH2+]CC2)cc1
decoy_3624,0.292154,0.296242,0.69397,0.700577,0.410903,0.410872,c1ccc(COc2ccc(C[NH2+]CC3CC[NH2+]CC3)cc2)cc1
decoy_3625,0.147142,0.184113,0.392311,0.449937,0.226223,0.282358,c1ccc(CC[NH2+][C@H]2CCO[C@H]2C[NH2+]Cc2ccccc2)cc1
decoy_3626,0.310937,0.316117,0.732652,0.735299,0.438438,0.43192,c1ccc(-c2ccc(OCCC[NH2+]C3CC[NH2+]CC3)cc2)cc1
decoy_3627,0.265928,0.263439,0.706778,0.641687,0.369452,0.361752,O=C(CC1CC[NH2+]CC1)NCCCC(=O)NC1CC[NH2+]CC1
decoy_3628,0.264105,0.275962,0.698728,0.661843,0.372438,0.377708,O=C(CCCCC(=O)NC1CC[NH2+]CC1)NC1CC[NH2+]CC1
decoy_363,0.299569,0.346702,0.414712,0.500531,0.305719,0.366686,S=C1NCCN1c1ccccc1
decoy_3630,0.303932,0.346003,0.590336,0.665133,0.367701,0.420727,O=C(CSc1nc[nH]n1)N[C@@H]1CC2=C(CCCCC2)S1
decoy_3632,0.152938,0.213601,0.334864,0.440273,0.220746,0.288922,O=C1COc2ccc(NC(=O)NCCc3ccccc3)cc2N1
decoy_3633,0.14675,0.255666,0.332932,0.516777,0.207592,0.329421,O=C(CCC(=O)Nc1ccccc1)NNC(=O)c1ccccc1
decoy_3634,0.165966,0.218535,0.368471,0.453577,0.250197,0.290155,O=C(Cc1ccccc1)NCC(=O)NNC(=O)c1ccccc1
decoy_3635,0.177047,0.207125,0.373811,0.414461,0.24903,0.27853,[H]/N=C1/C=Cc2ccc(-c3cc(-c4ccccc4)ccn3)nc2C1=O
decoy_3636,0.2011,0.240252,0.400182,0.476533,0.255418,0.307967,O=c1nc[nH]c2c1[C@H](c1ccccc1)C1=Cc3ccccc3C1=N2
decoy_3637,0.274496,0.33508,0.548952,0.646972,0.35705,0.41307,O=c1[nH]cnc2c1nc(NCc1ccccc1)n2[C@@H]1CCCO1
decoy_3638,0.212067,0.260804,0.440356,0.520183,0.259697,0.316731,O=C1N=CN=C2C1=N[C@@H](NCc1ccccc1)N2[C@H]1CCCO1
decoy_3639,0.177829,0.27925,0.372886,0.515657,0.245583,0.366499,O=C(CNc1ccccc1)NC(=O)N[C@H]1CCS(=O)(=O)C1
decoy_364,0.260665,0.290509,0.447419,0.468146,0.300865,0.330152,O=C1N=CC=C[C@@H]1[C@H]1CCCCO1
decoy_3640,0.154545,0.198371,0.330486,0.39196,0.223638,0.273082,O=C(CNC(=O)N[C@H]1CCS(=O)(=O)C1)Nc1ccccc1
decoy_3641,0.142464,0.208732,0.312291,0.411528,0.211331,0.291714,O=C(NCc1ccccc1)NNC(=O)[C@H]1CCS(=O)(=O)C1
decoy_3642,0.159714,0.233044,0.329026,0.456214,0.208818,0.29498,O=C(CNC(=O)c1cc2ccccc2s1)Nc1ccccn1
decoy_3643,0.197542,0.25604,0.411041,0.535767,0.26141,0.326313,O=C(Nc1nccs1)c1cccc(COc2ccccc2)n1
decoy_3644,0.224493,0.281156,0.465659,0.588774,0.290807,0.351822,O=C(Cn1ncn(Nc2ccncc2)c1=S)c1ccccc1
decoy_3645,0.202382,0.250195,0.404959,0.483772,0.265922,0.306558,O=C(CSc1n[nH]c(-c2ccccn2)n1)Nc1ccccc1
decoy_3646,0.135656,0.162127,0.331505,0.382178,0.203487,0.237137,O=C1N=CN(Cc2ccccc2)C(=O)C1=CNC1CCCCC1
decoy_3647,0.111569,0.120512,0.277477,0.278014,0.17923,0.193276,O=C(c1conc1-c1ccccc1)N1CCC2(CC[NH2+]CC2)C1
decoy_3648,0.181979,0.223873,0.432092,0.503577,0.237044,0.304741,c1nc(Nc2ccon2)cc(N[C@]23C[C@H]4C[C@H](C[C@H](C4)C2)C3)n1
decoy_3649,0.156485,0.185436,0.353541,0.387738,0.21631,0.265519,O=C(CN[C@H]1CCS(=O)(=O)C1)NCCNc1ccccc1
decoy_365,0.323706,0.331902,0.505273,0.758404,0.338155,0.35336,c1ccc2nc3ccccc3cc2c1
decoy_3650,0.2032,0.258429,0.433538,0.555175,0.272677,0.335579,O=C(CSc1ccccn1)NCCC1=c2ccccc2=NC1
decoy_3651,0.163576,0.195227,0.3598,0.407914,0.227554,0.27421,O=C(/C=C/c1ccccc1)NCNC(=S)Nc1ccccc1
decoy_3652,0.190462,0.272405,0.397982,0.531385,0.264853,0.329577,c1ccc([C@H]2NN[C@@H](SCC3N=c4ccccc4=N3)N2)cc1
decoy_3653,0.185483,0.259645,0.439882,0.7742,0.256877,0.35056,c1ccc(C[N@@H+](CCOc2ccccc2)C[C@H]2CCCO2)cc1
decoy_3657,0.175491,0.253035,0.411321,0.559611,0.274381,0.352614,O=C([C@@H]1C=c2ccccc2=N1)N1CCC([NH+]2CCCCC2)CC1
decoy_3658,0.143188,0.175596,0.356264,0.404079,0.20821,0.249344,c1ccc(CNc2cc(NCC[NH+]3CCCCC3)ncn2)cc1
decoy_3659,0.152965,0.172856,0.409431,0.42574,0.232645,0.256311,c1cc(-c2cn([C@H]3CC[NH2+]C3)nn2)ccc1C[NH+]1CCCCC1
decoy_366,0.303512,0.28361,0.454109,0.500137,0.294186,0.321131,N=C1c2ccccc2-c2ccccc21
decoy_3660,0.192873,0.267997,0.39605,0.603672,0.246508,0.31816,S=C1S[C@H](C2N=c3ccccc3=N2)CN1c1ccccc1
decoy_3661,0.188205,0.190906,0.415102,0.411011,0.237319,0.258018,S=c1cc(-c2ccccc2)c2c(n1[C@@H]1CCCCO1)CCC2
decoy_3662,0.144699,0.221701,0.324845,0.462253,0.207086,0.309941,O=C(COC(=O)c1ccccc1)NCC(=O)Nc1ccccc1
decoy_3663,0.145567,0.237598,0.328604,0.497838,0.21444,0.321977,O=C(COC(=O)CNC(=O)c1ccccc1)Nc1ccccc1
decoy_3664,0.198208,0.19107,0.392624,0.386046,0.250291,0.264958,O=C1C=CC(=O)c2nc(-c3cc(-c4ccccc4)ccn3)ccc21
decoy_3665,0.222402,0.286079,0.439437,0.53644,0.289199,0.342773,CC(NCCc1c[nH]c2ccccc12)=C1C(=O)NC(=O)NC1=O
decoy_3666,0.192816,0.20471,0.406904,0.40507,0.275483,0.278595,O=C(NCC[NH2+]Cc1ccc(-c2ccccc2)o1)c1cnon1
decoy_3667,0.15996,0.172739,0.335206,0.364902,0.220891,0.267439,O=C(CSc1ccccc1)Oc1ccc2ccc(=O)oc2c1
decoy_3668,0.135106,0.223337,0.295634,0.475544,0.193489,0.31483,O=C(COC(=O)c1cc2cccnc2s1)Nc1ccccc1
decoy_3669,0.230183,0.258268,0.44828,0.479165,0.30723,0.341722,O=C1NC(=S)NC(=O)C1=CNc1cccn1-c1ccccc1
decoy_367,0.242669,0.270575,0.432027,0.492677,0.305274,0.349251,c1cc(N[C@@H]2CCCCO2)ncn1
decoy_3670,0.168256,0.231057,0.394616,0.545545,0.244542,0.310391,O=C(CCNc1ccccc1)NCc1ccc2c(c1)OCCO2
decoy_3671,0.149541,0.253989,0.351112,0.560989,0.21706,0.336526,O=C(CNCc1ccccc1)Nc1ccc2c(c1)OCCCO2
decoy_3672,0.153893,0.236355,0.368161,0.553451,0.223689,0.324457,O=C(NCCCc1ccccc1)NCc1ccc2c(c1)OCO2
decoy_3673,0.171439,0.233291,0.389157,0.479764,0.248866,0.298076,O=C1CN(c2ccc(CN/C=[NH+]/Cc3ccco3)cc2)CCN1
decoy_3674,0.162093,0.281957,0.376532,0.616746,0.233102,0.360497,O=C(NCc1ccccc1)Nc1cccnc1N1CCOCC1
decoy_3675,0.337367,0.314779,0.660822,0.596204,0.452204,0.420508,O=C(NCc1ccc[nH]c1=O)c1ccc(N2CC[NH2+]CC2)cc1
decoy_3676,0.162314,0.202028,0.378661,0.422941,0.238778,0.263916,O=C(NCC[NH2+]Cc1ccccc1)C(=O)NNc1ccccc1
decoy_3677,0.172681,0.184921,0.388889,0.407958,0.243378,0.259079,c1ccc2c(c1)NC(c1ccc(C3N=c4ccccc4=N3)cc1)N2
decoy_3678,0.196636,0.242705,0.425588,0.497219,0.260433,0.308534,O=C1N=c2ccccc2=C[C@@H]1[C@H]([C@H]1N=NNN1)N1CCCCC1
decoy_3679,0.146079,0.186628,0.339995,0.398665,0.196079,0.267366,O=C(NCCCc1ccn[nH]1)c1cc(C2CC2)nc2c1CNN2
decoy_368,0.353321,0.361612,0.617758,0.65186,0.393623,0.408957,c1cc(NC[C@H]2CCCO2)ncn1
decoy_3680,0.285399,0.312723,0.617481,0.606888,0.403968,0.406042,O=C(NNc1cc(NC2CC[NH2+]CC2)ncn1)c1ccccc1
decoy_3681,0.185393,0.264827,0.405873,0.533227,0.259639,0.336927,O=S(=O)(NC[C@H]1CCCO1)[C@H]1CON[C@H]1c1ccccc1
decoy_3682,0.189157,0.193912,0.396876,0.408391,0.238287,0.253574,O=C1Nc2ccc(-c3ccsc3)cc2C(=O)N2CCCC[C@@H]12
decoy_3683,0.146745,0.168601,0.320038,0.356212,0.213912,0.277775,O=C1NC(=O)[C@H]2[C@@H]1[C@@H](c1cccs1)N[C@@H]2Cc1ccccc1
decoy_3684,0.171112,0.224817,0.375631,0.501018,0.234134,0.299255,O=C(CSC1=C[C@@H](c2ccco2)C=CN1)Nc1ccccc1
decoy_3685,0.188545,0.220978,0.413164,0.483466,0.250567,0.289005,O=C(c1ccns1)N(CCc1ccccc1)Cc1ccco1
decoy_3686,0.345831,0.411375,0.668737,0.749496,0.460819,0.492008,O=S(=O)(c1ccc(N2CC[NH2+]CC2)nc1)N1CCOCC1
decoy_3687,0.265274,0.302612,0.604347,0.699397,0.348683,0.391712,c1ncc2sc3nc(N4CCOCC4)c4c(c3c2n1)CCC4
decoy_3688,0.146791,0.258982,0.337992,0.579386,0.209638,0.346787,c1coc(CNc2nccc(Nc3cc4c(s3)CCC4)n2)c1
decoy_3689,0.177065,0.195248,0.382077,0.425258,0.243967,0.277039,c1ccc(CSc2ncc3ncn([C@@H]4CCCO4)c3n2)cc1
decoy_369,0.217747,0.26057,0.398824,0.503884,0.285746,0.332407,O=C(Nc1cn[nH]c1)C1CCCC1
decoy_3690,0.165782,0.173756,0.359342,0.389829,0.235379,0.268382,c1ccc(CSc2ncnc3c2ncn3[C@@H]2CCCO2)cc1
decoy_3691,0.265433,0.311101,0.583932,0.699109,0.337593,0.382772,c1ncc2sc3nc(N4CCCC4)c4c(c3c2n1)CCOC4
decoy_3692,0.167858,0.196895,0.356425,0.390227,0.232811,0.271501,O=C(/C=C/c1ccccc1)NCNC(=S)Nc1ccccn1
decoy_3693,0.338326,0.33132,0.62873,0.588053,0.43125,0.40924,c1ccc2sc(Nc3cc(N4CC[NH2+]CC4)ncn3)nc2c1
decoy_3694,0.216008,0.255519,0.425655,0.481631,0.300918,0.315834,c1ccc(N2N[NH2+]N[C@@H]2CSC2N=c3ccccc3=N2)cc1
decoy_3695,0.214138,0.303678,0.451917,0.578309,0.279007,0.402094,c1ccc2c(c1)=NC(CS[C@@H]1NN[C@@H](c3ccncc3)N1)N=2
decoy_3696,0.269594,0.286681,0.67647,0.673956,0.373104,0.383297,O=C(CCCCC(=O)OC1CC[NH2+]CC1)OC1CC[NH2+]CC1
decoy_3697,0.169161,0.180351,0.409128,0.408696,0.262415,0.260288,O=C(CC[NH2+]CCOc1ccccc1)NCCc1ccccc1
decoy_3698,0.1326,0.222111,0.342649,0.534684,0.20612,0.314785,O=C(NC1CCCCC1)[C@H](NCc1ccco1)c1ccccc1
decoy_3699,0.229043,0.26067,0.535311,0.574946,0.319826,0.354335,C(\NCc1ccccc1C[NH+]1CCNCC1)=[NH+]/Cc1ccco1
decoy_37,0.256795,0.244116,0.539562,0.555321,0.314773,0.322786,c1cc2c(s1)CCC2
decoy_370,0.243269,0.26561,0.417694,0.418565,0.306831,0.303149,c1cc(C[NH2+]C2CCCCC2)co1
decoy_3700,0.149816,0.174345,0.364432,0.39083,0.24676,0.244535,c1coc(C[NH2+][C@H]2CCCc3nc(N4CCCCC4)ncc32)c1
decoy_3702,0.211631,0.275133,0.478799,0.570668,0.302873,0.364458,O=C(CC[C@H]1CCC[N@@H+](Cc2c[nH]cn2)C1)Nc1ccccc1
decoy_3703,0.205598,0.25652,0.392547,0.460757,0.25479,0.320552,S=C1N=CC(C(c2ccccc2)C2C=NC(=S)N=C2)C=N1
decoy_3704,0.273316,0.300475,0.593398,0.60027,0.396042,0.418655,O=C1N[C@H]2[C@H](CCCCC(=O)N3CC[NH2+]CC3)SC[C@H]2N1
decoy_3705,0.19191,0.220984,0.400907,0.427431,0.25496,0.274675,C(\CSc1ccccn1)=N/c1csc[n+]1-c1ccccc1
decoy_3706,0.407437,0.364613,0.694439,0.607878,0.454859,0.425075,O=C(CSc1nncs1)Nc1cc2c(s1)C[NH2+]CC2
decoy_3707,0.365617,0.418919,0.651592,0.67425,0.428244,0.480992,O=C(CS[C@@H]1NNCS1)Nc1nc2ccccc2s1
decoy_3708,0.152154,0.180306,0.38955,0.416623,0.220393,0.240003,c1ccc2[nH]c(C[N@H+]3CC[C@H](C[C@H]4CCCCO4)CC3)cc2c1
decoy_3709,0.134054,0.190954,0.363007,0.511972,0.194533,0.263369,O=C(CCNc1ccccc1)NC[C@]12C[C@H]3C[C@H](C[C@H](C3)C1)C2
decoy_371,0.347443,0.42551,0.589791,0.71003,0.39977,0.46579,c1n[nH]cc1C[NH2+]C1CCCCC1
decoy_3710,0.117499,0.153401,0.310153,0.366773,0.184967,0.238028,O=C(C[N@H+]1C[C@@H]2C[C@H]3C[C@@H](C2)C[C@H]1C3)NCCc1ccccc1
decoy_3712,0.104826,0.173655,0.296122,0.439482,0.176177,0.284076,c1ccc2c(c1)NC1(CC[NH2+]CC1)C(NC1CCCCCC1)=[NH+]2
decoy_3714,0.201849,0.232799,0.414433,0.448055,0.28192,0.300745,O=C(COC(=O)c1ccccn1)NCC(=O)Nc1ccccc1
decoy_3715,0.153864,0.175616,0.338322,0.365678,0.223727,0.252365,O=C(COC(=O)CNC(=O)c1ccccc1)Nc1ccccn1
decoy_3716,0.024125,0.039334,0.060478,0.101766,0.069406,0.093579,O=C(NNC(=O)c1csc(-c2ccco2)n1)c1ccccc1
decoy_3717,0.231148,0.301159,0.433238,0.50983,0.270557,0.335285,O=C([N-]C(=S)Nc1ccc2[nH]c(=O)[nH]c2c1)c1cccnc1
decoy_3718,0.133061,0.186766,0.320158,0.416481,0.198188,0.251947,O=C1NC(=O)N(c2ccccc2)C(=O)/C1=C\NC1CCCCC1
decoy_3719,0.150946,0.220832,0.347339,0.469717,0.226466,0.301338,O=C(COc1ccccc1)NNC(=O)NCCc1ccccc1
decoy_372,0.287486,0.285862,0.519582,0.539912,0.337928,0.359383,c1ccc(N2CCSCC2)cc1
decoy_3720,0.149978,0.262956,0.351196,0.554014,0.212898,0.333015,O=C(NCCc1ccco1)Nc1cccc(C(=O)NC2CC2)c1
decoy_3721,0.337766,0.379288,0.629689,0.692192,0.424772,0.442711,O=C1NCNc2c1[nH+]c(NCc1ccccc1)n2[C@@H]1CCCO1
decoy_3722,0.181934,0.231029,0.402787,0.467163,0.260622,0.308956,O=c1[nH]c(=O)c2c(ncn2CCC[NH2+]CCc2ccccc2)[nH]1
decoy_3723,0.173345,0.221603,0.402151,0.467436,0.261943,0.322586,O=C(Nc1cn[nH]c1C(=O)NC1CC[NH2+]CC1)c1ccccc1
decoy_3725,0.245824,0.315969,0.51345,0.580644,0.329601,0.387764,O=C(/C=C/c1ccccc1)NNC(=O)NCCCn1cc[nH+]c1
decoy_3726,0.146822,0.217936,0.339277,0.45925,0.201731,0.291293,O=C(NNc1cc(NC[C@H]2CCCO2)ncn1)c1ccccc1
decoy_3727,0.184979,0.190692,0.376156,0.372996,0.239598,0.262431,O=S1(=O)CC[C@H](n2ncc3ccc(-c4ccccc4)nc32)C1
decoy_3728,0.165787,0.238902,0.343884,0.474182,0.218414,0.321274,O=S(=O)([N-]c1ccn(Cc2ccccc2)n1)c1ccccc1
decoy_3729,0.185071,0.205349,0.396199,0.440783,0.244114,0.277817,c1ccc(CSc2ncnc3c2ncn3[C@@H]2CCCO2)nc1
decoy_373,0.282518,0.30233,0.420653,0.426921,0.306849,0.317439,c1ccc([C@@H]2CSCC[NH2+]2)cc1
decoy_3730,0.177166,0.202098,0.391834,0.425609,0.240868,0.267894,c1cncc(CSc2ncnc3c2ncn3[C@@H]2CCCO2)c1
decoy_3731,0.177253,0.205114,0.390503,0.435219,0.238257,0.279166,c1ccc(CSc2ncnc3c2nnn3[C@@H]2CCCO2)cc1
decoy_3732,0.163312,0.200884,0.34395,0.409603,0.228337,0.280126,O=C(CSc1ncnc2[nH]cnc12)NCCc1ccccc1
decoy_3733,0.15816,0.180806,0.381377,0.401693,0.247761,0.252879,c1ccc(CC[NH2+]CCCOCc2ccc3c(c2)OCO3)cc1
decoy_3734,0.134701,0.203799,0.345268,0.525021,0.192907,0.287409,O=C(COC(=O)[C@]12C[C@H]3C[C@H](C[C@H](C3)C1)C2)Nc1ccccc1
decoy_3735,0.12593,0.152565,0.315312,0.348177,0.211925,0.244935,C(\NC[C@@H](c1ccccc1)N1CCOCC1)=[NH+]/Cc1ccco1
decoy_3736,0.155286,0.204473,0.376212,0.452227,0.225242,0.291882,O=C(NCCC[NH+]1CCCCC1)c1cc(=O)[nH]c2ccccc12
decoy_3737,0.126441,0.193224,0.318797,0.439502,0.197413,0.280945,O=C(NCc1ccccc1)NC[C@@H](c1ccco1)[NH+]1CCCC1
decoy_3738,0.163875,0.218877,0.388017,0.481615,0.250046,0.293851,O=C(NC[C@@H](c1ccco1)[NH+]1CCCCC1)Nc1ccccc1
decoy_374,0.209388,0.24908,0.460516,0.59966,0.244456,0.310584,N1=P\N=P/N=P\N=P/1
decoy_3740,0.144326,0.240653,0.349527,0.511928,0.214246,0.308399,c1ccc(Nc2cc(NCCC[NH+]3CCOCC3)ncn2)cc1
decoy_3741,0.136793,0.189716,0.334588,0.422487,0.199724,0.256068,c1ccc(Nc2ccnc(NCCC[NH+]3CCOCC3)n2)cc1
decoy_3742,0.253871,0.285296,0.544724,0.563654,0.345832,0.389095,O=C(N[C@H]1CCC[NH2+]C1)c1ccnc2c1nc1n2CCCCC1
decoy_3743,0.218768,0.259611,0.407273,0.487016,0.293948,0.334086,O=C(Nc1nc2ccccc2s1)[C@@H]1Cc2cccnc2S1
decoy_3746,0.34268,0.395249,0.67801,0.718131,0.431594,0.484881,O=C(NCCCN1CC[NH2+]CC1)c1ccc(-n2cccn2)cc1
decoy_3747,0.148178,0.225134,0.341226,0.475432,0.221905,0.305735,c1ccc(OCCC[NH2+]Cc2c[nH]nc2-c2cccs2)cc1
decoy_3748,0.158014,0.190641,0.363504,0.398878,0.237269,0.254888,O=c1cc(NCCC[NH2+]Cc2ccccc2)[nH]c2ccsc12
decoy_3749,0.159168,0.191682,0.364429,0.399131,0.238748,0.253928,O=c1cc(NCCC[NH2+]Cc2ccccc2)[nH]c2sccc12
decoy_375,0.267133,0.280677,0.433938,0.445731,0.313343,0.326879,O=C1NCC=CN1[C@@H]1C=CCCO1
decoy_3750,0.195612,0.213138,0.430349,0.430858,0.274375,0.306981,O=C(N[C@H]1CCC[NH2+]C1)c1cccnc1Sc1ccccc1
decoy_3751,0.154836,0.281939,0.348925,0.562463,0.225845,0.35939,O=C(NC(=S)NCCCNc1ccccc1)c1ccccc1
decoy_3752,0.243624,0.256449,0.509445,0.498332,0.313088,0.309892,c1ccc(Nc2nc(C[NH2+]CCCc3cc[nH]n3)cs2)cc1
decoy_3754,0.132332,0.201735,0.3462,0.459943,0.205162,0.288091,O=C(NCC[NH+]1CCCCC1)NNC(=S)NC1CCCC1
decoy_3755,0.281045,0.314954,0.509154,0.539502,0.34972,0.372418,O=C(NNC(=O)c1ccc[nH]c1=O)c1cc2cccnc2s1
decoy_3756,0.168471,0.211031,0.381836,0.438906,0.242368,0.286994,O=C(NCCCOc1ccc2c(c1)OCO2)Nc1ccccc1
decoy_3757,0.245612,0.295099,0.508875,0.574174,0.330459,0.374095,O=C(CN1CCN(c2ccccc2)CC1)c1c[nH]c(=O)[nH]c1=O
decoy_3758,0.194784,0.221489,0.403106,0.439968,0.263942,0.313301,O=C(CN[C@H]1CCCc2ccccc21)Nc1c[nH]c(=O)[nH]c1=O
decoy_3759,0.248609,0.262882,0.533097,0.533687,0.33649,0.352396,O=C(CN(Cc1ccccc1)C1CC1)Nc1c[nH]c(=O)[nH]c1=O
decoy_376,0.305777,0.332265,0.493171,0.477753,0.341138,0.368334,O=C1c2ccccc2-c2ccccc21
decoy_3760,0.184511,0.248607,0.393408,0.500697,0.252502,0.308841,O=c1[nH]c2nc(Nc3ccccc3)ncc2cc1-c1ccccc1
decoy_3761,0.212748,0.262509,0.413938,0.484903,0.288958,0.318424,C1=Nc2[nH+]c3ccccc3n2[C@H](c2cn[nH]c2-c2ccccc2)N1
decoy_3762,0.320749,0.381371,0.566789,0.642033,0.393533,0.446191,c1cnc2c(Nc3cc(Nc4cc[nH+]cc4)ncn3)cccc2c1
decoy_3763,0.206709,0.328595,0.399615,0.610606,0.268593,0.398645,O=c1[nH]c2cc3c(cc2cc1C[NH2+]Cc1cccs1)OCO3
decoy_3764,0.191774,0.208716,0.376972,0.409049,0.249889,0.279694,O=C1NC=C(C(=O)CSc2nc(-c3ccccc3)c[nH]2)CN1
decoy_3765,0.138855,0.247779,0.295659,0.469929,0.201163,0.324197,O=C(CNCc1nc2ccccc2c(=O)[nH]1)Nc1cccs1
decoy_3766,0.162132,0.156787,0.346907,0.33867,0.232724,0.23363,O=C(CSc1nncn1Cc1ccco1)Nc1ccccc1
decoy_3767,0.172675,0.244675,0.405462,0.514376,0.258955,0.330146,O=C(NCCc1ccco1)Nc1ccccc1N1CC[NH2+]CC1
decoy_3768,0.33999,0.378229,0.700251,0.694619,0.43131,0.461535,O=C(NCCCN1CC[NH2+]CC1)c1cc2ccccc2[nH]c1=O
decoy_3769,0.128475,0.192467,0.320191,0.425372,0.201514,0.276307,O=C(NCc1cccnc1)NC[C@@H](c1ccco1)[NH+]1CCCC1
decoy_377,0.324723,0.337128,0.494031,0.655909,0.347687,0.367988,c1ccc2nc3ccccc3nc2c1
decoy_3770,0.187226,0.183396,0.424467,0.402959,0.251547,0.271172,c1ccc2c(c1)=NCC=2CCN1CCc2nc3ccccc3nc21
decoy_3771,0.191912,0.21388,0.428785,0.463967,0.266598,0.290657,c1ccc(NCc2ccc3ncn(Cc4ccccn4)c3c2)cc1
decoy_3772,0.171547,0.223627,0.391117,0.465559,0.237768,0.292112,c1ccc(NC(Nc2c[nH]cn2)=[NH+]CCN2CCOCC2)cc1
decoy_3773,0.147516,0.169496,0.341627,0.361833,0.222795,0.247778,O=C1C[C@H]([NH2+]CCc2ccccc2)C(=O)N1Cc1cccs1
decoy_3774,0.137088,0.207624,0.32079,0.474327,0.199436,0.301483,O=C(CNC(=O)c1ccccc1)Nc1cc2c(s1)CCCC2
decoy_3775,0.16053,0.185414,0.373065,0.413013,0.213745,0.250206,O=C(NNC(=O)c1cc2c(s1)CCCCC2)c1ccccc1
decoy_3776,0.192457,0.22484,0.408749,0.45443,0.253845,0.288574,O=C(CSc1ncc(Cc2ccccc2)[nH]1)N[C@@H]1CC=CN1
decoy_3777,0.189152,0.246252,0.452447,0.541891,0.265649,0.333535,O=C(NCCC[NH+]1CCCCC1)NCc1cccc2cc[nH]c12
decoy_3778,0.403155,0.360511,0.698471,0.644669,0.456338,0.434354,O=C(Nc1cc2c(s1)C[NH2+]CC2)c1cc2ccccc2s1
decoy_3779,0.168932,0.201707,0.364438,0.455056,0.232634,0.279785,O=C(c1ccns1)N(Cc1ccccc1)Cc1cccs1
decoy_3780,0.141852,0.177772,0.340225,0.385581,0.209336,0.255472,O=C(C[N@H+]1CC[C@H](Cc2ccccc2)CC1)Nc1cccs1
decoy_3781,0.150448,0.2568,0.36989,0.594764,0.217003,0.332045,O=C(CNCc1ccccc1)Nc1cc2c(s1)CCCCC2
decoy_3782,0.148435,0.160089,0.39766,0.393151,0.216091,0.236915,c1ccc2c(c1)ccn2CCC[NH2+]CCCOC1CCCCC1
decoy_3783,0.133241,0.157582,0.304446,0.352097,0.20027,0.240611,O=C1NC(=O)N(c2ccccc2)C(=O)C1=CN[C@H]1CCCOC1
decoy_3784,0.133299,0.157474,0.304632,0.352016,0.200488,0.240746,O=C1NC(=O)N(c2ccccc2)C(=O)/C1=C\N[C@H]1CCCOC1
decoy_3785,0.17121,0.221412,0.350935,0.463279,0.23919,0.284477,O=C1Nc2ccccc2[C@]12C=COc1[nH]nc(-c3ccccc3)c12
decoy_3786,0.201393,0.258924,0.413195,0.528397,0.244224,0.325828,O=C1N=CN(c2ccccc2)C(=O)/C1=C\[C@H]1C=c2ccccc2=N1
decoy_3787,0.179043,0.250485,0.406832,0.548313,0.248711,0.326929,O=C1OC(c2ccccc2)=N/C1=C\c1cnn(-c2ccccc2)c1
decoy_3788,0.224194,0.202848,0.420007,0.381219,0.287575,0.270673,O=C(Nc1cccc2cc3ccccc3cc12)c1cnc(=O)[nH]c1
decoy_3789,0.186652,0.215298,0.366157,0.401896,0.239884,0.273032,O=C1NC=C(C(=O)CSc2n[nH]c(-c3ccccc3)n2)CN1
decoy_379,0.423172,0.484776,0.657702,0.723792,0.463486,0.522631,c1nc(CCC2CC[NH2+]CC2)n[nH]1
decoy_3790,0.163047,0.163451,0.386992,0.370717,0.225421,0.231483,O=C(/C=C/C=C/CC(=O)c1ccccc1)NO[C@@H]1CCCCO1
decoy_3791,0.146336,0.169261,0.35267,0.394576,0.22154,0.248578,O=C(CCCN1C(=O)NC2(CCCC2)C1=O)Nc1ccccc1
decoy_3792,0.02706,0.043809,0.077923,0.113628,0.081526,0.101456,O=C(NCC1CCCCC1)NNC(=O)c1cc2ccccc2o1
decoy_3793,0.149492,0.16572,0.358236,0.383234,0.218741,0.253999,O=C(NC[C@@H](c1ccco1)N1CCOCC1)Nc1ccccc1
decoy_3794,0.264407,0.314868,0.555983,0.603933,0.34806,0.386154,O=C(CCc1ccccc1)NNC(=O)NCCCn1cc[nH+]c1
decoy_3795,0.176733,0.224274,0.41133,0.47625,0.263721,0.314295,O=C(NC1CC[NH2+]CC1)[C@H]1N[C@@H](C2=CC3=CC=N[C@@H]3C=C2)NO1
decoy_3796,0.159561,0.222948,0.374478,0.472547,0.229953,0.312875,O=C(NCc1ccco1)[C@H]1C[N@H+]2CC[C@@H]1C[C@H]2Cn1ccnn1
decoy_3797,0.155613,0.21526,0.364479,0.4606,0.231703,0.29535,O=C(NCCCOc1ccccc1)NCCNc1ncccn1
decoy_3798,0.160166,0.21558,0.373077,0.444958,0.233726,0.301628,O=C(NCC[NH+]1CCCC1)NNC(=O)c1c[nH]c2ccccc12
decoy_3799,0.160975,0.160375,0.346117,0.35231,0.241859,0.245048,C=C([N-]NC(=O)CO[N-]C(=C)c1cccs1)c1ccccc1
decoy_38,0.134948,0.212382,0.241839,0.462659,0.189606,0.280359,C1C[C@@H]2C[NH2+]C[C@H](C1)C2
decoy_380,0.424966,0.406716,0.650346,0.638174,0.485245,0.451119,Nc1ccn([C@@H]2CCCO2)c(=O)n1
decoy_3800,0.175483,0.250537,0.379457,0.502979,0.249058,0.321536,O=c1[nH]c(C[NH2+]CCCOc2ccccc2)nc2sccc12
decoy_3801,0.17089,0.290793,0.370092,0.604044,0.238827,0.370556,O=C(CNc1ccc(N2CCCC2=O)cc1)Nc1cccs1
decoy_3802,0.113385,0.170431,0.303256,0.404811,0.18546,0.246206,O=C(C[N@H+]1CC[C@H](Cc2ccccc2)CC1)NC(=O)NC1CC1
decoy_3803,0.163235,0.166152,0.399389,0.380463,0.234992,0.240163,O=C(NCCC[NH+]1CCCCC1)NCc1cc2ccccc2o1
decoy_3804,0.189816,0.185432,0.390129,0.403956,0.250815,0.266833,O=C(Cc1csc(-c2ccccc2)n1)OCc1ccsc1
decoy_3805,0.232446,0.246378,0.414713,0.424553,0.270166,0.284933,OC1=C2C(=CCC1)Nc1nc(=S)[nH]cc1[C@@H]2c1cccs1
decoy_3806,0.190593,0.209452,0.379925,0.41534,0.256448,0.293222,O=C(CSc1ccccc1)Nc1nc(-c2cc[nH]c2)cs1
decoy_3807,0.198653,0.248811,0.427522,0.500026,0.242438,0.305328,O=c1[nH]c2ccccc2cc1CNC(=S)NC1CCCCC1
decoy_3808,0.162861,0.229534,0.373993,0.492971,0.235278,0.315177,O=C(CN1CC[NH+](Cc2ccccc2)CC1)Nc1cccs1
decoy_3809,0.145756,0.218826,0.341677,0.473582,0.215042,0.312697,O=C(CN1CC[NH+](Cc2cccs2)CC1)Nc1ccccc1
decoy_381,0.21761,0.296703,0.402754,0.599427,0.273734,0.348772,C1=C[C@@H]([NH2+][C@H]2CCCOC2)CCC1
decoy_3810,0.133035,0.161758,0.319447,0.363542,0.19499,0.238252,O=C(NC1CC1)[C@H]1CCC[C@@H]2NC(=S)N(c3ccccc3)[C@@H]21
decoy_3811,0.363152,0.40125,0.683289,0.735641,0.438005,0.476046,O=C(NCCc1ccccc1)c1csc(C2CC[NH2+]CC2)n1
decoy_3812,0.188607,0.262838,0.424543,0.566647,0.25974,0.345708,O=C(NCCC1=CCCS1)NCCC1=c2ccccc2=NC1
decoy_3813,0.169513,0.22398,0.386586,0.478407,0.254285,0.299246,O=C(NC[C@@H](c1cccs1)[NH+]1CCCC1)Nc1ccccc1
decoy_3814,0.167378,0.231275,0.383913,0.493107,0.239764,0.341887,O=C(NCC[N@H+]1CCc2sccc2C1)NCc1ccccc1
decoy_3815,0.309098,0.364953,0.630851,0.719747,0.42565,0.466437,S=C(Nc1ccccc1)N(Cc1ccco1)C1CC[NH2+]CC1
decoy_3816,0.155747,0.229467,0.400611,0.523227,0.2438,0.321805,O=C(NC[C@H]1CCC[N@@H+]1CC1CCCCC1)Nc1ccccc1
decoy_3817,0.164695,0.217013,0.414002,0.509318,0.254318,0.301704,O=C(NCC1([NH+]2CCCCC2)CCCCC1)Nc1ccccc1
decoy_3818,0.124985,0.189522,0.343248,0.460201,0.210153,0.287343,O=C(NCCC[NH+]1CCCCC1)N[C@H](c1ccccc1)C1CC1
decoy_3819,0.205621,0.283449,0.528409,0.639798,0.291794,0.371114,c1ccc(N2CC[NH+](CCCCNC3=[NH+]CCCN3)CC2)cc1
decoy_382,0.205615,0.27277,0.410195,0.551235,0.25371,0.347951,O=C(C1CCCC1)N1CCCCC1
decoy_3820,0.171602,0.217907,0.375013,0.441836,0.235727,0.294693,O=c1ccn(-c2ccccc2)nc1-c1nc(-c2ccccc2)no1
decoy_3821,0.291253,0.31952,0.572212,0.581997,0.35745,0.397572,O=C1N=c2cc3c(cc2N1)=NC(C1=CNN(c2ccccc2)C1)=N3
decoy_3822,0.219734,0.212148,0.445459,0.428821,0.290455,0.299951,c1coc(-c2nnc(SCc3cccc4c3OCOC4)o2)c1
decoy_3823,0.167359,0.217262,0.327134,0.40631,0.231396,0.287509,O=C(CNC(=O)c1cccs1)Nc1ccc2[nH]c(=O)[nH]c2c1
decoy_3824,0.298241,0.400994,0.632983,0.722003,0.391756,0.48826,O=C1CCc2cc(NC(=O)C(=O)NC[C@H]3CC[NH2+]C3)ccc2N1
decoy_3825,0.149677,0.215484,0.347082,0.457046,0.208908,0.288138,O=C(CNc1ccccc1)NN1C(=O)NC2(CCCCC2)C1=O
decoy_3826,0.162775,0.208889,0.381694,0.442849,0.237825,0.280431,O=C(CO/N=C/C1=CCCCC1=O)NCCNc1cccc[nH+]1
decoy_3827,0.146784,0.222774,0.346094,0.496506,0.225246,0.313816,O=C(NCCc1ccco1)Nc1ccc(N2CCOCC2)nc1
decoy_3828,0.190602,0.211156,0.432226,0.44066,0.268038,0.289891,O=C(NC[C@@H](c1ccco1)[NH+]1CCCC1)Nc1ccc[nH]c1=O
decoy_3829,0.148191,0.209391,0.338561,0.459567,0.21739,0.283429,O=C(COC(=O)CC1=c2ccccc2=NC1)N[C@@H]1CC=CS1
decoy_383,0.207778,0.292914,0.416173,0.631962,0.27105,0.345121,O=C(CC1CC1)NC1CCCCC1
decoy_3831,0.133483,0.215494,0.298662,0.428086,0.195341,0.296174,O=C(CSc1n[nH]c(N/N=C/c2ccccc2)n1)NC1CC1
decoy_3832,0.174069,0.230789,0.354364,0.430527,0.237296,0.29042,O=C(NCCc1nnc([S-])[nH]1)C1=NN(c2ccccc2)CC1
decoy_3833,0.204064,0.284933,0.405126,0.514162,0.267599,0.363869,O=C(NNC(=S)Nc1ccccc1)c1cnn2c1NCCC2
decoy_3834,0.163923,0.17759,0.422612,0.438125,0.232247,0.270398,O=C(OCc1ccccc1O[C@H]1CCCCO1)[C@@H]1C=CCCC1
decoy_3835,0.187482,0.256946,0.446384,0.541436,0.25105,0.330619,O=C1Cc2cc(CNC(=O)NCC[NH+]3CCCCC3)ccc2N1
decoy_3836,0.150067,0.189972,0.372105,0.421112,0.218647,0.259641,O=C1NC(C[NH2+]CCN2CCOCC2)=C[C@@H](c2ccccc2)N1
decoy_3837,0.190595,0.260768,0.39462,0.569511,0.265404,0.347885,O=C(COc1ccc(-c2cscn2)cc1)Nc1cccs1
decoy_3838,0.178404,0.199486,0.357665,0.421932,0.246895,0.275648,O=C1C=C[C@@H]2SC(SCC(=O)Nc3ccccc3)=CC2=N1
decoy_3839,0.246069,0.312896,0.473535,0.558309,0.330151,0.396707,O=C(CSc1cc2[nH]c(=O)ccc2s1)Nc1ccccc1
decoy_384,0.243982,0.32969,0.394695,0.743447,0.286824,0.368963,c1csc(C[NH+]2CCCCC2)c1
decoy_3841,0.22237,0.305697,0.425864,0.578945,0.255119,0.368958,O=C(CSc1n[nH]c(-c2ccccc2)n1)Nc1cccs1
decoy_3842,0.150291,0.247565,0.37706,0.531121,0.225086,0.342343,O=C(NCCC[NH+]1CCCCC1)NCc1nnc2ccccn12
decoy_3843,0.14884,0.169025,0.349154,0.388578,0.214562,0.255054,O=C(CNCCOc1ccccc1)Nc1cc2c(s1)CCC2
decoy_3844,0.195198,0.244181,0.433775,0.498689,0.268632,0.317491,O=C(COc1ccccc1)NCNc1cc2c(s1)CCCC2
decoy_3845,0.1643,0.231583,0.377711,0.497436,0.226123,0.290092,O=S(=O)(c1ccccc1)[C@H]1CN(Cc2ccccc2)CCN1
decoy_3846,0.201939,0.209148,0.456169,0.43281,0.273996,0.287792,c1cc(Nc2cc3c(s2)CCCC3)nc(N2CCOCC2)n1
decoy_3847,0.157633,0.226567,0.367941,0.499967,0.224323,0.292243,c1cc(Nc2cc3c(s2)CCC3)nc(NC[C@H]2CCCO2)n1
decoy_3848,0.131007,0.168019,0.308003,0.367486,0.184616,0.226555,O=C1C[C@H](c2ccc(C[NH+]3CCCCC3)s2)c2cn[nH]c2N1
decoy_3849,0.183771,0.211833,0.424784,0.464607,0.260271,0.301169,O=C(CCN1CCN(c2ccccn2)CC1)Nc1cccs1
decoy_385,0.210697,0.242966,0.439651,0.468292,0.294556,0.321672,C1CCC(C[NH+]2CCCCC2)CC1
decoy_3850,0.24206,0.31415,0.508881,0.581996,0.309197,0.39693,C1=C[C@@H](c2ccc(C[N@H+]3CC[C@H](N4CC=NN4)CC3)s2)N=N1
decoy_3851,0.144327,0.161125,0.380015,0.389339,0.224799,0.221787,c1ccc(C[NH2+]Cc2ccc(C[NH2+]Cc3ccccc3)cc2)cc1
decoy_3852,0.230257,0.318039,0.526813,0.670171,0.295125,0.399353,c1n[nH]c2c1C[C@@H]([NH2+]CC1(N3CCCCC3)CCCCC1)CC2
decoy_3853,0.246678,0.239403,0.527725,0.501309,0.313308,0.308524,O=C1COc2cc(NC(=O)C(=O)NCC3CCCC3)ccc2N1
decoy_3854,0.158629,0.215714,0.354113,0.505113,0.239601,0.27828,O=C1[C@@H]2[C@@H]3N=c4ccccc4=C3CCN2C(=O)N1c1ccccc1
decoy_3855,0.224642,0.27324,0.44726,0.528825,0.283687,0.329087,O=C(Nc1ccccc1)C1=CNc2ncnn2[C@H]1c1ccccc1
decoy_3856,0.267325,0.299315,0.509854,0.535333,0.353066,0.367849,O=c1[nH]c2ccc(S(=O)(=O)NCCc3ccccc3)cc2[nH]1
decoy_3857,0.167947,0.206985,0.352727,0.420879,0.228569,0.27076,O=C1NC(CSc2nc(C3CC3)n[nH]2)=C[C@@H](c2ccco2)N1
decoy_3858,0.17737,0.197544,0.361791,0.390388,0.242278,0.268162,O=C(CCc1cnc[nH]c1=O)NNC(=S)Nc1ccccc1
decoy_3859,0.17695,0.202271,0.432634,0.464989,0.250091,0.264125,c1ccc2c(O[C@@H]3CC[C@@H](O[C@H]4CCCCO4)CO3)c[nH]c2c1
decoy_386,0.18457,0.216379,0.385659,0.41854,0.261627,0.287986,C1CCCC([NH2+]C2CCCC2)CC1
decoy_3860,0.220576,0.230801,0.411053,0.44019,0.268012,0.28844,O=C(CSc1nc2ccccc2c(=O)[nH]1)Nc1cccs1
decoy_3861,0.198133,0.215091,0.381442,0.419664,0.25014,0.279169,O=C(CSc1nc2sccc2c(=O)[nH]1)Nc1ccccc1
decoy_3862,0.126281,0.158546,0.316427,0.356529,0.188945,0.226625,O=C(NNC(=O)N[C@H]1CC[N@H+](C2CC2)CC1)Nc1ccccc1
decoy_3863,0.365562,0.37268,0.738053,0.69686,0.464036,0.453528,NC1=NC(N)=[N+](c2cccc(/C=C/C=C/c3ccccc3)c2)CN1
decoy_3864,0.381163,0.378298,0.680011,0.622256,0.426969,0.42423,O=C([N-]c1nncs1)c1cc2cc3c(nc2s1)CC[NH2+]C3
decoy_3865,0.194811,0.20723,0.383499,0.406346,0.256236,0.288136,c1cnc(SCc2n[nH]c(CSc3ncccn3)n2)nc1
decoy_3866,0.13353,0.191589,0.324882,0.412307,0.217445,0.291128,O=C(NCC1CCCCC1)NNC(=O)[C@H]1CCS(=O)(=O)C1
decoy_3867,0.168392,0.203151,0.382954,0.417439,0.246027,0.272419,O=C(NCCC[NH2+]Cc1ccccc1)C(=O)Nc1cccs1
decoy_3868,0.166962,0.210705,0.374373,0.435655,0.235302,0.281982,O=C(NCCNC(=O)c1ccccc1)NCCc1ccsc1
decoy_3869,0.312751,0.364357,0.609198,0.678553,0.406793,0.458653,O=S(=O)(c1ccc(Nc2ccccc2)cc1)N1CC[NH2+]CC1
decoy_387,0.437604,0.41002,0.80873,0.843088,0.480096,0.473825,c1cc([C@H]2OC[C@@H]3OCO[C@@H]32)[nH]n1
decoy_3870,0.317187,0.325377,0.615148,0.618346,0.40786,0.409193,O=S(=O)(Nc1ccccc1N1CC[NH2+]CC1)c1ccccc1
decoy_3871,0.170772,0.264998,0.379464,0.522189,0.243889,0.358825,O=C(CCC1=CN=NC1)N[C@H]1CN[C@H](Nc2ccccc2)S1
decoy_3872,0.337399,0.37828,0.680535,0.682738,0.426671,0.460504,O=C(CSc1n[nH]c(-c2ccccc2)n1)NC1CC[NH2+]CC1
decoy_3873,0.141307,0.19678,0.363206,0.464134,0.230761,0.279065,C(\NC[C@@H](c1ccccc1)N1CCOCC1)=[NH+]/C[C@H]1CCCO1
decoy_3874,0.088999,0.096095,0.249159,0.244681,0.147793,0.170221,O=C(NCCC[NH+]1CCCCC1)N[C@H]1CCOc2ccccc21
decoy_3875,0.150149,0.21552,0.381341,0.482201,0.239425,0.297398,O=C(NC1CCCCC1)[C@H]1C[N@@H+]2CC[C@H]1C[C@H]2Cn1ccnn1
decoy_3876,0.354534,0.391552,0.645723,0.677923,0.398111,0.430691,O=C([N-]C(=S)Nc1cc2c(s1)C[NH2+]CC2)c1ccccc1
decoy_3877,0.150271,0.197101,0.361175,0.448784,0.231389,0.272645,C(\NC[C@@H](c1cccs1)N1CCCCC1)=[NH+]/Cc1ccco1
decoy_3879,0.140713,0.188086,0.40023,0.473076,0.207719,0.287277,c1cc(N2CCOCC2)ccc1C[NH2+]CCC[NH+]1CCCCC1
decoy_388,0.181405,0.249275,0.295505,0.454361,0.223237,0.300088,C=C1CCO[C@@H]2NC(=O)[C@H]1NC2=O
decoy_3880,0.129314,0.154544,0.358625,0.386541,0.211391,0.237856,c1ccc(CN2CCC([NH2+]CCCN3CCOCC3)CC2)cc1
decoy_3881,0.30791,0.280754,0.560449,0.531724,0.361858,0.3453,O=c1cc[nH]c2c3c(ccc12)Oc1c(ccc2c(=O)cc[nH]c12)O3
decoy_3882,0.279067,0.298949,0.501296,0.51107,0.333184,0.352183,O=c1[nH]c2ccc(S(=O)(=O)Oc3ccccc3)cc2[nH]c1=O
decoy_3883,0.164256,0.22753,0.350551,0.448467,0.227715,0.305271,[NH2+]=c1occ(C(=O)c2ccccc2)cc1C(=O)Nc1ccccc1
decoy_3884,0.278072,0.266624,0.567783,0.569156,0.361856,0.362731,C1=C[C@H](c2ccc([C@@H]3C=COc4[nH]ncc43)cc2)c2cn[nH]c2O1
decoy_3885,0.215092,0.257085,0.460162,0.547078,0.290783,0.327194,O=C(NCc1ccco1)c1nn2cccnc2c1-c1ccccc1
decoy_3886,0.21891,0.28714,0.415212,0.511783,0.274322,0.335415,[O-]/C(Nc1ccccc1)=C1\C=Nc2nnnn2[C@H]1c1ccccc1
decoy_3887,0.159678,0.20404,0.335845,0.400761,0.220328,0.294456,O=C(Nc1cccnc1)C1=CNc2ncnn2[C@H]1c1ccccc1
decoy_3888,0.152088,0.255754,0.327624,0.513997,0.216944,0.343098,O=C(COC(=O)CNC(=O)c1ccccc1)Nc1cccs1
decoy_3889,0.150136,0.229025,0.324432,0.473293,0.211865,0.299539,O=C(COC(=O)CNC(=O)c1cccs1)Nc1ccccc1
decoy_389,0.344508,0.367114,0.577109,0.602235,0.39747,0.434334,O=c1ccn([C@@H]2CCCO2)c(=O)[nH]1
decoy_3890,0.171014,0.263477,0.351592,0.488446,0.229047,0.328501,O=C(CNC(=O)c1ccco1)NNC(=S)Nc1ccccc1
decoy_3891,0.232482,0.264935,0.46918,0.492108,0.290851,0.31722,O=C(CSc1nccc(=O)[nH]1)NCC(=O)Nc1ccccc1
decoy_3892,0.131921,0.21967,0.331969,0.493949,0.197986,0.296027,O=C(COC(=O)CNC(=O)c1ccccc1)NC1CCCCC1
decoy_3893,0.147438,0.170558,0.341734,0.361597,0.214877,0.256872,O=C1[C@@H]2[C@H](/C=C/c3ccccc3)[NH2+]C[C@@H]2C(=O)N1c1ccccc1
decoy_3894,0.179019,0.277244,0.407344,0.614967,0.243378,0.345227,O=C(NCCc1ccccc1)C(=O)c1[nH]ccc1-c1ccccc1
decoy_3895,0.150952,0.215691,0.355402,0.495832,0.220671,0.299467,O=C(NCCc1ccccc1)C(=O)Nc1cccc2ccccc12
decoy_3896,0.168674,0.217536,0.33947,0.459096,0.232416,0.31676,O=C(COC(=O)c1cc2cccnc2s1)Nc1cccs1
decoy_3897,0.15232,0.169867,0.350638,0.381018,0.220917,0.243522,O=C(Nc1ccccc1)c1cnn2c1N[C@H](c1ccccc1)CC2
decoy_3898,0.140779,0.253169,0.294041,0.503645,0.19621,0.316016,O=C(CSc1nnc(-c2ccccc2)o1)Nc1nccs1
decoy_3899,0.139074,0.207808,0.330356,0.449969,0.206274,0.292497,C1=C(c2ccccc2)N=N[C@H]1[C@H]1NNCN1/N=C/c1ccccc1
decoy_39,0.243416,0.262447,0.409765,0.447786,0.300653,0.336236,C1CCC2(C1)CCC[NH2+]2
decoy_390,0.313328,0.341235,0.505122,0.546046,0.334472,0.356264,[H]/N=C1/C=CC=C/C1=[NH+]\c1ccccc1
decoy_3900,0.186957,0.202308,0.409732,0.413331,0.261289,0.26203,c1ccc2c(C[NH2+]CCc3nc(-c4ccncc4)n[nH]3)c[nH]c2c1
decoy_3901,0.221259,0.295315,0.402495,0.515757,0.255401,0.354198,O=C(CSc1n[nH]c(-c2ccccc2)n1)Nc1nncs1
decoy_3902,0.133711,0.163746,0.313769,0.371343,0.195397,0.240816,O=C(CNCc1ccc2c(c1)OCCCO2)Nc1cccs1
decoy_3903,0.164283,0.20751,0.360636,0.432863,0.247761,0.281663,O=S(=O)(Oc1ccccc1)[C@H]1CN(c2ccccc2)CCN1
decoy_3904,0.130513,0.226366,0.348665,0.578064,0.18815,0.297768,O=C(N/N=C/CCCCOC[C@H]1CCCCO1)c1ccccc1
decoy_3905,0.12195,0.166297,0.32565,0.392978,0.190211,0.246444,O=C(CNC(=O)NCCC[NH+]1CCCCC1)Nc1ccccc1
decoy_3906,0.130343,0.1998,0.319085,0.446053,0.208911,0.300609,c1ccc([C@H](CNc2ncnc3ccccc23)[NH+]2CCCC2)cc1
decoy_3908,0.308177,0.340439,0.656455,0.654715,0.407438,0.433775,O=C(NCCN1CC[NH2+]CC1)Nc1ccc(N2CCCC2)nc1
decoy_3909,0.342852,0.379704,0.649263,0.657767,0.387156,0.424627,O=C([N-]C(=S)Nc1cc2c(s1)C[NH2+]CC2)c1cccnc1
decoy_391,0.262141,0.303634,0.35737,0.474744,0.282564,0.33928,[NH-]C1=C2CC=CN=C2c2ccccc21
decoy_3910,0.191131,0.210021,0.458948,0.475741,0.284172,0.29915,[H]/N=C1/C[C@H](c2ccc(OCCN3CCOCC3)cc2)C=CS1
decoy_3911,0.391264,0.362803,0.710799,0.675802,0.451954,0.433233,O=C(CCSc1ccccc1)Nc1cc2c(s1)C[NH2+]CC2
decoy_3912,0.197764,0.208811,0.418294,0.411738,0.279063,0.278111,c1cnc(-c2cccc(C[NH2+]Cc3ccc4c(c3)OCO4)c2)nc1
decoy_3913,0.197732,0.246399,0.414135,0.483832,0.280393,0.325083,O=c1[nH]c(=O)n(-c2ccccc2)cc1[C@H]1[NH2+]CCc2ccccc21
decoy_3914,0.133241,0.194797,0.306717,0.406968,0.195883,0.262394,O=c1[nH]cc([C@H]2[NH2+]CCc3ccccc32)c(=O)n1-c1ccccc1
decoy_3915,0.139662,0.170683,0.316017,0.366492,0.206674,0.241375,O=C1NC2=C(C(=O)N(Cc3ccccc3)C2)[C@@H](c2ccccc2)N1
decoy_3916,0.167807,0.197966,0.371048,0.417465,0.24366,0.271409,O=C(Nc1ccccc1)[C@H]1CNc2ncnn2[C@H]1c1ccccc1
decoy_3917,0.165827,0.221808,0.36999,0.45901,0.236411,0.29226,O=C(NNc1cc(NCc2ccccc2)ncn1)c1ccccc1
decoy_3918,0.162805,0.235605,0.36191,0.47778,0.226896,0.313547,O=c1[nH]c(C[NH2+]CCCOCc2ccco2)nc2sccc12
decoy_3919,0.135247,0.205504,0.309108,0.436362,0.204949,0.282439,O=C(COc1ccccc1)NNC(=O)NCCc1ccsc1
decoy_392,0.223402,0.275216,0.441033,0.529677,0.283962,0.335894,C1=CC[C@@H](O[C@@H]2CCCCO2)CC1
decoy_3920,0.15899,0.217009,0.35597,0.455516,0.237496,0.289811,O=C(CSCC(=O)Nc1ccon1)NCCc1ccccc1
decoy_3921,0.182964,0.207951,0.379588,0.434115,0.243991,0.290597,O=C(c1ccccc1)n1ncc2c1N=CS[C@@H]2c1ccccc1
decoy_3922,0.149083,0.167684,0.358271,0.369155,0.232997,0.252756,O=c1oc2c(C[NH2+]CCc3ccccc3)cccc2c2c1CCC2
decoy_3923,0.124923,0.145781,0.322716,0.363848,0.204509,0.239205,O=C1NC(=O)N(C2CCCCC2)C(=O)/C1=C\NC1CCCCC1
decoy_3924,0.195487,0.209351,0.449441,0.462096,0.266048,0.28446,O=c1ccn(COCC[NH2+][C@H]2[C@@H]3C[C@H]4C[C@@H](C3)C[C@@H]2C4)c(=O)[nH]1
decoy_3925,0.160605,0.240696,0.397998,0.534541,0.248233,0.337079,O=C(NCCC[NH+]1CCCCC1)Nc1ccc2c(c1)OCCO2
decoy_3926,0.171884,0.174065,0.399758,0.384484,0.246187,0.246551,c1ccc(Oc2c(C[NH2+]CC3CC3)cnn2-c2ccccc2)cc1
decoy_3927,0.180992,0.228528,0.415312,0.499218,0.255703,0.29942,c1ccc(Oc2[nH]nc(-c3ccccc3)c2C[NH2+]CC2CC2)cc1
decoy_3928,0.206192,0.286257,0.464591,0.599398,0.274306,0.364771,O=C(N[C@H]1CC[N@@H+](Cc2ccccc2)C1)c1cccc2cc[nH]c12
decoy_3929,0.249985,0.349858,0.583789,0.682739,0.352115,0.455361,O=C(NC1CC[NH2+]CC1)c1nc[nH]c1C(=O)NC1CCCCC1
decoy_393,0.219177,0.275235,0.457015,0.534472,0.278642,0.335616,C1=C[C@@H](O[C@@H]2CCCCO2)CCC1
decoy_3930,0.317854,0.326453,0.700024,0.657282,0.41997,0.42476,O=C(NCCCCN1CC[NH2+]CC1)NNC(=O)c1ccccc1
decoy_3931,0.198665,0.275485,0.437448,0.550419,0.291287,0.359064,c1ccc([C@H]2NC[N@@H+](CCc3cccnc3)[C@@H]2c2c[nH]cn2)cc1
decoy_3932,0.242208,0.249101,0.477988,0.482576,0.309623,0.325189,O=C(CSc1n[nH]c(-c2ccncc2)n1)N[C@@H]1C=CCS1
decoy_3933,0.144589,0.204789,0.356402,0.5145,0.217918,0.282362,O=C(COC(=O)[C@]12C[C@H]3C[C@H](C[C@H](C3)C1)C2)Nc1cccs1
decoy_3934,0.151821,0.173005,0.350213,0.386888,0.227567,0.242824,O=C(CCCC[C@@H]1SC[C@H]2NC(=O)N[C@@H]12)Nc1ccccc1
decoy_3935,0.142567,0.156068,0.378889,0.385332,0.23328,0.23421,c1ccc(CC[NH2+][C@@H]2CCC[C@@H](CO[C@H]3CCCCO3)O2)cc1
decoy_3936,0.141345,0.246745,0.373732,0.554338,0.22122,0.342046,O=C(C[NH+]1CCCCC1)NC(=O)N[C@]12C[C@H]3C[C@H](C[C@H](C3)C1)C2
decoy_3937,0.333883,0.374443,0.709493,0.734567,0.428781,0.459857,O=C(CNC(=O)[C@]12C[C@H]3C[C@H](C[C@H](C3)C1)C2)NC1CC[NH2+]CC1
decoy_3938,0.345566,0.398752,0.635886,0.705354,0.432518,0.470613,O=C(NC1CC[NH2+]CC1)c1ccc(Sc2nccs2)cc1
decoy_3939,0.195875,0.244319,0.445066,0.529164,0.283179,0.318274,O=C(NCC1([NH+]2CCSCC2)CCCC1)Nc1ccccc1
decoy_394,0.459318,0.481201,0.737072,0.777043,0.503229,0.528369,O=C(CC1CC1)NC1CC[NH2+]CC1
decoy_3940,0.133509,0.204098,0.405963,0.563951,0.224241,0.308012,C1CC[NH+]([C@H]2CC[N@H+](C[C@H]3CCC[N@@H+]4CCCC[C@@H]34)CC2)CC1
decoy_3941,0.283268,0.331185,0.540265,0.616255,0.374651,0.416005,O=C1C(=O)N(c2ccon2)[C@H](c2cccnc2)/C1=C/c1cc[nH]c1
decoy_3942,0.273101,0.31166,0.513443,0.560453,0.337988,0.376929,O=C(CSc1ccccc1)OCC(=O)c1c[nH]c(=O)[nH]c1=O
decoy_3943,0.227277,0.255074,0.448526,0.470425,0.298933,0.305665,C1=Nc2[nH+]c3cc4c(cc3n2[C@@H](c2ccccc2)N1)OCCCO4
decoy_3944,0.149936,0.187083,0.3369,0.416959,0.223408,0.246385,C1=Nc2nc3cc4c(cc3n2[C@H](c2ccccc2)N1)OCCCO4
decoy_3945,0.142299,0.165184,0.316556,0.349871,0.214684,0.250714,O=C1NC=C(C(=O)N/N=C/c2ccccc2)[C@H](c2ccccc2)N1
decoy_3946,0.192497,0.228567,0.397147,0.460718,0.242821,0.294537,O=C1CN(C(=O)c2cccc3[nH]c(-c4ccccc4)nc23)CCN1
decoy_3947,0.147948,0.182893,0.32845,0.379025,0.22188,0.28216,O=C(NNc1cc(=O)[nH]cn1)C(c1ccccc1)c1ccccc1
decoy_3948,0.178016,0.197158,0.382786,0.400046,0.247674,0.261038,O=C(N/N=C/c1cccc(COc2ccccc2)c1)c1cc[nH]n1
decoy_3949,0.173419,0.250231,0.367722,0.470274,0.241023,0.318399,NC(=N/c1ccccc1)/[NH+]=C/Nc1cnn(-c2ccccc2)c1[O-]
decoy_395,0.439236,0.435367,0.710373,0.715927,0.510399,0.483364,c1csc(CN2CC[NH2+]CC2)c1
decoy_3950,0.208575,0.222401,0.432233,0.443628,0.260245,0.286169,O=C(Cc1ccccc1)NNc1cc(Nc2ccccn2)ncn1
decoy_3951,0.211818,0.253233,0.437826,0.49055,0.272139,0.320392,O=C(c1ccco1)N1CCN(S(=O)(=O)c2ccccc2)CC1
decoy_3952,0.18993,0.235391,0.373119,0.453068,0.282645,0.297631,[NH2+]=c1oc2c(ccc3ccccc32)cc1C(=O)Nc1cccs1
decoy_3953,0.13413,0.181496,0.300186,0.361984,0.207978,0.270718,O=C(C[N@@H+]1CCC[C@H]1c1cccs1)Nc1c[nH]c(=O)[nH]c1=O
decoy_3954,0.13644,0.190378,0.344898,0.426639,0.204794,0.263024,O=C(COc1ccccc1)NNC(=O)NCC[NH+]1CCCCC1
decoy_3955,0.328987,0.345906,0.686479,0.676051,0.438313,0.432189,O=C(NC1CCN(C(=O)NC2CC[NH2+]CC2)CC1)c1ccco1
decoy_3956,0.145736,0.211291,0.349412,0.471358,0.217996,0.284743,c1ccc(-c2nc3ncncc3cc2CCN2CCOCC2)cc1
decoy_3957,0.183839,0.175894,0.415642,0.402522,0.24171,0.252369,c1ccc2c(Nc3cc(NC[C@H]4CCCO4)ncn3)cccc2c1
decoy_3958,0.157304,0.152568,0.326867,0.3208,0.227014,0.228937,O=C(CCSc1nc(-c2ccoc2)n[nH]1)Nc1cccs1
decoy_3959,0.217362,0.287628,0.476143,0.595804,0.292705,0.373938,c1ccc(-n2cccn2)c(C[NH+]2CCN(c3ccncn3)CC2)c1
decoy_396,0.39298,0.41651,0.712769,0.729759,0.466274,0.468885,C1CCC([NH2+]C2CC[NH2+]CC2)CC1
decoy_3960,0.371106,0.349255,0.711859,0.631823,0.448433,0.42597,c1cnc2c(Nc3cc(NC4CC[NH2+]CC4)ncn3)cccc2c1
decoy_3961,0.285706,0.316638,0.601769,0.596377,0.399611,0.429732,c1cc(Nc2cc(NC3CC[NH2+]CC3)ncn2)c2cccnc2c1
decoy_3962,0.182641,0.203448,0.409248,0.419774,0.243861,0.295822,c1ccc2c(c1)NC[C@@H]2C[NH2+]CCc1nc(-c2ccncc2)n[nH]1
decoy_3963,0.33284,0.463922,0.686957,0.795687,0.426003,0.5373,O=C(CCc1nc(=O)c2ccsc2[nH]1)NC[C@H]1CCC[NH2+]C1
decoy_3964,0.16068,0.276864,0.376211,0.58872,0.228398,0.363491,O=C(CNC1(c2ncon2)CCCCCC1)Nc1cccs1
decoy_3965,0.200077,0.274609,0.430238,0.541012,0.24596,0.333063,O=C(CNC(=O)C1CCCC1)NNC(=S)Nc1ccccc1
decoy_3966,0.162028,0.204065,0.398351,0.444691,0.229197,0.276307,c1ccc(Cn2cccc2C[NH2+]CCCOc2ccccc2)cc1
decoy_3967,0.242239,0.301934,0.619856,0.667329,0.376508,0.432771,c1nc(NCCC[NH+]2CCOCC2)cc(NC2CC[NH2+]CC2)n1
decoy_3968,0.17909,0.185132,0.37371,0.378607,0.246612,0.260838,O=C(CSc1nncs1)N1CCN(c2ccccc2)CC1
decoy_3969,0.19438,0.312077,0.41659,0.59563,0.268256,0.374323,O=C(CSC1=NNCS1)NCCC1=c2ccccc2=NC1
decoy_397,0.35729,0.454812,0.693938,0.849541,0.433631,0.542927,C1C[NH2+]C[C@@H](CC[NH+]2CCCC2)C1
decoy_3970,0.117615,0.135875,0.274615,0.313403,0.186976,0.210336,O=C1C=C(C(=O)c2ccc3c(c2)OCCO3)[C@@H](c2ccccc2)N1
decoy_3971,0.199473,0.220947,0.420472,0.460044,0.269965,0.346687,O=C(COc1ccc(-c2nnco2)cc1)N1CCc2ccccc21
decoy_3972,0.1599,0.187525,0.34472,0.380531,0.235734,0.271816,c1ccc(CCCOc2cc3[nH]c(-c4cnon4)nc3cn2)cc1
decoy_3973,0.161608,0.192798,0.350429,0.402935,0.235622,0.270307,O=C(Cn1cc(C(=O)Nc2ccccc2)nn1)Nc1ccccc1
decoy_3974,0.143452,0.205295,0.319108,0.431068,0.208105,0.306406,O=C(NCC1N=c2ccccc2=N1)[C@H]1NC(c2ccccc2)=NO1
decoy_3975,0.220474,0.226547,0.413519,0.415611,0.27516,0.309167,O=C(Nc1ccon1)c1cc2c(-c3ccccc3)ccnc2s1
decoy_3976,0.211629,0.24424,0.405091,0.437588,0.271839,0.310045,[H]/N=C1C(=C/c2ccn(-c3ccccc3)c2)/C(=O)N=C2SC=NN2/1
decoy_3977,0.235842,0.310629,0.474362,0.600849,0.299148,0.366664,[H]/N=C1C(=C/c2ccn(-c3ccccc3)c2)/C(=O)N=C2SN=CN2/1
decoy_3978,0.201748,0.234381,0.389709,0.455508,0.267421,0.317588,O=c1cc(Sc2n[nH]nc2-c2ccccc2)nc2ccccn12
decoy_3979,0.325338,0.344128,0.655374,0.678565,0.417687,0.43907,O=C(NCCCOc1ccc2c(c1)OCO2)NC1CC[NH2+]CC1
decoy_3980,0.173569,0.206591,0.408979,0.451794,0.249239,0.289605,O=c1c2cc(N[C@@H]3CCCCO3)ccc2ncn1-c1ccccc1
decoy_3981,0.174439,0.22156,0.404918,0.478879,0.229225,0.330137,O=c1c2ccccc2ncn1-c1ccc(N[C@@H]2CCCCO2)cc1
decoy_3982,0.160015,0.212145,0.381759,0.514712,0.222964,0.287633,O=C(Nc1cn(Cc2ccccc2)c2ncccc12)[C@@H]1CCCO1
decoy_3983,0.173536,0.189246,0.404541,0.42874,0.246993,0.273225,O=C(NCCCn1ccc2ccccc21)C(=O)Nc1ccccc1
decoy_3984,0.364326,0.348088,0.696415,0.639826,0.450712,0.429486,c1cnc2c(Oc3cc(NC4CC[NH2+]CC4)ncn3)cccc2c1
decoy_3985,0.178838,0.194989,0.405465,0.439939,0.247857,0.277376,c1cc(Nc2cc(NC[C@H]3CCCO3)ncn2)c2cccnc2c1
decoy_3986,0.168469,0.227789,0.394541,0.489993,0.236449,0.29563,c1ccc(Nc2ncnc(CNCCOc3ccccc3)n2)cc1
decoy_3987,0.326169,0.429863,0.65712,0.736217,0.42332,0.50926,O=C(Nc1n[nH]c2nc(-c3ccccc3)ccc12)C1CC[NH2+]CC1
decoy_3988,0.125739,0.229173,0.305634,0.495631,0.185884,0.296912,O=C(NCCCc1ccccc1)Nc1cccnc1-n1cccn1
decoy_3989,0.207034,0.264849,0.379521,0.471662,0.255312,0.322309,O=C1NC=C(C(=O)CSc2n[nH]c(-c3cccs3)n2)CN1
decoy_399,0.318745,0.310276,0.53104,0.534703,0.36916,0.375936,O=c1cnn([C@@H]2CCCO2)c(=O)[nH]1
decoy_3990,0.333215,0.381471,0.652768,0.674147,0.42522,0.468164,c1cnc2c(Nc3cc(NN4CC[NH2+]CC4)ncn3)cccc2c1
decoy_3991,0.368035,0.343016,0.717904,0.630058,0.446159,0.421448,c1cc(Nc2cc(NN3CC[NH2+]CC3)ncn2)c2cccnc2c1
decoy_3992,0.222409,0.339217,0.390891,0.555575,0.270525,0.406363,O=S1(=O)CC[C@H](NS(=O)(=O)c2cnc3sccn23)C1
decoy_3993,0.195093,0.256511,0.409852,0.524814,0.260944,0.337237,O=C(NCCC1=c2ccccc2=NC1)c1cc2cccnc2s1
decoy_3994,0.12938,0.175288,0.336397,0.409107,0.197918,0.262637,O=C(CN1CCOCC1)NC(=O)N[C@]12C[C@H]3C[C@H](C[C@H](C3)C1)C2
decoy_3995,0.141612,0.19073,0.364146,0.443347,0.215411,0.257473,c1cc(NC[C@H]2CCCO2)nc(NCCC[NH+]2CCOCC2)n1
decoy_3996,0.152927,0.219535,0.407337,0.497949,0.214047,0.300578,O=C(C[NH2+]CCNc1nccc(=O)[nH]1)NC1CCCCCCC1
decoy_3997,0.197946,0.234896,0.404844,0.454438,0.245632,0.281704,O=C(CSC1=[NH+]C(=O)CC=N1)Nc1cc2c(s1)CCCC2
decoy_3998,0.304889,0.365056,0.613636,0.699549,0.404634,0.450073,c1ccc(Nc2cc(NC[C@H]3CCC[NH2+]C3)cc3ccnn23)cc1
decoy_3999,0.270479,0.298223,0.616285,0.616348,0.352794,0.376353,NC1=NC(N)=[N+](c2ccc(CCCCc3ccccc3)cc2)CN1
decoy_4,0.223277,0.235439,0.477079,0.530347,0.27762,0.330471,C1=C[C@H]2CC=C[C@H]2C1
decoy_40,0.250678,0.250447,0.438218,0.46071,0.297714,0.305828,C1CC(C2CC2)CCO1
decoy_400,0.285077,0.346582,0.48371,0.804589,0.322023,0.370792,c1cc(CO[C@@H]2CCCCO2)on1
decoy_4000,0.17832,0.24138,0.359399,0.455031,0.243626,0.306469,O=C(CS[C@@H]1NN[C@@H](c2ccccc2)N1)Nc1nccs1
decoy_4001,0.151103,0.261392,0.365432,0.542657,0.236836,0.35883,O=C(CC[N@@H+]1CCC[C@H](C(=O)NC2CC2)C1)Nc1cccs1
decoy_4002,0.12766,0.189221,0.322842,0.423744,0.207957,0.275665,O=C(CC[N@H+]1CC[C@H](C(=O)NC2CC2)CC1)Nc1cccs1
decoy_4003,0.108003,0.133257,0.2763,0.323429,0.172025,0.204229,O=C(Nc1nc2c(s1)C[C@@H]1CCCC[C@@H]1C2)N1CCOCC1
decoy_4004,0.171921,0.24792,0.404037,0.516677,0.252719,0.342783,O=C(NCC[NH+]1CCCCC1)C(=O)Nc1cc2c(s1)CCC2
decoy_4005,0.187441,0.214022,0.405318,0.423558,0.26637,0.287139,c1ccc(C[C@@H]2[NH2+]CCc3c(Sc4cnc[nH]4)cccc32)cc1
decoy_4006,0.147041,0.199331,0.411065,0.714036,0.23398,0.285293,O=C(C[C@H]1CCC[C@H]2[C@H]3COCO[C@H]3CC[C@@H]12)N1CCCCC1
decoy_4007,0.170128,0.235558,0.390944,0.523633,0.233313,0.301244,O=C(CSC1=NC=CC2(CCCCC2)C1)Nc1nccs1
decoy_4008,0.147203,0.175311,0.368371,0.400574,0.21983,0.273642,C(\NC[C@@H](c1cccs1)N1CCCCC1)=[NH+]/C[C@H]1CCCO1
decoy_401,0.318703,0.310361,0.501639,0.474912,0.337458,0.329357,c1c[nH]c(-c2cn3ccccc3n2)c1
decoy_4010,0.180432,0.184559,0.375548,0.37042,0.234002,0.247003,O=C(CNC(=O)c1ccccc1)NNC1=c2ccccc2=NC1=O
decoy_4011,0.204607,0.269037,0.411974,0.531681,0.26155,0.336972,O=C(Nc1c[nH]c2ncc(NCc3ccco3)cc12)c1ccco1
decoy_4012,0.17018,0.25895,0.351395,0.490339,0.229544,0.322249,O=C(CNS(=O)(=O)c1ccccc1)OCC(=O)c1cc[nH]c1
decoy_4013,0.14611,0.192341,0.322414,0.414329,0.21564,0.274608,O=C(COC(=O)CCNC(=O)c1ccco1)Nc1cccs1
decoy_4014,0.222594,0.31501,0.438923,0.609634,0.270649,0.38723,[H]/N=C1C(=C/c2ccccc2)/C(=O)N=C2SC(c3ccco3)=NN2/1
decoy_4015,0.211274,0.224223,0.433095,0.468283,0.272903,0.290191,[H]/N=C1C(=C/c2ccc(-c3ccccc3)o2)/C(=O)N=C2SC=NN2/1
decoy_4016,0.155648,0.230375,0.382793,0.717968,0.222155,0.291702,O=c1c(-c2ccccc2)coc2cccc(O[C@@H]3CCCCO3)c12
decoy_4017,0.200739,0.20623,0.451879,0.466312,0.262901,0.304273,O=c1c(-c2ccccc2)coc2cc(O[C@@H]3CCCCO3)ccc12
decoy_4018,0.174045,0.223666,0.413657,0.495156,0.240544,0.29841,O=c1c(-c2ccccc2)coc2c(O[C@@H]3CCCCO3)cccc12
decoy_4019,0.192437,0.23561,0.458399,0.729923,0.264569,0.304264,O=c1c(-c2ccc(O[C@@H]3CCCCO3)cc2)coc2ccccc12
decoy_402,0.254003,0.329266,0.433624,0.569526,0.294432,0.376058,c1ccc(/N=N/c2cccnc2)cc1
decoy_4020,0.135513,0.223006,0.31703,0.468068,0.196603,0.335564,O=c1[nH]c2cc3c(cc2cc1C[NH2+]Cc1ccccc1)OCCO3
decoy_4021,0.134229,0.198232,0.325155,0.463527,0.196316,0.295579,O=C(COC(=O)CCC1=c2ccccc2=NC1)Nc1ccccc1
decoy_4022,0.15115,0.231748,0.351639,0.48205,0.212776,0.298367,O=C(Cc1ccccc1)N/N=C/C=N/NC(=O)Cc1ccccc1
decoy_4023,0.171786,0.230825,0.382022,0.472302,0.243488,0.290731,O=C(CCc1ccccc1)NCC(=O)NC1N=c2ccccc2=N1
decoy_4024,0.363872,0.402382,0.673594,0.722117,0.447988,0.477303,O=C(CCc1c[nH]c[nH+]1)NCc1cccnc1Oc1ccccc1
decoy_4025,0.140841,0.141987,0.332047,0.32183,0.204483,0.213887,O=C(CCC(=O)N/N=C/c1ccccc1)N/N=C/c1ccccc1
decoy_4026,0.154745,0.197335,0.351638,0.414692,0.230281,0.279469,O=C(CNCC(=O)Nc1ccccc1)Cc1nc2ccccc2[nH]1
decoy_4027,0.27155,0.2701,0.575757,0.527711,0.384834,0.356951,c1cnc2c(Oc3cc(NN4CC[NH2+]CC4)ncn3)cccc2c1
decoy_4028,0.133995,0.192116,0.30967,0.403026,0.194337,0.267315,O=C(CC1=N[C@H]2N=CC=CN2N1)NCCC1=c2ccccc2=NC1
decoy_4029,0.140197,0.163263,0.323803,0.356149,0.208838,0.256735,O=C(NCc1cn[nH]c1)c1cnn2c1N[C@H](c1ccccc1)CC2
decoy_403,0.297723,0.334396,0.512428,0.77685,0.314372,0.3625,c1ccc2nc3c(cc2c1)CCCC3
decoy_4030,0.150112,0.221994,0.404771,0.757917,0.232439,0.290955,O=C(O[C@@H]1CCC[C@@H](CO[C@H]2CCCCO2)O1)C1=CC=CCC1
decoy_4031,0.154866,0.231202,0.361385,0.46372,0.206043,0.31722,[NH2+]=c1cc(C(=O)N[C@]23C[C@H]4C[C@H](C[C@H](C4)C2)C3)oc2ccccc12
decoy_4032,0.159935,0.188153,0.402145,0.428581,0.246387,0.279299,O=C1NC(=O)[C@]2(CC[C@H](C(=O)NCC[NH+]3CCCCC3)CC2)N1
decoy_4033,0.146861,0.208678,0.374455,0.464992,0.228332,0.299161,O=C(CC[NH+]1CCCCC1)NN1C(=O)NC2(CCCCC2)C1=O
decoy_4034,0.195564,0.225242,0.452987,0.487245,0.262979,0.313491,c1ccc(C(C2=c3ccccc3=NC2)C2=c3ccccc3=NC2)cc1
decoy_4035,0.14888,0.165845,0.312197,0.339451,0.215058,0.246838,N/C(COc1ccccc1)=N/NC(=O)CSc1ccsn1
decoy_4036,0.212781,0.269529,0.430015,0.500831,0.287428,0.329965,O=C1[N-]C(=S)S/C1=C/c1ccc(=O)[nH]c1N1CC[NH2+]CC1
decoy_4037,0.168773,0.197511,0.330527,0.373237,0.227054,0.256697,O=C(CSc1nncc(=O)[n-]1)Nc1cc2c(s1)CCCC2
decoy_4038,0.164672,0.199144,0.389076,0.423148,0.242983,0.298935,c1ccc(-c2[nH]ncc2C[N@H+]2CC[C@H](Cn3ccnn3)CC2)cc1
decoy_4039,0.164879,0.232526,0.3866,0.481545,0.251493,0.320797,c1ccc(-c2nc(NCC[NH+]3CCCCC3)nc3n[nH]cc23)cc1
decoy_404,0.256189,0.270539,0.491604,0.538304,0.321013,0.344865,c1ccc(CNc2ccccc2)cc1
decoy_4040,0.252385,0.322083,0.521668,0.623049,0.360357,0.419682,c1ccc(CCNc2cc(NCCCn3cc[nH+]c3)ncn2)cc1
decoy_4041,0.170773,0.23231,0.343338,0.431142,0.243464,0.303261,O=C(CS[C@@H]1NN[C@@H](c2ccccc2)N1)Nc1nncs1
decoy_4042,0.173469,0.248536,0.402539,0.567958,0.253789,0.333478,O=C(CN[C@H](c1ccccc1)c1cccs1)Nc1ccccc1
decoy_4043,0.158852,0.210667,0.376438,0.449377,0.247979,0.282243,O=C(CN1CC[NH+](CC(=O)NC2CC2)CC1)Nc1cccs1
decoy_4044,0.260475,0.369162,0.565692,0.666529,0.374502,0.463446,O=C(NNC(=O)c1cc2c(s1)CCCC2)NC1CC[NH2+]CC1
decoy_4045,0.135534,0.23627,0.306359,0.464615,0.198295,0.317442,C1=CC2=C[N-]/C(=C\SCC3=[NH+]C=C4C=CC=C[C@H]4N3)N[C@H]2C=C1
decoy_4046,0.205896,0.240543,0.387694,0.446565,0.270938,0.302077,O=C(CSc1n[nH]c(-c2cccs2)n1)Nc1cccs1
decoy_4047,0.145394,0.182397,0.380625,0.417735,0.216578,0.265521,c1ccc(COCCC[NH2+]CCCn2ccc3ccccc32)cc1
decoy_4048,0.145158,0.185348,0.376984,0.425998,0.229684,0.249456,O=C1CC[C@H](CC[NH2+]Cc2ccccc2)N1CCc1ccccc1
decoy_4049,0.109114,0.136708,0.298965,0.330088,0.184159,0.231383,O=C(CCc1ccccc1)NC[C@@H](c1ccccc1)[NH+]1CCCC1
decoy_405,0.23356,0.31201,0.373475,0.704059,0.28154,0.345933,c1coc(C[NH+]2CCSCC2)c1
decoy_4050,0.33318,0.381717,0.660202,0.677982,0.414699,0.468415,O=C(CS[C@@H]1NNCS1)NCCC1=c2ccccc2=NC1
decoy_4051,0.146632,0.185575,0.371054,0.417094,0.214872,0.277087,O=S(=O)(c1ccccc1)N1CCC[C@H](CC[NH+]2CCCC2)C1
decoy_4053,0.208467,0.206335,0.462605,0.462184,0.273614,0.298281,O=c1c(-c2ccccn2)coc2cc(O[C@@H]3CCCCO3)ccc12
decoy_4054,0.204186,0.201303,0.436056,0.425528,0.280812,0.280067,O=C(CCc1cn[nH]c1)OCC(=O)c1ccn(-c2ccccc2)c1
decoy_4055,0.158588,0.222343,0.355366,0.471414,0.22919,0.30297,O=C(NCCc1ccccc1)NNC(=O)c1cc2ccccc2o1
decoy_4056,0.294826,0.315222,0.587568,0.629147,0.380225,0.390658,O=C(Nc1ccccc1N1CCOCC1)c1cnc2[nH]ncc2c1
decoy_4057,0.197663,0.257691,0.443648,0.523865,0.273408,0.345742,O=C(NCCCc1cc[nH]n1)C(=O)Nc1cccc2cccnc12
decoy_4058,0.142982,0.150296,0.305003,0.333143,0.211504,0.231512,O=C1NC(=S)N(c2ccccc2)C(=O)/C1=C/Nc1ccccc1
decoy_4059,0.167128,0.212236,0.356718,0.452947,0.244671,0.293564,O=C(Nc1ccon1)c1cc2c(s1)NC=C[C@@H]2c1ccccc1
decoy_4060,0.194825,0.251502,0.445854,0.542374,0.268506,0.332427,O=C(CN1CCc2ccccc2C1)NCC(=O)Nc1ccccc1
decoy_4061,0.297824,0.342659,0.649694,0.661159,0.402027,0.434846,O=C(NC1CC[NH2+]CC1)c1cccc(S(=O)(=O)NC2CC2)c1
decoy_4062,0.152573,0.232457,0.337291,0.469574,0.213228,0.30646,O=c1[nH]c2ccccc2cc1CNC(=S)NCc1ccccc1
decoy_4063,0.150803,0.205916,0.342177,0.427347,0.214358,0.283695,O=C(C[NH2+]Cc1ccccc1)Nc1nc(-c2ccccc2)cs1
decoy_4064,0.154114,0.199461,0.359006,0.468009,0.227135,0.276709,O=C(CS[C@H]1N=CC(Cc2ccccc2)=N1)Nc1ccccc1
decoy_4065,0.377066,0.386571,0.706964,0.70935,0.468257,0.462593,O=C(c1cc2c(-c3ccccc3)ccnc2s1)N1CC[NH2+]CC1
decoy_4066,0.191949,0.241929,0.413161,0.517183,0.261023,0.307361,O=C(NCCc1c[nH]c2ccccc12)[C@@H]1Cc2cccnc2S1
decoy_4067,0.165776,0.171101,0.362671,0.363891,0.228407,0.242987,O=C(NCCC1=c2ccccc2=NC1)c1ccc2c(c1)SCN2
decoy_4068,0.169868,0.219464,0.423982,0.548859,0.243812,0.304662,O=C(CN1CCc2ccccc2C1)Nc1cccn1C1CCCC1
decoy_4069,0.132082,0.1524,0.337805,0.357948,0.213831,0.237138,O=C(NCc1ccccc1C[NH+]1CCCCC1)Nc1ccccc1
decoy_407,0.319582,0.311703,0.507757,0.519633,0.341245,0.3505,c1ccn2cc(-n3cccn3)nc2c1
decoy_4070,0.181897,0.227915,0.435581,0.516229,0.264161,0.302767,O=C(NCCc1ccccc1)NCC[N@@H+]1CCc2ccccc2C1
decoy_4071,0.163312,0.193626,0.363543,0.410584,0.253166,0.283997,O=C(CSc1nccc(=O)[nH]1)N[C@@H]1CC2=C(CCCC2)S1
decoy_4072,0.367997,0.407561,0.646423,0.678846,0.407314,0.440305,O=C([N-]C(=S)Nc1cc2c(s1)C[NH2+]CC2)c1cccs1
decoy_4073,0.118136,0.173152,0.339639,0.441474,0.20014,0.256797,O=C(CCCNC(=O)NC1CCCCC1)NCC1CCCCC1
decoy_4074,0.151858,0.169469,0.360532,0.406701,0.230722,0.253005,C(=N/N=C/[C@H]1COc2ccccc2O1)\[C@@H]1COc2ccccc2O1
decoy_4075,0.143074,0.257631,0.33405,0.550309,0.212282,0.344538,O=C(COC(=O)/C=C/c1ccccc1)NNC(=O)c1ccccc1
decoy_4076,0.153676,0.208719,0.342419,0.430191,0.219269,0.293126,O=C1CCc2cc(NC(=O)C(=O)NCc3cccnc3)ccc2N1
decoy_4077,0.163082,0.248035,0.355131,0.479559,0.222036,0.307291,O=C(NN=CC=C([O-])Nc1ccccc1)C(=O)Nc1ccccc1
decoy_4078,0.164482,0.184103,0.351835,0.378232,0.235302,0.259145,O=C(NCc1cccc([C@H]2NC(=O)NC2=O)c1)Nc1ccccc1
decoy_4079,0.195364,0.226819,0.397358,0.462338,0.292013,0.312904,O=C(Nc1ccon1)c1cc2c(s1)NC=C[C@@H]2c1ccncc1
decoy_408,0.281688,0.316919,0.449623,0.556175,0.320826,0.369628,c1ccc(/N=N/c2cncnc2)cc1
decoy_4080,0.172249,0.195399,0.421536,0.660929,0.240752,0.2583,O=c1cc([C@H]2C=C[C@@H](O[C@@H]3CCCCO3)C=C2)oc2ccccc12
decoy_4081,0.265792,0.298958,0.474485,0.500695,0.342528,0.362659,O=C1CCOc2cc(NS(=O)(=O)c3cccs3)ccc2N1
decoy_4082,0.163104,0.220715,0.384949,0.47545,0.237707,0.291868,c1ccc(NCC[NH2+]CCOc2nonc2-c2ccccc2)cc1
decoy_4083,0.133381,0.163428,0.320635,0.364241,0.201673,0.238525,O=c1nc(NCCc2c[nH]c3ccccc23)ccn1[C@@H]1CCCO1
decoy_4084,0.174361,0.23243,0.397637,0.489684,0.2523,0.311188,O=C(NCCCOc1ccccc1)NCc1cn2ccccc2[nH+]1
decoy_4085,0.185905,0.242112,0.42117,0.50876,0.246174,0.316732,O=c1cc(NCCCCCc2cc[nH]n2)cnn1-c1ccccn1
decoy_4086,0.179718,0.251654,0.408741,0.519717,0.245433,0.316334,O=C1N=c2ccccc2=C[C@@H]1CNCc1nnnn1C1CCCC1
decoy_4087,0.186744,0.213037,0.41919,0.455775,0.256158,0.271427,O=c1[nH]c2ccccc2cc1CNCc1nnnn1C1CCCC1
decoy_4088,0.261706,0.26811,0.534174,0.542821,0.324346,0.335854,O=C(CCC1N=c2ccccc2=N1)Nc1ccc2c(c1)NCS2
decoy_4089,0.187166,0.258675,0.400357,0.533843,0.228756,0.323994,O=C(CSc1n[nH]c(-c2ccccc2)n1)NCc1ccccc1
decoy_409,0.253361,0.296742,0.517047,0.576743,0.329732,0.387859,C1=COC[C@@H](O[C@H]2CCCCO2)C1
decoy_4090,0.160816,0.206771,0.353062,0.454624,0.227222,0.278283,O=C(Nc1ccccc1)c1cc2n(n1)CC[C@@H](c1cccs1)N2
decoy_4091,0.166744,0.184974,0.350193,0.373581,0.231682,0.254272,O=C(Nc1ccccc1)Nc1ccc([C@@H]2C=CNC(=S)N2)cc1
decoy_4092,0.183304,0.254567,0.385129,0.502363,0.242127,0.333399,O=C(NC[C@H]1C=c2ccccc2=N1)N[C@H]1Nc2ccccc2S1
decoy_4093,0.218539,0.272915,0.466262,0.577638,0.279375,0.360811,c1cnn(CCc2nc3c4c5c(sc4ncn3n2)CCCC5)c1
decoy_4094,0.136593,0.184801,0.38225,0.489771,0.203346,0.30495,O=C(O[C@@H]1CCC[C@@H](CO[C@H]2CCCCO2)O1)C1=CCCCC1
decoy_4095,0.156176,0.226511,0.382253,0.503065,0.229362,0.303399,O=C(C[NH2+]CC1(c2ccccc2)CCOCC1)Nc1ccccc1
decoy_4096,0.15742,0.1606,0.415754,0.397016,0.224339,0.233033,O=C(NC[C@H]1CC[C@H]2C[C@@H]1C2)c1coc(CCc2ccccc2)n1
decoy_4097,0.174003,0.250579,0.420911,0.566475,0.265443,0.328579,O=C(NCc1ccco1)[C@H]1C[C@]12CC[N@H+](Cc1ccccc1)CC2
decoy_4099,0.260969,0.323147,0.550884,0.647569,0.347837,0.406263,O=C(N[C@H]1CCC[NH2+]C1)c1nn(-c2ccccc2)c2c1CCCC2
decoy_41,0.201543,0.22191,0.329246,0.350044,0.259288,0.278411,C1[NH2+]C[C@H]2C[NH2+]C[C@@H]1C2
decoy_410,0.242903,0.254579,0.476989,0.470762,0.289087,0.301766,c1ccc(COc2ccccc2)cc1
decoy_4100,0.147782,0.206034,0.371008,0.464053,0.233825,0.296278,O=C(NCCC[N@@H+]1CCc2ccccc2C1)NCc1cccnc1
decoy_4101,0.110532,0.174385,0.292785,0.404754,0.179549,0.267552,O=C(NCc1cccnc1)NC[C@@H](c1ccccc1)[NH+]1CCCC1
decoy_4102,0.156679,0.234189,0.382273,0.489927,0.231346,0.341914,C1=NN=C(c2ccccc2)[C@H]1C[N@H+]1CCC[C@@H](CN2CC=NN2)C1
decoy_4103,0.140398,0.209441,0.326705,0.438455,0.202707,0.278543,NC1=[NH+]c2sc(C(=O)c3ccccc3)cc2C2(CCCCC2)C1
decoy_4104,0.310642,0.308985,0.742431,0.735173,0.4369,0.426321,c1ccc(C(OCCC[NH2+]C2CC[NH2+]CC2)c2ccccc2)cc1
decoy_4105,0.156757,0.251012,0.4274,0.573647,0.245677,0.349706,O=C(CCNC(=O)NCCC[NH+]1CCCCC1)NC1CCCC1
decoy_4106,0.129851,0.210398,0.37272,0.500825,0.212639,0.295037,O=C(NCCC[NH+]1CCCCC1)NCCNC(=O)C1CCCC1
decoy_4107,0.210066,0.262921,0.424806,0.501373,0.284934,0.321957,O=C1COc2ccc(CNC(=O)C(=O)Nc3ccccc3)cc2N1
decoy_4108,0.313981,0.325623,0.606748,0.635278,0.403881,0.421103,O=C(Cc1ccccc1)N(Cc1ccco1)c1c[nH]c(=O)[nH]c1=O
decoy_4109,0.262129,0.311267,0.537852,0.60374,0.354111,0.394358,O=C(CCc1ccc(-c2ccccc2)o1)Nc1c[nH]c(=O)[nH]c1=O
decoy_411,0.245821,0.277413,0.43466,0.508904,0.275382,0.324334,O=C(c1ccccc1)[C@@H]1C=CC=CC1
decoy_4110,0.281203,0.354435,0.566102,0.649667,0.376342,0.440974,O=C(CN[C@H](c1ccccc1)c1ccco1)c1c[nH]c(=O)[nH]c1=O
decoy_4111,0.195431,0.298323,0.393546,0.597453,0.257077,0.360556,O=c1cc(CSc2n[nH]c(-c3ccco3)n2)c2ccccc2o1
decoy_4112,0.183237,0.276666,0.409771,0.564478,0.244403,0.339038,O=C1[C@@H]2[C@@H](CN[C@@]23C(=O)Nc2ccccc23)C(=O)N1C1CCCC1
decoy_4113,0.151316,0.211994,0.347419,0.453077,0.221645,0.293871,O=C1COc2cc(NC(=O)NCCCc3ccccc3)ccc2N1
decoy_4114,0.123167,0.184439,0.312984,0.439456,0.18102,0.266562,O=C(N/N=C/c1ccc(O[C@@H]2CCCCO2)cc1)c1ccncc1
decoy_4115,0.163896,0.209862,0.382887,0.459979,0.234628,0.279614,O=C(/C=C/NOCc1ccccc1)N/N=C/COc1ccccc1
decoy_4116,0.175856,0.219949,0.40971,0.498723,0.249866,0.3021,Nc1ncnc2c1[C@@H](c1ccccc1)c1c(ccc3ccccc13)O2
decoy_4117,0.190734,0.307039,0.419572,0.603746,0.250046,0.371436,O=C1C[C@@H](c2cccnc2)c2c(nc(N3CCCCC3)[nH]c2=O)N1
decoy_4118,0.196558,0.270752,0.437794,0.565706,0.252423,0.351167,O=C1N=CN=C2C1=N[C@@H](NCCc1ccccc1)N2[C@H]1CCCO1
decoy_4119,0.160072,0.235225,0.362883,0.475543,0.233437,0.312051,O=C(NCc1ccc(NC(=O)NC2CC2)cc1)Nc1cccnc1
decoy_412,0.288692,0.295982,0.460157,0.4606,0.334499,0.329246,c1ccc(CNc2cccc[nH+]2)cc1
decoy_4120,0.195535,0.215571,0.41805,0.436928,0.271086,0.293127,O=C(CNCc1ccccc1)NC(=O)N[C@H]1CCS(=O)(=O)C1
decoy_4121,0.149473,0.209092,0.338844,0.42536,0.2201,0.285176,O=C(NCCc1ccccc1)NNC(=O)[C@H]1CCS(=O)(=O)C1
decoy_4122,0.213649,0.213813,0.438333,0.426026,0.284166,0.283873,c1ccc([C@H]2OCc3cccc(CSc4ncn[nH]4)c3O2)cc1
decoy_4123,0.194246,0.232122,0.406908,0.456557,0.263344,0.293369,O=C(C[C@@H]1SC(Nc2ccccc2)=NC1=O)Nc1ccccc1
decoy_4124,0.144742,0.20608,0.311852,0.414482,0.209184,0.267045,O=C(/C=C/c1ccccc1)[N-]C(=S)NNC(=O)c1ccccc1
decoy_4125,0.124908,0.153511,0.325443,0.383478,0.19527,0.233678,O=C1N=C[C@H](/C=N/C2CCCCC2)C(=O)N1CCc1ccccc1
decoy_4126,0.145624,0.201774,0.364024,0.45024,0.224527,0.292972,O=C(NC[C@@H]1OCC[C@H]1[NH2+]Cc1ccccc1)Nc1ccccc1
decoy_4127,0.180684,0.222619,0.423641,0.474499,0.272134,0.29932,O=C(/C=C/c1ccccc1)NCCc1cn([C@@H]2CCCCO2)c[nH+]1
decoy_4128,0.205332,0.265143,0.39949,0.505581,0.270025,0.323398,O=C(c1cccs1)N1CCN(S(=O)(=O)c2cc[nH]c2)CC1
decoy_4129,0.294932,0.353833,0.704212,0.736473,0.407142,0.443094,c1ccc2oc(-c3n[nH]cc3C[NH2+]CCN3CC[NH2+]CC3)cc2c1
decoy_413,0.328959,0.32951,0.674062,0.703363,0.40169,0.396736,c1ccc(CNc2cccnc2)cc1
decoy_4131,0.161531,0.204214,0.391227,0.451287,0.232213,0.28128,O=C(CC1=c2ccccc2=NC1)N1CCC(CN2CC=NN2)CC1
decoy_4132,0.204036,0.223835,0.483571,0.523819,0.292399,0.317165,O=C(CCC1=c2ccccc2=NC1)N1CCC(N2C=CNN2)CC1
decoy_4133,0.182871,0.251027,0.365986,0.511502,0.235018,0.327829,c1ccc(-c2nc(SCc3ncc4ccsc4n3)n[nH]2)cc1
decoy_4134,0.335514,0.35193,0.703707,0.686501,0.442089,0.448829,O=S(=O)(NC[C@@H]1OCC[C@H]1N1CC[NH2+]CC1)c1ccccc1
decoy_4135,0.190668,0.214159,0.413282,0.433345,0.276851,0.309254,c1cc(OCC[NH+]2CCCC2)cc(-c2ncnc3sccc23)c1
decoy_4136,0.162805,0.227842,0.366847,0.463972,0.227551,0.318411,O=c1[nH]cnc2sc3c(c12)CC[C@H]([NH2+]CCc1ccccc1)C3
decoy_4138,0.134935,0.163397,0.37655,0.419392,0.223648,0.252432,c1ccc(CC[NH2+]CCO[C@H]2C[NH2+]C[C@H]2Cc2ccccn2)cc1
decoy_4139,0.182626,0.199014,0.405858,0.42273,0.250512,0.269504,O=C(CSc1nccc(=O)[nH]1)N[C@H]1C[C@H]2CCCC[C@@H]2S1
decoy_414,0.234853,0.258119,0.413695,0.492982,0.292317,0.324604,c1csc(NC2CCOCC2)n1
decoy_4140,0.155867,0.202323,0.390212,0.465616,0.238333,0.286844,O=C(CCCC[C@@H]1SC[C@H]2NC(=O)N[C@@H]12)NC1CCCCC1
decoy_4141,0.284449,0.357055,0.603057,0.720257,0.393236,0.455889,S=C(Nc1ccccc1)N(Cc1ccccc1)C1CC[NH2+]CC1
decoy_4142,0.185205,0.264275,0.384792,0.542604,0.248465,0.320309,O=C(Nc1ccccc1[P@@H](=O)Nc1ccccc1)c1ccco1
decoy_4143,0.19428,0.265892,0.45408,0.661679,0.271808,0.340896,O=C(O[C@H]1CCOC[C@@H]1OC(=O)c1ccccc1)c1ccccc1
decoy_4144,0.17934,0.198824,0.39534,0.404726,0.234354,0.267385,[NH2+]=c1occ(C(=O)c2ccccc2)cc1C(=O)NC[C@H]1CCCO1
decoy_4145,0.152685,0.219049,0.35749,0.472432,0.215158,0.28681,O=C(COC(=O)CCc1ccccc1)NNC(=O)c1ccccc1
decoy_4146,0.152582,0.211555,0.357554,0.46362,0.223845,0.276562,O=C(COC(=O)CNC(=O)c1ccccc1)NCc1ccccc1
decoy_4147,0.255126,0.271164,0.543449,0.545881,0.332962,0.351361,O=C(CN1CC=C(c2ccccc2)CC1)Nc1c[nH]c(=O)[nH]c1=O
decoy_4148,0.1666,0.241242,0.37275,0.485851,0.233853,0.303306,O=C(CNCC1=C[C@@H](c2ccco2)NC(=O)N1)Nc1ccccc1
decoy_4149,0.147741,0.168996,0.336477,0.353835,0.219512,0.248606,O=C(CNCC(=O)Nc1ccccc1)NC(=O)Nc1ccccc1
decoy_415,0.222744,0.275374,0.49127,0.561899,0.288567,0.345723,C1CCC(O[C@@H]2CCCCO2)CC1
decoy_4150,0.166503,0.224151,0.366944,0.456777,0.239842,0.302944,O=C(NCCCNc1ccccc1)Nc1ccc2oc(=O)[nH]c2c1
decoy_4151,0.196913,0.276159,0.415526,0.552451,0.267137,0.353317,O=C(COC(=O)c1cc2cccnc2s1)NCc1ccccc1
decoy_4152,0.19156,0.243699,0.39839,0.463359,0.256062,0.319189,O=C(CNC(=O)c1ccccc1)Nc1nc(-c2cc[nH]c2)cs1
decoy_4153,0.178507,0.221037,0.37367,0.445443,0.234713,0.275554,O=C(NCc1ccc(-n2ccnc2)cc1)C(=O)Nc1cccs1
decoy_4154,0.174077,0.222664,0.357838,0.43429,0.23896,0.280425,O=S(=O)(Nc1ccc(Nc2ccncn2)cc1)c1ccccc1
decoy_4155,0.128616,0.155275,0.34267,0.405257,0.197133,0.244079,c1ccc(CO[C@H]2CC[C@@H]3O[C@@H](c4ccccc4)OC[C@H]3O2)cc1
decoy_4156,0.181081,0.265541,0.414337,0.576228,0.278066,0.359414,O=C(NC[C@@H]1OCC[C@H]1[N@H+]1CCc2ccccc2C1)c1ccco1
decoy_4157,0.165517,0.261815,0.333501,0.488669,0.223854,0.320088,O=S(=O)(CS(=O)(=O)Nc1ccccc1)[N-]c1ccccc1
decoy_4158,0.171085,0.202569,0.407418,0.431409,0.256482,0.288211,O=C(CCCNc1cccc[nH+]1)NCC(=O)NCc1ccccc1
decoy_4159,0.149097,0.244756,0.367761,0.519708,0.221546,0.342157,O=C(C[NH+]1CCN(CC(=O)c2ccc[nH]2)CC1)Nc1ccccc1
decoy_4160,0.170949,0.195268,0.395976,0.416226,0.252105,0.299471,O=C(NCc1ccccc1C[NH+]1CCCC1)Nc1ccc[nH]c1=O
decoy_4161,0.163599,0.221128,0.396767,0.479144,0.242354,0.29629,O=C(NCc1cccc(C[NH+]2CCCC2)c1)Nc1ccc[nH]c1=O
decoy_4162,0.198241,0.264482,0.460176,0.546286,0.277339,0.347002,O=C(NCc1ccc(C[NH+]2CCCC2)cc1)Nc1ccc[nH]c1=O
decoy_4163,0.144817,0.213519,0.352522,0.486799,0.221241,0.296638,O=C(NCCc1ccccc1)Nc1ccc(N2CCOCC2)nc1
decoy_4164,0.112123,0.149782,0.28887,0.337847,0.178909,0.244962,O=C(NC[C@@H](c1ccc[nH]1)[NH+]1CCCC1)C(=O)Nc1ccccc1
decoy_4165,0.319348,0.393444,0.678815,0.723743,0.460265,0.529379,O=C(Cc1ccccc1)NNc1cc(NC2CC[NH2+]CC2)ncn1
decoy_4166,0.281911,0.291942,0.619705,0.586099,0.37901,0.383346,O=C(NCc1cccnc1)NCc1cccnc1N1CC[NH2+]CC1
decoy_4167,0.202736,0.241909,0.44009,0.498252,0.248109,0.294264,O=C(C[C@@H]1Sc2ccccc2NC1=O)NCCc1ccccc1
decoy_4168,0.164344,0.238719,0.372169,0.505661,0.21546,0.362047,O=C(C[NH2+]Cc1coc2ccccc12)Nc1cc2c(s1)CCC2
decoy_4169,0.27159,0.303335,0.631016,0.626073,0.382828,0.408768,O=C(NCCNS(=O)(=O)c1ccccc1)N[C@H]1CCC[NH2+]C1
decoy_417,0.249471,0.275782,0.440201,0.486672,0.285767,0.315063,c1ccc(OCc2ccccn2)cc1
decoy_4170,0.308396,0.352579,0.691498,0.700668,0.413237,0.449959,O=C(NCCNS(=O)(=O)c1ccccc1)NC1CC[NH2+]CC1
decoy_4171,0.112671,0.183521,0.294937,0.469228,0.170224,0.257858,c1ccc(CSC[C@H]2CC[C@@H](n3cnc4cncnc43)O2)cc1
decoy_4172,0.357982,0.37908,0.673001,0.651583,0.459724,0.471582,c1ccc2sc(Nc3cc(NC4CC[NH2+]CC4)ncn3)nc2c1
decoy_4173,0.141475,0.211853,0.373587,0.52768,0.210592,0.324049,O=C(CCc1ccccc1)NNC(=O)[C@]12C[C@H]3C[C@H](C[C@H](C3)C1)C2
decoy_4174,0.168188,0.23019,0.43108,0.566913,0.252946,0.315328,c1ccc(N2CC[NH+]([C@H]3CC[N@H+](Cc4ccco4)CC3)CC2)nc1
decoy_4175,0.171855,0.168233,0.443563,0.411704,0.254745,0.247698,c1ccc(-c2nn(CCC[NH+]3CCOCC3)c3c2C[NH2+]CC3)cc1
decoy_4177,0.168204,0.208197,0.418126,0.455057,0.268302,0.308957,O=C(NCCCC[NH+]1CCCCC1)c1ccc(-n2cccn2)cc1
decoy_4178,0.146922,0.238809,0.333633,0.479425,0.202557,0.323374,O=S(=O)([N-]c1nc(C[NH+]2CCCCC2)cs1)c1cc[nH]c1
decoy_418,0.330036,0.335742,0.559921,0.579962,0.389142,0.407134,O=C1CCCc2c1[nH]c1ccccc21
decoy_4180,0.309639,0.333075,0.687181,0.66607,0.416587,0.437501,O=C(CCCC[C@@H]1SC[C@H]2NC(=O)N[C@@H]12)NC1CC[NH2+]CC1
decoy_4181,0.144513,0.206181,0.356819,0.484583,0.214925,0.283982,O=C(NCCc1ccccc1)[C@H]1CSC[C@@H](c2ccccc2)N1
decoy_4182,0.106738,0.143495,0.273771,0.324752,0.172135,0.244502,O=C(/C=C/c1ccccc1)NC[C@@H](c1cccs1)[NH+]1CCCC1
decoy_4183,0.283809,0.343501,0.588655,0.672579,0.405108,0.44066,S=C(Nc1ccccc1)N(Cc1cccnc1)C1CC[NH2+]CC1
decoy_4184,0.182846,0.211783,0.42668,0.448472,0.272378,0.303092,S=C(Nc1ccccc1)N(Cc1ccncc1)C1CC[NH2+]CC1
decoy_4185,0.173292,0.213321,0.402239,0.444552,0.243322,0.292241,S=C(Nc1cccnc1)N(Cc1ccccc1)C1CC[NH2+]CC1
decoy_4186,0.350319,0.406698,0.689222,0.75875,0.429595,0.466033,O=S(=O)(NCCC1=CCCCC1)c1cc2c(s1)C[NH2+]CC2
decoy_4188,0.09037,0.120003,0.261842,0.319206,0.151031,0.19403,c1nnc(SCCC[NH2+]C[C@H]2CCC[N@H+]3CCCC[C@H]23)s1
decoy_4189,0.277046,0.293658,0.579316,0.574889,0.361518,0.389164,NC1=CCCc2oc(C(=O)NNC(=O)COc3ccccc3)cc21
decoy_419,0.238278,0.209055,0.413357,0.377197,0.281101,0.26099,O=c1ccn2c3c(cccc13)CCC2
decoy_4190,0.136749,0.199023,0.312795,0.415768,0.201554,0.304115,O=C(CNCc1ccccc1)NC(=O)Nc1ccc2c(c1)OCO2
decoy_4191,0.152118,0.215995,0.345816,0.44964,0.224937,0.285945,O=C(COC(=O)/C=C/c1cc[nH]c1)NCC(=O)Nc1ccccc1
decoy_4192,0.179877,0.196146,0.366936,0.38249,0.234784,0.286672,O=C1NC(=O)C(c2c[nH]c3ccccc23)=C1c1c[nH]c2ccccc12
decoy_4193,0.228926,0.215844,0.432635,0.413749,0.289521,0.312681,O=C(CSc1ncnc2[nH]ncc12)N1CCOc2ccccc21
decoy_4194,0.240451,0.270662,0.462549,0.497608,0.305595,0.346389,O=C(NNC(=O)c1ccc[nH]1)c1ccc(-n2cc[nH]c2=S)cc1
decoy_4195,0.229715,0.227922,0.536066,0.538782,0.307969,0.311807,C1=C[C@@H](c2ccc(OCCN3CCOCC3)cc2)c2[nH]cnc2O1
decoy_4196,0.144917,0.166197,0.360908,0.391318,0.220076,0.261098,C1=C[C@H](c2ccc(OCCN3CCOCC3)cc2)c2cn[nH]c2O1
decoy_4197,0.142191,0.167732,0.346944,0.396157,0.213662,0.251916,O=C1NC(=O)N(Cc2ccccc2)C(=O)/C1=C\NC1CCCCC1
decoy_4198,0.16109,0.257573,0.386282,0.556941,0.239796,0.343122,O=C(CN1CCC(NC(=O)c2ccoc2)CC1)Nc1ccccc1
decoy_4199,0.138593,0.161283,0.338441,0.365374,0.212708,0.239776,O=C(CNCC(=O)Nc1ccccc1)NCCOc1ccccc1
decoy_42,0.007522,0.007248,0.016349,0.016352,0.031652,0.03486,[NH-]C1=C2OC[C@@H](CC1)O2
decoy_420,0.322362,0.327533,0.628805,0.630687,0.379482,0.371033,O=c1cc(Cc2ccccc2)cc[nH]1
decoy_4200,0.173927,0.204233,0.411666,0.466728,0.238576,0.274233,O=C1NC2(C=C1/C=N/OCC(=O)c1ccn(C3CC3)c1)CCCC2
decoy_4201,0.164667,0.219476,0.396196,0.48236,0.241447,0.294067,O=C(NC[C@@H](c1ccco1)[NH+]1CCCC1)C(=O)Nc1ccccc1
decoy_4202,0.303563,0.328095,0.617974,0.621826,0.420783,0.419343,c1nc(Nc2ccc3c(c2)OCCO3)cc(NC2CC[NH2+]CC2)n1
decoy_4203,0.16105,0.225963,0.372483,0.479064,0.241285,0.293803,c1nc(C[NH+]2CCCCC2)nc(Nc2ccc3c(c2)OCCO3)n1
decoy_4204,0.18895,0.254078,0.436448,0.512587,0.269917,0.337823,O=C(N[C@H]1CCCCNC1=O)c1cccc(NCc2c[nH+]c[nH]2)c1
decoy_4205,0.228737,0.304457,0.499192,0.586755,0.302734,0.388502,O=c1[nH]cnc2c1N[C@H]([NH2+]CCc1ccccc1)N2[C@H]1CCCO1
decoy_4206,0.160702,0.207025,0.373688,0.4342,0.235199,0.292314,O=C(C[C@H]1C(=O)NCCN1Cc1ccccc1)NCc1ncc[nH]1
decoy_4207,0.205211,0.27719,0.452937,0.556518,0.30436,0.379345,O=C(CN1CCC(Nc2nccc(=O)[nH]2)CC1)Nc1ccccc1
decoy_4208,0.261264,0.27367,0.56301,0.549762,0.349181,0.363159,O=C(NCCCn1cc[nH+]c1)Nc1cccc(C(=O)NC2CC2)c1
decoy_4209,0.208373,0.263893,0.476007,0.536607,0.300777,0.348126,O=C(NCCCn1cc[nH+]c1)Nc1ccc(C(=O)NC2CC2)cc1
decoy_421,0.324885,0.325458,0.596785,0.623089,0.378787,0.381131,c1ccc(CNc2ccncn2)cc1
decoy_4210,0.193519,0.222135,0.413785,0.439866,0.278168,0.298088,O=C(N/N=C/c1ccccc1)C(=O)Nc1cc2c(s1)CCCC2
decoy_4211,0.297392,0.340913,0.602134,0.613224,0.401035,0.431997,O=C(NC1CC[NH2+]CC1)c1cc(-c2ccsc2)nc2[nH]ncc12
decoy_4212,0.136298,0.248739,0.310702,0.499218,0.190765,0.330038,O=C(NCCc1ccccc1)NCc1n[nH]c(-c2cccs2)n1
decoy_4213,0.313115,0.344621,0.629321,0.619954,0.39852,0.415744,c1ccc2sc(Nc3cc(NN4CC[NH2+]CC4)ncn3)nc2c1
decoy_4214,0.153334,0.188431,0.375755,0.41479,0.22911,0.267964,C1=C[C@@]23CC[NH2+]Cc4ccc(O[C@@H]5CCCCO5)c(c42)O[C@@H]3CC1
decoy_4215,0.133628,0.192061,0.347066,0.452403,0.20613,0.275655,O=C(NCCc1ccccc1)NC[C@@H](c1ccco1)[NH+]1CCCC1
decoy_4216,0.156897,0.209026,0.389189,0.481188,0.230724,0.284916,O=C(NCc1ccccc1)NC[C@@H](c1ccco1)[NH+]1CCCCC1
decoy_4217,0.139085,0.193872,0.307307,0.44092,0.189648,0.277002,O=C(CSc1ncc(-c2ccccc2)cn1)Nc1cccs1
decoy_4218,0.160508,0.168946,0.397733,0.386966,0.224646,0.243727,O=C(NCCC[NH+]1CCCCC1)Nc1ccc(-n2cccn2)cc1
decoy_422,0.262281,0.311085,0.412801,0.512485,0.304338,0.344097,C1=C/C(=C/NNc2ccccc2)C=N1
decoy_4220,0.161198,0.217357,0.388832,0.48242,0.246441,0.303535,O=C(CCCC[C@@H]1SC[C@H]2NC(=O)N[C@@H]12)N[C@H]1CCCCO1
decoy_4221,0.1659,0.216307,0.407528,0.473503,0.237151,0.284257,O=C1NCC[N@@H+]2C[C@@H](NC(=S)NCCN3CCOCC3)C[C@@H]12
decoy_4222,0.126928,0.19559,0.34712,0.460833,0.200067,0.27889,O=C(NCCC[NH+]1CCCCC1)NNC(=S)NC1CCCC1
decoy_4223,0.126235,0.20004,0.340033,0.458417,0.200403,0.283031,O=C(NCC[NH+]1CCCCCC1)NNC(=S)NC1CCCC1
decoy_4224,0.205389,0.233726,0.391606,0.423459,0.257751,0.291011,O=C(Cc1csc(-c2ccccc2)n1)Nc1c[nH]c(=O)[nH]c1=O
decoy_4225,0.209141,0.260701,0.399319,0.477789,0.264513,0.344955,O=C(CNC(=O)c1cccs1)NNC1=c2ccccc2=NC1=O
decoy_4226,0.161302,0.186489,0.390027,0.430916,0.24285,0.269447,O=c1ccoc2c3c(ccc12)OCC(CO[C@@H]1CCCCO1)=CC3
decoy_4227,0.138211,0.201196,0.338754,0.468848,0.199492,0.294816,O=C(CCCOc1ccccc1)NNC(=O)COc1ccccc1
decoy_4228,0.160349,0.267737,0.381222,0.58864,0.234929,0.344272,O=C(COc1ccccc1)NCCNC(=O)COc1ccccc1
decoy_4229,0.312278,0.326986,0.668566,0.633252,0.415711,0.418171,O=C1NC(=O)[C@]2(CC[C@H](C(=O)Nc3cccc4c3C[NH2+]C4)CC2)N1
decoy_423,0.219771,0.238364,0.406569,0.407385,0.293643,0.294579,C1CO[C@@H](C[NH2+]C[C@H]2CCCO2)C1
decoy_4230,0.262832,0.331418,0.607728,0.664187,0.375134,0.440436,O=C(CNC(=O)c1c[nH]c2ccccc2c1=O)NC1CC[NH2+]CC1
decoy_4231,0.162702,0.20514,0.378313,0.444768,0.231394,0.27129,O=C(NC[C@H]1CCCO1)Nc1ccc(NC(=O)c2ccc[nH]2)cc1
decoy_4232,0.207121,0.282993,0.440335,0.596533,0.271882,0.341624,O=C1NC(COC(=O)Cc2cccs2)=C[C@@H](c2ccccc2)N1
decoy_4233,0.144985,0.207636,0.334346,0.469022,0.214249,0.280564,O=C(COC(=O)CCC1=c2ccccc2=NC1)Nc1cccs1
decoy_4234,0.16501,0.224299,0.361391,0.475175,0.228018,0.280187,O=S(=O)(Nc1ccc(NCc2ccco2)cc1)c1ccccc1
decoy_4235,0.207508,0.301071,0.423132,0.614565,0.259631,0.360396,O=S(=O)(Oc1ccccc1)C1=C2Nc3ccccc3CN2CC1
decoy_4236,0.257335,0.304923,0.580069,0.701191,0.333675,0.394497,c1ncc2sc3nc(N4CCOCC4)c4c(c3c2n1)CCOC4
decoy_4237,0.209639,0.272592,0.429551,0.534587,0.285088,0.328181,O=c1cc(CS[C@@H]2NN[C@@H](c3ccco3)N2)[nH]c2ccccc12
decoy_4238,0.272241,0.304624,0.559294,0.627396,0.358705,0.378553,O=c1[nH]cnc2c1nc(SCc1ccccc1)n2[C@@H]1CCCO1
decoy_4239,0.190312,0.221476,0.408895,0.443149,0.259167,0.283276,O=C1N=CN=C2C1=N[C@@H](SCc1ccccc1)N2[C@H]1CCCO1
decoy_4240,0.2035,0.245227,0.478592,0.523154,0.273539,0.318575,O=C1Cc2cc(CNC(=O)N[C@H]3CC[N@H+]4CCCC[C@H]34)ccc2N1
decoy_4242,0.220853,0.271877,0.475566,0.570161,0.304784,0.343799,c1ccc([C@@H]2c3[nH]c4ccccc4c3CCN2Cc2cnc[nH]2)cc1
decoy_4243,0.217016,0.28209,0.462248,0.570321,0.296455,0.35549,c1ccc([C@@H]2c3[nH]c4ccccc4c3CCN2Cc2[nH]cc[nH+]2)cc1
decoy_4244,0.196702,0.228339,0.401698,0.445227,0.243759,0.313916,O=C(CSc1ncccn1)Nc1nc(-c2ccccc2)cs1
decoy_4245,0.224614,0.234335,0.52203,0.496961,0.289611,0.312489,O=C(NCCC[NH+]1CCCCC1)Nc1ccc(-c2ncn[nH]2)cc1
decoy_4247,0.193388,0.245003,0.50052,0.568302,0.282402,0.336761,O=C(NCCn1cc[nH+]c1)Nc1ccc(N2CCC[NH2+]CC2)cc1
decoy_4248,0.173946,0.177694,0.352078,0.359491,0.22904,0.250514,C(=N/c1nccc(CSc2nncs2)n1)\Nc1ccccc1
decoy_4249,0.200694,0.255747,0.457921,0.56775,0.266966,0.325058,O=C(N[C@H]1C[C@@H]2CCCC[C@@H]2S1)C(=O)C1=c2ccccc2=NC1
decoy_4250,0.138189,0.189362,0.384976,0.502879,0.212424,0.265603,c1coc(C[NH2+]Cc2ccccc2OCCC[NH+]2CCCCC2)c1
decoy_4252,0.181604,0.259666,0.471908,0.588851,0.256641,0.33245,c1ccc(OCCC[NH+]2CCCCC2)c(CNCc2[nH]cc[nH+]2)c1
decoy_4253,0.200386,0.205008,0.482526,0.502382,0.273735,0.274451,c1ccc(OCCC[NH+]2CCCC2)c(C[NH2+]CCc2cn[nH]c2)c1
decoy_4255,0.150557,0.206202,0.395845,0.480237,0.223567,0.286108,O=C(NCCC[NH+]1CCCCC1)NCCc1c[nH]c2ccccc12
decoy_4256,0.164361,0.285211,0.36929,0.62024,0.229412,0.357492,O=C(CN[C@H](c1ccccc1)c1cccs1)Nc1cccs1
decoy_4257,0.179675,0.225557,0.421905,0.575031,0.257577,0.296134,O=C(c1ccc(=O)n(Cc2ccccc2)c1)c1cc2ccccc2o1
decoy_4258,0.169408,0.220926,0.375258,0.461456,0.224785,0.299222,O=C1C=C(C(=O)c2cnn(-c3ccccc3)c2)[C@@H](c2ccccc2)N1
decoy_4259,0.183563,0.251811,0.37753,0.47692,0.256824,0.313056,NC1=Nc2nc3ccccc3n2[C@@H](c2ccc(-n3cccn3)cc2)N1
decoy_426,0.336118,0.329752,0.517683,0.52349,0.353178,0.380717,O=c1ccc2cc3ccoc3cc2o1
decoy_4260,0.199487,0.197313,0.441626,0.438283,0.251343,0.270123,O=c1c(-c2nccs2)coc2cc(O[C@@H]3CCCCO3)ccc12
decoy_4261,0.145093,0.203989,0.311452,0.409607,0.20638,0.265373,O=C(COc1ccccc1)[N-]C(=S)NNC(=O)c1ccccc1
decoy_4262,0.153439,0.205818,0.326405,0.405804,0.212686,0.263111,O=C(COc1ccccc1)NNC(=S)[N-]C(=O)c1ccccc1
decoy_4263,0.201798,0.240331,0.40448,0.452175,0.262499,0.305168,O=c1[nH]c(CS[C@@H]2NN[C@@H](c3ccco3)N2)nc2ccccc12
decoy_4264,0.259225,0.266688,0.534346,0.51929,0.340183,0.353835,O=C1NCC=C(CS[C@H]2NN=C(C3=c4ccccc4=NC3)O2)N1
decoy_4265,0.169347,0.208963,0.359429,0.427342,0.241064,0.285759,O=C(NNc1cc(NCCc2cccs2)ncn1)c1ccco1
decoy_4266,0.139487,0.218745,0.364398,0.600965,0.207711,0.284971,O=C1c2c(cnn2-c2ccccc2)CCN1c1ccc(C2CC2)cc1
decoy_4267,0.18785,0.249283,0.42928,0.547086,0.269429,0.334794,O=C(/C=C/C1=c2ccccc2=NC1)NCCC1=c2ccccc2=NC1
decoy_4268,0.255715,0.271532,0.554648,0.549842,0.342378,0.350247,O=C(CCCc1ccccc1)NNC(=O)NCCCn1cc[nH+]c1
decoy_4269,0.326908,0.428433,0.699522,0.774518,0.434912,0.514606,O=C(CCNC(=O)N1CC=Nc2ccccc21)NC1CC[NH2+]CC1
decoy_427,0.280124,0.308826,0.378765,0.48523,0.28297,0.317873,O=c1[n-]c2nncn2c2ccccc12
decoy_4270,0.145772,0.204886,0.350029,0.436708,0.210335,0.278964,O=C(CNC(=O)[C@]12C[C@H]3C[C@H](C[C@H](C3)C1)C2)NNc1ccncn1
decoy_4271,0.197676,0.268378,0.470701,0.566337,0.288716,0.356115,O=C(NCCn1cccn1)c1ccc(C[NH+]2CCCCC2)[nH]c1=O
decoy_4272,0.238489,0.246726,0.534505,0.548834,0.316094,0.320814,c1ccc2c(c1)=NCC=2CCCNc1nccc(-c2ccncc2)n1
decoy_4273,0.148797,0.224131,0.349441,0.468578,0.210892,0.316817,O=c1[nH]c(C[NH2+]CCCOCc2ccccc2)nc2sccc12
decoy_4274,0.127688,0.142946,0.308114,0.33063,0.181587,0.201811,O=C1NC(=S)N(c2ccccc2)C(=O)/C1=C/NC1CCCCC1
decoy_4275,0.148301,0.174743,0.343241,0.380599,0.218505,0.251913,O=C(CNCC(=O)Nc1cc2c(s1)CCC2)Nc1ccccc1
decoy_4276,0.182501,0.238964,0.413541,0.503076,0.233108,0.308145,O=C(CN(C(=O)c1ccns1)c1ccccc1)NC1CCCC1
decoy_4277,0.156397,0.26207,0.355771,0.538076,0.23038,0.340557,O=C(COc1ccccc1)NC(=S)NCCNc1ccccc1
decoy_4278,0.187285,0.224144,0.419228,0.463117,0.290187,0.321908,O=C(Nc1sccc1C(=O)NC1CC[NH2+]CC1)c1ccccc1
decoy_4279,0.174115,0.241338,0.387946,0.488898,0.251819,0.342612,O=C(NCC[N@H+]1CCc2sccc2C1)C(=O)Nc1ccccc1
decoy_428,0.246768,0.273514,0.405171,0.466053,0.2902,0.327571,c1ccc(OCc2ccncn2)cc1
decoy_4280,0.081724,0.091692,0.248698,0.254921,0.136297,0.153378,c1cc(OCc2cnoc2)ccc1C[NH2+]CCC[NH+]1CCCCC1
decoy_4281,0.178672,0.225244,0.469232,0.562693,0.254035,0.308684,c1ccc(OCCC[NH+]2CCCCC2)c(C[NH2+]Cc2ccno2)c1
decoy_4282,0.171781,0.243261,0.416378,0.60338,0.254972,0.334949,O=C1CCCN1c1ccc(N2CCC([NH+]3CCOCC3)CC2)cc1
decoy_4283,0.122513,0.19006,0.330855,0.446787,0.198801,0.290902,O=C(Nc1ccccc1)C(=O)N[C@H]1CC[N@H+](CC2CCCC2)CC1
decoy_4284,0.1633,0.162715,0.303738,0.308152,0.225882,0.235611,c1nnc(SCc2n[nH]c(CSc3nncs3)n2)s1
decoy_4285,0.313289,0.372459,0.629247,0.709283,0.43256,0.477385,S=C(NC1CC[NH2+]CC1)N(Cc1ccccc1)Cc1ccco1
decoy_4286,0.160017,0.23158,0.438368,0.602379,0.241108,0.308271,O=C(CNc1ccc(N2CCCCCC2)cc1)NC1CCCCC1
decoy_4287,0.125273,0.219067,0.365054,0.549709,0.202549,0.344739,c1nn(CC2CCCCC2)c2c1C[C@@H]([NH2+]CC1CCCCC1)CC2
decoy_4288,0.172535,0.234929,0.39203,0.493485,0.251209,0.310562,O=C(COC(=O)CCc1ccccc1)NC(=O)NCc1ccco1
decoy_4289,0.223923,0.257939,0.435013,0.487727,0.279582,0.316687,O=C1OCC2=C1[C@@]1(C=CN2c2ccccc2)C(=O)Nc2ccccc21
decoy_429,0.259582,0.305011,0.414399,0.521637,0.294883,0.33039,O=c1[nH]cncc1Cc1ccccc1
decoy_4290,0.17827,0.237551,0.399836,0.545782,0.254588,0.319947,O=C(C1=CC(=O)N(c2ccon2)[C@@H]1c1ccccc1)c1ccccc1
decoy_4291,0.169131,0.209195,0.359177,0.408539,0.232563,0.284059,NC1=Nn2c(nc(-c3ccccc3)cc2=O)/C1=N/Nc1ccccc1
decoy_4292,0.164202,0.178257,0.413655,0.426687,0.235448,0.276282,O=C1CCC=C[C@H]1C(=O)OCc1ccccc1O[C@H]1CCCCO1
decoy_4293,0.196572,0.217108,0.482742,0.510414,0.282405,0.297742,O=C(CC/C=C/Cc1ccc2c(c1)C(=O)OC2)O[C@@H]1CCCCO1
decoy_4294,0.166367,0.192072,0.399604,0.418975,0.251022,0.27404,O=C1CNC(=O)N1CC[N@H+]1CC[C@H](C(=O)Nc2ccccc2)CC1
decoy_4296,0.12772,0.188116,0.327543,0.420319,0.201293,0.269234,O=C(C[N@@H+]1CCC[C@H]1C(=O)Nc1ccccc1)NC(=O)NC1CC1
decoy_4297,0.170537,0.252532,0.401955,0.527129,0.244452,0.327091,O=C(CNCc1ccccc1)NN1C(=O)NC2(CCCCC2)C1=O
decoy_4298,0.133318,0.190274,0.330156,0.425615,0.208704,0.289401,O=C(NN=CC=C([O-])Nc1ccccc1)C(=O)NC1CCCCC1
decoy_4299,0.184863,0.258796,0.432036,0.531043,0.275756,0.356398,O=C(NCCC[NH+]1CCCCC1)Nc1ccc2c(c1)C(=O)NC2=O
decoy_43,0.243262,0.254317,0.363263,0.373067,0.292484,0.296403,C1C[C@H]([NH2+]C2CC2)CO1
decoy_430,0.281812,0.308589,0.499187,0.533661,0.367269,0.388333,O=c1ccnc(Cc2ccccc2)[nH]1
decoy_4300,0.284605,0.335809,0.624541,0.737329,0.372358,0.424526,c1ccc(CCCOc2cncc(-c3cc4cn[nH]c4cn3)c2)cc1
decoy_4301,0.18435,0.184647,0.406852,0.388241,0.256471,0.257383,c1ccc(COc2ccc(C(c3cn[nH]c3)c3cn[nH]c3)cc2)cc1
decoy_4302,0.169834,0.265998,0.390563,0.557268,0.229717,0.336181,O=C1N=CC=C(NCCc2ccccc2)[C@@H]1c1nc2ccccc2[nH]1
decoy_4303,0.228968,0.254352,0.502546,0.580871,0.291499,0.333428,O=C1Cc2c(ncc3cnc(N4CCCC4)cc23)N1c1ccccc1
decoy_4304,0.175673,0.234811,0.414879,0.48703,0.242544,0.333222,c1ccc(-c2nc(C[NH2+]Cc3ncc[nH]3)[nH]c2-c2ccncc2)cc1
decoy_4305,0.368426,0.43718,0.675838,0.781898,0.48821,0.543152,C1=[NH+]c2c(sc3nc(N4CCOCC4)c4c(c23)CCOC4)CN1
decoy_4306,0.195203,0.244208,0.417594,0.483853,0.248766,0.298332,O=C(C[C@@H]1Sc2ccccc2NC1=O)NCCCc1cc[nH]n1
decoy_4307,0.131901,0.209169,0.311452,0.446107,0.182763,0.28269,O=C(Cc1nccs1)NNC(=O)CN1CCc2ccccc2C1
decoy_4308,0.35931,0.323019,0.70848,0.605623,0.469791,0.446098,O=C(Cc1nncs1)N/N=C/c1ccc(N2CC[NH2+]CC2)cc1
decoy_4309,0.172857,0.209434,0.426459,0.465335,0.25147,0.294149,O=C(NC1CC1)[C@H]1CC[N@@H+](CCc2ccc3c(c2)OCCO3)CC1
decoy_431,0.563858,0.605216,0.755584,0.78196,0.568864,0.614128,c1ccc2c(c1)=NCC=2C1=[NH+]NCN1
decoy_4310,0.168555,0.212994,0.441097,0.505628,0.243833,0.295486,c1ccc(OCCCN2CC[NH2+]CC2)c(C[NH2+]Cc2ccno2)c1
decoy_4311,0.176549,0.245605,0.438769,0.535705,0.274349,0.34769,O=C1CCc2cc(NC(=O)NCCC[NH+]3CCCCC3)ccc2N1
decoy_4312,0.320995,0.339033,0.699599,0.675503,0.430312,0.439797,O=C(C[C@H]1C(=O)NCCN1Cc1ccccc1)NC1CC[NH2+]CC1
decoy_4313,0.179603,0.181534,0.441073,0.429256,0.256388,0.25883,O=C(CCc1ccccc1)N1CC=C(C2=c3ccccc3=NC2)CC1
decoy_4314,0.16162,0.206554,0.411031,0.464661,0.258408,0.308653,O=C(CNCC(=O)N[C@H]1CC[N@H+](C2CC2)CC1)Nc1ccccc1
decoy_4315,0.109211,0.121606,0.295359,0.303057,0.167734,0.19382,O=C(c1ccc(N2CCOCC2)nc1)N1CCC2(CC[NH2+]CC2)C1
decoy_4317,0.108805,0.15993,0.29804,0.384128,0.166606,0.227151,O=C(NCC[NH+]1CCCCC1)Nc1ccc(C(=O)NC2CC2)cc1
decoy_4318,0.166503,0.200482,0.387976,0.420852,0.231881,0.269455,C1=CNN(Cc2cccc([C@H]3[NH2+]CCc4c3[nH]c3ccccc43)c2)C1
decoy_4319,0.15303,0.207944,0.323793,0.437851,0.212582,0.288285,O=C(Nc1cccs1)c1cc2n(n1)CC[C@@H](c1cccs1)N2
decoy_432,0.296876,0.359891,0.536709,0.677561,0.371801,0.426108,c1ccc(NCc2ncncn2)cc1
decoy_4320,0.15303,0.207944,0.323793,0.437851,0.212582,0.288285,O=C(Nc1cccs1)c1cc2n(n1)CC[C@@H](c1cccs1)N2
decoy_4321,0.12595,0.159807,0.266462,0.316888,0.187879,0.23262,O=C([N-]C(=S)NNC(=S)Nc1ccccc1)c1ccccc1
decoy_4322,0.152526,0.190993,0.334135,0.397102,0.22186,0.272558,C1=NN[C@@H](SCc2ccnc(/N=C/Nc3ccccc3)n2)S1
decoy_4324,0.140054,0.163281,0.342789,0.360524,0.212067,0.249744,O=C(C[NH2+]CCCOc1ccccc1)Nc1cc2c(s1)CCC2
decoy_4325,0.137157,0.206517,0.342155,0.492728,0.203136,0.291239,O=C(CNCCOc1ccccc1)Nc1cc2c(s1)CCCC2
decoy_4326,0.144764,0.21777,0.347521,0.477395,0.235033,0.308922,O=C(CC[N@@H+]1CCCN(c2ccccn2)CC1)Nc1cccs1
decoy_4327,0.195728,0.2397,0.447761,0.513712,0.272671,0.310537,O=C(NCc1cccnc1)NC[C@@H](c1cccs1)[NH+]1CCCC1
decoy_4328,0.154844,0.225184,0.408057,0.528855,0.25627,0.329179,O=C(CC[C@]12CCCC[C@@H]1CC[C@H]2[NH2+]Cc1ccco1)NC1CC1
decoy_4329,0.154865,0.182337,0.408476,0.437863,0.236607,0.266169,O=C(Nc1ccccc1)[C@H]1CC[N@@H+](CCOC2CCCCC2)CC1
decoy_433,0.305535,0.319042,0.467187,0.50174,0.323315,0.35206,O=C1NC=CCN1[C@@H]1CSCO1
decoy_4330,0.178866,0.169011,0.462051,0.414898,0.247363,0.247053,O=C(NCCC[NH+]1CCCCC1)Nc1ccc(N2CCCC2)cc1
decoy_4331,0.187506,0.274554,0.393797,0.525697,0.242468,0.333767,S=C(NCCNC(=S)Nc1ccccc1)Nc1ccccc1
decoy_4332,0.155598,0.256024,0.408521,0.613561,0.229227,0.33276,O=C(NC[C@H]1CC[C@H]2C[C@@H]1C2)[C@@H]1CSC[C@@H](c2ccccc2)N1
decoy_4333,0.174652,0.2181,0.362341,0.414653,0.232367,0.295198,O=C(Nc1ccc(/[NH+]=c2/ccc3ccncc3o2)cc1)c1ccco1
decoy_4334,0.174979,0.190633,0.407305,0.44087,0.240016,0.267506,O=C(C[C@@H]1C(=O)N(Cc2ccccc2)c2ccccc21)c1ccco1
decoy_4335,0.155736,0.187885,0.358113,0.401808,0.222213,0.272384,O=C1NCC(=O)N2C[C@@H](c3ccccc3)c3c([nH]c4ccccc34)[C@@H]12
decoy_4336,0.169007,0.184704,0.365841,0.36825,0.250052,0.249925,OC1=C2C(=C[C@H](c3ccccc3)C1)Nc1[nH]ncc1[C@H]2c1[nH]cc[nH+]1
decoy_4337,0.194616,0.219389,0.423839,0.444644,0.27195,0.281413,O=C1N=C(NCCc2c[nH]c3ccccc23)[NH+]=N[C@H]1c1ccccc1
decoy_4338,0.219624,0.277764,0.451695,0.539692,0.286002,0.34346,O=c1cn[nH]c(NC[C@@H](C2=c3ccccc3=NC2)c2ccccc2)n1
decoy_4339,0.207208,0.27748,0.434712,0.547697,0.256003,0.339155,O=C1C[C@@H](c2ccccc2)C2=CNN(C3N=c4ccccc4=N3)[C@@H]2N1
decoy_434,0.222334,0.273246,0.33654,0.477924,0.255076,0.343787,O=C1NC(=S)N[C@]12CCCCO2
decoy_4340,0.136735,0.159843,0.31448,0.344491,0.198854,0.244086,O=C(N/N=C/C1=c2ccccc2=NC1)[C@@H]1C=C(c2ccccc2)NN1
decoy_4341,0.156949,0.212896,0.352316,0.449326,0.226236,0.286639,O=C(c1ccncn1)N(Cc1ccccc1)[C@H]1CCS(=O)(=O)C1
decoy_4342,0.122937,0.143375,0.327711,0.347278,0.197997,0.211326,O=C(CCc1ccccc1)NCCN1CC2(CC[NH2+]CC2)OC1=O
decoy_4343,0.111435,0.141539,0.303539,0.346382,0.191737,0.237274,O=C(C[NH2+]CC1(c2ccccc2)CCOCC1)NC(=O)NC1CC1
decoy_4344,0.168922,0.178897,0.406035,0.398959,0.256015,0.251062,O=C(Nc1ccccc1)N[C@H]1C[C@@H]([NH+]2CCCCC2)[C@H]2OC[C@@H]1O2
decoy_4345,0.182321,0.199937,0.420972,0.431457,0.269965,0.277289,c1ccc(C[N@@H+](CCc2c[nH]c3ccccc23)Cc2ncco2)cc1
decoy_4346,0.322512,0.322824,0.682466,0.635583,0.424626,0.423559,c1cc(OCCCN2CC[NH2+]CC2)ccc1CNCc1cnon1
decoy_4347,0.12911,0.141401,0.337513,0.341102,0.197156,0.216001,O=C1CN(c2ccc(NC(=O)NCC[NH+]3CCCC3)cc2)CCN1
decoy_4348,0.140405,0.183908,0.342424,0.397906,0.203589,0.259044,O=c1cc(-c2ccccc2)nc(-c2ccc(C[NH+]3CCCC3)cc2)[nH]1
decoy_4349,0.156281,0.204966,0.334025,0.442972,0.216814,0.274825,O=C(CSc1nnc(NCc2ccco2)s1)c1ccccc1
decoy_435,0.219022,0.189456,0.372401,0.383326,0.265557,0.256844,C(#Cc1cscn1)c1cccnc1
decoy_4350,0.339345,0.441217,0.640655,0.786146,0.45142,0.53567,c1ccc(CN2c3ccccc3N[C@H]2[C@@H]2NCCc3[nH+]c[nH]c32)cc1
decoy_4351,0.155317,0.184856,0.376767,0.435478,0.231957,0.273173,O=C(c1ccns1)N(CCN1CCOCC1)Cc1ccccc1
decoy_4352,0.184304,0.219685,0.408666,0.451079,0.252993,0.299879,O=C(CC1=c2ccccc2=NC1)N1CCN([C@@H]2NNCS2)CC1
decoy_4353,0.182641,0.253915,0.46004,0.566642,0.271454,0.343675,O=C(NCC1CCCCC1)c1ccc(C[NH+]2CCCCC2)[nH]c1=O
decoy_4354,0.174683,0.187302,0.426941,0.427342,0.271939,0.264169,c1ccc(-c2nn(-c3ccccc3)cc2C[NH2+]C2CCCCC2)cc1
decoy_4355,0.112649,0.166649,0.304789,0.431758,0.181865,0.242895,c1nc(N2CCOCC2)cc(N2CCC([NH+]3CCCCC3)CC2)n1
decoy_4356,0.284571,0.376323,0.709932,0.797911,0.410242,0.488025,c1[nH]nc(C2CCCCC2)c1CN1CC[NH+](C2CC[NH2+]CC2)CC1
decoy_4357,0.191159,0.224373,0.430258,0.455721,0.287731,0.30484,S=C(Nc1ccccc1)N(Cc1cccs1)C1CC[NH2+]CC1
decoy_4358,0.161801,0.186806,0.357916,0.379254,0.223262,0.26204,O=C1[C@H]2[C@H](C[NH2+][C@H]2c2cc3ccccc3o2)C(=O)N1c1ccccc1
decoy_4359,0.173255,0.199041,0.367195,0.413074,0.241914,0.272368,O=C1C=C/C(=C/Nc2ccccc2)C(=O)N1[C@H]1CCS(=O)(=O)C1
decoy_436,0.221868,0.257295,0.476181,0.49206,0.285622,0.321322,C1CC[C@H](CO[C@H]2CCCO2)OC1
decoy_4360,0.170274,0.251223,0.370898,0.502949,0.238921,0.31557,O=C(CNC(=O)c1ccccc1)NCS(=O)(=O)c1ccccc1
decoy_4361,0.144763,0.202736,0.322969,0.430498,0.202764,0.306032,O=C(NNC(=O)c1csc(N2CCOCC2)n1)c1ccccc1
decoy_4362,0.191755,0.203117,0.395547,0.428763,0.251926,0.274583,[H]/N=C1C(=C/c2ccccc2)/C(=O)N=C2SC(c3ccccc3)=NN2/1
decoy_4363,0.157542,0.251818,0.342047,0.480614,0.218905,0.335609,O=C(CNS(=O)(=O)c1ccccc1)N[C@H]1CCS(=O)(=O)C1
decoy_4364,0.135079,0.172529,0.335414,0.393598,0.205079,0.252589,O=C(NCCc1ccccc1)c1cccc(COc2ccccc2)n1
decoy_4365,0.158425,0.238565,0.388733,0.50778,0.218186,0.304548,O=C(CCCCC[C@H]1CCNC(=O)N1)NNC(=O)c1ccccc1
decoy_4366,0.140774,0.208419,0.352205,0.456214,0.214908,0.281279,O=C(CNCC(=O)Nc1ccccc1)NC(=O)NC1CCCCC1
decoy_4367,0.190576,0.221579,0.431848,0.454421,0.288044,0.311657,O=c1ccnc(-c2ccc(C[N@H+](Cc3ccncc3)C3CC3)cc2)[nH]1
decoy_4368,0.17901,0.243084,0.413844,0.523988,0.249987,0.323609,O=C(CC1=c2ccccc2=NC1)NCC1=CNN(c2ccccc2)C1
decoy_4369,0.188391,0.256331,0.432514,0.55312,0.246407,0.323332,O=C(NCCC1=c2ccccc2=NC1)C1=CNN(c2ccccc2)C1
decoy_437,0.22224,0.290757,0.42924,0.538164,0.275052,0.338755,C1CC[C@@H](O[C@H]2CCCOC2)OC1
decoy_4370,0.182459,0.202209,0.404876,0.418048,0.259991,0.272481,c1ccc(Nc2cc(N3CCN(c4ccccn4)CC3)nc[nH+]2)cc1
decoy_4371,0.190821,0.197063,0.420058,0.412739,0.248705,0.267362,c1ccc(N2CCN(c3cc(Nc4ccccn4)[nH+]cn3)CC2)cc1
decoy_4372,0.250894,0.277387,0.441447,0.466846,0.298621,0.345627,O=c1c2c3c(sc2[nH]c(=S)n1Nc1ncncn1)CCCC3
decoy_4373,0.191195,0.202574,0.43033,0.433244,0.250641,0.263121,O=C(CCN1C(=O)[C@@H]2CC[C@@H](C2)C1=O)Nc1cc2c(s1)CCC2
decoy_4374,0.148908,0.202337,0.364654,0.455475,0.216056,0.2897,O=C(OCc1cc(=O)n2c3c(sc2n1)CCCC3)C1CCCC1
decoy_4375,0.290671,0.333628,0.592313,0.648326,0.378112,0.400576,O=S(=O)(Oc1ccccc1)c1ccc(C[NH+]2CCNCC2)cc1
decoy_4376,0.17039,0.279309,0.38047,0.548824,0.241641,0.343978,O=C(CSc1nc2ccccc2[nH]1)NC(=O)NC1CCCCC1
decoy_4377,0.153875,0.2004,0.400723,0.480535,0.247967,0.301541,O=C(Nc1nc2ccccc2s1)C1([N@H+]2CN[NH2+]N2)CCCCC1
decoy_4378,0.1632,0.172821,0.447115,0.460055,0.252426,0.26643,C(=C/c1ccccc1)\CO[C@@H]1CCC[C@@H](CO[C@H]2CCCOC2)O1
decoy_4379,0.144973,0.183808,0.341978,0.421916,0.204273,0.280769,O=C(/C=C/OC(=S)C1=CC=CCC1)OC(=S)C1=CC=CCC1
decoy_438,0.262286,0.298343,0.547045,0.574078,0.340667,0.368505,C1CC[C@@H](OC2CCOCC2)OC1
decoy_4380,0.31842,0.307726,0.683592,0.636878,0.419854,0.413514,O=C1CN(Cc2cccc(OCCCN3CC[NH2+]CC3)c2)CCN1
decoy_4381,0.147597,0.190485,0.392598,0.447395,0.234602,0.298339,O=C(NCCC[NH+]1CCCCC1)N[C@H]1CCCc2[nH]c(=O)ccc21
decoy_4382,0.114064,0.203067,0.321342,0.473069,0.175787,0.279988,O=C(NCCC[NH+]1CCCCC1)NCCNC(=O)c1ccccc1
decoy_4383,0.175457,0.193138,0.445278,0.464376,0.264828,0.290257,c1ccc([C@H]2[NH2+]CC[C@@H]2C[NH2+]Cc2ccc(-n3cccn3)cc2)cc1
decoy_4386,0.384942,0.375885,0.715282,0.705727,0.448743,0.443897,O=C(CCCSc1ccccc1)Nc1cc2c(s1)C[NH2+]CC2
decoy_4387,0.153386,0.214552,0.364544,0.556247,0.222344,0.28702,S=C1N(Cc2ccco2)[C@H]2CCCC[C@@H]2N1Cc1cccs1
decoy_439,0.221642,0.245426,0.468844,0.46958,0.278751,0.304873,C1CC[C@@H](OC[C@H]2CCCO2)OC1
decoy_4390,0.251966,0.296548,0.507693,0.54956,0.349097,0.407076,O=C1C=C/C(=C/NN2C(=O)c3cccc4cccc(c34)C2=O)C(=O)N1
decoy_4391,0.186919,0.283079,0.397484,0.553908,0.245852,0.340851,O=C1[C@@H]2[C@@H](CN[C@@]23C(=O)Nc2ccccc23)C(=O)N1c1ccccc1
decoy_4392,0.158465,0.229521,0.346889,0.464008,0.221203,0.298576,O=C(NNC(=O)c1ccc(-c2ccccc2)[nH]c1=O)c1ccccc1
decoy_4393,0.184171,0.248053,0.386985,0.479204,0.250563,0.3113,O=C(CNC(=O)c1cc2ccccc2[nH]1)NC1N=c2ccccc2=N1
decoy_4394,0.183344,0.217736,0.389037,0.429989,0.243591,0.286665,O=C(Cc1ccc2c(c1)OCO2)NCS(=O)(=O)c1ccccc1
decoy_4395,0.130887,0.152954,0.322749,0.345178,0.197991,0.246818,O=C1C[C@H]([NH2+]CCc2c[nH]c3ccccc23)C(=O)N1c1ccccc1
decoy_4396,0.137699,0.195461,0.329846,0.449766,0.213346,0.277479,O=C1NC2=C(C(=O)N(CCc3ccccc3)C2)[C@@H](c2ccccc2)N1
decoy_4397,0.154909,0.226085,0.364177,0.482253,0.224946,0.302257,O=C(NCCC1=c2ccccc2=NC1)[C@@H]1C=C(c2ccccc2)ON1
decoy_4398,0.165229,0.204835,0.377591,0.420429,0.24116,0.293398,O=C1NC(NCCc2c[nH]c3ccccc23)=[NH+]N[C@H]1c1ccccc1
decoy_4399,0.144424,0.189901,0.340798,0.406259,0.214402,0.270807,O=C1NC(NCCC2=c3ccccc3=NC2)=[NH+]N[C@H]1c1ccccc1
decoy_44,0.313835,0.291144,0.55492,0.565858,0.32914,0.335523,O=c1cc([O-])[nH]c(=O)[nH]1
decoy_440,0.223962,0.245062,0.4538,0.480031,0.291373,0.314291,c1ccc(Sc2ccccc2)cc1
decoy_4401,0.14147,0.239246,0.336899,0.491003,0.212014,0.316745,O=C(Nc1cccnc1NCCNc1cccc[nH+]1)c1ccccc1
decoy_4402,0.162482,0.270519,0.377899,0.567469,0.2321,0.351223,O=C(NCCC1=c2ccccc2=NC1)[C@@H]1C=NN(c2ccccc2)N1
decoy_4403,0.219686,0.258939,0.394361,0.444087,0.268642,0.289116,O=C(CSc1nncs1)Nc1cnn(-c2ccccc2)c1[O-]
decoy_4404,0.189511,0.20066,0.4105,0.407238,0.263172,0.272359,c1ccc(N2CCN(c3cc(Nc4cccnc4)[nH+]cn3)CC2)nc1
decoy_4405,0.165187,0.198329,0.381771,0.430347,0.227081,0.274994,O=C(CN(Cc1ccco1)C(=O)c1ccns1)NC1CCCC1
decoy_4406,0.165977,0.222624,0.378076,0.463306,0.226642,0.285457,O=C(NC[C@@H](c1ccco1)[NH+]1CCCC1)C(=O)Nc1cccs1
decoy_4407,0.142599,0.18783,0.337681,0.403744,0.208184,0.253677,O=C(CSc1ccccc1)NNC(=O)NCCCn1cc[nH+]c1
decoy_4408,0.221978,0.285915,0.47248,0.539567,0.312575,0.376515,O=C(NCCn1cc[nH+]c1)NNC(=O)c1cc2c(s1)CCCC2
decoy_4409,0.171622,0.254257,0.43142,0.565688,0.264755,0.355175,O=C(NCCC[NH+]1CCCCC1)Nc1ccc2c(c1)OCCCO2
decoy_441,0.271306,0.270353,0.423238,0.50182,0.30786,0.32797,c1cc2[nH]c(-c3cnon3)nc2cn1
decoy_4410,0.144608,0.177606,0.36814,0.405569,0.218138,0.253468,c1ccc(CNc2onc(-c3ccccc3)c2C[NH2+]CC2CC2)cc1
decoy_4412,0.172857,0.185272,0.416874,0.412511,0.262378,0.247391,O=C1CCCN1Cc1ccccc1C[NH2+]Cc1c[nH]c2ccccc12
decoy_4413,0.193221,0.211468,0.466304,0.493935,0.24869,0.286027,O=c1[nH]c2ccccc2cc1CNc1ccc(N2CCCCC2)cc1
decoy_4414,0.14584,0.174276,0.358312,0.387137,0.234258,0.261901,O=c1cc(CN2CC[NH+](Cc3ccccc3)CC2)[nH]c2ccccc12
decoy_4415,0.126856,0.204685,0.324802,0.465282,0.192561,0.300448,O=C(C[N@H+]1CC[C@H](C2=c3ccccc3=NC2)CC1)Nc1ccccc1
decoy_4416,0.341224,0.374326,0.653408,0.684537,0.394204,0.419799,O=C(/C=C/c1ccco1)[N-]C(=S)Nc1cc2c(s1)C[NH2+]CC2
decoy_4417,0.198643,0.198923,0.417838,0.407384,0.245553,0.26094,c1cc2cnc(CSc3nncn3C[C@H]3CCCO3)nc2s1
decoy_4418,0.189373,0.257196,0.386243,0.486988,0.264298,0.322338,O=C(NCCc1cccs1)NCc1n[nH]c(-c2cccs2)n1
decoy_4419,0.207817,0.267668,0.460858,0.53839,0.298894,0.357969,c1cc2c(NC3CC[NH2+]CC3)nc(CN3CCOCC3)nc2s1
decoy_442,0.321484,0.321543,0.58328,0.595189,0.371567,0.38029,C=C1C(=O)C(=O)N[C@@H]1c1ccccc1
decoy_4420,0.214229,0.215331,0.40673,0.38706,0.270014,0.284357,O=C(CSc1nncs1)Nc1cc(-c2ccccc2)cs1
decoy_4421,0.283211,0.332032,0.626908,0.663068,0.399139,0.428006,O=C(CCNC(=O)[C@]12C[C@H]3C[C@H](C[C@H](C3)C1)C2)N[C@H]1CCC[NH2+]C1
decoy_4422,0.135616,0.157306,0.383183,0.402488,0.210556,0.238636,O=C(NCCCC[NH+]1CCCCC1)NCCCOc1ccccc1
decoy_4423,0.178125,0.216678,0.394279,0.430099,0.251406,0.296489,O=C1C[C@H]2CC(S[C@@H]3C[NH2+][C@@H](CSc4ccccn4)C3)=CN12
decoy_4424,0.119145,0.185252,0.31876,0.447333,0.206492,0.267278,Nc1nc2c(s1)C[C@@H]1CCCC[C@@H]1[C@@H]2CC(=O)NC1CCCC1
decoy_4425,0.120286,0.169511,0.322458,0.403627,0.191271,0.26422,O=C(NCC[NH+]1CCCCC1)[C@H]1CSC[C@@H](c2ccccc2)N1
decoy_4426,0.287585,0.335335,0.610605,0.675382,0.412956,0.437849,S=C(NC1CC[NH2+]CC1)N(Cc1ccccc1)C[C@H]1CCCO1
decoy_4427,0.172213,0.24035,0.373202,0.475966,0.236209,0.310805,O=C1N=CN(c2ccccc2)C(=O)/C1=C\NNC(=O)c1ccccc1
decoy_4428,0.144332,0.16893,0.34923,0.384474,0.20552,0.246151,O=C(NCC(=O)N(Cc1ccccc1)c1ccccc1)c1ccco1
decoy_4429,0.182228,0.186193,0.414979,0.406364,0.258341,0.253139,O=C(CNC(=O)c1coc(CCc2ccccc2)n1)c1ccccc1
decoy_443,0.313874,0.352551,0.497566,0.651939,0.324448,0.382357,O=C1C=CC(=O)c2c1cc1n2CCC1
decoy_4430,0.331673,0.325126,0.64378,0.625489,0.435551,0.424084,Nc1cc(CCCNC(=O)c2cc3ccc4ccccc4c3o2)n[nH]1
decoy_4431,0.145597,0.231424,0.341987,0.487748,0.217348,0.313006,O=C(CNC(=O)c1ccccc1)NCc1nc(-c2ccccc2)c[nH]1
decoy_4432,0.181506,0.179682,0.411742,0.404448,0.251583,0.26025,O=C(c1ccco1)N1CCN(c2nccc(-c3ccccc3)n2)CC1
decoy_4433,0.15898,0.232157,0.360324,0.482114,0.233657,0.315756,O=C(NCCc1ccccc1)Nc1cccc(-c2ccc(=O)[nH]n2)c1
decoy_4434,0.207232,0.255973,0.40537,0.482754,0.269518,0.32205,O=C(Cc1csc(NC(=O)c2ccco2)n1)Nc1nccs1
decoy_4435,0.148307,0.172556,0.344623,0.378609,0.226401,0.256248,O=C(CNCc1ncnc(Nc2ccccc2)n1)Nc1ccccc1
decoy_4436,0.315931,0.417708,0.667782,0.750708,0.416779,0.49488,O=C1CSc2ccc(NC(=O)C(=O)NC[C@H]3CC[NH2+]C3)cc2N1
decoy_4437,0.131274,0.166978,0.315148,0.365873,0.187157,0.227786,O=C(Nc1cnc(SCC[NH+]2CCCC2)[nH]c1=O)c1ccco1
decoy_4438,0.142254,0.188075,0.374007,0.440672,0.209076,0.260345,O=C(COc1ccccc1)NNC(=O)NCCC[NH+]1CCCCC1
decoy_4439,0.168184,0.227956,0.411547,0.523194,0.250663,0.295452,O=C(/C=C/c1ccccc1)NCCCNC(=O)/C=C/c1ccccc1
decoy_444,0.235147,0.252444,0.387827,0.54554,0.285332,0.315782,O=C(Nc1ccccc1)c1ccco1
decoy_4440,0.16232,0.216506,0.393755,0.469229,0.240389,0.299013,O=C1C[C@H]([NH2+]CCc2c[nH]c3ccccc23)CNN1c1ccccc1
decoy_4441,0.121866,0.157867,0.311906,0.356979,0.199341,0.257707,O=C(NC[C@@H](c1ccccc1)[NH+]1CCCC1)c1cccc2nc[nH]c12
decoy_4442,0.150507,0.214258,0.366177,0.45913,0.230607,0.318484,c1ccc([C@H](CNc2cc(-c3cn[nH]c3)ncn2)[NH+]2CCCC2)cc1
decoy_4443,0.172271,0.225259,0.421652,0.520172,0.247439,0.298981,c1ccc(-n2ccc(CCCNc3nccc(NC4CC4)n3)n2)cc1
decoy_4444,0.151728,0.207387,0.36053,0.444917,0.224154,0.265765,NC1=Nc2nc3ccccc3n2[C@@H](c2ccn(C3CCCCC3)c2)N1
decoy_4445,0.210729,0.245171,0.472313,0.510031,0.281023,0.318825,O=C(CCCC[C@@H]1SC[C@H]2NC(=O)N[C@@H]12)NCc1cccnc1
decoy_4446,0.194684,0.243426,0.443696,0.509659,0.271827,0.315266,O=C(CCCC[C@@H]1SC[C@@H]2NC(=O)N[C@@H]21)NCc1ccncc1
decoy_4447,0.141781,0.235646,0.341848,0.487146,0.202702,0.306386,O=C(CNC(=O)c1ccccc1)NNC(=S)NC1CCCCC1
decoy_4449,0.180002,0.182039,0.364923,0.352059,0.249076,0.248741,C1=C[C@H](c2cc(CSc3nncs3)cs2)c2c[nH]nc2O1
decoy_445,0.234182,0.255861,0.38738,0.557089,0.284701,0.319761,O=C(Nc1ccccc1)c1ccoc1
decoy_4451,0.288344,0.363719,0.65611,0.732012,0.396123,0.46112,O=C(NCCC(=O)N1CC[NH2+]CC1)N[C@]12C[C@H]3C[C@H](C[C@H](C3)C1)C2
decoy_4452,0.185501,0.269277,0.411709,0.564218,0.247784,0.331933,O=C(CSc1nncn1C1CC1)Nc1cc2c(s1)CCCC2
decoy_4453,0.150592,0.183176,0.422294,0.457013,0.246558,0.270774,O=C(CC[C@]12CCCC[C@H]1CC[C@H]2[NH2+]C1CCOCC1)NC1CC1
decoy_4454,0.16109,0.212885,0.37864,0.491397,0.241537,0.302089,O=C(CCc1cccs1)NC[C@@H](c1cccs1)[NH+]1CCCC1
decoy_4455,0.205648,0.233969,0.407378,0.44862,0.251276,0.303174,[NH2+]=C(N/N=C/c1ccc2c(c1)OCO2)c1c[n+]([O-])c2ccccc2n1
decoy_4456,0.195983,0.263157,0.435856,0.568126,0.262317,0.332241,O=C(Nc1ccccc1)c1nc2ccccc2nc1C[C@H]1COCO1
decoy_4457,0.197373,0.320605,0.458043,0.678481,0.273142,0.40819,c1ccc(CCCCOc2cncc3nc(-c4cnon4)[nH]c23)cc1
decoy_4458,0.214598,0.254691,0.437202,0.489027,0.287255,0.313543,NC1=Nc2nc3cc4c(cc3n2[C@@H](c2ccccc2)N1)OCCCO4
decoy_4459,0.181243,0.234863,0.38677,0.462693,0.247218,0.315599,O=C(CC1=c2ccccc2=NC1)NNC(=O)c1ccc2c(c1)NCN2
decoy_446,0.428257,0.454506,0.690974,0.714676,0.491459,0.507281,C=C1C(=O)N(c2ccccc2)N=C1N
decoy_4460,0.171569,0.244654,0.380352,0.497905,0.238823,0.315453,O=C(CNC(=O)Nc1ccccc1)Nc1ccnn1-c1ccccc1
decoy_4461,0.161743,0.193071,0.357338,0.40645,0.230257,0.275264,O=C(Nc1ccccc1)C1=NN([C@H]2CCS(=O)(=O)C2)C(=O)CC1
decoy_4462,0.144603,0.188359,0.32869,0.402323,0.207266,0.266165,O=C(COC(=O)CSCC1=CCNC(=O)N1)Nc1ccccc1
decoy_4463,0.175484,0.214811,0.382499,0.427804,0.246875,0.303155,O=C(Nc1ccccc1)C1CCN(S(=O)(=O)c2cnoc2)CC1
decoy_4464,0.145147,0.204801,0.318408,0.455592,0.221241,0.297005,O=C(N[C@H](c1ccccc1)c1ccco1)c1cc2cncnc2s1
decoy_4465,0.172566,0.200952,0.357092,0.387938,0.247335,0.268909,O=C(CSC1=N[C@@H]2N=c3ccccc3=C2N=[NH+]1)Nc1ccccc1
decoy_4466,0.130871,0.157107,0.326698,0.353112,0.195976,0.244037,O=C1[C@H]2[C@H](C[NH2+][C@H]2c2ccccc2)C(=O)N1CCNc1ccccc1
decoy_4467,0.151018,0.226278,0.374064,0.539042,0.218437,0.311302,O=c1c2ccccc2nc(-c2ccccc2)n1NC[C@H]1CCCCO1
decoy_4468,0.143808,0.230743,0.347969,0.496829,0.20108,0.289273,O=C(NN=CC=C([O-])Nc1cccc2c1CCCC2)c1ccccc1
decoy_4469,0.192989,0.241187,0.388281,0.465465,0.248553,0.287375,O=C1CSCN1c1ccc(S(=O)(=O)Nc2ccccn2)cc1
decoy_447,0.252285,0.301681,0.346639,0.399864,0.272794,0.309269,[H]/N=C1/O[C@H](c2ccccc2)C(=[N-])/C1=N\[H]
decoy_4470,0.17718,0.227462,0.400999,0.463325,0.253842,0.30556,NC1=[NH+]c2ccccc2N[C@]12CCCN(C(=O)Nc1ccccc1)C2
decoy_4471,0.371832,0.398967,0.758934,0.794301,0.444654,0.462048,C1=[NH+][C@@H](c2ccc(-c3ccccc3)o2)Nc2sc3c(c21)CC[NH2+]C3
decoy_4472,0.190483,0.242034,0.411334,0.502903,0.271982,0.325722,O=c1c([C@H]2[NH2+]CCc3ccccc32)c[nH]c(=S)n1-c1ccccc1
decoy_4473,0.178006,0.210664,0.397868,0.432954,0.258788,0.298675,O=C(CCc1c[nH]c(=S)[nH]c1=O)NCCCCCc1cc[nH]n1
decoy_4474,0.194885,0.230778,0.433088,0.468614,0.261948,0.298309,O=C(CSc1nc[nH]n1)NC(=O)N[C@]12C[C@H]3C[C@H](C[C@H](C3)C1)C2
decoy_4475,0.170845,0.197576,0.409253,0.456908,0.257433,0.280449,c1ccc2c(c1)[nH]c1c(N3CCC([NH+]4CCCCC4)CC3)ncnc12
decoy_4476,0.140681,0.165131,0.355387,0.37632,0.234254,0.248108,C1=CCC2=C3CCN4CC[C@@H]([NH2+]CCc5c[nH]cn5)C[C@H]4C3=NC2=C1
decoy_4477,0.163842,0.238331,0.40277,0.515611,0.246001,0.335145,O=C(NCC[NH+]1CCCCC1)C(=O)Nc1cc2c(s1)CCCC2
decoy_4478,0.155761,0.173287,0.366759,0.385592,0.220855,0.24552,S=C(NCc1ccc2c(c1)=C1CCCC[C@@H]1N=2)Nc1ccccc1
decoy_448,0.356078,0.393626,0.578977,0.605018,0.41142,0.434031,O=c1cc(Nc2ccccc2)nc[nH]1
decoy_4480,0.145276,0.178897,0.331624,0.40495,0.209579,0.255581,O=C1O[C@H](N2C(=O)CC[C@H]2C(=O)Nc2ccccc2)c2ccccc21
decoy_4481,0.306774,0.308065,0.610311,0.62589,0.375507,0.409098,O=c1[nH]c2nc[nH]c2c(=O)n1CCCOc1ccc2ccccc2c1
decoy_4482,0.176481,0.247527,0.395757,0.516064,0.238737,0.324877,O=C(CC[C@@H]1N=C2c3ccccc3N=CN2C1=O)NCc1ccco1
decoy_4483,0.147067,0.179433,0.325488,0.365195,0.210278,0.253384,O=C(/C=C/c1ccccc1)NCC(=O)Nc1ccc2[nH]c(=O)[nH]c2c1
decoy_4484,0.203551,0.267882,0.421222,0.546518,0.259436,0.354957,O=c1c(-c2ccccc2)nnc2sc(COc3ccccc3)nn12
decoy_4485,0.121996,0.131153,0.324487,0.338212,0.183052,0.223599,c1ccc(CO[C@@H]2CC[C@@H](O[C@H]3C[C@H]4OCO[C@H]4CO3)CO2)cc1
decoy_4486,0.173181,0.248572,0.398013,0.511065,0.241326,0.313837,O=C(CNCC1=C[C@@H](c2ccccc2)NC(=O)N1)Nc1ccccc1
decoy_4487,0.178177,0.24727,0.405513,0.509446,0.259695,0.330723,O=C(CNC(=O)NCCC1=c2ccccc2=NC1)Nc1ccccc1
decoy_4488,0.149106,0.209844,0.360411,0.451448,0.219366,0.29584,O=C(NCCNc1cccc[nH+]1)c1coc(CCc2ccccc2)n1
decoy_4489,0.20708,0.237092,0.468711,0.505282,0.29282,0.310082,O=C(CCC1=CNc2ncnn2C1)NCCC1=c2ccccc2=NC1
decoy_449,0.293261,0.324407,0.455452,0.556404,0.325425,0.368042,O=C(Cn1cncn1)c1ccccc1
decoy_4490,0.151449,0.222422,0.360521,0.466789,0.227764,0.312194,O=C(NCCCNc1cccc[nH+]1)Nc1ccccc1-n1cccn1
decoy_4491,0.330298,0.339464,0.713715,0.667883,0.435877,0.426917,O=C(CCNC1=NS(=O)(=O)c2ccccc21)NC1CC[NH2+]CC1
decoy_4492,0.117897,0.189122,0.288527,0.407614,0.181856,0.28227,O=C(CNCc1cccs1)NN1C(=O)NC2(CCCCC2)C1=O
decoy_4493,0.146186,0.19165,0.340629,0.408263,0.216472,0.255617,O=C(CNC(=O)c1ccccc1)NNC(=S)NC[C@H]1CCCO1
decoy_4495,0.189846,0.268888,0.410153,0.546782,0.255479,0.328084,O=C1NC(CSC2N=c3ccccc3=N2)=C[C@@H](c2ccccc2)N1
decoy_4496,0.14115,0.165824,0.315249,0.349076,0.206585,0.253373,O=C(N/N=C/c1ccccc1)C1=CNC(=S)N[C@H]1c1ccccc1
decoy_4497,0.118537,0.148373,0.269844,0.306882,0.183037,0.235203,[H]/N=C([N-]c1nc(SCc2ccccc2)n[nH]1)\C(=N\[H])c1ccccc1
decoy_4498,0.146655,0.170805,0.387343,0.424915,0.236183,0.271103,c1ccc2c(c1)[C@@H]([NH2+]Cc1ccc3c(c1)OCO3)CC21CC[NH2+]CC1
decoy_4499,0.157167,0.259208,0.398661,0.604343,0.240696,0.328772,O=C(N[C@@H](C(=O)NC1CCCCC1)c1ccccc1)c1ccccc1
decoy_45,0.316932,0.305653,0.619156,0.657805,0.370123,0.373059,O=c1cc[nH]c(=S)[nH]1
decoy_450,0.239209,0.251744,0.363389,0.437732,0.277653,0.305503,O=C(Nc1ccccc1)c1cc[nH]n1
decoy_4500,0.163953,0.217908,0.362961,0.44459,0.230241,0.280469,O=C(CS(=O)(=O)c1ccccc1)Nc1cc2c(s1)C[NH2+]CC2
decoy_4501,0.148102,0.213304,0.375282,0.473522,0.233905,0.307434,O=C(CN1CC[NH+](Cc2ccccc2)CC1)N/N=C/c1ccccc1
decoy_4502,0.18463,0.254151,0.383856,0.486413,0.237207,0.309215,O=C(CCc1cnc[nH]c1=O)N[C@H]1N[C@H](c2cccs2)CS1
decoy_4503,0.169187,0.307459,0.407128,0.68528,0.23581,0.388518,O=C(C[N@@H+]1CCC[C@H](C2OCCO2)C1)Nc1cc2c(s1)CCC2
decoy_4504,0.16306,0.195876,0.396847,0.428905,0.240598,0.273979,O=C(CSc1nccc(=O)[nH]1)N1CCC([NH+]2CCCCC2)CC1
decoy_4505,0.188566,0.292413,0.373044,0.555386,0.229088,0.364957,O=C(CCSc1n[nH]c(-c2cccs2)n1)Nc1cccs1
decoy_4506,0.152484,0.220238,0.420968,0.526925,0.248087,0.340833,O=C(NCCC[NH+]1CCCCC1)NC1CCN(C(=O)C2CC2)CC1
decoy_4507,0.103828,0.128756,0.291173,0.329666,0.171514,0.216134,c1ccc(-c2ncc(CN3CCC([NH+]4CCCCC4)CC3)cn2)cc1
decoy_4508,0.16382,0.227854,0.386342,0.512135,0.231687,0.296198,O=C(CSc1nc(CCC2CCCC2)n[nH]1)Nc1cccs1
decoy_451,0.338279,0.34602,0.548584,0.571746,0.409672,0.426384,C(=N/Nc1nc[nH]n1)\c1ccccc1
decoy_4511,0.152138,0.199032,0.332906,0.418376,0.207453,0.284901,O=C(NCc1cc2cc3c(cc2[nH]c1=O)OCO3)Nc1ccccc1
decoy_4512,0.200338,0.231216,0.412751,0.499056,0.269435,0.312538,O=C(OCc1cc(=O)oc2ccccc12)c1cc2cccnc2s1
decoy_4513,0.15463,0.261581,0.328359,0.523015,0.217878,0.343432,O=C(OCc1nc2ccccc2c(=O)[nH]1)c1cc2cccnc2s1
decoy_4514,0.175635,0.212348,0.3519,0.419524,0.234779,0.290614,O=C1N=c2ccccc2=C1NNC(=O)c1cc(-c2cccs2)[nH]n1
decoy_4515,0.1899,0.219246,0.425901,0.448567,0.277678,0.282131,O=C1NC(C[NH2+]Cc2ccccc2)=C[C@@H](c2ccc3c(c2)OCO3)N1
decoy_4516,0.297038,0.308812,0.618319,0.606051,0.388017,0.39016,O=C(Nc1ccc2c(c1)oc1ccccc12)C(=O)NC1CC[NH2+]CC1
decoy_4517,0.147726,0.246891,0.359189,0.532556,0.218483,0.327437,O=C(NCc1ccccc1)C(=O)Nc1cccc(NC(=O)C2CC2)c1
decoy_4518,0.200051,0.228753,0.439723,0.464984,0.290027,0.292014,NC1=[NH+]c2ncccc2N[C@]12CCN(C(=O)COc1ccccc1)C2
decoy_4519,0.182641,0.24624,0.417708,0.524033,0.258774,0.327937,O=C(CCc1ccccc1)N[C@@H]1CO[C@@H](n2cnc3cncnc32)C1
decoy_452,0.49751,0.481951,0.842394,0.841173,0.523937,0.50962,c1ccc2c(c1)OCC1=C2C[NH2+]CC1
decoy_4520,0.149352,0.206262,0.333038,0.424165,0.217375,0.285592,O=c1[nH]c(C[NH2+]Cc2ccco2)nc2scc(-c3ccccc3)c12
decoy_4521,0.194822,0.293142,0.404232,0.590843,0.253901,0.349408,O=C(Nc1c2c(nn1-c1ccccc1)C[S@](=O)C2)c1ccccc1
decoy_4522,0.202489,0.265395,0.434572,0.581741,0.260764,0.327302,O=C(c1ccns1)N(Cc1ccco1)Cc1c[nH]c2ccccc12
decoy_4523,0.190809,0.265267,0.400354,0.517231,0.250423,0.325194,O=C1NC(CS[C@H]2N=c3cccnc3=N2)=C[C@@H](c2ccccc2)N1
decoy_4524,0.152293,0.251511,0.340736,0.511608,0.212203,0.330226,O=C(CSc1n[nH]c(-c2ccccc2)n1)N/N=C/c1ccccc1
decoy_4525,0.159495,0.227345,0.41457,0.610098,0.244241,0.307044,O=C(NCc1ccccc1)C1(c2ccc3c(c2)OCCO3)CCCC1
decoy_4526,0.137547,0.206805,0.353348,0.466671,0.209542,0.300757,O=C(C[N@H+]1CC[C@H](C(=O)Nc2ccccc2)CC1)Nc1ccccc1
decoy_4527,0.14233,0.167356,0.358563,0.382312,0.216846,0.271121,O=C(c1cccnc1Oc1ccccc1)N1CCC2(CC[NH2+]CC2)C1
decoy_4528,0.151283,0.191405,0.371795,0.417056,0.233569,0.291304,O=C(NCc1ccccc1C[NH+]1CCCC1)C(=O)Nc1ccccc1
decoy_4529,0.191706,0.259003,0.457763,0.553782,0.270005,0.349353,O=C(NCc1ccccc1)C(=O)Nc1ccccc1C[NH+]1CCCC1
decoy_453,0.223749,0.243617,0.37048,0.374084,0.276215,0.272403,c1ccc(C[NH2+]Cc2ccco2)cc1
decoy_4530,0.128745,0.180412,0.331059,0.414022,0.195192,0.25872,O=C(NCCC[N@H+]1CCc2ccccc2C1)C(=O)Nc1ccccc1
decoy_4531,0.121712,0.159609,0.317477,0.363013,0.19657,0.257846,O=C(NC[C@@H](c1ccccc1)[NH+]1CCCC1)C(=O)Nc1ccccc1
decoy_4532,0.1783,0.2281,0.4254,0.508043,0.25715,0.311,O=C(CCN1CCN(c2ccccc2)CC1)N/N=C/c1ccncc1
decoy_4533,0.159311,0.195979,0.380038,0.449359,0.228744,0.26866,S=c1cc(-c2ccco2)cc(-c2ccccc2)n1[C@@H]1CCCCO1
decoy_4534,0.137579,0.176773,0.346405,0.431994,0.216669,0.263011,O=C(CN1CCCC[C@H]1C(=O)N1CCOCC1)Nc1cccs1
decoy_4535,0.163004,0.233594,0.401296,0.535904,0.248561,0.30368,O=C(CN(C(=O)c1ccns1)C1CCCC1)NC[C@H]1CCCO1
decoy_4536,0.1552,0.233781,0.382898,0.536661,0.242548,0.317601,O=C(CN(C[C@H]1CCCO1)C(=O)c1ccns1)NC1CCCC1
decoy_4537,0.163543,0.238243,0.400149,0.537106,0.242272,0.325442,O=C(NCCN1CCOCC1)C(=O)Nc1cc2c(s1)CCCC2
decoy_4538,0.168335,0.209774,0.398884,0.457663,0.249642,0.30231,c1cc(Cc2nnc(-c3ccncc3)s2)cc([C@@H]2CCCCO2)c1
decoy_4539,0.169621,0.195011,0.415931,0.452961,0.243961,0.281792,c1ccc(CS[C@H]2N=N[C@@H](CCC3=c4ccccc4=NC3)O2)cc1
decoy_454,0.449961,0.491099,0.740991,0.847089,0.486472,0.538125,C1=C/C(=C2/C=C3CCCCC3=N2)NN1
decoy_4540,0.187101,0.267978,0.412977,0.539547,0.246479,0.320597,O=c1[nH]c2ccccc2cc1CNC(=S)NCCc1ccccc1
decoy_4541,0.172436,0.219844,0.397893,0.471839,0.24415,0.302101,O=C(Cc1ccc2c(c1)SCN2)NCCC1=c2ccccc2=NC1
decoy_4542,0.286958,0.286486,0.589487,0.560772,0.395904,0.376364,c1cnc2c(Sc3cc(NC4CC[NH2+]CC4)ncn3)cccc2c1
decoy_4543,0.173109,0.230782,0.386426,0.47217,0.251463,0.319782,C1=C(c2ccccc2)N=N[C@H]1[C@H]1NN[C@@H](SCc2ccccc2)N1
decoy_4544,0.115099,0.179524,0.324722,0.443019,0.197549,0.284043,O=C(NC1CCCCC1)N[C@H]1C[C@@H]([NH+]2CCCCC2)[C@H]2OC[C@@H]1O2
decoy_4545,0.124673,0.150779,0.341897,0.386654,0.206704,0.240001,O=C(CN1CCc2ccccc2C1)Nc1cccn1C1CCCCC1
decoy_4546,0.205138,0.23308,0.450238,0.484882,0.29494,0.326584,O=C(CSc1nccc(=O)[nH]1)N[C@@H]1CC2=C(CCCCC2)S1
decoy_4547,0.177211,0.223702,0.402145,0.464261,0.25746,0.302476,O=c1oc2cc(O[C@@H]3CCCCO3)cc3c(=O)oc4cccc1c4c23
decoy_4548,0.256043,0.355244,0.494558,0.614041,0.324508,0.431817,O=C(Nc1c[nH]c(=O)[nH]c1=O)c1cc2cc3ccccc3nc2s1
decoy_4549,0.146031,0.190636,0.350366,0.435425,0.224262,0.275878,O=C(COC(=O)/C=C/c1ccccc1)NCC(=O)Nc1ccccc1
decoy_455,0.279662,0.311533,0.494137,0.507398,0.32728,0.348804,c1cnc2c(c1)ncn2C1CCCC1
decoy_4550,0.164372,0.193977,0.391227,0.440896,0.248591,0.292197,O=C(NCC1(c2ccc3c(c2)OCO3)CC1)C(=O)Nc1ccccc1
decoy_4551,0.185655,0.244465,0.407246,0.50381,0.248043,0.326284,O=C(NN1C(=O)NC2(CCCCC2)C1=O)c1ccnc2ccccc12
decoy_4552,0.137883,0.19475,0.32503,0.416062,0.205024,0.276572,O=C(CNCc1ccccc1)NN1C(=O)N[C@H](c2ccccc2)C1=O
decoy_4553,0.180416,0.215236,0.398746,0.481218,0.248395,0.304599,c1ccc(-n2ncc3c(Nc4cccc5cccnc45)ncnc32)cc1
decoy_4554,0.209315,0.321965,0.447226,0.597016,0.285051,0.380019,O=C(CSc1n[nH]c(-c2ccncc2)n1)N/N=C/c1ccccc1
decoy_4555,0.134532,0.173376,0.346843,0.423585,0.20047,0.271462,O=c1c2c(ccn1CCN1CCOCC1)OC=C[C@H]2c1ccccc1
decoy_4556,0.15659,0.208608,0.400481,0.570736,0.228696,0.288936,O=C(/C=C/c1ccn(-c2ccccc2)c1)OCC(=O)N1CCCCC1
decoy_4557,0.182251,0.250999,0.429584,0.533633,0.269994,0.337656,O=C(C[NH+]1CCN(c2ccccc2)CC1)NC(=O)Nc1ccccc1
decoy_4558,0.146079,0.188404,0.360366,0.423805,0.221868,0.269657,O=C(CNCc1ccc(NC(=O)NC2CC2)cc1)Nc1ccccc1
decoy_4559,0.153007,0.16618,0.374079,0.379418,0.225021,0.242452,O=C(c1coc(CCc2ccccc2)n1)N1CCCN2CCC[NH+]=C21
decoy_456,0.338859,0.318965,0.659915,0.639002,0.393281,0.367778,c1cc2c(cn1)ncn2C1CCCC1
decoy_4560,0.353703,0.373915,0.714635,0.709717,0.449547,0.464974,O=C(NCCc1c[nH]c2ccccc12)c1coc(C2CC[NH2+]CC2)n1
decoy_4561,0.268512,0.270136,0.655642,0.60121,0.373504,0.37413,c1coc(-c2n[nH]cc2C[NH2+]Cc2cccnc2N2CC[NH2+]CC2)c1
decoy_4562,0.166826,0.226246,0.385356,0.510557,0.239601,0.29493,O=C1C[C@H](c2ccccc2)C=C(SCC(=O)Nc2ccccc2)N1
decoy_4563,0.146167,0.202432,0.353747,0.440289,0.198949,0.262007,O=C(CCCCC[C@H]1CCNC(=O)N1)NNC(=O)c1cccs1
decoy_4564,0.188008,0.253007,0.402809,0.514207,0.25017,0.337054,O=c1[nH]c(=S)n(C2CC2)cc1[C@H]1NCCc2c1[nH]c1ccccc21
decoy_4565,0.14523,0.21237,0.329472,0.442564,0.205802,0.315877,O=C(CS[C@@H]1NN[C@@H](c2ccccc2)N1)C1=c2ccccc2=NC1
decoy_4566,0.150217,0.255257,0.344073,0.525701,0.209418,0.334286,O=C(N[C@H]1CN[C@H](Nc2ccccc2)S1)[C@H]1C=c2ccccc2=N1
decoy_4567,0.162144,0.223809,0.411141,0.511008,0.240221,0.303545,O=C1[C@@H](C[NH2+]Cc2n[nH]c3c2CCC3)CCCN1Cc1ccccc1
decoy_4568,0.175163,0.241032,0.435087,0.541455,0.269392,0.330291,O=C(C[N@H+]1CCCN(c2ccccn2)CC1)NCCc1ccccc1
decoy_4569,0.12058,0.18178,0.326088,0.431833,0.193157,0.253635,O=C(N[C@H]1CCC[NH2+]C1)c1nn(-c2ccccc2)c2c1CCCCC2
decoy_457,0.351149,0.422768,0.634132,0.81712,0.418075,0.46344,c1ccc(NCCn2cc[nH+]c2)cc1
decoy_4570,0.287799,0.350392,0.598183,0.693701,0.392057,0.447273,c1ccc(N2CCN(c3cc(NC4CC[NH2+]CC4)ncn3)CC2)cc1
decoy_4571,0.236749,0.271941,0.517059,0.523727,0.300148,0.338237,O=C(CSc1nc[nH]n1)Nc1nc(C[NH+]2CCCCC2)cs1
decoy_4572,0.175215,0.223836,0.410063,0.499981,0.248048,0.306792,c1ccc(CNc2nc(C[NH+]3CCCCC3)nc3sccc23)cc1
decoy_4573,0.114087,0.137094,0.34403,0.374166,0.184736,0.224747,O=C(CC1CCCC1)NCCNC(=O)NCCC[NH+]1CCCCC1
decoy_4574,0.125221,0.186642,0.371208,0.475117,0.211155,0.280636,O=C(CCCNC(=O)NC1CCCCC1)NCC[NH+]1CCCCC1
decoy_4575,0.134498,0.148546,0.379547,0.38832,0.232602,0.24375,O=C(CCNC(=O)NCCC[NH+]1CCCCC1)NC1CCCCC1
decoy_4576,0.178511,0.187942,0.376123,0.376298,0.251039,0.256042,c1cc(CSc2nncs2)cc(CSc2nncs2)c1
decoy_4577,0.08849,0.109254,0.243203,0.270933,0.149389,0.184011,O=C(CCc1cccs1)NCC1([NH+]2CCSCC2)CCCC1
decoy_4578,0.155807,0.228597,0.363153,0.491051,0.221009,0.319111,O=C(CCCn1c(=O)oc2ccccc21)NNC(=O)c1ccccc1
decoy_4579,0.158727,0.249633,0.358673,0.51109,0.215926,0.326945,O=C(CN1C(=O)[C@@H]2[C@H](C1=O)[C@H]1C=C[C@@H]2C1)NNC(=O)c1ccccc1
decoy_458,0.286362,0.306568,0.481924,0.490397,0.328213,0.330345,c1ccc(C[NH2+]Cc2cc[nH]n2)cc1
decoy_4580,0.193302,0.223333,0.415863,0.453485,0.255981,0.266032,O=C(CNCc1cc2ccccc2o1)c1cn(C2CC2)c(=O)[n-]c1=O
decoy_4581,0.16825,0.21438,0.349903,0.409555,0.21876,0.252509,O=S(=O)([N-]c1ncccn1)c1cccc(/N=N/c2ccccc2)c1
decoy_4582,0.168269,0.260598,0.399608,0.555083,0.229476,0.324679,O=C1[C@@H]2[C@@H](CN[C@@]23C(=O)Nc2ccccc23)C(=O)N1C1CCCCC1
decoy_4583,0.208751,0.242834,0.470231,0.519849,0.283113,0.312826,O=C(CN[C@H]1CCc2ccccc2C1)c1cn(C2CC2)c(=O)[nH]c1=O
decoy_4584,0.202461,0.238968,0.476774,0.53833,0.289536,0.302708,O=C(CN(Cc1ccccc1)C1CC1)c1cn(C2CC2)c(=O)[nH]c1=O
decoy_4585,0.173639,0.22715,0.352183,0.425231,0.235042,0.289266,O=C(CNS(=O)(=O)c1cccs1)NNC(=O)c1ccccc1
decoy_4586,0.156388,0.252566,0.366482,0.511842,0.226201,0.345107,NC1=[NH+]c2ccccc2CN[C@]12CCN(C(=O)NCc1ccco1)C2
decoy_4587,0.275768,0.325687,0.611118,0.638561,0.372765,0.422113,NC1=NC(N)=[N+](c2cccc(OCCCOc3ccccc3)c2)CN1
decoy_4588,0.207942,0.208433,0.464252,0.444253,0.272642,0.280531,O=C(Cc1ccccc1)NNC(=O)Nc1ccc(N2CCCC2)nc1
decoy_4589,0.208625,0.207512,0.465994,0.444662,0.278003,0.283973,O=C(CNC(=O)Nc1ccc(N2CCCC2)nc1)Nc1ccccc1
decoy_459,0.361063,0.370492,0.585915,0.604581,0.408383,0.41269,c1ccc(C[NH2+]Cc2cn[nH]c2)cc1
decoy_4590,0.187985,0.259197,0.433982,0.527062,0.275773,0.346604,O=C(NCc1cccnc1N1CC[NH2+]CC1)C(=O)Nc1ccccc1
decoy_4591,0.336524,0.397134,0.681402,0.708662,0.432347,0.471667,O=C(NCc1ccnc(N2CC[NH2+]CC2)c1)C(=O)Nc1ccccc1
decoy_4592,0.123127,0.224064,0.311445,0.471877,0.193745,0.29655,O=C(NNC(=O)c1ccccc1)Nc1ccccc1N1CC[NH2+]CC1
decoy_4593,0.322095,0.361464,0.636248,0.705832,0.418992,0.431168,c1ccc(-c2nc(-c3ccc4c(n3)NCN4)c(-c3ccccc3)[nH]2)cc1
decoy_4594,0.312852,0.333809,0.622773,0.664142,0.382838,0.400409,c1ccc(-c2nc(-c3ccncc3)[nH]c2-c2ccc3c(c2)NCN3)cc1
decoy_4595,0.159009,0.236413,0.355064,0.4826,0.228817,0.304482,O=C(COc1ccc([C@@H]2C=CNC(=S)N2)cc1)Nc1ccccc1
decoy_4596,0.162882,0.228777,0.356207,0.467672,0.216034,0.314688,O=c1[nH]c(CS[C@@H]2NN[C@@H](c3ccccc3)N2)nc2ccccc12
decoy_4597,0.176831,0.217129,0.388628,0.449576,0.245523,0.284182,O=C(NCCCc1ccccc1)Nc1nnc(-c2ccccn2)s1
decoy_4598,0.131512,0.159047,0.351634,0.383752,0.213217,0.256214,O=C(NC[C@@H]1OCC[C@H]1[NH2+]CCc1ccccc1)Nc1ccccc1
decoy_4599,0.135615,0.232145,0.354807,0.531574,0.207635,0.308667,O=C(NCC[NH2+]Cc1ccc(N2CCOCC2)cc1)c1ccccc1
decoy_46,0.227896,0.237554,0.363095,0.476342,0.262217,0.303293,C1CCC2(C1)OCCO2
decoy_460,0.231036,0.251719,0.429905,0.445346,0.288374,0.299845,c1ccc(Sc2ccccn2)cc1
decoy_4600,0.143631,0.168612,0.323151,0.353538,0.210963,0.243209,O=S1(=O)CC[C@H](c2n[nH]c(SCCOc3ccccc3)n2)C1
decoy_4601,0.179397,0.258177,0.414574,0.551646,0.247533,0.345896,c1ccc2c(c1)=NCC=2CCNC1=[NH+]CCc2c1ccc1ccccc21
decoy_4602,0.157466,0.193078,0.381796,0.431268,0.234062,0.289264,c1ccc(CS[C@H]2NN[C@@H](CCc3c[nH]c4ccccc34)O2)cc1
decoy_4603,0.192918,0.284134,0.438177,0.580979,0.279235,0.358038,O=c1[nH]c(C[NH2+]C2CCCCC2)nc2scc(-c3ccccc3)c12
decoy_4604,0.162271,0.21935,0.410037,0.535458,0.24105,0.297842,O=C(CCc1cccs1)NCCCc1ccn(-c2ccccc2)n1
decoy_4605,0.268945,0.334296,0.570404,0.661934,0.368294,0.425516,O=C(NCCn1cc[nH+]c1)NC[C@]1(N2CCOCC2)CCSC1
decoy_4606,0.142675,0.203893,0.357529,0.523492,0.21834,0.288342,c1ccc(NCc2cccn2-c2nnc(N3CCCCC3)s2)cc1
decoy_4609,0.145471,0.193406,0.411425,0.496315,0.223691,0.274745,c1ccc(C[NH2+]Cc2cccc(OCCCN3CC[NH2+]CC3)c2)cc1
decoy_461,0.328844,0.310617,0.465164,0.492373,0.332855,0.338667,S=C1CC=CC(c2ccccc2)=N1
decoy_4611,0.153087,0.18697,0.397099,0.43906,0.248718,0.279493,c1ccc2nc(N3CCC([NH2+]CCN4CCCCC4)CC3)ncc2c1
decoy_4612,0.122065,0.18876,0.33575,0.45636,0.201194,0.27932,O=C(CCCC[C@@H]1SC[C@H]2NC(=O)N[C@@H]12)NCC1CCCCC1
decoy_4613,0.305079,0.361216,0.626783,0.704576,0.429805,0.470023,S=C(NC1CC[NH2+]CC1)N(Cc1ccccc1)Cc1ccccc1
decoy_4614,0.168014,0.198405,0.375815,0.420906,0.235953,0.273218,O=C(COC(=O)C[C@@H]1Oc2ccccc2NC1=O)Nc1ccccc1
decoy_4615,0.18826,0.24196,0.37248,0.442317,0.247736,0.306723,O=C(CSc1ncc(-c2ccccc2)cn1)c1c[nH]c(=O)[nH]c1=O
decoy_4616,0.160056,0.185218,0.404448,0.449052,0.24445,0.267227,O=C(OC[C@H]1CO[C@@H](COC(=O)c2ccccc2)C1)c1ccccc1
decoy_4617,0.158138,0.184019,0.38379,0.423343,0.219981,0.265404,O=C(c1ccccc1)N1CCC2(CC1)OCCN2C(=O)c1ccco1
decoy_4618,0.170858,0.177009,0.41669,0.41391,0.238862,0.251566,O=C(Nc1ccc2c(c1)OCCO2)c1ccccc1N1CCOCC1
decoy_4619,0.17777,0.206314,0.393473,0.447393,0.253218,0.272466,O=C1Nc2ccccc2[C@H]1c1ccc([C@@H]2C(=O)Nc3ccccc32)cc1
decoy_462,0.227191,0.281651,0.38924,0.44118,0.271863,0.331455,c1ccc2c(c1)CC[N@@H+]1CCCC[C@@H]21
decoy_4620,0.157161,0.194906,0.372955,0.427099,0.229157,0.267479,N/C(COc1ccccc1)=N\NC(=O)/C=C/NOCc1ccccc1
decoy_4621,0.138859,0.174545,0.335825,0.383793,0.211911,0.24715,O=C(Cc1ccccc1)NNC(=O)NCCNC(=O)c1ccccc1
decoy_4622,0.140437,0.175258,0.342094,0.393668,0.224661,0.257327,O=C(CNCC(=O)Nc1ccccc1)NCC(=O)Nc1ccccc1
decoy_4623,0.149846,0.17872,0.344725,0.394245,0.212224,0.268611,C1=C[C@@H](c2c[nH]nc2-c2ccccc2)c2c(-c3ccccc3)n[nH]c2O1
decoy_4624,0.178866,0.248139,0.401386,0.542521,0.247756,0.328883,O=c1c(/C=N/c2ccccc2)c(Nc2ccccc2)nc2ccccn12
decoy_4625,0.219462,0.289831,0.472334,0.560182,0.290616,0.371409,[H]/N=C1/C=CC2=N[C@@H](c3ccccc3[C@@H]3N=C4C=C/C(=N/[H])C=C4N3)NC2=C1
decoy_4626,0.146174,0.226325,0.330136,0.465679,0.213707,0.311579,[H]/N=C1/C=CC2=N[C@@H](c3ccc([C@@H]4N=C5C=C/C(=N/[H])C=C5N4)cc3)NC2=C1
decoy_4627,0.239583,0.338603,0.519985,0.627888,0.32371,0.430972,[H]/N=C1/C=CC2=N[C@@H](c3cccc([C@@H]4N=C5C=C/C(=N/[H])C=C5N4)c3)NC2=C1
decoy_4628,0.164542,0.231763,0.375749,0.512416,0.241517,0.313203,O=C(COC(=O)c1cc2cccnc2s1)NCCc1ccccc1
decoy_4629,0.171593,0.224528,0.367719,0.461517,0.242125,0.2965,O=S(=O)(/N=C1\C=C2NCCO[C@H]2c2ccccc21)c1ccccc1
decoy_463,0.423834,0.373628,0.726968,0.705099,0.475459,0.440333,c1nc(-c2ccc3c(c2)OCO3)c[nH]1
decoy_4630,0.145423,0.202419,0.33401,0.438634,0.213137,0.304867,O=C(CSC1N=c2ccccc2=N1)NCC(=O)Nc1ccccc1
decoy_4631,0.149458,0.174018,0.33986,0.400716,0.216263,0.251634,O=C(CSc1ncnc2c1ncn2[C@@H]1CCCO1)c1ccccc1
decoy_4632,0.144915,0.171137,0.330108,0.374833,0.208669,0.257131,O=C(CSc1n[nH]c(COc2ccccc2)n1)Nc1ccccc1
decoy_4633,0.146342,0.199156,0.333867,0.433055,0.207676,0.274419,O=C(NCCc1cnn(-c2ccccc2)c1)C(=O)Nc1cccs1
decoy_4634,0.174237,0.238378,0.382905,0.487046,0.239296,0.306265,O=S(=O)(c1ccccc1)N(Cc1ccccc1)Cc1ncncn1
decoy_4635,0.196341,0.25397,0.408012,0.500954,0.273569,0.319352,O=c1[nH]c(CS[C@H]2N[NH2+]NN2c2ccccc2)nc2ccccc12
decoy_4636,0.161404,0.234099,0.350329,0.479613,0.216243,0.324898,O=c1[nH]c(CS[C@@H]2NN[C@@H](c3ccncc3)N2)nc2ccccc12
decoy_4637,0.146475,0.166571,0.377751,0.387269,0.229377,0.250542,O=C(CCCCNc1cccc[nH+]1)NNC(=O)CCc1ccccc1
decoy_4638,0.146707,0.183803,0.375911,0.422566,0.228024,0.275431,O=C(C[N@H+]1CC[C@H](c2c[nH]c3ccccc32)CC1)NC(=O)NC1CC1
decoy_4639,0.15688,0.227761,0.393781,0.495646,0.232789,0.317201,O=C(NC[C@@H]1OCC[C@H]1[NH2+]CCc1ccccn1)Nc1ccccc1
decoy_464,0.289552,0.323335,0.468411,0.504843,0.319169,0.361695,O=C1CC=NC(=O)N1c1ccccc1
decoy_4640,0.115788,0.150126,0.309929,0.368371,0.187933,0.230159,O=C(NCCc1ccccc1)NCc1cccnc1N1CCOCC1
decoy_4641,0.142201,0.18669,0.361243,0.428688,0.22179,0.269471,O=C(NCCCCCNC(=O)Nc1ccccc1)Nc1ccccc1
decoy_4642,0.155172,0.187409,0.334595,0.38447,0.225343,0.261735,O=C(Nc1cccs1)[C@H]1CCCN(S(=O)(=O)c2cn[nH]c2)C1
decoy_4643,0.17205,0.199998,0.424166,0.462054,0.254364,0.280473,c1ccc(N2CCN(c3cc(NC[C@H]4CCCO4)ncn3)CC2)nc1
decoy_4645,0.289781,0.337733,0.659528,0.684629,0.38595,0.43276,O=C(NCCC1=CNNC1)C1CCN(C2N=c3ccccc3=N2)CC1
decoy_4646,0.150475,0.228843,0.376348,0.490341,0.231835,0.303486,O=C(NNc1cc(NCC[NH+]2CCCCC2)ncn1)c1ccccc1
decoy_4647,0.133649,0.170992,0.335607,0.42618,0.203527,0.257548,c1ccc(OCc2nc(-c3cccn3C[C@H]3CCCO3)cs2)cc1
decoy_4648,0.12645,0.166371,0.331363,0.386898,0.212329,0.249842,O=C(CSCC(=O)Nc1ccon1)NCCC[NH+]1CCCCC1
decoy_4649,0.16387,0.2064,0.376244,0.438468,0.223004,0.282572,O=C1NC(=S)N(C2CC2)C[C@H]1[C@H]1NCCC2=c3ccccc3=N[C@@H]21
decoy_465,0.285782,0.325879,0.404003,0.550001,0.322129,0.367789,O=C1NC(=O)/C(=C/c2ccccc2)N1
decoy_4650,0.175823,0.260108,0.395954,0.526153,0.252898,0.336269,O=C1NC[C@@H](c2ccccc2)C[C@@H]2[NH+]=C(CCc3cscn3)N[C@H]12
decoy_4651,0.28517,0.310865,0.599656,0.632173,0.36322,0.380275,O=C([N-]C(=S)Nc1ccc(N2CC[NH2+]CC2)cc1)c1ccccc1
decoy_4652,0.15267,0.218021,0.401724,0.533874,0.227221,0.296486,c1ccc(C[NH2+]Cc2cccc(OCCCN3CCOCC3)c2)cc1
decoy_4653,0.153253,0.187512,0.396421,0.446452,0.242828,0.285554,O=C(CN1CCC([NH+]2CCCCC2)CC1)Nc1c[nH]c2ccccc12
decoy_4654,0.2026,0.254824,0.490224,0.559906,0.311973,0.352649,O=C(CN1CCC([NH+]2CCCCC2)CC1)NC1=c2ccccc2=NC1
decoy_4655,0.136282,0.2087,0.321259,0.439438,0.201435,0.271442,O=C(CNC(=O)c1cccs1)NNC(=S)NC1CCCCC1
decoy_4656,0.160904,0.183356,0.411791,0.433012,0.236261,0.24636,c1csc([C@H](C[NH2+]Cc2c[nH]c3ccccc23)N2CC[NH2+]CC2)c1
decoy_4657,0.31103,0.399476,0.65761,0.741468,0.4288,0.505052,S=C(NC1CC[NH2+]CC1)N(Cc1ccccc1)Cc1cccnc1
decoy_4658,0.277656,0.290111,0.607318,0.596959,0.386756,0.381112,S=C(NC[C@@H](c1ccccc1)N1CC[NH2+]CC1)Nc1ccccc1
decoy_4659,0.156538,0.263646,0.360122,0.536421,0.219954,0.323776,O=C1[C@H]2CN[C@@]3(C(=O)Nc4ccccc43)[C@H]2C(=O)N1C[C@H]1CCCO1
decoy_466,0.318575,0.373299,0.587041,0.699636,0.368784,0.428108,O=C(/C=C/c1cn[nH]c1)c1ccco1
decoy_4660,0.37907,0.35589,0.733032,0.697991,0.516142,0.491656,O=C1O[C@@H](COc2ccon2)CN1c1ccc(C2=CC[NH2+]CC2)cc1
decoy_4661,0.145946,0.227163,0.350127,0.48866,0.210943,0.307317,O=C(CCC(=O)Nc1ccccc1)NNC(=O)COc1ccccc1
decoy_4662,0.163671,0.242492,0.374745,0.498276,0.236031,0.3282,O=C(CNCc1ccccc1)NC(=O)Nc1ccc2c(c1)OCCO2
decoy_4663,0.18432,0.213314,0.400517,0.460732,0.229565,0.282029,O=C1C[C@@H](c2ccccc2)Nc2c1[nH]c(=O)c1cc3ccccc3nc21
decoy_4664,0.140209,0.212774,0.333981,0.501474,0.206757,0.279146,O=C1N=C/C(=C/c2ccn(-c3ccccc3)c2)C(=O)N1c1ccccc1
decoy_4665,0.147905,0.190075,0.333433,0.415804,0.212256,0.271908,O=C(Nc1ccccc1)c1cc2ccncc2o/c1=[NH+]\c1ccccc1
decoy_4666,0.17106,0.251701,0.371514,0.507061,0.225271,0.336198,O=C(Nc1ccccn1)c1cc2ccccc2o/c1=[NH+]\c1ccccc1
decoy_4667,0.16355,0.222665,0.356672,0.456819,0.226229,0.299893,O=C1CSc2ccc(NC(=O)C(=O)NCc3ccccc3)cc2N1
decoy_4668,0.171914,0.255174,0.370625,0.504871,0.229876,0.318497,O=S(=O)(Nc1cccc(-c2nnnn2C2CC2)c1)c1ccccc1
decoy_4669,0.188705,0.257946,0.388811,0.485743,0.25261,0.321164,O=S(=O)(NNc1cc(Nc2ccccc2)ncn1)c1ccccc1
decoy_467,0.241203,0.259898,0.371791,0.489891,0.282539,0.318394,O=C(Nc1ccccc1)c1cocn1
decoy_4670,0.152612,0.157284,0.392628,0.379493,0.220645,0.22862,O=C(NCCCN1CCCC1=O)c1coc(CCc2ccccc2)n1
decoy_4671,0.161757,0.209483,0.407516,0.48627,0.235601,0.283654,O=C1NC(=O)N(CCc2ccccc2)C(=O)/C1=C\NC1CCCCC1
decoy_4672,0.109862,0.161912,0.290438,0.383593,0.177544,0.258695,O=C(C[NH+]1CCCCC1)Nc1ccccc1C(=O)NCc1ccco1
decoy_4673,0.144111,0.220143,0.364564,0.496747,0.215637,0.292277,O=C(NCCCOc1ccccc1)NCCNC(=O)c1ccccc1
decoy_4674,0.158232,0.25464,0.38644,0.546426,0.232658,0.336368,O=C(NC[C@@H](c1ccco1)[NH+]1CCCCC1)C(=O)Nc1ccccc1
decoy_4675,0.115052,0.174496,0.291735,0.414448,0.182107,0.260191,OC1=C2C(=CCC1)Nc1[nH]nc(-c3ccccc3)c1[C@H]2c1ccccc1
decoy_4676,0.132162,0.144386,0.34107,0.359067,0.207134,0.225955,OC1=C2C(=C[C@H](c3ccccc3)C1)Nc1[nH]ncc1[C@H]2c1ccccc1
decoy_4677,0.266321,0.329005,0.565554,0.63204,0.380224,0.441343,O=C(C[C@H]1C(=O)NCCN1Cc1ccccc1)NCCn1cc[nH+]c1
decoy_4678,0.188297,0.228482,0.456583,0.482434,0.282014,0.323645,O=C(CCCCNc1cccc[nH+]1)NNC(=O)NCc1ccccc1
decoy_4679,0.11768,0.164127,0.306399,0.375841,0.19197,0.266631,O=C(NCc1cc(C2CC2)[nH]n1)C1(Oc2cccnc2)CC[NH2+]CC1
decoy_468,0.238709,0.24479,0.349266,0.415418,0.276416,0.302795,O=C(Nc1ccccc1)c1nc[nH]n1
decoy_4680,0.158835,0.177918,0.389967,0.400201,0.256237,0.268756,O=C(NCC[NH+]1CCCCC1)Nc1cccc(-c2ccc(=O)[nH]n2)c1
decoy_4681,0.307563,0.33781,0.678831,0.668746,0.426192,0.445486,O=C(NC[C@@H](c1ccc[nH]1)N1CC[NH2+]CC1)C(=O)Nc1ccccc1
decoy_4682,0.142161,0.234936,0.356165,0.548774,0.208581,0.322035,c1ccc(CCN2C[C@@H](C3N=c4ccccc4=N3)c3nccnc32)cc1
decoy_4683,0.09893,0.199393,0.255924,0.440371,0.169128,0.272521,O=C(NC[C@H]1CCCO1)C1CCN(S(=O)(=O)c2cc[nH]c2)CC1
decoy_4684,0.360524,0.333897,0.685416,0.642589,0.429391,0.409721,O=C(Nc1cc2c(s1)C[NH2+]CC2)[C@H]1CC(=O)N(c2ccccc2)C1
decoy_4685,0.176108,0.235618,0.404745,0.510339,0.244647,0.317106,O=C(CCC(=O)Nc1cccs1)NCCC1=c2ccccc2=NC1
decoy_4686,0.145137,0.223476,0.335861,0.499478,0.207949,0.294804,O=C([N-]C(=S)Nc1ccccc1)c1ccccc1N1CCOCC1
decoy_4687,0.187065,0.203129,0.421574,0.426151,0.269744,0.260404,c1ccc([C@H]2[NH2+]CN(CCSc3c[nH]nn3)[C@@H]2c2ncc[nH]2)cc1
decoy_4688,0.161605,0.295668,0.418139,0.685432,0.243298,0.397506,c1ccc(-c2noc(N3CCCCC3)c2C[NH2+]C[C@H]2CCCO2)cc1
decoy_4689,0.127941,0.201302,0.337765,0.45757,0.192374,0.277513,O=C(CNCc1ccccc1)NC(=O)N[C@]12C[C@H]3C[C@H](C[C@H](C3)C1)C2
decoy_469,0.306084,0.352822,0.503801,0.6113,0.351656,0.411669,c1ncnc(CCc2ncncn2)n1
decoy_4690,0.123244,0.227768,0.322075,0.502979,0.190018,0.318387,O=C(C[N@@H+]1C[C@@H]2C[C@H]3C[C@@H](C2)C[C@H]1C3)NCC(=O)Nc1ccccc1
decoy_4691,0.139631,0.216598,0.369626,0.501252,0.214607,0.305554,O=C(NCCCc1ccco1)N[C@H]1CC[N@H+](Cc2ccccc2)CC1
decoy_4692,0.276032,0.267498,0.684846,0.616149,0.387204,0.370482,c1cc(C[NH2+]Cc2cnccn2)cc(OCCCN2CC[NH2+]CC2)c1
decoy_4693,0.116207,0.140215,0.318868,0.343657,0.183947,0.217493,O=C(NCCC[NH+]1CCCCC1)NCc1ccccc1-n1cccn1
decoy_4694,0.193562,0.212456,0.474328,0.494722,0.261309,0.301073,O=C(NCCC[NH+]1CCCCC1)NCc1ccc(-n2ccnc2)cc1
decoy_4695,0.15274,0.176649,0.389722,0.41312,0.24872,0.269037,O=C(NCCC[NH+]1CCCCC1)NCc1cnn(-c2ccccc2)c1
decoy_4698,0.181694,0.185595,0.439503,0.430721,0.264853,0.26641,Nc1nc2c(s1)C[C@@H]1CCCC[C@@H]1[C@@H]2CC(=O)Nc1ccccc1
decoy_4699,0.163147,0.202554,0.411906,0.476142,0.230738,0.283575,O=C(C[C@@H]1c2ncsc2C[C@@H]2CCCC[C@@H]21)NCc1cccnc1
decoy_47,0.295441,0.252489,0.569937,0.551222,0.364311,0.344542,c1ccc2ccccc2c1
decoy_470,0.365442,0.364396,0.574963,0.590488,0.43574,0.434677,C(=N/Nc1ncn[nH]1)\c1ccncc1
decoy_4700,0.131007,0.172886,0.334637,0.425446,0.216927,0.253433,O=C(CN1CC[C@H](Nc2ccccc2)C1)Nc1cc2c(s1)CCC2
decoy_4701,0.166586,0.196581,0.394096,0.425306,0.247006,0.27966,O=C(C[NH+]1CCN(c2ccccc2)CC1)Nc1cc2c(s1)CCC2
decoy_4702,0.175314,0.234203,0.419698,0.517884,0.25425,0.319694,O=C(NCc1ccccc1)Nc1ccccc1C[NH+]1CCSCC1
decoy_4703,0.154503,0.267807,0.374182,0.580321,0.219218,0.338526,S=C(Nc1ccccc1)N[C@@H]1C[C@H]2CC[C@@H](C1)[N@H+]2Cc1ccco1
decoy_4704,0.126484,0.191273,0.358617,0.466791,0.199092,0.278053,O=C(NCCCC[NH+]1CCCCC1)NNC(=S)NC1CCCC1
decoy_4705,0.16307,0.220276,0.348652,0.442674,0.228103,0.293717,O=C(CSc1ccccn1)NN1C(=O)N[C@H](c2ccccc2)C1=O
decoy_4706,0.232224,0.271494,0.4568,0.5165,0.2965,0.32685,O=C(CSc1nc2ccccc2[nH]1)c1cn(C2CC2)c(=O)[nH]c1=O
decoy_4707,0.170626,0.226682,0.369685,0.477392,0.230316,0.298196,O=C(c1cc(=O)c2ccccc2o1)N1CCN(c2nncs2)CC1
decoy_4708,0.1641,0.220118,0.348732,0.434668,0.234772,0.285413,O=S(=O)(NNc1cc(Oc2ccccc2)ncn1)c1ccccc1
decoy_4709,0.151571,0.200737,0.397046,0.484223,0.232821,0.283926,O=C(O[C@@H]1C=C[C@@H]2[C@@H](O[C@H]3CCCCO3)OC=C[C@H]21)c1ccccc1
decoy_471,0.234914,0.261426,0.439819,0.47471,0.296657,0.317086,c1ccc(Sc2ncccn2)cc1
decoy_4710,0.107913,0.132318,0.283007,0.314667,0.160777,0.202239,O=C(COc1cccc2ccc(=O)oc12)N1CCC2(CC[NH2+]CC2)C1
decoy_4711,0.180582,0.211459,0.436546,0.477182,0.253423,0.285794,O=C(NCCCOc1ccc2c(c1)OCO2)NCCc1ccccc1
decoy_4712,0.170408,0.203573,0.401774,0.447401,0.233373,0.276129,O=C(NN1C(=O)Cc2ccccc2[C@@H]1c1ccccc1)c1ccccc1
decoy_4713,0.153284,0.162615,0.354744,0.349922,0.229822,0.242695,O=C1[C@H]2[C@H](C[NH2+][C@H]2c2cccc3ccccc23)C(=O)N1c1ccccc1
decoy_4714,0.119059,0.128531,0.307289,0.306885,0.182371,0.208371,O=C1NC(=O)N(c2ccccc2)C(=O)/C1=C\NCC[NH+]1CCCCC1
decoy_4715,0.127182,0.162449,0.318492,0.37094,0.201075,0.269402,O=C(CN1CCCCC[C@H]1c1ccccc1)Nc1c[nH]c(=O)[nH]c1=O
decoy_4716,0.306726,0.339188,0.656806,0.655171,0.407434,0.439463,O=C(CN1CC[NH2+]CC1)Nc1ccccc1C(=O)NCc1ccco1
decoy_4717,0.138867,0.203929,0.34613,0.439154,0.207615,0.307045,O=C(CN1CCC[N@H+](Cc2ccccc2)CC1)c1c[nH]c(=O)[nH]c1=O
decoy_4718,0.268671,0.328918,0.598373,0.658311,0.354646,0.417115,O=C(CNC1(c2ccccc2)CCCCC1)Nc1c[nH]c(=O)[nH]c1=O
decoy_4719,0.268498,0.292649,0.58818,0.590481,0.362211,0.394907,O=C(CNCc1ccccc1)N(c1c[nH]c(=O)[nH]c1=O)C1CCCC1
decoy_472,0.239795,0.25365,0.492173,0.485068,0.289011,0.28674,c1ccc2c(c1)CCC1(CCCC1)O2
decoy_4720,0.139261,0.166359,0.357178,0.387945,0.221422,0.237357,O=C(COc1ccccc1)NNC(=O)NCC[NH2+]Cc1ccccc1
decoy_4721,0.125561,0.221639,0.327819,0.487319,0.198422,0.310643,O=C(NCc1cnoc1)C(=O)Nc1ccc(CC[NH+]2CCCC2)cc1
decoy_4722,0.207658,0.222252,0.482565,0.476693,0.306409,0.31231,O=C(NC[C@@H](c1ccco1)[NH+]1CCCC1)NNC(=O)c1ccccc1
decoy_4723,0.120491,0.153032,0.308807,0.364397,0.195835,0.252477,O=C(NC[C@@H](c1ccc[nH]1)N1CCOCC1)C(=O)Nc1ccccc1
decoy_4724,0.149282,0.213824,0.367406,0.472268,0.214676,0.276434,O=C(NCCNC(=O)[C@@H]1C=c2ccccc2=N1)C(=O)N1CCCCC1
decoy_4725,0.188194,0.25494,0.412951,0.526873,0.258065,0.331864,O=c1ncn(-c2ccccc2)cc1[C@H]1NCCc2c1[nH]c1ccccc21
decoy_4726,0.183265,0.263943,0.40486,0.524537,0.251869,0.353507,O=c1c([C@H]2[NH2+]CCc3c2[nH]c2ccccc32)cncn1-c1ccccc1
decoy_4727,0.181145,0.204316,0.413661,0.442903,0.256097,0.281322,O=C(CCC1=c2ccccc2=NC1)N/N=C/c1cnc2ccccc2c1
decoy_4728,0.175288,0.201643,0.41106,0.477237,0.254277,0.278935,c1ccc2nc(N3CCN(c4ncc5ccccc5n4)CC3)ncc2c1
decoy_4729,0.188226,0.270099,0.411469,0.758424,0.254753,0.339263,c1coc(-c2cc3c4c(c(N5CCOCC5)[nH+]c3s2)COCC4)c1
decoy_473,0.270946,0.29729,0.440364,0.507197,0.3024,0.360469,O=S1(=O)CCC[C@H]2CCCC[C@@H]21
decoy_4730,0.155856,0.186174,0.357961,0.387933,0.229855,0.259958,O=C(CSC1=[NH+]N[C@@H]([C@H]2N=NC3=C2CCC3)N1)Nc1ccccc1
decoy_4731,0.176673,0.263139,0.433203,0.56094,0.252814,0.337488,O=C(NC1CCCCCC1)[C@H]1N[C@@H](CC2=c3ccccc3=NC2)NO1
decoy_4732,0.156346,0.208647,0.351238,0.428727,0.220804,0.269073,O=C(CN[C@H]1CCS(=O)(=O)C1)NNC(=S)Nc1ccccc1
decoy_4733,0.177909,0.199409,0.419096,0.431044,0.262693,0.267521,c1ccc(-n2ncc3c2CCC[C@@H]3[NH2+]Cc2c[nH]c3ccccc23)cc1
decoy_4734,0.166612,0.228631,0.35856,0.481777,0.226963,0.301458,O=C(CSC1N=c2ccccc2=N1)N[C@H]1Nc2ccccc2S1
decoy_4735,0.129178,0.204907,0.325672,0.464437,0.195688,0.299273,O=C(NCCc1ccccc1)[C@H]1C[S@](=O)C[C@@H](c2ccccc2)N1
decoy_4736,0.131674,0.141465,0.397822,0.391903,0.21407,0.231364,c1ccc(OCCC[NH2+]CCC[NH2+]CCCOc2ccccc2)cc1
decoy_4737,0.190027,0.223868,0.512228,0.542125,0.268278,0.303595,c1cc(CNCc2[nH]cc[nH+]2)cc(OCCC[NH2+]C2CCCCC2)c1
decoy_4738,0.169115,0.218806,0.455218,0.539123,0.244801,0.301292,c1cc(CNCc2[nH]cc[nH+]2)cc(OCCC[NH+]2CCCCCC2)c1
decoy_4739,0.144371,0.196172,0.424865,0.514537,0.230549,0.297748,C1=C(CC[NH2+]Cc2ccccc2OCCC[NH+]2CCCCC2)CN=N1
decoy_474,0.342035,0.381229,0.547635,0.733847,0.406401,0.454897,O=c1ccc2cc3c(cc2[nH]1)OCO3
decoy_4740,0.096234,0.117334,0.303326,0.340062,0.178761,0.19923,C1=C(CC[NH2+]Cc2cccc(OCCC[NH+]3CCCCC3)c2)CN=N1
decoy_4742,0.162915,0.172554,0.447551,0.455754,0.247138,0.244404,C1=C(CC[NH2+]Cc2ccc(OCCC[NH+]3CCCCC3)cc2)CN=N1
decoy_4743,0.178221,0.183477,0.483254,0.476737,0.27081,0.258836,c1c[nH]c(CC[NH2+]Cc2ccc(OCCC[NH+]3CCCCC3)cc2)n1
decoy_4744,0.142825,0.15063,0.414872,0.402768,0.221198,0.20994,c1cnn(CC[NH2+]Cc2ccc(OCCC[NH+]3CCCCC3)cc2)c1
decoy_4745,0.163691,0.221424,0.430779,0.528532,0.260292,0.308833,O=C(C[NH+]1CCN(c2ccccn2)CC1)N[C@H]1C[C@@H]2CCC[C@@H](C2)C1
decoy_4746,0.34182,0.312215,0.660102,0.619272,0.420149,0.400174,c1ccc(CSc2nc(N3CC[NH2+]CC3)c3ccsc3n2)cc1
decoy_4747,0.158134,0.190137,0.347044,0.418618,0.223233,0.285081,O=c1c2oc3ccccc3c2ncn1Cc1coc(-c2ccccc2)n1
decoy_4748,0.177516,0.237473,0.422789,0.602464,0.248898,0.313695,O=C(C1=CC(=O)N(Cc2ccco2)[C@@H]1c1ccccc1)c1ccccc1
decoy_4749,0.16959,0.207445,0.393947,0.445614,0.239718,0.286192,O=C1N=CN(CCc2ccccc2)C(=O)/C1=C\[C@H]1C=c2ccccc2=N1
decoy_475,0.25449,0.268524,0.39371,0.502816,0.29968,0.334115,O=C(Nc1ccccc1)c1cnon1
decoy_4750,0.158889,0.251077,0.363939,0.508354,0.2349,0.350114,[H]/N=C(\N=C(\Nc1ccccc1)Nc1ncccn1)/[NH+]=C/c1ccccc1
decoy_4751,0.18333,0.254169,0.408346,0.522195,0.245024,0.312788,O=S(=O)(Oc1ccccc1C[NH2+]Cc1ccco1)c1ccccc1
decoy_4752,0.139664,0.201116,0.332886,0.453174,0.204491,0.272767,O=C1CCN(C(=O)CS/C=N/Cc2ccco2)c2ccccc2N1
decoy_4753,0.16748,0.210717,0.3726,0.438277,0.228528,0.269085,O=C(CNC1=NS(=O)(=O)c2ccccc21)NCCc1ccccc1
decoy_4754,0.182121,0.234971,0.391195,0.469102,0.272382,0.29486,O=C(NCCS(=O)(=O)c1c[nH]c2ccccc12)Nc1ccccc1
decoy_4755,0.253178,0.31429,0.520265,0.575133,0.33299,0.39566,O=C(NCCCn1cc[nH+]c1)NNC(=O)c1cc2ccccc2s1
decoy_4756,0.167876,0.260861,0.417586,0.56426,0.254445,0.352238,O=C1CC[C@@H](C(=O)N[C@H](C(=O)NC2CCCCC2)c2ccccc2)N1
decoy_4757,0.149612,0.172105,0.367281,0.395788,0.227553,0.268881,O=C(CNC[C@H](c1ccccc1)c1c[nH]c2ccccc12)c1ccc[nH]1
decoy_4758,0.167456,0.217698,0.340766,0.425725,0.220791,0.268515,C=C(/C=N/[N-]c1nc2ccccc2s1)S(=O)(=O)c1ccccc1
decoy_4759,0.202721,0.210105,0.38631,0.374885,0.249774,0.264314,O=C1[N-]C(=S)S/C1=C/c1ccc(=O)[nH]c1NCc1ccccc1
decoy_476,0.302045,0.341723,0.561216,0.62749,0.346398,0.401896,O=C1CC[C@@H](c2ccccc2)C(=O)N1
decoy_4760,0.186513,0.231189,0.389757,0.485934,0.261627,0.307981,O=C(CSc1nncs1)Nc1ccccc1Oc1ccccc1
decoy_4761,0.175375,0.205679,0.454293,0.473254,0.261843,0.278039,O=C(NCC1CCCCC1)c1ccc(C[NH2+]Cc2cn[nH]c2)[nH]c1=O
decoy_4762,0.158588,0.224675,0.404037,0.532592,0.231125,0.311977,C1=C(c2ccccc2)CCN(Cc2ncnc(Nc3ccccc3)n2)C1
decoy_4763,0.260499,0.370411,0.538841,0.668468,0.370305,0.455371,C1=C([C@@H]2NCCc3[nH+]c[nH]c32)[C@@H](c2ccccc2)NN1c1ccccc1
decoy_4764,0.152661,0.227228,0.369441,0.484768,0.228813,0.315231,c1ccc(-c2nn(-c3ccccc3)cc2C[NH2+]CCc2cn[nH]c2)cc1
decoy_4765,0.178226,0.19363,0.381652,0.377387,0.238639,0.250881,[NH2+]=C(Nc1ccccc1)Nc1nccc(CSc2nncs2)n1
decoy_4766,0.145127,0.232338,0.360339,0.495568,0.216533,0.331087,O=C(C[NH2+]CCC(=O)Nc1cc2c(s1)CCC2)Nc1ccccc1
decoy_4767,0.122636,0.189028,0.306325,0.418934,0.182611,0.270865,O=C(C[NH+]1CCCCC1)Nc1ccc(C(=O)Nc2ccccc2)s1
decoy_4768,0.132418,0.146353,0.328428,0.334436,0.186113,0.211113,O=C(C[NH+]1CCCCC1)Nc1ccc(NC(=O)c2cccs2)cc1
decoy_4769,0.133302,0.236895,0.332272,0.509027,0.203055,0.332173,O=C(C[N@H+]1CC[C@H](C(=O)Nc2ccccc2)CC1)Nc1cccs1
decoy_477,0.288512,0.300466,0.53651,0.576951,0.329088,0.351611,C1=Nc2cncnc2[C@H]1[C@@H]1CCCO1
decoy_4770,0.182422,0.208799,0.432486,0.473769,0.256906,0.287612,O=C(CN(Cc1ccccc1)C(=O)c1ccns1)NC1CCCC1
decoy_4771,0.142857,0.166185,0.345884,0.37371,0.218344,0.244814,O=C(CNCC(=O)Nc1cc2c(s1)CCCC2)Nc1ccccc1
decoy_4772,0.147351,0.216845,0.363394,0.501652,0.213575,0.280285,O=C(CN(C(=O)c1ccns1)c1ccccc1)NC1CCCCC1
decoy_4773,0.206337,0.318691,0.480657,0.673896,0.284813,0.39144,O=C(N[C@@H](C(=O)NC1CCCCC1)c1ccccc1)c1ccns1
decoy_4774,0.162667,0.228224,0.387662,0.487892,0.254321,0.311554,O=C(NCc1ccccc1C[NH+]1CCCC1)C(=O)Nc1cccs1
decoy_4775,0.185971,0.243515,0.424179,0.50778,0.275761,0.331781,O=C(C[NH+]1CCN(c2ncccn2)CC1)Nc1cc2c(s1)CCC2
decoy_4776,0.116831,0.173512,0.33687,0.524614,0.178718,0.26674,O=C(C[C@H]1CCC[C@H]2[C@@H]1CC[C@H]1OCOC[C@@H]21)NCc1ccccc1
decoy_4777,0.144162,0.194021,0.39338,0.480154,0.224996,0.277143,O=C(C[C@H]1C(=O)NCCN1Cc1ccccc1)NCC1CCCCC1
decoy_4778,0.143838,0.252596,0.392897,0.579783,0.230324,0.351533,O=C(C[N@H+]1CC[C@H](C(=O)Nc2ccccc2)CC1)NC1CCCCC1
decoy_4779,0.161671,0.174782,0.424159,0.423498,0.251998,0.267639,O=C(C[N@H+]1CC[C@@H](C(=O)NC2CCCCC2)CC1)Nc1ccccc1
decoy_478,0.318908,0.293178,0.642236,0.643758,0.382926,0.379011,c1ncc2ccn([C@@H]3CCCO3)c2n1
decoy_4780,0.11999,0.204849,0.334717,0.484973,0.191243,0.282119,O=C(NC1CCCCC1)c1ccc(C[N@H+]2C[C@H]3CCC[C@@H]2C3)[nH]c1=O
decoy_4782,0.159154,0.169541,0.452812,0.438889,0.247247,0.246205,C1=C(CC[NH2+]Cc2cccc(OCCCN3CC[NH2+]CC3)c2)CN=N1
decoy_4783,0.194814,0.203779,0.513257,0.495781,0.275801,0.277579,c1n[nH]cc1CC[NH2+]Cc1ccc(OCCCN2CC[NH2+]CC2)cc1
decoy_4784,0.140487,0.151571,0.402264,0.395879,0.230143,0.2377,c1cnn(CC[NH2+]Cc2ccc(OCCCN3CC[NH2+]CC3)cc2)c1
decoy_4786,0.332119,0.364028,0.644276,0.675046,0.378772,0.414038,O=C(/C=C/c1ccccc1)[N-]C(=S)Nc1cc2c(s1)C[NH2+]CC2
decoy_4787,0.133946,0.14623,0.339289,0.347316,0.211468,0.213428,O=C([C@H]1CCC[C@H]2[NH+]=C(Nc3ccccc3)S[C@H]12)N1CCCCC1
decoy_4788,0.166494,0.227404,0.40587,0.51178,0.25252,0.309367,O=C(NC1CCCC1)[C@H]1CCC[C@H]2[NH+]=C(Nc3ccccc3)S[C@H]12
decoy_4789,0.150528,0.256948,0.376036,0.581504,0.225222,0.337358,O=C(NC1CCCC1)[C@H]1CCC[C@@H]2NC(=S)N(c3ccccc3)[C@@H]21
decoy_479,0.315741,0.33248,0.518778,0.515261,0.339273,0.364831,c1cnc2c(c1)ncn2[C@@H]1CCCO1
decoy_4790,0.263728,0.303141,0.584084,0.640611,0.387903,0.40421,S=C(NC1CC[NH2+]CC1)N(Cc1ccccc1)C[C@@H]1CC=CCC1
decoy_4791,0.150014,0.164916,0.361191,0.383357,0.225568,0.2373,C=C1CCO[C@]2(CCCOC(=O)c3ccccc3)NC(=O)[C@H]1NC2=O
decoy_4792,0.176348,0.254256,0.386378,0.537399,0.236272,0.332114,O=C(NCc1ccco1)c1cc2ccccc2o/c1=[NH+]\c1ccccc1
decoy_4793,0.13661,0.192281,0.324046,0.413686,0.198619,0.256646,O=C(Oc1ccc(C(c2cn[nH]c2)c2cn[nH]c2)cc1)c1ccccc1
decoy_4794,0.210447,0.271451,0.444038,0.537448,0.264865,0.335901,O=C(Cc1cc(Nc2ncnc3ccccc23)n[nH]1)Nc1ccccc1
decoy_4795,0.16851,0.255143,0.377306,0.548921,0.236904,0.315719,O=C1NC(COC(=O)COc2ccccc2)=C[C@@H](c2cccs2)N1
decoy_4796,0.134643,0.178345,0.315495,0.397759,0.20708,0.25399,O=C(/C=C/c1ccccc1)NCC(=O)OCC(=O)Nc1cccs1
decoy_4797,0.170032,0.304166,0.371171,0.571243,0.262406,0.387281,O=C(Cc1csc(NC(=O)[C@@H]2CCC(=O)N2)n1)Nc1ccccc1
decoy_4798,0.157717,0.197836,0.346086,0.399619,0.226488,0.263188,O=C(CN[C@H](c1ccccc1)c1cccs1)NN1C(=O)CNC1=O
decoy_4799,0.137979,0.197968,0.313004,0.408588,0.207207,0.272989,O=C(CNCc1cccs1)NN1C(=O)N[C@H](c2ccccc2)C1=O
decoy_48,0.2513,0.231551,0.480347,0.4856,0.28509,0.284953,O=c1[n-]c(=O)[nH]c(=O)[nH]1
decoy_480,0.363131,0.376919,0.673997,0.680762,0.423513,0.429182,c1cc2c(cn1)ncn2[C@@H]1CCCO1
decoy_4800,0.1645,0.226398,0.365271,0.47534,0.23936,0.336534,O=S(=O)(C[C@H]1CC[C@@H](n2cnc3cncnc32)O1)c1ccccc1
decoy_4801,0.183394,0.241875,0.418879,0.504411,0.25124,0.317258,O=C1[C@@H]([C@H]2[NH2+]CCc3c2[nH]c2ccccc32)C=NCN1c1ccccc1
decoy_4802,0.195049,0.280372,0.449456,0.611981,0.270818,0.357272,O=C1[C@@H]([C@H]2NCCC3=c4ccccc4=N[C@@H]32)C=NCN1c1ccccc1
decoy_4803,0.186739,0.23274,0.358473,0.405077,0.252545,0.321883,O=c1[nH]c(=S)[nH]cc1C(c1ccccc1)c1c[nH]c(=S)[nH]c1=O
decoy_4804,0.307482,0.335942,0.688879,0.670093,0.421119,0.433188,C1=C([C@H]2NCCc3[nH]c[nH+]c32)[C@@H](c2cc[nH+]cc2)NN1c1ccccc1
decoy_4805,0.163043,0.221255,0.383237,0.49092,0.225712,0.288555,O=C(NCc1ccccc1)c1cccc(S(=O)(=O)N2CCCC2)c1
decoy_4806,0.145269,0.21083,0.345984,0.462251,0.224498,0.291822,O=C1CN(c2ccc(NC(=O)NCCc3cccs3)cc2)CCN1
decoy_4807,0.163853,0.230522,0.383395,0.502376,0.234102,0.314448,O=C(CN1CCN(C(=O)Nc2cccs2)CC1)Nc1ccccc1
decoy_4808,0.184464,0.251467,0.42059,0.512625,0.257201,0.34747,O=C(NCC[N@H+]1CCc2ccccc2C1)NNC(=O)c1cccs1
decoy_4809,0.229306,0.220494,0.545861,0.511184,0.339908,0.300066,c1ccc(OCCCN2CCOCC2)c(C[NH2+]CCc2c[nH]cn2)c1
decoy_481,0.372577,0.449746,0.621598,0.662688,0.421253,0.488216,NC1=NC(N)=[N+](c2ccccc2)CN1
decoy_4810,0.227959,0.227784,0.52534,0.528709,0.314875,0.299845,c1n[nH]cc1CC[NH2+]Cc1ccc(OCCCN2CCOCC2)cc1
decoy_4811,0.099107,0.128158,0.274461,0.311577,0.173255,0.196528,NC1=C2CC[C@@](C(=O)NCCCNC(=O)[C@]34CCC(=C(N)C3)C4)(C1)C2
decoy_4812,0.153491,0.197726,0.407255,0.461592,0.244205,0.298,O=C1CCCc2cc(NC(=O)NCCC[NH+]3CCCCC3)ccc2N1
decoy_4813,0.121834,0.16549,0.338606,0.405639,0.194547,0.255732,O=C(NCCC[NH+]1CCCCC1)Nc1cccc(C(=O)NC2CC2)c1
decoy_4814,0.149437,0.201195,0.398158,0.462821,0.239479,0.296884,O=C(NCCC[NH+]1CCCCC1)Nc1cccc(NC(=O)C2CC2)c1
decoy_4815,0.103127,0.188001,0.295136,0.439929,0.168889,0.259937,O=C(NCCC[NH+]1CCCCC1)Nc1ccc(NC(=O)C2CC2)cc1
decoy_4816,0.1312,0.215654,0.355208,0.48382,0.201254,0.305132,O=C(NNC(=O)c1ccccc1)N[C@H]1CC[N@H+](C2CCCCC2)CC1
decoy_4817,0.177222,0.203577,0.389173,0.409063,0.259948,0.263369,O=S(=O)(c1ccc(C[NH2+]Cc2ccccn2)cc1)c1ccsc1
decoy_4818,0.11673,0.180628,0.331189,0.451088,0.183488,0.262306,C(\Nc1ccc(CC[NH2+]CCc2cccnc2)cc1)=[NH+]/c1ccccc1
decoy_4819,0.13703,0.213073,0.306483,0.443106,0.193069,0.311678,O=C(CS[C@H]1NN[C@@H](c2cccs2)N1)C1=c2ccccc2=NC1
decoy_482,0.264601,0.325756,0.4178,0.5914,0.296954,0.346607,c1ccc(Sc2ncccn2)nc1
decoy_4820,0.198574,0.270208,0.410958,0.512332,0.267903,0.331183,c1ncnc(CSc2nc(C[NH+]3CCCC3)nc3sccc23)n1
decoy_4821,0.133247,0.24197,0.339469,0.527906,0.180541,0.32437,S=C(N/N=C/c1cncc(N2C[C@H]3CCC[C@@H]2C3)n1)N1CCCC1
decoy_4822,0.147674,0.183364,0.412597,0.454391,0.237256,0.274157,O=C(NCCC[NH+]1CCCCC1)NC[C@H]1CCN(c2ccccc2)C1
decoy_4823,0.190861,0.224004,0.433349,0.500589,0.250062,0.284304,[H]/N=C1C(=C/c2ccc(OCc3ccccc3)cc2)/C(=O)N=C2C=CON2/1
decoy_4824,0.141197,0.204578,0.338717,0.450245,0.207928,0.278925,O=C(Cn1cc(-c2nc(-c3ccccc3)no2)cn1)Nc1ccccc1
decoy_4825,0.254671,0.270269,0.507632,0.502276,0.334134,0.34123,O=c1[nH]c2ccc(S(=O)(=O)NCCc3ccccc3)cc2[nH]c1=O
decoy_4826,0.253769,0.268203,0.508929,0.502898,0.316967,0.336275,O=c1[nH]c(=O)c2cc(S(=O)(=O)NCCc3ccccc3)ccc2[nH]1
decoy_4827,0.301571,0.342079,0.598116,0.6411,0.388917,0.419091,O=C(CN(Cc1ccco1)Cc1cccs1)c1c[nH]c(=O)[nH]c1=O
decoy_4828,0.154331,0.177828,0.343827,0.371004,0.2123,0.258786,O=C(COC(=O)CSc1ccccn1)NC(=O)Nc1ccccc1
decoy_4829,0.173843,0.250992,0.40577,0.559834,0.24206,0.349994,c1ccc(Oc2c(C[NH2+]Cc3ccco3)cnn2-c2ccccc2)cc1
decoy_483,0.211182,0.215369,0.376873,0.382316,0.261179,0.274157,C(=[NH+]/[C@H]1CCCOC1)\c1ccccc1
decoy_4830,0.183133,0.240768,0.418227,0.511376,0.240644,0.313979,c1ccc(Oc2[nH]nc(-c3ccccc3)c2C[NH2+]Cc2ccco2)cc1
decoy_4831,0.181107,0.206979,0.404784,0.427139,0.242904,0.269547,O=C(Nc1ccccn1)C1=CNC2=CCCC([O-])=C2[C@H]1c1ccccc1
decoy_4832,0.167072,0.213935,0.402821,0.521306,0.239259,0.275928,O=C1/C(=C\c2c[nH]c3nccc(N4CCCCC4)c23)Oc2ccccc21
decoy_4833,0.170685,0.224478,0.392348,0.467165,0.241932,0.292156,O=C1NC(=O)[C@H]2[C@@H]1[C@H](Cc1c[nH]c3ccccc13)[NH2+][C@@H]2c1ccccc1
decoy_4834,0.173603,0.200429,0.399614,0.422336,0.236919,0.253167,O=c1[nH]c2ccccc2cc1-c1nc2ccc(N3CC[NH2+]CC3)cc2[nH]1
decoy_4835,0.16234,0.231689,0.382379,0.49657,0.228095,0.326513,O=C(N/N=C/C1=c2ccccc2=NC1)[C@@H]1C=CN(Cc2ccccc2)N1
decoy_4836,0.18831,0.224654,0.367779,0.423132,0.234568,0.3015,O=c1[nH]c(C[NH2+]Cc2nc3sccc3c(=O)[nH]2)nc2sccc12
decoy_4837,0.258292,0.319945,0.529652,0.604769,0.38653,0.438647,c1cnc2c(Nc3cc(NCCCn4cc[nH+]c4)ncn3)cccc2c1
decoy_4838,0.249141,0.317636,0.520155,0.589733,0.345499,0.409104,c1cc(Nc2cc(NCCCn3cc[nH+]c3)ncn2)c2cccnc2c1
decoy_4839,0.250926,0.304498,0.515606,0.586016,0.369028,0.42708,c1cnc2c(Nc3ccnc(NCCCn4cc[nH+]c4)n3)cccc2c1
decoy_484,0.251745,0.278261,0.473874,0.482225,0.298375,0.329105,O=C1CCCCN1Cc1ccccc1
decoy_4840,0.139457,0.16724,0.338226,0.394527,0.197301,0.246526,O=C(COC(=O)COc1ccccc1)Nc1cc2c(s1)CCCC2
decoy_4841,0.175941,0.244491,0.404451,0.533719,0.24567,0.311088,O=C(CN(C(=O)c1ccns1)c1ccccc1)NC[C@H]1CCCO1
decoy_4842,0.141922,0.225763,0.346279,0.503651,0.210964,0.304256,O=C(N[C@@H](C(=O)NC[C@H]1CCCO1)c1ccccc1)c1ccns1
decoy_4843,0.122138,0.187119,0.296258,0.418056,0.183114,0.275835,O=C(CNC(=O)N1CCN(c2ccccc2)CC1)Nc1nccs1
decoy_4844,0.18999,0.222285,0.380047,0.416587,0.244411,0.285675,O=C(CSc1nc(=O)ccn1-c1ccccc1)Nc1nccs1
decoy_4845,0.122885,0.195012,0.33474,0.472921,0.186084,0.271256,O=C(C[C@]12C[C@H]3C[C@H](C[C@H](C3)C1)C2)NNC(=O)NCCc1ccco1
decoy_4846,0.165912,0.189411,0.405943,0.417769,0.254946,0.274933,O=c1ccnc(-c2ccccc2C[N@@H+]2CCC[C@H](c3ccccc3)C2)[nH]1
decoy_4847,0.137612,0.15511,0.353704,0.364794,0.221037,0.250127,O=C(C[NH2+]CCc1ccccc1)Nc1c2c(nc3ccccc13)CCC2
decoy_4848,0.170619,0.222581,0.372748,0.469799,0.237104,0.297271,O=C(CSc1nccc(=O)[nH]1)N[C@@H]1CC=C(c2ccccc2)S1
decoy_4849,0.180608,0.225248,0.389599,0.474976,0.237426,0.284911,O=C(CSCc1ccco1)NCc1cccc(-c2cscn2)n1
decoy_485,0.22854,0.307504,0.434031,0.634706,0.271793,0.348491,O=C(CC1CC1)NCc1ccccc1
decoy_4850,0.18386,0.244639,0.435926,0.539809,0.258063,0.316741,c1ccc(C(c2ccccc2)N2CC[NH+](Cc3ncncn3)CC2)cc1
decoy_4851,0.163994,0.238282,0.405617,0.515753,0.225717,0.325748,C1=C(CC[NH2+]CC2=CN(c3ccccc3)N[C@@H]2c2ccccc2)CN=N1
decoy_4852,0.132216,0.196344,0.342396,0.447801,0.213863,0.282661,O=C(NC[C@@H]1OCC[C@H]1[NH2+]CCc1ccccc1)Nc1ccsc1
decoy_4853,0.152664,0.180028,0.419374,0.444207,0.221543,0.25453,O=C(NCCC[NH+]1CCCCC1)NCCOc1ccc2c(c1)CCC2
decoy_4854,0.122858,0.141533,0.354971,0.377148,0.185896,0.211944,c1nc(COc2ccc(C[NH2+]CCC[NH+]3CCCCC3)cc2)cs1
decoy_4856,0.300253,0.323451,0.717138,0.751399,0.397792,0.412912,c1cc(C[NH2+]Cc2cccs2)cc(OCCCN2CC[NH2+]CC2)c1
decoy_4857,0.260327,0.263655,0.672444,0.674009,0.358409,0.355922,c1cc(C[NH2+]CC2CCCCC2)cc(OCCCN2CC[NH2+]CC2)c1
decoy_4858,0.138478,0.163441,0.357425,0.403567,0.221349,0.256187,O=c1ccc2ccc(O[C@H]3OCCC[C@H]3O[C@H]3CCCCO3)cc2o1
decoy_4859,0.184614,0.196586,0.459932,0.468548,0.27447,0.27812,O=c1ccc2ccc(O[C@@H]3CCC[C@@H](CO[C@H]4CCCO4)O3)cc2o1
decoy_486,0.244601,0.276463,0.452751,0.492603,0.282749,0.322682,O=C(NC1CCCC1)c1ccccc1
decoy_4860,0.183854,0.189928,0.45709,0.450509,0.259731,0.265074,O=c1ccc2ccc(O[C@@H]3CC[C@@H](O[C@H]4CCCCO4)CO3)cc2o1
decoy_4861,0.212097,0.25087,0.486843,0.586404,0.292732,0.336956,O=C1Cc2c(ncc3cnc(N4CCOCC4)cc23)N1c1ccccc1
decoy_4862,0.198717,0.264378,0.437677,0.54496,0.276589,0.345372,O=c1nc(O)c2c(n1CCc1ccccc1)NC(c1ccccc1)=NC2
decoy_4863,0.195493,0.231998,0.439385,0.492578,0.252209,0.306937,O=c1[nH]c2ccccc2cc1CNCc1nnnn1Cc1ccccc1
decoy_4864,0.167935,0.20591,0.384262,0.421055,0.239343,0.279544,O=c1[n-]c(C[NH2+]Cc2cn(-c3ccccc3)nc2-c2ccccc2)n[nH]1
decoy_4865,0.153709,0.205292,0.35869,0.438194,0.229984,0.277057,O=C(CNC(=O)Cc1ccccc1)NCS(=O)(=O)c1ccccc1
decoy_4866,0.192187,0.250713,0.430288,0.566803,0.261755,0.326104,O=C(C1=CC(=O)N(c2nccs2)[C@@H]1c1ccccc1)c1ccccc1
decoy_4867,0.137183,0.133113,0.321101,0.303036,0.207028,0.210162,C1=Nc2c(ncn2COCCSc2ccccc2)C2(N1)OCCO2
decoy_4868,0.161447,0.185235,0.366168,0.389897,0.230066,0.252818,O=C(CCCNC(=O)c1ccco1)NNC(=S)Nc1ccccc1
decoy_4869,0.15155,0.195798,0.348349,0.408194,0.228422,0.272455,O=C(CNCC(=O)Nc1ccccc1)NC(=O)NCc1cccs1
decoy_487,0.213202,0.251315,0.411555,0.593663,0.269802,0.316851,O=C(Nc1ccccc1)C1CCCC1
decoy_4870,0.187055,0.218269,0.422726,0.464372,0.243672,0.306855,O=S(=O)(NCC[NH2+]Cc1c[nH]nc1-c1ccco1)c1ccccc1
decoy_4871,0.163519,0.197511,0.366247,0.422925,0.228375,0.263415,[H]/N=C1C(=C/c2ccccc2)/C(=O)N=C2SC(Cc3ccccc3)=NN2/1
decoy_4872,0.229131,0.275809,0.484667,0.566551,0.306695,0.356139,O=C(C1=c2ccccc2=NC1)[C@H](Sc1ncncn1)c1ccccc1
decoy_4873,0.180849,0.228898,0.399067,0.485277,0.246307,0.306088,O=C(CSc1ncncn1)C1=c2ccccc2=N[C@@H]1c1ccccc1
decoy_4874,0.166368,0.217082,0.441309,0.740324,0.245279,0.298925,O=C(OC[C@H]1CCC[C@@H](O[C@H]2C[C@H]3CC[C@@H]2OC3)O1)c1ccccc1
decoy_4875,0.180078,0.260902,0.43321,0.589914,0.276091,0.357765,c1cc2c(cc1CN[C@H]1C[C@@H]([NH+]3CCCCC3)[C@H]3OC[C@@H]1O3)OCO2
decoy_4876,0.180913,0.197634,0.454114,0.459494,0.252263,0.27178,O=C1COc2ccc(CNC(=O)NCCC[NH+]3CCCCC3)cc2N1
decoy_4877,0.135382,0.160229,0.363155,0.389091,0.23502,0.236615,O=C(CC[C@H]1CNC(=O)[C@@H]2C[C@@H]([NH2+]Cc3ccco3)CN12)NC1CC1
decoy_4878,0.137179,0.165075,0.36316,0.39427,0.204757,0.239981,O=C(NCCC[NH+]1CCCCC1)Nc1cccc(N2CCOC2=O)c1
decoy_4879,0.156414,0.193914,0.376863,0.416566,0.232086,0.278824,O=C1[C@H]([C@H]2[NH2+]CCc3c2[nH]c2ccccc32)CNCN1c1ccccc1
decoy_488,0.274111,0.314025,0.401559,0.558873,0.283992,0.373491,O=S1(=O)NCCc2ccsc21
decoy_4880,0.180139,0.234768,0.420349,0.495588,0.25957,0.311243,O=C1[C@H]([C@H]2NCCC3=c4ccccc4=N[C@@H]32)C[NH2+]CN1c1ccccc1
decoy_4882,0.135571,0.236952,0.299742,0.466481,0.194266,0.31881,O=C(CCNC(=O)c1ccsc1)Nc1nc(-c2cc[nH]c2)cs1
decoy_4883,0.144101,0.22269,0.317181,0.460631,0.196639,0.294975,O=C(CSc1nnc(Nc2ccccc2)s1)NCc1ccco1
decoy_4884,0.171954,0.229891,0.404389,0.498142,0.243695,0.304079,c1ccc(Nc2ncnc(C[NH+]3CCN(c4ccccc4)CC3)n2)cc1
decoy_4885,0.145476,0.245397,0.36927,0.578245,0.220745,0.338067,c1ccc(CNc2cc(N3CCN(c4ccccn4)CC3)ncn2)cc1
decoy_4886,0.142595,0.188725,0.353712,0.420883,0.20388,0.251112,c1ccc(Nc2nccc(-c3ccc(N4CCC[NH2+]CC4)nc3)n2)cc1
decoy_4887,0.222633,0.281354,0.434482,0.522868,0.29406,0.320159,O=c1[nH]c(CS[C@H]2N[NH2+]NN2c2ccccc2)nc2ccsc12
decoy_4888,0.170392,0.186899,0.410808,0.447113,0.238506,0.268237,O=C1CN(CCc2ccccc2)C=C1c1nc(-c2ccccc2)cs1
decoy_4889,0.135399,0.232069,0.342866,0.499184,0.205739,0.309085,O=C(NC[C@@H]1OCC[C@H]1[NH2+]CCc1ccccn1)Nc1ccsc1
decoy_489,0.218656,0.301972,0.501038,0.880571,0.304189,0.394107,c1ccc(NCC2CCCCC2)cc1
decoy_4890,0.127097,0.163472,0.322653,0.374866,0.188504,0.228747,O=C(NCc1ccsc1)C(=O)NC[C@@H](c1ccc[nH]1)[NH+]1CCCC1
decoy_4891,0.282231,0.313557,0.650536,0.635244,0.362251,0.386148,O=C(Nc1nc2ccccc2s1)[C@H]1CC[C@@H](CN2CNN[NH2+]2)CC1
decoy_4892,0.158865,0.199838,0.451142,0.51059,0.255917,0.313991,c1ccc(N2CC[NH+]([C@H]3CCO[C@H]3C[NH2+]C3CCOCC3)CC2)nc1
decoy_4893,0.122479,0.131597,0.353642,0.351398,0.19035,0.206171,O=C(Cc1ccccc1)NCCNC(=O)NCCC[NH+]1CCCCC1
decoy_4894,0.141169,0.174165,0.397101,0.432687,0.239156,0.280971,O=C(NCCCC[NH+]1CCCCC1)NCCNC(=O)c1ccccc1
decoy_4895,0.112425,0.12613,0.318558,0.328227,0.185241,0.199828,O=C(NCCC[NH+]1CCCCC1)Nc1ccc(N2CCOCC2)cc1
decoy_4896,0.123623,0.189365,0.354089,0.450418,0.200143,0.269046,O=C(NCCCNC(=O)c1ccccc1)NCCC[NH+]1CCCCC1
decoy_4897,0.121704,0.179485,0.348245,0.461248,0.200209,0.270717,c1ccc(C2=C(CC[NH2+]CCc3ccncc3)[C@@H]3C[NH2+]CCC3=N2)cc1
decoy_4898,0.146791,0.261871,0.381079,0.589166,0.220971,0.34886,c1ccc(-c2n[nH]cc2C[NH2+]Cc2ccc(N3CCCCC3)cc2)cc1
decoy_4899,0.255398,0.308954,0.661477,0.69592,0.382759,0.422326,c1cnc(N2CCN([C@H]3CCO[C@H]3C[NH2+]C3CC[NH2+]CC3)CC2)nc1
decoy_49,0.306477,0.262475,0.553836,0.532046,0.326995,0.309659,c1ccc2ncccc2c1
decoy_490,0.215455,0.25526,0.397514,0.43338,0.268786,0.281032,c1ccc(C[NH2+]C2CCCCC2)cc1
decoy_4900,0.330118,0.324693,0.668753,0.610451,0.442112,0.414881,S=C(SCc1ncnc(Nc2ccccc2)n1)N1CC[NH2+]CC1
decoy_4901,0.134571,0.185066,0.369988,0.455306,0.209823,0.264665,c1ccc(OCCCN2CC[NH2+]CC2)c(C[NH2+]Cc2cscn2)c1
decoy_4903,0.132922,0.147974,0.391751,0.399495,0.231369,0.245602,c1ccc(OCCCN2CCOCC2)c(C[NH2+]CC2CCCCC2)c1
decoy_4904,0.135067,0.203855,0.391308,0.527546,0.225796,0.301469,c1cc(C[NH2+]CC2CCCCC2)cc(OCCCN2CCOCC2)c1
decoy_4907,0.293203,0.297404,0.618825,0.59418,0.404624,0.38944,S=C(NC[C@@H](c1cccs1)N1CC[NH2+]CC1)Nc1ccccc1
decoy_4908,0.167608,0.242499,0.371093,0.489031,0.240725,0.331875,O=C1NC(=O)[C@@H]2[C@H]1[C@@H](Cc1ccccc1)N[C@@]21C(=O)Nc2ccccc21
decoy_4909,0.157495,0.182982,0.358759,0.400235,0.230769,0.26554,O=C1[C@@H]2[C@@H](CN[C@@]23C(=O)Nc2ccccc23)C(=O)N1Cc1ccccc1
decoy_491,0.222252,0.306329,0.404903,0.750144,0.263608,0.34229,c1ccc(C[NH+]2CCCCCC2)cc1
decoy_4910,0.152335,0.211695,0.365892,0.47792,0.220409,0.2991,O=C(Cc1ccccc1)NC(=O)Nc1ccc(Oc2ccncc2)cc1
decoy_4911,0.151402,0.206941,0.357129,0.457673,0.218044,0.274799,O=C(CNC(=O)c1ccccc1)N/N=C/c1ccc(-c2ccccc2)o1
decoy_4912,0.173338,0.238144,0.387222,0.482969,0.249251,0.304013,O=C(CCNC(=O)c1cc2ccccc2[nH]1)NC1N=c2ccccc2=N1
decoy_4913,0.192512,0.24361,0.423317,0.502156,0.254328,0.318991,O=C(NNC(=O)C1=c2ccccc2=NC1)C1=CNN(c2ccccc2)C1
decoy_4914,0.143448,0.193211,0.328333,0.397242,0.209304,0.274591,O=C(CNS(=O)(=O)c1ccccc1)NCC(=O)Nc1ccccc1
decoy_4915,0.128678,0.164867,0.303873,0.351206,0.194623,0.251155,O=C(/C=C/c1c[nH]c(=O)[nH]c1=O)NCC[S@](=O)Cc1ccccc1
decoy_4916,0.134933,0.151194,0.289845,0.303939,0.189376,0.208052,O=C1[N-]C(=S)N(c2ccccc2)C(=O)/C1=C/c1c[nH]c2ccccc12
decoy_4917,0.167443,0.190541,0.33763,0.388773,0.224699,0.250735,O=C1[N-]C(=S)N(c2ccccc2)C(=O)/C1=C\c1cc2ccccc2[nH]1
decoy_4918,0.217829,0.286107,0.45362,0.562419,0.310614,0.369521,O=C1N=c2ccccc2=C(c2ccccc2)[C@@H]1Sc1nccc(=O)[nH]1
decoy_4919,0.187735,0.263578,0.384924,0.509585,0.238175,0.331847,O=C(Nc1nccs1)c1cc2ccccc2o/c1=[NH+]\c1ccccc1
decoy_492,0.178495,0.206532,0.345749,0.371288,0.240951,0.278952,c1ccc(CC[NH+]2CCCCC2)cc1
decoy_4920,0.099661,0.185566,0.231647,0.386846,0.162034,0.246126,O=C1N[C@@H](c2ccn[nH]2)Nc2c1sc1nccc(-c3ccccc3)c21
decoy_4921,0.179182,0.174443,0.423574,0.397229,0.261651,0.259984,O=C1C=C[C@@H](c2cncc(OCCCC3=c4ccccc4=NC3)c2)CN1
decoy_4922,0.168169,0.194152,0.411069,0.446534,0.238246,0.271624,O=C(CCC1=c2ccccc2=NC1)Nc1cccc(NC(=O)C2CC2)c1
decoy_4923,0.184299,0.23986,0.432455,0.52071,0.251948,0.317583,O=C(NCCC1=c2ccccc2=NC1)[C@@H]1C=C2NC(=C3CC3)C=CN2N1
decoy_4924,0.146869,0.15663,0.355693,0.358157,0.229324,0.221996,c1ccc(Nc2ncnc(C[NH+]3CCN(c4ccccn4)CC3)n2)cc1
decoy_4925,0.322165,0.313245,0.669089,0.605731,0.444526,0.424013,c1cncc(Nc2ccnc(Nc3ccc(N4CC[NH2+]CC4)cc3)n2)c1
decoy_4926,0.167752,0.19331,0.396295,0.429681,0.234798,0.275541,O=C(Nc1ccccc1N1CCOCC1)[C@H]1CS[C@H]2CCC(=O)N21
decoy_4927,0.154855,0.258882,0.375143,0.548932,0.227765,0.359901,O=C(NC[C@@H](c1ccco1)[NH+]1CCCCC1)C(=O)Nc1cccs1
decoy_4928,0.177227,0.252604,0.391623,0.504129,0.234618,0.354821,O=c1[nH]c(C[NH2+]Cc2ccccc2)nc2scc(-c3ccccc3)c12
decoy_4929,0.145908,0.152304,0.396234,0.379919,0.235241,0.232941,O=C(NCCC[NH+]1CCCCC1)NCCc1cccc2c1OCOC2
decoy_493,0.252629,0.324635,0.399356,0.545894,0.288128,0.353744,O=C1CNC(=O)N1Cc1ccccc1
decoy_4930,0.16789,0.204503,0.421676,0.461636,0.256027,0.294405,c1ccc(Oc2c(C[NH2+]C3CCCCC3)cnn2-c2ccccc2)cc1
decoy_4931,0.159866,0.209381,0.389758,0.469143,0.226803,0.289118,c1ccc(Nc2nc3[nH]ncc3c3c2C[N@H+](C2CCCCC2)CC3)cc1
decoy_4932,0.163961,0.206494,0.421776,0.477526,0.256038,0.301875,C1=C(CC[NH2+]C[C@H]2CN(c3ccccc3)N[C@H]2c2ccccc2)CN=N1
decoy_4933,0.129871,0.177701,0.33927,0.422151,0.195602,0.248453,O=C(CCCC[C@@H]1SC[C@@H]2NC(=O)N[C@@H]21)NCCc1ccccc1
decoy_4934,0.146724,0.204874,0.368281,0.461263,0.232014,0.286889,O=C(C[N@H+]1CCC[C@H](C(=O)NC2CC2)C1)Nc1cc2c(s1)CCC2
decoy_4935,0.162352,0.21406,0.403022,0.459011,0.241077,0.309751,O=C(C[N@H+]1CC[C@H](C(=O)NC2CC2)CC1)Nc1cc2c(s1)CCC2
decoy_4936,0.17795,0.20418,0.442354,0.489308,0.257205,0.284781,c1ccc(CN(CCc2c[nH]c3ccccc23)Cc2nccs2)cc1
decoy_4938,0.184094,0.23681,0.39856,0.476803,0.252291,0.306889,O=C1N=C[C@@]2(C(=O)N1)[C@@H](c1ccccc1)NC(=O)N[C@H]2c1ccccc1
decoy_4939,0.17711,0.221819,0.391759,0.460757,0.24534,0.307222,O=C(NNC(=O)C1=c2ccccc2=NC1)C1=CON[C@@H]1c1ccccc1
decoy_494,0.343296,0.346996,0.582224,0.570102,0.39172,0.399769,c1ncc2n[nH]c([C@@H]3CCCO3)c2n1
decoy_4940,0.148428,0.226658,0.339088,0.480733,0.216633,0.292406,O=C(COC(=O)CNC(=O)c1ccco1)Nc1cc2c(s1)CCC2
decoy_4941,0.22909,0.259309,0.486352,0.54831,0.30661,0.339284,O=C1N=CNC(=O)/C1=C\C1=COc2c3c4c(cc2=C1)CCC[N+]=4CCC3
decoy_4942,0.164467,0.226654,0.397485,0.517846,0.236189,0.316342,O=C(C[C@H]1Cc2ccccc2OC1=O)NCCC1=c2ccccc2=NC1
decoy_4943,0.282291,0.402583,0.581947,0.743531,0.392716,0.512386,O=C(NC1CC[NH2+]CC1)c1cccc2c(=O)cc(-c3ccccc3)oc12
decoy_4944,0.171473,0.257876,0.395696,0.558048,0.231207,0.32201,c1cc2cc(N3CC[NH+](Cc4ccc5c(c4)OCO5)CC3)ncc2cn1
decoy_4945,0.181326,0.247773,0.411022,0.544664,0.254173,0.332267,c1ccc2nc(N3CC[NH+](Cc4ccc5c(c4)OCO5)CC3)ncc2c1
decoy_4946,0.171214,0.221383,0.423121,0.546078,0.236179,0.305204,O=C1Cc2c(ncc3cnc(N4CCCCC4)cc23)N1Cc1ccco1
decoy_4947,0.191458,0.225646,0.459316,0.493358,0.27174,0.300999,O=C1C(=O)[C@H](NCCC2=c3ccccc3=NC2)[C@@H]1NCc1ccncc1
decoy_4948,0.129517,0.148099,0.317335,0.338876,0.204441,0.236675,O=C(CN1CC=C(c2ccccc2)CC1)Nc1ccc2[nH]c(=O)[nH]c2c1
decoy_4949,0.169929,0.194559,0.403636,0.45334,0.246511,0.278505,O=C(NCCCc1ccn[nH]1)c1cc(C2=CCCO2)nc2ccccc12
decoy_495,0.308841,0.288866,0.561848,0.55835,0.36324,0.36548,c1ncc2ncn([C@@H]3CCCO3)c2n1
decoy_4950,0.153327,0.219113,0.358482,0.525887,0.219591,0.30186,O=C(Nc1ccccc1)C1=C2SCC(=O)N2C=C[C@H]1c1ccccc1
decoy_4951,0.214587,0.273192,0.479996,0.540932,0.286945,0.347076,O=C(NCCCc1cc[nH]n1)c1cccc(S(=O)(=O)NC2CC2)c1
decoy_4952,0.157141,0.205883,0.416143,0.505761,0.238003,0.297344,O=C(CCCCCCC(=O)Nc1ccccc1)NO[C@@H]1CCCCO1
decoy_4953,0.159327,0.178208,0.404469,0.426557,0.229371,0.254114,O=C1NCCCC[C@@H]1Nc1ccc2c(cc1=O)CCCc1ccccc1-2
decoy_4954,0.168697,0.241719,0.408404,0.5096,0.261443,0.347033,c1cnc2c(Nc3cc(NCC[NH+]4CCCCC4)ncn3)cccc2c1
decoy_4955,0.15005,0.184456,0.379289,0.423101,0.227185,0.266942,c1cc(Nc2cc(NCC[NH+]3CCCCC3)ncn2)c2cccnc2c1
decoy_4957,0.147411,0.248564,0.327471,0.479774,0.210185,0.334977,O=C(CSc1nncn1-c1ccccc1)NNC(=S)NC1CC1
decoy_4958,0.180948,0.214391,0.435331,0.477349,0.258085,0.304415,O=C(NC[C@@H](C1=c2ccccc2=NC1)c1ccccc1)C1=CSCC1
decoy_4959,0.177935,0.252992,0.432756,0.540084,0.270642,0.359628,O=C1CSc2ccc(NC(=O)NCCC[NH+]3CCCCC3)cc2N1
decoy_496,0.308031,0.327656,0.565808,0.661286,0.366605,0.403998,c1ncc2cnn([C@@H]3CCCO3)c2n1
decoy_4960,0.14251,0.202407,0.360442,0.44831,0.208885,0.274834,O=C(CCNC(=O)c1ccccc1)NNC(=S)NC1CCCCC1
decoy_4961,0.162081,0.218058,0.401783,0.49517,0.232611,0.296391,O=S(=O)(c1ccc(NCCC[C@H]2C=CN=N2)cc1)N1CCCCC1
decoy_4962,0.194806,0.283214,0.438269,0.575431,0.272925,0.376693,c1ccc(CS[C@H]2N[NH+]=C(C3=c4ccccc4=NC3)N2C2CC2)cc1
decoy_4964,0.151954,0.184765,0.37757,0.439694,0.219389,0.271262,O=C(Cc1ccccc1)N(Cc1ccc2c(c1)OCO2)Cc1ccco1
decoy_4965,0.165633,0.195735,0.407529,0.465286,0.24403,0.287149,O=C(Cc1ccc2c(c1)OCO2)N(Cc1ccccc1)Cc1ccco1
decoy_4966,0.165953,0.198316,0.394805,0.438627,0.23901,0.291449,O=C(NCCC1=c2ccccc2=NC1)C(=O)N[C@H]1COc2ccccc21
decoy_4967,0.177951,0.249957,0.408995,0.52758,0.263209,0.333001,O=C(NCCCNc1ccc2cc3c(cc2[nH+]1)OCO3)c1ccccc1
decoy_4968,0.170347,0.232258,0.400159,0.502773,0.241159,0.303806,c1ccc(Nc2ncnc(CNC[C@H]3COc4ccccc4O3)n2)cc1
decoy_4969,0.14538,0.216202,0.352762,0.4721,0.219137,0.290077,O=C(CCNC(=O)c1ccccc1)NCc1ccc(-n2ccnn2)cc1
decoy_497,0.345486,0.31652,0.516256,0.552739,0.364082,0.356174,c1cn(-c2cn3ccsc3n2)cn1
decoy_4970,0.17061,0.266812,0.393373,0.550098,0.232913,0.331449,O=C(CN1NNc2ccccc2C1=O)NCCC1=c2ccccc2=NC1
decoy_4971,0.170376,0.208439,0.384803,0.436331,0.236148,0.286439,O=C(NCCC1=c2ccccc2=NC1)C(=O)Nc1ccc2c(c1)NCN2
decoy_4972,0.190404,0.187915,0.423519,0.403062,0.261323,0.259127,O=C(NCCNc1ccccc1)Nc1cccc(-c2ccc(=O)[nH]n2)c1
decoy_4973,0.164534,0.212363,0.376637,0.447532,0.22983,0.28117,O=C(NCc1ccccc1)C1=NN([C@H]2CCS(=O)(=O)C2)C(=O)CC1
decoy_4974,0.152253,0.176486,0.347796,0.380598,0.216126,0.256713,O=c1cc(CSc2n[nH]c(Cc3ccccc3)n2)c2ccccc2o1
decoy_4975,0.224512,0.298193,0.444304,0.55329,0.293347,0.36122,O=c1[nH]cc(C2=C[C@@H](c3ccccc3)Sc3ccccc3[N-]2)c(=O)[nH]1
decoy_4976,0.200455,0.216673,0.439083,0.470021,0.281915,0.295313,O=C(c1ccns1)N(Cc1ccc2ncccc2c1)Cc1ccco1
decoy_4977,0.15689,0.173703,0.348598,0.361763,0.223615,0.25295,O=c1[nH]c(CSc2n[nH]c(Cc3ccccc3)n2)nc2ccccc12
decoy_4978,0.153293,0.200749,0.346491,0.430921,0.226999,0.271594,O=C(CSc1n[nH]c(-c2ccccc2)n1)Cc1nc2ccccc2[nH]1
decoy_4979,0.139738,0.177542,0.319586,0.385479,0.209657,0.272858,O=C(Nc1nc(-c2cc[nH]c2)cs1)[C@@H](c1ccccc1)n1cccn1
decoy_498,0.297344,0.376177,0.492052,0.63311,0.324096,0.407691,c1cnc(Sc2ncccn2)nc1
decoy_4980,0.211008,0.228318,0.447659,0.462238,0.260581,0.302781,c1ccc2c(c1)=NCC=2c1nnc(SCc2ncncn2)n1C1CC1
decoy_4981,0.160266,0.175335,0.397736,0.404588,0.236382,0.259495,c1ccc(Oc2c(C[NH2+]C[C@H]3CCCO3)cnn2-c2ccccc2)cc1
decoy_4982,0.163671,0.215446,0.40076,0.490315,0.244471,0.291672,c1ccc(Oc2[nH]nc(-c3ccccc3)c2C[NH2+]C[C@H]2CCCO2)cc1
decoy_4984,0.147863,0.171033,0.385174,0.428628,0.239836,0.26252,O=C1C[C@H](N2CCC(Nc3ccccc3)CC2)C(=O)N1c1ccccc1
decoy_4985,0.16625,0.163853,0.424864,0.409414,0.237403,0.250237,O=C(Nc1cn(CCCc2ccccc2)c2ncccc12)[C@H]1CCOC1
decoy_4986,0.129218,0.184191,0.329009,0.424794,0.194003,0.255869,c1ccc(Nc2ccnc(NC[C@@H](c3ccco3)[NH+]3CCCC3)n2)cc1
decoy_4987,0.229635,0.312493,0.519726,0.637976,0.299415,0.391758,c1cncc(CCc2cc(OCCc3ccc4c([nH+]3)NCCC4)[nH]n2)c1
decoy_4989,0.232194,0.238396,0.580428,0.54599,0.319229,0.330882,c1cc(-c2nc3c(c(NCCCn4cc[nH+]c4)n2)CC[NH2+]CC3)ccn1
decoy_499,0.25283,0.323786,0.417342,0.576831,0.298786,0.353196,O=C1CN(Cc2ccccc2)CCN1
decoy_4990,0.132306,0.148149,0.322678,0.352932,0.201954,0.22848,O=C(CCc1ccccc1)N[C@H]1N=C(C2=c3ccccc3=NC2)CS1
decoy_4991,0.173043,0.192029,0.396343,0.418285,0.234338,0.27117,O=C(CNC[C@H](c1cccs1)c1c[nH]c2ccccc12)c1ccc[nH]1
decoy_4992,0.166729,0.231891,0.397197,0.531779,0.240861,0.309265,O=C(Nc1ccccc1)C1=CN=C2SCCCN2[C@H]1c1ccccc1
decoy_4993,0.144768,0.185182,0.344484,0.413905,0.216022,0.270519,O=C(CN(Cc1cccs1)C(=O)c1ccns1)NC1CCCC1
decoy_4994,0.169444,0.26615,0.385464,0.541274,0.237929,0.33892,O=C(NC[C@@H](c1cccs1)[NH+]1CCCC1)C(=O)Nc1cccs1
decoy_4995,0.167934,0.17671,0.390638,0.382634,0.249156,0.258695,O=S(=O)([N-]c1ccccc1/C=N/C1CC[NH2+]CC1)c1cccs1
decoy_4996,0.126744,0.178186,0.310394,0.385462,0.182828,0.239973,O=C(CSc1nnc(Nc2ccccc2)s1)NC1CC[NH2+]CC1
decoy_4997,0.113649,0.168427,0.319176,0.507311,0.171002,0.249284,O=C(C[C@H]1CCC[C@H]2[C@@H]1CC[C@H]1OCOC[C@@H]21)NCc1cccs1
decoy_4998,0.141566,0.240492,0.380254,0.565893,0.216017,0.316899,O=C(CN1CCC(NC(=O)CC2CCCC2)CC1)Nc1cccs1
decoy_4999,0.102853,0.159462,0.288179,0.397717,0.160618,0.259749,O=C(CN(C(=O)c1ccns1)C1CCCCC1)NC1CCCCC1
decoy_5,0.402299,0.358869,0.723019,0.740248,0.442847,0.411314,c1nnc(C2CC2)[nH]1
decoy_50,0.321368,0.277076,0.55814,0.538939,0.351807,0.326035,C=C1C=Nc2ccccc21
decoy_500,0.220135,0.302659,0.396409,0.602955,0.274798,0.358841,O=C(CNc1ccccc1)NC1CC1
decoy_5000,0.147481,0.218477,0.428222,0.546738,0.23783,0.315064,O=C(C[N@H+]1CC[C@@H](C(=O)NC2CCCCC2)CC1)NC1CCCCC1
decoy_501,0.256533,0.285225,0.473844,0.50107,0.304618,0.33465,O=C(NC1CCCC1)c1cccnc1
decoy_502,0.242185,0.294279,0.398253,0.472434,0.296797,0.33656,O=C(Nc1ccccc1)[C@@H]1CCC[NH2+]1
decoy_503,0.235283,0.251768,0.446818,0.49687,0.294604,0.323318,c1ccc(OCc2cccs2)cc1
decoy_504,0.253061,0.271115,0.488664,0.497655,0.302502,0.339077,c1ccc(SCc2ccco2)cc1
decoy_505,0.306103,0.379018,0.488238,0.679324,0.334989,0.411904,c1ncc2c3c(sc2n1)CCCC3
decoy_506,0.250503,0.279781,0.424806,0.441163,0.295455,0.323795,c1ccc(CSc2ccn[nH]2)cc1
decoy_507,0.275364,0.365208,0.396297,0.60179,0.294119,0.382396,S=C1NC=C[C@@H](c2ccccc2)N1
decoy_508,0.451198,0.446153,0.754955,0.763662,0.503983,0.499984,c1ccc(NCC2CC[NH2+]CC2)cc1
decoy_509,0.237453,0.331375,0.419894,0.57826,0.284338,0.39417,c1cncc(C[NH2+]C2CCCCC2)c1
decoy_51,0.278455,0.292646,0.47991,0.64874,0.301489,0.328321,c1ccc2cnncc2c1
decoy_510,0.413251,0.41845,0.680697,0.695165,0.469791,0.470072,c1ccc(CNC2CC[NH2+]CC2)cc1
decoy_511,0.203459,0.272851,0.369982,0.54971,0.269361,0.332518,c1ccc(NCC[NH+]2CCCC2)cc1
decoy_512,0.242513,0.276491,0.416398,0.444378,0.282877,0.310423,c1ccc(NC[C@H]2CCC[NH2+]C2)cc1
decoy_513,0.450202,0.437046,0.77108,0.775213,0.501585,0.495167,c1ccc(CN2CCC[NH2+]CC2)cc1
decoy_514,0.27843,0.37532,0.39762,0.58037,0.292519,0.385724,O=C1NC(=O)NC(c2ccccc2)N1
decoy_515,0.341825,0.357142,0.588528,0.595773,0.395936,0.426561,c1ncc2nnn([C@@H]3CCCO3)c2n1
decoy_516,0.250897,0.295831,0.435557,0.582812,0.302649,0.333122,O=C(COc1ccccc1)NC1CC1
decoy_517,0.281375,0.305104,0.486074,0.503424,0.311899,0.349967,O=C(c1ccccc1)N1CCOCC1
decoy_518,0.315975,0.348519,0.511168,0.544726,0.383856,0.387941,O=C1NCCC[C@@H]1Nc1cc[nH+]cc1
decoy_519,0.521261,0.507279,0.710719,0.73054,0.519942,0.531813,c1ncc2c3c(sc2n1)C[NH2+]CC3
decoy_52,0.302966,0.259867,0.589921,0.569262,0.343636,0.326663,c1ccc2nccnc2c1
decoy_520,0.25009,0.282493,0.387511,0.430816,0.285255,0.327078,c1ccc(CSc2ncn[nH]2)cc1
decoy_522,0.238493,0.282554,0.425925,0.473888,0.283321,0.317271,c1ccc(C[NH2+][C@@H]2CCCCO2)cc1
decoy_523,0.239466,0.273606,0.420618,0.449181,0.30711,0.318201,c1ccc(OCC[NH+]2CCCC2)cc1
decoy_524,0.25184,0.330287,0.439125,0.784596,0.306052,0.375408,c1ccc(CC[NH+]2CCOCC2)cc1
decoy_525,0.272907,0.351706,0.463178,0.600322,0.325867,0.393374,c1ccc(NCC[NH+]2CCCC2)nc1
decoy_526,0.292996,0.312475,0.480907,0.489676,0.321655,0.354021,O=C(c1ccccn1)N1CCOCC1
decoy_527,0.313201,0.34438,0.533921,0.606877,0.381929,0.420356,C1=NC=C2N=CN([C@@H]3CCCO3)[C@@H]2N1
decoy_528,0.308884,0.335435,0.555159,0.628554,0.365876,0.406443,c1ncc2c(n1)N([C@@H]1CCCO1)NC2
decoy_529,0.359932,0.339277,0.655664,0.700585,0.39186,0.396295,c1ncc2c3c(sc2n1)COCC3
decoy_53,0.358607,0.301344,0.732295,0.713625,0.407207,0.372338,c1ccc2ncncc2c1
decoy_530,0.274082,0.268053,0.45228,0.446516,0.315033,0.327392,c1ccc(SCc2ncno2)cc1
decoy_531,0.309838,0.43325,0.425174,0.75979,0.295254,0.454262,O=c1[nH]cnc2sc3c(c12)CCC3
decoy_532,0.277063,0.351066,0.423447,0.588669,0.290948,0.378292,c1cnc(SCc2cn[nH]c2)nc1
decoy_533,0.251638,0.275068,0.498555,0.554502,0.309037,0.346671,c1ccc(CO[C@@H]2CCCCO2)cc1
decoy_534,0.219589,0.266646,0.376862,0.428573,0.27626,0.312794,c1cn(C[C@H]2C[C@H]3CC[N@@H+]2CC3)nn1
decoy_536,0.313126,0.32321,0.570656,0.72862,0.342626,0.371684,c1nc2c(ccc3ncsc32)s1
decoy_537,0.309531,0.317222,0.540812,0.62454,0.338504,0.379012,c1nc2cc3scnc3cc2s1
decoy_538,0.589965,0.538759,0.869895,0.861705,0.594948,0.558151,C1=[NH+]c2sc3c(c2CN1)CCCC3
decoy_539,0.255474,0.348911,0.387764,0.589964,0.283014,0.375975,S=C1NCC[C@@H](c2ccccc2)N1
decoy_54,0.306297,0.272998,0.571647,0.564847,0.359446,0.350986,C1=CCN2C=CC=CC2=C1
decoy_540,0.256154,0.28231,0.498642,0.534343,0.308539,0.336282,c1cncc(CO[C@@H]2CCCCO2)c1
decoy_541,0.250847,0.23902,0.467104,0.487981,0.321931,0.327773,c1ccc(-c2cc3ccccc3[nH]2)cc1
decoy_542,0.283573,0.276019,0.513387,0.53484,0.337489,0.379898,c1ccc(-n2ccc3ccccc32)cc1
decoy_543,0.289286,0.281833,0.530924,0.523567,0.333635,0.325639,C1=C[C@@H]2N=CC=C2C=C1c1ccccc1
decoy_544,0.264677,0.357576,0.496357,0.66661,0.322569,0.406845,O=C(NC1CCCCC1)c1cc[nH]n1
decoy_545,0.373634,0.438967,0.611319,0.677653,0.43428,0.479132,O=C(N[C@H]1CCC[NH2+]C1)c1ccc[nH]1
decoy_546,0.414535,0.435525,0.661398,0.663696,0.471907,0.471866,O=C(NC1CC[NH2+]CC1)c1ccc[nH]1
decoy_547,0.293691,0.394987,0.474433,0.584566,0.343514,0.42907,c1ncnc(CNC2CC[NH2+]CC2)n1
decoy_548,0.260347,0.301411,0.399931,0.442619,0.299,0.345217,c1coc(C[NH2+]Cc2cccs2)c1
decoy_549,0.257789,0.30032,0.39547,0.435028,0.301622,0.346198,c1csc(C[NH2+]Cc2ccoc2)c1
decoy_55,0.31371,0.313335,0.62833,0.694554,0.373064,0.380932,c1ncc2ncncc2n1
decoy_550,0.358983,0.374545,0.563329,0.587564,0.401212,0.414581,c1csc(C[NH2+]Cc2cn[nH]c2)c1
decoy_551,0.312974,0.283983,0.562911,0.571574,0.346675,0.349973,c1cc2c(s1)CCc1scnc1-2
decoy_552,0.344908,0.344603,0.47464,0.812303,0.325312,0.366772,S=C1CC(c2cccs2)=CC=N1
decoy_553,0.258353,0.33132,0.419367,0.741482,0.308325,0.359549,c1ccc(C[NH+]2CCSCC2)cc1
decoy_554,0.252789,0.265406,0.496671,0.497259,0.317972,0.320253,c1nc2c(s1)C[C@@H]1CCCC[C@H]1C2
decoy_555,0.22569,0.318058,0.444992,0.666411,0.283605,0.39499,C1CC([NH2+][C@H]2CC[C@H]3CCCC[C@@H]32)C1
decoy_556,0.395766,0.42888,0.589877,0.658499,0.445448,0.473249,O=c1[nH]cc(Cc2nnco2)c(=O)[nH]1
decoy_557,0.337636,0.364131,0.577126,0.702818,0.375708,0.444694,c1nnn2c1Sc1cnnn1CC2
decoy_558,0.327883,0.367153,0.536661,0.616175,0.38451,0.415336,c1ncnc(CSc2nc[nH]n2)n1
decoy_559,0.429899,0.43316,0.68702,0.678337,0.48868,0.473262,O=C(NC1CC[NH2+]CC1)c1ccco1
decoy_56,0.228667,0.23065,0.450598,0.504507,0.283856,0.348887,C1=C[C@@H]2CC=CC[C@@H]2C=C1
decoy_560,0.245888,0.276461,0.423276,0.590029,0.297563,0.333548,c1ccc(-c2nc3ccccc3[nH]2)cc1
decoy_561,0.382178,0.434447,0.635287,0.727507,0.412649,0.473595,O=C1CCCCCN1Cc1nnc[nH]1
decoy_562,0.313628,0.348437,0.504537,0.531202,0.353998,0.399531,O=C(c1cc[nH]n1)N1CCC[NH2+]CC1
decoy_563,0.455809,0.502096,0.700996,0.72051,0.485464,0.520787,O=C(Nc1cn[nH]c1)C1CC[NH2+]CC1
decoy_565,0.222744,0.270813,0.416328,0.539075,0.266462,0.332775,c1ccc(S[C@H]2CCCCO2)cc1
decoy_566,0.209678,0.230698,0.410429,0.422494,0.278566,0.299504,C1=C(CC[NH2+][C@H]2CCNC2)CCCC1
decoy_567,0.223445,0.322039,0.403373,0.736568,0.270492,0.370235,O=C(N[C@H]1CCCOC1)c1ccco1
decoy_568,0.278927,0.312193,0.495538,0.758105,0.317868,0.341038,c1ccc(-c2nc3ccccc3o2)cc1
decoy_569,0.279476,0.317646,0.510045,0.602787,0.361292,0.404369,O=c1cc(N[C@@H]2CCCCO2)nc[nH]1
decoy_57,0.283454,0.263673,0.565141,0.540963,0.367146,0.358001,c1ccc2c(c1)CCCC2
decoy_570,0.411216,0.471966,0.645936,0.70965,0.472829,0.508586,O=C(NC1CC[NH2+]CC1)c1cocn1
decoy_571,0.301761,0.294665,0.448954,0.484558,0.306194,0.353745,c1ccc(-n2ccc3ncncc32)cc1
decoy_572,0.293631,0.274375,0.567709,0.550181,0.363302,0.365402,c1ccc(N2Cc3ccccc3C2)cc1
decoy_573,0.23415,0.235153,0.405958,0.403948,0.272496,0.26239,S=c1ccccn1[C@@H]1CCCCO1
decoy_574,0.197727,0.289116,0.415059,0.643781,0.263583,0.347554,O=C(NC1CCCCC1)C1CCCC1
decoy_575,0.204413,0.243138,0.368426,0.408329,0.267508,0.283693,c1csc(C[NH2+]C2CCCCC2)c1
decoy_576,0.239206,0.27521,0.435437,0.511623,0.287358,0.332807,O=C(O[C@@H]1CCCCO1)c1ccco1
decoy_577,0.274597,0.355875,0.442176,0.63298,0.314806,0.38553,c1ccc(-c2ccc3cnoc3n2)cc1
decoy_578,0.352654,0.336773,0.586002,0.537271,0.425497,0.401355,O=C(NC1CC[NH2+]CC1)c1cnon1
decoy_579,0.327068,0.359735,0.56114,0.641906,0.399613,0.422422,c1ccc(-c2ncnc3[nH]cnc23)cc1
decoy_58,0.276226,0.283912,0.558586,0.555328,0.361337,0.379131,c1ccc(C2CCC2)cc1
decoy_580,0.31881,0.315272,0.435153,0.458649,0.329736,0.358882,c1ccc(-c2ncnc3n[nH]cc23)cc1
decoy_581,0.244179,0.287335,0.496502,0.552246,0.295186,0.351957,c1ccc([C@@H]2Cc3ccccc3O2)cc1
decoy_582,0.216736,0.268389,0.384215,0.455456,0.262444,0.325387,O=C1C[C@H](C(=O)N2CCCCC2)CN1
decoy_583,0.40923,0.457332,0.666512,0.690537,0.486769,0.507515,O=C1NCC=C(CN2CC[NH2+]CC2)N1
decoy_584,0.237257,0.295079,0.435402,0.553435,0.287909,0.347728,O=C(CC1CC1)NCc1cncs1
decoy_585,0.268475,0.344622,0.519291,0.721024,0.332161,0.404076,O=C(NC1CCCC1)c1ccns1
decoy_586,0.232652,0.357117,0.38578,0.582206,0.291446,0.403927,O=C(Nc1cccs1)[C@@H]1CCC[NH2+]1
decoy_587,0.209586,0.2678,0.437562,0.554274,0.270405,0.338532,C=C1CCCC[C@H]1O[C@@H]1CCCCO1
decoy_588,0.225559,0.279732,0.48924,0.564751,0.296612,0.336124,C=C1CCC(O[C@@H]2CCCCO2)CC1
decoy_589,0.442565,0.447373,0.763083,0.779085,0.498801,0.489742,O=C(CC1CC[NH2+]CC1)N1CCCC1
decoy_59,0.280486,0.272839,0.448105,0.521314,0.283433,0.314394,O=C1Cc2ccccc2N1
decoy_590,0.425461,0.482189,0.7138,0.794386,0.485504,0.526422,O=C(NC1CC[NH2+]CC1)C1CCCC1
decoy_591,0.353548,0.370038,0.650673,0.66893,0.431053,0.436748,c1csc(C[NH2+]C2CC[NH2+]CC2)c1
decoy_594,0.25454,0.348657,0.435513,0.601251,0.310049,0.388614,c1ccc(-c2onc3cccnc23)nc1
decoy_595,0.332752,0.330214,0.47788,0.528594,0.331244,0.378775,O=c1c2cccnc2nc2ccccn12
decoy_596,0.427707,0.493817,0.651325,0.679621,0.474738,0.537997,O=c1[nH]nc(N2CC[NH2+]CC2)c(=O)[nH]1
decoy_597,0.48044,0.481969,0.707605,0.729982,0.481646,0.480727,c1ccc(-[n+]2cnc3n[nH]cc3c2)cc1
decoy_598,0.215087,0.242619,0.386196,0.558332,0.2711,0.308726,O=C(Nc1ccccc1)c1ccccc1
decoy_599,0.23008,0.301023,0.373182,0.518564,0.270615,0.321161,O=S(=O)(NC1CC1)c1ccccc1
decoy_6,0.267894,0.295366,0.395608,0.451652,0.302501,0.33223,C1=C[C@@H]2CCC[N@@H+]2C1
decoy_60,0.466919,0.395037,0.744053,0.733909,0.508264,0.467521,Nc1nc2ccccc2[nH]1
decoy_600,0.253118,0.32808,0.452922,0.772094,0.307088,0.340033,C1CC[NH+]([C@H]2CC[C@@H]3CO[C@H]2O3)CC1
decoy_601,0.223455,0.312679,0.438429,0.648923,0.269873,0.364387,O=C(NC[C@H]1CCCO1)C1CCCC1
decoy_602,0.261936,0.321011,0.548548,0.849291,0.334126,0.395373,C1=C[C@@H]2C[C@@H](c3ccccc3)CN2C=C1
decoy_603,0.263028,0.274665,0.539294,0.572728,0.344792,0.362652,c1ccc(CCNc2ccccc2)cc1
decoy_604,0.239681,0.313979,0.408091,0.603078,0.281801,0.350848,c1ccc(C[NH2+]Cc2ccccc2)cc1
decoy_607,0.258822,0.31791,0.42269,0.733085,0.300061,0.349184,c1coc(C[N@H+]2CCCSCC2)c1
decoy_608,0.266348,0.279178,0.461623,0.503121,0.295057,0.322328,O=C(Oc1ccccc1)c1ccccc1
decoy_609,0.288276,0.304492,0.425454,0.508625,0.306416,0.349155,C1=C[C@H](c2ccccc2)c2c[nH]nc2O1
decoy_61,0.259627,0.255731,0.471752,0.523329,0.324534,0.33608,c1ccc(NC2CC2)cc1
decoy_610,0.234793,0.268521,0.376084,0.463805,0.275254,0.321256,C1=C[C@@H](c2ccccc2)[C@H]2C=NN=C2O1
decoy_611,0.399324,0.375493,0.719372,0.715846,0.466808,0.438834,C1=CC(c2ccccc2)=C2N=CN[C@H]2O1
decoy_612,0.298992,0.358662,0.443163,0.679547,0.317347,0.396817,C1=C[C@H](c2ccccc2)c2[nH]cnc2O1
decoy_613,0.221143,0.244653,0.376548,0.496114,0.277993,0.312338,O=C(Nc1ccccc1)c1cccnc1
decoy_614,0.211894,0.245839,0.312603,0.359534,0.266095,0.29397,C1=C[C@@H](c2ccccc2)n2ncnc2[N-]1
decoy_615,0.258936,0.342056,0.399982,0.566904,0.309668,0.395545,c1ccc([C@@H]2Nc3ccnc[n+]3N2)cc1
decoy_616,0.259183,0.375523,0.404211,0.698581,0.282925,0.416839,C1=C[C@@H](c2ccccc2)n2ncnc2N1
decoy_617,0.29328,0.381491,0.498421,0.649237,0.36082,0.441103,O=c1ccnc(S[C@H]2CCCO2)[nH]1
decoy_618,0.208082,0.230382,0.439744,0.4589,0.268359,0.291838,O=C1CCC[C@H](O[C@H]2CCCCO2)C1
decoy_619,0.255257,0.265959,0.525149,0.538404,0.340568,0.350147,c1ccc(CCOc2ccccc2)cc1
decoy_62,0.514761,0.458851,0.815667,0.808538,0.523074,0.487263,c1ccc2c(c1)CC[NH2+]C2
decoy_620,0.235664,0.319583,0.417629,0.575031,0.25764,0.379265,C1=C[C@H]2CNC=C2[C@@H](c2ccccc2)N1
decoy_622,0.549208,0.4648,0.816126,0.745115,0.546092,0.504227,C1=C(c2c[nH]c3ccccc23)CC[NH2+]C1
decoy_623,0.303211,0.285911,0.505624,0.46878,0.361767,0.329164,c1ccc(-c2cn3c([nH+]2)CCCC3)cc1
decoy_624,0.256378,0.209827,0.434918,0.360027,0.336032,0.255675,c1ccc2c(N3CCCC3)cc[nH+]c2c1
decoy_625,0.245618,0.349067,0.395262,0.583551,0.284874,0.368691,S=c1[nH]cnn1CN1CCCCC1
decoy_626,0.21399,0.268125,0.494492,0.575492,0.288034,0.341539,C1CCC(CO[C@@H]2CCCCO2)CC1
decoy_627,0.288656,0.306031,0.394685,0.525886,0.311794,0.330659,O=C1OC=C[C@]12C=C[N-]c1ccccc12
decoy_628,0.275883,0.316222,0.436681,0.579848,0.309886,0.343325,O=C1Nc2ccccc2C12C=COC=C2
decoy_629,0.255149,0.324088,0.390264,0.49913,0.28849,0.352198,O=C1Nc2ccccc2[C@@H]1c1cn[nH]c1
decoy_63,0.285168,0.301232,0.51121,0.809224,0.332567,0.355931,O=C1COc2ccccc21
decoy_630,0.241666,0.236236,0.464941,0.466727,0.307177,0.310372,c1ccc([C@@H]2CCn3nccc3N2)cc1
decoy_631,0.428107,0.407865,0.698469,0.694836,0.486571,0.45783,C1=C(Cc2c[nH]c3ccccc23)NCN1
decoy_633,0.328645,0.344054,0.483893,0.498244,0.339768,0.36961,O=C1NC(=S)SC1=C1CCCC1
decoy_634,0.225072,0.290586,0.425553,0.532594,0.265816,0.330502,O=C(C1CCCC1)N1CCSCC1
decoy_635,0.360922,0.399023,0.61701,0.64721,0.401915,0.419863,C=C1C(=O)N=CN(c2ccccc2)C1=O
decoy_636,0.322997,0.338122,0.591659,0.625873,0.38089,0.397572,O=C(Oc1ccncn1)c1ccccc1
decoy_637,0.259926,0.297312,0.439007,0.503438,0.308367,0.341132,C(=N/N=C/c1cnon1)\c1ccccc1
decoy_638,0.268348,0.284874,0.434576,0.451715,0.303765,0.315305,O=C1CC[C@@H](c2c[nH]c3ccccc23)N1
decoy_639,0.213682,0.248757,0.35262,0.385979,0.252331,0.3103,O=C1N=C[C@H]2C[NH2+][C@@H](c3ccccc3)[C@@H]12
decoy_64,0.275069,0.297131,0.454504,0.600397,0.290714,0.340367,O=c1[nH]c2ccccc2[nH]1
decoy_640,0.397371,0.417023,0.603111,0.645635,0.468959,0.481304,c1cc([C@H]2NCCc3[nH+]c[nH]c32)ccn1
decoy_641,0.253174,0.302403,0.503973,0.570952,0.328543,0.36876,c1ccc(CNCc2ncncn2)cc1
decoy_642,0.267861,0.291303,0.481776,0.75566,0.314738,0.34736,c1ccc(-n2ncc3ccsc32)cc1
decoy_643,0.188611,0.259774,0.395042,0.532801,0.24256,0.346336,C1CC[C@@H](CO[C@@H]2CCCCO2)OC1
decoy_644,0.181764,0.200958,0.339383,0.416707,0.24378,0.273765,O=C1C=C[C@@H]2C[C@]34C=CC[C@H]3CC[C@@H]4[C@H]12
decoy_645,0.442702,0.530743,0.733919,0.873836,0.506837,0.564434,c1ccc2c(c1)=NCC=2C1CC[NH2+]CC1
decoy_646,0.242206,0.310917,0.426284,0.617222,0.279586,0.356766,O=C(NCc1ccccc1)c1ccco1
decoy_647,0.229486,0.303856,0.413628,0.602243,0.265081,0.343236,O=C(NCc1ccco1)c1ccccc1
decoy_648,0.244727,0.304929,0.398274,0.508304,0.280023,0.348628,O=C(NCc1ccccc1)c1cc[nH]n1
decoy_649,0.247654,0.311659,0.408856,0.517806,0.282761,0.352451,O=C(NCc1ccccc1)c1cn[nH]c1
decoy_65,0.305756,0.249925,0.613629,0.582825,0.376979,0.355918,c1ccc2sccc2c1
decoy_650,0.277353,0.235641,0.458245,0.442222,0.310982,0.294141,c1coc(-c2ccnc3sccc23)c1
decoy_651,0.356158,0.324039,0.674915,0.692974,0.412831,0.407393,c1ccc(-c2cn3ncsc3n2)cc1
decoy_652,0.23192,0.22899,0.458374,0.483387,0.282998,0.311146,c1ccc2c(c1)ccn2[C@@H]1CCCCO1
decoy_653,0.243722,0.277092,0.453453,0.496735,0.284107,0.319502,O=C(N[C@@H]1C=CCCC1)c1ccccc1
decoy_654,0.225534,0.261357,0.393182,0.421491,0.294395,0.299309,c1ccc(C[NH2+]CCc2cn[nH]c2)cc1
decoy_655,0.245312,0.308624,0.453209,0.597234,0.299081,0.359982,c1ccc(NCCCc2cc[nH]n2)cc1
decoy_656,0.18807,0.154071,0.333319,0.29004,0.253122,0.22711,C(=C/c1ccccc1)\Cc1cncs1
decoy_657,0.25887,0.271238,0.486903,0.485421,0.302787,0.319218,c1ccc(CSc2ccccn2)cc1
decoy_658,0.213247,0.257768,0.396616,0.438469,0.265151,0.281312,c1ccc(C[NH2+][C@H]2C[C@@H]3CC[C@H]2C3)cc1
decoy_659,0.370693,0.355714,0.685979,0.676802,0.441869,0.429935,c1nc(-c2ccc3c(c2)OCCO3)c[nH]1
decoy_66,0.256647,0.243179,0.46345,0.519275,0.29137,0.303262,O=c1[nH]c2ccccc2o1
decoy_660,0.425347,0.418618,0.728912,0.719386,0.495114,0.499386,[H]/N=C1/CC(=O)c2c(cc3n2CCC3)C1=O
decoy_661,0.279396,0.3242,0.432355,0.505616,0.326559,0.350679,O=c1[nH]cccc1Cc1ccc[nH]c1=O
decoy_662,0.343971,0.395578,0.586508,0.690153,0.401376,0.442493,O=C(Cn1ccccc1=O)c1cc[nH]c1
decoy_663,0.247892,0.313294,0.408942,0.555257,0.282651,0.360086,O=C(NCc1ccccc1)c1cocn1
decoy_664,0.385539,0.397609,0.606175,0.604147,0.427759,0.435155,O=c1[nH]cnc2c1ncn2[C@@H]1C=CCC1
decoy_665,0.223715,0.21223,0.368594,0.373279,0.273082,0.278926,O=C(Cn1ccnn1)Nc1ccccc1
decoy_666,0.233908,0.220008,0.367903,0.366861,0.277646,0.284841,O=C(Nc1ccccc1)Nc1cn[nH]c1
decoy_667,0.256352,0.312645,0.406538,0.485504,0.290548,0.34986,O=C(NCc1ccccc1)c1cnn[nH]1
decoy_668,0.318797,0.290141,0.494393,0.490281,0.365351,0.353434,c1ccc(-c2nnc3scnn23)cc1
decoy_669,0.36276,0.336818,0.604065,0.650407,0.402578,0.406727,c1cncc(-c2cn3ncsc3n2)c1
decoy_67,0.283838,0.343195,0.46892,0.708589,0.313956,0.390657,c1coc(-c2nnc[nH]2)c1
decoy_670,0.316899,0.334956,0.467291,0.596175,0.340939,0.361603,c1csc(-c2ccn3ncnc3n2)c1
decoy_671,0.188011,0.221815,0.358263,0.438559,0.245462,0.2828,O=C1C=C[C@@]2(CCO2)[C@H]2[C@@H]1[C@H]1C=C[C@@H]2C1
decoy_672,0.268852,0.277391,0.513976,0.509563,0.308873,0.335128,c1ccc(CSc2ncccn2)cc1
decoy_673,0.204169,0.253098,0.369523,0.430828,0.260016,0.309426,c1ccc(N[C@H]2CC[N@H+]3CCC[C@@H]23)cc1
decoy_674,0.226283,0.348597,0.415496,0.635966,0.256942,0.362813,[NH2+]=C(NC1CCCCC1)c1ccccc1
decoy_675,0.367251,0.379019,0.682288,0.707639,0.436974,0.44386,O=c1ccc2cc3c(cc2[nH]1)OCCO3
decoy_676,0.354835,0.39554,0.563939,0.641801,0.415257,0.453456,O=c1[nH]c(=O)c2ccc(C3CC3)nc2[nH]1
decoy_677,0.271262,0.312975,0.480648,0.513851,0.328349,0.376523,c1ncnc(CNCc2ncncn2)n1
decoy_678,0.280482,0.336309,0.490099,0.636769,0.318035,0.378136,c1ccc2c(c1)nnn2[C@@H]1CCCCO1
decoy_679,0.261221,0.354568,0.429158,0.627081,0.294709,0.370387,C=c1[nH]c(=O)/c(=C/c2ccccc2)s1
decoy_68,0.239022,0.253638,0.374796,0.487328,0.269273,0.315578,C1=CC[C@]2(C=C1)CC=NO2
decoy_680,0.249759,0.32296,0.418302,0.725712,0.291767,0.375336,O=C(Nc1ccccc1)c1cccs1
decoy_681,0.242996,0.26877,0.412765,0.578816,0.298694,0.338098,O=C(Nc1cccs1)c1ccccc1
decoy_682,0.264706,0.268084,0.442395,0.438555,0.309161,0.314397,c1ccc(SCc2ncncn2)cc1
decoy_683,0.262451,0.286836,0.459062,0.506081,0.294999,0.361249,c1ccc(CSc2ncccn2)nc1
decoy_684,0.192168,0.229894,0.398429,0.579663,0.255915,0.302723,O=C(Nc1ccccc1)C1CCCCC1
decoy_685,0.221358,0.295835,0.432814,0.644116,0.267039,0.342268,O=C(NC1CCCCC1)c1ccccc1
decoy_686,0.244365,0.300514,0.435909,0.486948,0.317847,0.356798,O=S1(=O)CC[C@H]([NH2+]C2CCCC2)C1
decoy_687,0.241512,0.312851,0.39039,0.581581,0.285193,0.34786,c1ccc(C[NH2+]Cc2cccs2)cc1
decoy_688,0.230286,0.306359,0.378547,0.571964,0.27298,0.342341,c1ccc(C[NH2+]Cc2ccsc2)cc1
decoy_689,0.19224,0.22923,0.387205,0.425095,0.25466,0.269371,c1ccc(C[NH2+]C2CCCCCC2)cc1
decoy_69,0.392015,0.375375,0.746559,0.792323,0.471599,0.484002,NC1=CCCc2occc21
decoy_690,0.209635,0.293066,0.407922,0.75643,0.254588,0.334598,c1ccc(C[NH+]2CCCCCCC2)cc1
decoy_691,0.185877,0.223227,0.371403,0.408826,0.248313,0.270728,c1ccc(CC[NH2+]C2CCCCC2)cc1
decoy_692,0.335229,0.31881,0.552437,0.642867,0.375997,0.38963,O=c1ocnc2c1sc1ncccc12
decoy_693,0.227219,0.283305,0.395278,0.500495,0.272466,0.324265,O=C(NNC(=O)C1CC1)c1ccccc1
decoy_694,0.331037,0.332369,0.623079,0.6208,0.392269,0.39999,c1ncc2ncn([C@@H]3CCCCO3)c2n1
decoy_695,0.273868,0.300556,0.518214,0.612686,0.329145,0.363158,c1ncc2c(n1)ncn2[C@@H]1CCCCO1
decoy_696,0.386909,0.485064,0.621775,0.706772,0.467947,0.537686,c1ncc2[nH]c(N3CC[NH2+]CC3)nc2n1
decoy_697,0.325599,0.35801,0.598337,0.643993,0.38627,0.403126,O=c1ccnc(Sc2ccccc2)[nH]1
decoy_698,0.236768,0.247014,0.384093,0.493545,0.28619,0.313567,O=C(Nc1ccccc1)c1ccns1
decoy_699,0.244856,0.275583,0.402315,0.521964,0.292756,0.337876,O=C(Nc1nccs1)c1ccccc1
decoy_7,0.255239,0.265191,0.460569,0.54668,0.301188,0.329275,C=C1CCCC=C1N
decoy_70,0.278545,0.247694,0.576971,0.568302,0.314269,0.30282,c1cnc2sccc2c1
decoy_700,0.273276,0.313247,0.455814,0.536858,0.313903,0.357483,c1cncc(SCc2ncncn2)c1
decoy_701,0.253303,0.309681,0.57204,0.624799,0.329028,0.387397,c1cc2c(cc1C1CCCC1)OCCO2
decoy_702,0.220788,0.253638,0.442949,0.511215,0.271073,0.308716,O=C(OC1CCCCC1)c1ccccc1
decoy_703,0.441264,0.453899,0.746366,0.754504,0.496998,0.498595,O=C(Cc1ccccc1)N1CC[NH2+]CC1
decoy_704,0.266836,0.337333,0.454965,0.574658,0.319163,0.381278,O=C(C[NH+]1CCCC1)Nc1ccccc1
decoy_705,0.366199,0.51556,0.628448,0.821556,0.44687,0.571564,O=C(Nc1ccccc1)C1CC[NH2+]CC1
decoy_706,0.2019,0.272482,0.386703,0.629495,0.254053,0.372593,O=C(Nc1ccccc1)N1CCCCC1
decoy_707,0.272962,0.341221,0.468785,0.556042,0.343836,0.394595,O=C(N[C@H]1CCC[NH2+]C1)c1ccccc1
decoy_708,0.39686,0.454506,0.663217,0.746009,0.467344,0.504128,O=C(NC1CC[NH2+]CC1)c1ccccc1
decoy_709,0.234406,0.300004,0.414625,0.506815,0.281751,0.35056,O=C(NCc1ccccc1)[C@@H]1CCC[NH2+]1
decoy_71,0.288188,0.265407,0.530497,0.568597,0.313469,0.330965,O=c1[nH]ncc2cocc12
decoy_710,0.427197,0.495936,0.700148,0.786527,0.488663,0.526215,O=C(NCc1ccccc1)[C@H]1CC[NH2+]C1
decoy_711,0.348722,0.338413,0.717669,0.709964,0.399883,0.408486,c1ncc2c3c(sc2n1)CCCCC3
decoy_712,0.233517,0.262863,0.377383,0.39328,0.291697,0.303329,c1csc(C[NH2+]Cc2ccncc2)c1
decoy_713,0.230253,0.304111,0.374006,0.520431,0.281207,0.345041,c1ccc(C[NH2+]Cc2cscn2)cc1
decoy_714,0.331859,0.396968,0.664781,0.764908,0.427924,0.465206,c1ccc(C[NH2+]CC2CC[NH2+]CC2)cc1
decoy_715,0.35627,0.401471,0.544053,0.638398,0.397,0.447279,O=C(Nc1cnc[nH]c1=O)c1ccco1
decoy_716,0.217605,0.218736,0.37611,0.403355,0.267565,0.286099,O=C1CC[C@@H](C(=O)Nc2ccccc2)O1
decoy_717,0.315634,0.399357,0.495009,0.60463,0.360822,0.43372,O=C1OCC[NH+]=C1NNc1ccccc1
decoy_718,0.379942,0.34502,0.658607,0.650443,0.43428,0.403202,O=c1nc[nH]c2c1ccn2[C@@H]1CCCO1
decoy_719,0.266983,0.293199,0.46936,0.515468,0.29636,0.342981,O=c1[nH]ncc2ccn([C@@H]3CCCO3)c12
decoy_72,0.278438,0.246746,0.504445,0.468512,0.336261,0.310519,c1ccc2c(c1)OCCO2
decoy_720,0.262401,0.338458,0.408275,0.539218,0.277122,0.36989,O=c1[nH]cnc2c1N=C[C@@H]2[C@H]1CCCO1
decoy_721,0.243927,0.234781,0.440446,0.448578,0.324814,0.317281,O=C(CCn1cccn1)Nc1cn[nH]c1
decoy_722,0.269343,0.37075,0.350535,0.545722,0.281918,0.372568,O=C1[N-]C(=O)/C(=C/c2ccccc2)S1
decoy_723,0.278251,0.366309,0.403025,0.58956,0.310334,0.393598,O=C(Nc1nncs1)c1ccccc1
decoy_724,0.276994,0.318286,0.458771,0.542596,0.313025,0.366552,c1cnc(SCc2ncncn2)nc1
decoy_725,0.26271,0.310266,0.438707,0.47777,0.316345,0.349912,c1cc2c(cc1C[NH+]1CCCC1)OCO2
decoy_726,0.22068,0.289976,0.396804,0.509094,0.267186,0.340924,O=C1NCCCC[C@@H]1Oc1ccccc1
decoy_727,0.199301,0.249127,0.383181,0.577776,0.252889,0.32409,O=C(Nc1ccccc1)C1CCOCC1
decoy_728,0.3178,0.449335,0.554898,0.684717,0.389942,0.508203,O=C(Nc1ccccc1)[C@@H]1C[NH2+]CCN1
decoy_729,0.337931,0.368649,0.579157,0.620866,0.419479,0.439295,O=C(Nc1ccccn1)[C@H]1CCC[NH2+]C1
decoy_73,0.277181,0.258416,0.514031,0.476236,0.334739,0.319693,c1ccc2c(c1)COCO2
decoy_730,0.431014,0.592429,0.676997,0.845238,0.482796,0.604251,O=C(Nc1ccccn1)C1CC[NH2+]CC1
decoy_731,0.275946,0.344246,0.47101,0.544337,0.344206,0.394231,O=C(N[C@H]1CCC[NH2+]C1)c1cccnc1
decoy_732,0.384173,0.422029,0.634581,0.676846,0.450978,0.483614,O=C(Nc1ccccc1)N[C@H]1CC[NH2+]C1
decoy_733,0.387325,0.44761,0.636813,0.704059,0.457561,0.495586,O=C(NC1CC[NH2+]CC1)c1cccnc1
decoy_734,0.40812,0.531684,0.659118,0.798006,0.470037,0.57183,O=C(NC[C@H]1CC[NH2+]C1)c1cccnc1
decoy_736,0.232397,0.34402,0.397006,0.560436,0.288544,0.400035,[NH2+]=C(Nc1ncccn1)N1CCCCC1
decoy_737,0.24647,0.231946,0.447422,0.442277,0.311131,0.294924,c1csc([C@@H]2CCn3nccc3N2)c1
decoy_738,0.276115,0.295044,0.464512,0.597579,0.311674,0.336922,c1nc(N2CCCC2)c2ccsc2n1
decoy_739,0.272273,0.287587,0.444645,0.465094,0.316896,0.343813,c1ccc(CCSc2ncn[nH]2)cc1
decoy_74,0.256523,0.28514,0.539612,0.696498,0.322119,0.354672,c1ccc2nsnc2c1
decoy_740,0.213057,0.244751,0.400398,0.427565,0.280421,0.30008,c1ccc(OCCC[NH+]2CCCC2)cc1
decoy_741,0.214812,0.269105,0.404013,0.47274,0.281797,0.339187,c1ccc(OCC[NH+]2CCCCC2)cc1
decoy_744,0.341517,0.36504,0.563188,0.627533,0.397834,0.417022,O=c1ncc2[nH]cnc2n1[C@@H]1CCCO1
decoy_745,0.29903,0.370344,0.484811,0.565762,0.363608,0.423214,O=C1N=C[C@@H](NC(=O)c2ccc[nH]2)CN1
decoy_746,0.381914,0.376699,0.602672,0.590018,0.421333,0.42726,O=c1[nH]cnc2c1ncn2[C@@H]1CCCO1
decoy_747,0.367052,0.390845,0.59191,0.621201,0.430655,0.453244,O=c1ncc2ncn([C@@H]3CCCO3)c2[nH]1
decoy_748,0.307237,0.285428,0.540485,0.529199,0.369963,0.368054,O=C1N=CN=C2C1=NCN2[C@@H]1CCCO1
decoy_749,0.251637,0.393283,0.402881,0.591112,0.301071,0.4347,O=C(N/N=C/c1ccco1)[C@@H]1C=CNN1
decoy_75,0.284409,0.282824,0.554075,0.688076,0.313392,0.33766,c1ncc2ccsc2n1
decoy_750,0.225416,0.239393,0.457189,0.498964,0.301148,0.334137,c1cc2c(cc1C1CCOCC1)OCO2
decoy_751,0.232207,0.272291,0.438669,0.504552,0.278044,0.322852,O=C(O[C@@H]1CCCCO1)c1ccccc1
decoy_752,0.270701,0.325348,0.417931,0.519066,0.299731,0.34608,[H]/N=C1/NC(=O)[C@H](Cc2ccccc2)S1
decoy_753,0.387874,0.350843,0.678639,0.644259,0.460694,0.425441,O=c1[nH]cnc2sc3c(c12)CCCC3
decoy_755,0.212412,0.263734,0.458644,0.576537,0.275479,0.346093,c1ccc(CCO[C@@H]2CCCCO2)cc1
decoy_756,0.311397,0.315285,0.865668,0.880698,0.421284,0.418389,C=C1CCC[C@H]2C[C@@H]3OC(=O)C[C@H]3C[C@@H]12
decoy_757,0.233208,0.318518,0.426916,0.590618,0.288993,0.403715,c1ccc(NC[NH2+][C@@H]2CCCCO2)cc1
decoy_758,0.251021,0.27128,0.495516,0.490345,0.301262,0.32253,c1ccc(SCc2cccs2)cc1
decoy_759,0.257829,0.319875,0.42802,0.560434,0.292998,0.36284,c1ccc(-c2cnc3cccnc3n2)cc1
decoy_76,0.119848,0.137272,0.351601,0.421189,0.192455,0.267697,C1C2CC3CC1CC(C2)C3
decoy_760,0.255613,0.31835,0.40971,0.59254,0.282465,0.348679,O=S(=O)(c1ccccc1)n1cccc1
decoy_761,0.260075,0.327701,0.392382,0.510626,0.270882,0.344494,O=c1[nH]cc(CSc2ccccn2)[nH]1
decoy_762,0.245823,0.247261,0.358104,0.389434,0.284911,0.299595,O=c1[nH]nc(SCc2ccccc2)[nH]1
decoy_763,0.317232,0.378733,0.460857,0.586689,0.339055,0.419724,O=c1nn[nH]c2sc3c(c12)CCCC3
decoy_764,0.213045,0.283335,0.430274,0.781649,0.277115,0.34693,c1ccc(OCCN2CCOCC2)cc1
decoy_765,0.261441,0.270984,0.492729,0.485054,0.313068,0.31955,c1ccc(CC2=c3ccccc3=NC2)cc1
decoy_766,0.246957,0.288037,0.509267,0.551582,0.32011,0.383107,c1ccc(Cn2ccc3ccccc32)cc1
decoy_767,0.263717,0.282824,0.478142,0.500929,0.309498,0.331071,c1cn2cc(N3CCCCC3)nc2s1
decoy_768,0.282754,0.341143,0.472905,0.79968,0.322353,0.382071,c1cc2cc3c(nc2s1)CCSC3
decoy_769,0.320309,0.333382,0.525112,0.538678,0.342917,0.377388,O=C1c2ccccc2C(=O)c2ccccc21
decoy_77,0.313667,0.311009,0.621043,0.704748,0.372198,0.386874,c1cn(-c2cnon2)nn1
decoy_770,0.232635,0.329821,0.380271,0.532256,0.260742,0.361268,O=C1NC=N[C@H]2[C@@H]1N=CN2[C@H]1CCCO1
decoy_771,0.27755,0.340308,0.424951,0.576426,0.287132,0.39139,c1ccc(-c2cnc3ncncc3n2)cc1
decoy_772,0.239088,0.344529,0.394723,0.546516,0.281478,0.378556,c1ccc(-c2ncc3nccnc3n2)cc1
decoy_773,0.324786,0.349182,0.589669,0.632615,0.372507,0.393319,O=c1ccnc(SCc2ccco2)[nH]1
decoy_774,0.241943,0.311995,0.398518,0.537383,0.275802,0.356598,O=C(NCc1ccco1)c1ccns1
decoy_775,0.324452,0.349321,0.513376,0.551772,0.364313,0.379056,O=c1ccnc(SCc2cn[nH]c2)[nH]1
decoy_776,0.220227,0.251192,0.342802,0.442881,0.267587,0.320529,O=C(Cn1cnnc1)Nc1cccs1
decoy_777,0.261824,0.252772,0.52141,0.510258,0.332195,0.338113,C1=C[C@@H](c2ccccc2)c2ccccc2O1
decoy_778,0.269314,0.278158,0.483781,0.474013,0.314167,0.318067,c1ccc(Cn2cnc3ccccc32)cc1
decoy_779,0.283145,0.366504,0.458039,0.608846,0.29634,0.384362,NC1=[N+](c2ccccc2)Cc2ccccc21
decoy_78,0.312917,0.326854,0.431948,0.450873,0.321924,0.355946,c1coc(C[NH2+]C2CC2)c1
decoy_780,0.327477,0.358155,0.562898,0.595015,0.380214,0.403194,O=C(C[NH+]1CCCCC1)Nc1cn[nH]c1
decoy_781,0.42144,0.457878,0.690012,0.729245,0.47725,0.510199,O=C(Cn1cccn1)NC1CC[NH2+]CC1
decoy_782,0.264783,0.276763,0.480101,0.464737,0.295794,0.323726,c1scc2c1COCc1cscc1-2
decoy_783,0.266139,0.276068,0.497765,0.500404,0.303444,0.333101,c1cnc(SCc2cccs2)nc1
decoy_784,0.227635,0.254758,0.499842,0.527389,0.28857,0.347865,c1ccc(CS[C@H]2CCCCO2)cc1
decoy_785,0.392319,0.369376,0.754237,0.74144,0.477496,0.445682,Nc1nc2c(s1)C[C@@H]1CCCC[C@@H]1C2
decoy_786,0.325276,0.311392,0.515735,0.520327,0.344988,0.362029,O=C1c2ccccc2C(=O)c2cnccc21
decoy_787,0.208156,0.232797,0.324357,0.405232,0.255559,0.293016,O=C(Cn1cnnc1)Nc1nccs1
decoy_788,0.21335,0.306071,0.402329,0.814783,0.27736,0.383834,c1ccc(Oc2cc3ccccc3[nH]2)cc1
decoy_789,0.272259,0.328405,0.475983,0.62968,0.309665,0.360234,c1ccc(Cn2cnc3ccccc32)nc1
decoy_79,0.314612,0.298419,0.620821,0.65223,0.386751,0.374296,O=C1C=CC2(CCCC2)N1
decoy_790,0.211482,0.249109,0.325952,0.378004,0.265161,0.291332,C1=C[C@@H](c2ccccc2)c2cncnc2[N-]1
decoy_791,0.267787,0.297716,0.518626,0.683182,0.336889,0.388729,c1ccc(Nc2cccc3ccnn23)cc1
decoy_792,0.326001,0.485621,0.599266,0.853876,0.412381,0.570836,[H]/N=C1/C=CC2=N[C@@H](c3ccccc3)NC2=C1
decoy_793,0.390934,0.443856,0.668272,0.675914,0.450003,0.482716,O=C(Nc1cn[nH]c1)NC1CC[NH2+]CC1
decoy_794,0.383004,0.49605,0.645538,0.744054,0.467853,0.554394,O=C(NCc1cn[nH]c1)N1CC[NH2+]CC1
decoy_795,0.279885,0.299413,0.469852,0.516363,0.31976,0.349489,c1cn2cc(N3CCOCC3)nc2s1
decoy_796,0.304013,0.392111,0.423269,0.542257,0.303579,0.400731,NC1=[NH+]CNc2sc3c(c21)CCOC3
decoy_797,0.235662,0.261532,0.506158,0.553492,0.328815,0.373103,c1ccc(N2CCc3ccccc3C2)cc1
decoy_798,0.191461,0.234304,0.347086,0.39867,0.237146,0.286442,c1ccc([C@@H]2[NH2+]CCc3ccccc32)cc1
decoy_799,0.244163,0.256492,0.430582,0.435952,0.30339,0.309418,[NH2+]=C(Cc1ccccc1)Cc1ccccc1
decoy_8,0.297915,0.284349,0.590198,0.622386,0.355913,0.350621,O=c1cc[nH]c(=O)[nH]1
decoy_80,0.383973,0.356632,0.632715,0.648513,0.418687,0.404187,O=C1NCNc2nc[nH]c21
decoy_800,0.206231,0.299267,0.402964,0.723466,0.260541,0.346885,O=C(NC1CCCCC1)c1cccs1
decoy_801,0.185116,0.281155,0.41696,0.662765,0.256056,0.345482,O=C(NC1CCCCC1)C1CCCCC1
decoy_802,0.239166,0.314003,0.36625,0.562365,0.278114,0.348691,c1csc(C[NH2+]Cc2cccs2)c1
decoy_803,0.241276,0.316952,0.370943,0.565664,0.282063,0.352571,c1csc(C[NH2+]Cc2ccsc2)c1
decoy_804,0.295157,0.280014,0.50154,0.481981,0.317773,0.319362,O=C1c2ccccc2C(=O)[C@@H]2C=CC=C[C@H]12
decoy_805,0.235425,0.289019,0.448841,0.61474,0.278778,0.329932,O=C(C(=O)c1ccccc1)c1ccccc1
decoy_806,0.271428,0.27537,0.469726,0.576642,0.330188,0.334222,c1ccc(-c2n[nH]cc2-c2ccco2)cc1
decoy_807,0.330846,0.330859,0.646714,0.699853,0.38053,0.410609,c1ccc(-c2cc(-c3ccc[nH]3)on2)cc1
decoy_808,0.201975,0.26556,0.403261,0.693431,0.256892,0.32211,c1ccc(-n2ccc(-c3ccco3)n2)cc1
decoy_809,0.295732,0.277985,0.465899,0.458343,0.309726,0.328762,O=C1Nc2ccccc2/C1=C/c1ccc[nH]1
decoy_81,0.288291,0.286606,0.534499,0.513932,0.318257,0.323229,C1CCC2=C(C1)CCOC2
decoy_810,0.370664,0.378807,0.595,0.57637,0.395761,0.388437,O=C1NCN[C@@H]2[C@@H]1[NH+]=CN2[C@H]1CCCO1
decoy_811,0.295873,0.341673,0.500874,0.556017,0.348731,0.381941,O=C1CN(CC2=CCNC(=O)N2)CCN1
decoy_812,0.414147,0.458583,0.675139,0.672169,0.487044,0.510101,O=c1[nH]cc(NC2CC[NH2+]CC2)c(=O)[nH]1
decoy_813,0.199374,0.225233,0.364637,0.424015,0.272028,0.297231,O=C(NC[C@H]1CCCO1)Nc1cn[nH]c1
decoy_814,0.270419,0.313379,0.426824,0.554773,0.281853,0.369183,C1=N\c2cncnc2Nc2ccccc2C/1
decoy_815,0.317332,0.317981,0.604546,0.602342,0.391071,0.387981,c1ccc(Cn2cnc3cncnc32)cc1
decoy_816,0.24351,0.27594,0.435446,0.491472,0.295282,0.320818,C(=N/N=C/c1ccccn1)\c1ccccn1
decoy_817,0.321555,0.324809,0.511596,0.492283,0.365608,0.340204,C=C(C(=O)c1ccccc1)[n+]1ccccc1
decoy_818,0.235497,0.246506,0.50971,0.491144,0.293472,0.303842,O=C1C=CC[C@H](CO[C@H]2CCCCO2)C1
decoy_819,0.37033,0.395176,0.719854,0.773036,0.45396,0.463083,O=C1CC[C@H](C(=O)N2CCCCC2)CN1
decoy_82,0.288575,0.266174,0.567534,0.566211,0.363541,0.367762,c1cc2c(s1)CCCC2
decoy_820,0.253812,0.255434,0.492349,0.501024,0.308047,0.310509,c1ccc(N2CCc3ccccc3C2)nc1
decoy_821,0.248388,0.293533,0.493991,0.680877,0.315577,0.374026,C=C(Nc1ccccc1)Nc1ccccc1
decoy_822,0.269087,0.331488,0.40843,0.654731,0.297867,0.38078,O=C(Nc1nccs1)c1cccs1
decoy_823,0.309875,0.349588,0.602484,0.597955,0.349669,0.377862,C(CNC1=[NH+]CCN1)CNC1=[NH+]CCN1
decoy_824,0.280721,0.298023,0.455807,0.526238,0.302641,0.355004,c1cnc(SCc2csnn2)nc1
decoy_825,0.497235,0.52194,0.78172,0.7932,0.529221,0.516078,O=C1C[C@H]2CC(S[C@H]3CC[NH2+]C3)=CN12
decoy_826,0.416423,0.472812,0.670351,0.744457,0.475537,0.512812,O=C(NC1CC[NH2+]CC1)c1cccs1
decoy_827,0.40451,0.457288,0.71564,0.792148,0.480037,0.516111,O=C(CC1CCCC1)NC1CC[NH2+]CC1
decoy_828,0.402374,0.408262,0.710527,0.711567,0.47451,0.461908,O=C(NC1CC[NH2+]CC1)C1CCCCC1
decoy_829,0.223538,0.297428,0.345204,0.493127,0.26586,0.339606,c1csc(C[NH2+]Cc2cscn2)c1
decoy_83,0.229349,0.241477,0.562309,0.543707,0.357654,0.380577,C1CC[C@H]2CCCC[C@H]2C1
decoy_830,0.376737,0.365765,0.723683,0.686585,0.453741,0.428045,c1csc(C[NH2+]CC2CC[NH2+]CC2)c1
decoy_831,0.18213,0.255728,0.347805,0.49237,0.24358,0.327773,c1csc(CNCC[NH+]2CCCC2)c1
decoy_834,0.266644,0.287264,0.467523,0.52008,0.337285,0.367942,O=c1cc(N[C@@H]2CCCCO2)[nH]c(=O)[nH]1
decoy_835,0.399868,0.488814,0.647439,0.696784,0.455202,0.525749,O=c1[nH]nc(N2CCC[NH2+]CC2)c(=O)[nH]1
decoy_836,0.326866,0.38738,0.537769,0.655607,0.381804,0.442208,c1ccc(Nc2ncnc3[nH]cnc23)cc1
decoy_837,0.406872,0.496321,0.597858,0.699877,0.42873,0.51627,Nc1c2c[nH]nc2nc[n+]1-c1ccccc1
decoy_838,0.284259,0.309384,0.463167,0.49426,0.346554,0.380345,O=C1NCC=C(CSc2ncn[nH]2)N1
decoy_839,0.231688,0.296377,0.444453,0.62571,0.271752,0.34301,O=C(NCc1ccccc1)c1ccccc1
decoy_84,0.427753,0.388385,0.8237,0.838785,0.477122,0.431566,O=C1NCC2=C1CCCO2
decoy_840,0.198787,0.279337,0.368472,0.679392,0.255397,0.337661,O=C(NC[C@H]1CCCO1)c1cccs1
decoy_841,0.241496,0.361921,0.408192,0.667379,0.269358,0.408309,O=S(=O)(NC1CCC1)c1ccccc1
decoy_842,0.290776,0.296331,0.477432,0.539633,0.320508,0.362958,c1ccc(-c2ccnc3sccc23)cc1
decoy_843,0.431357,0.508154,0.662434,0.738049,0.464191,0.525556,O=c1ccnc(SC2CC[NH2+]CC2)[nH]1
decoy_844,0.348776,0.416804,0.573991,0.652064,0.403758,0.46551,O=C(NC1CC[NH2+]CC1)c1cncs1
decoy_845,0.337084,0.360674,0.554234,0.590576,0.412049,0.423043,O=C(Nc1nccs1)C1CC[NH2+]CC1
decoy_846,0.193845,0.189179,0.363983,0.338471,0.291826,0.25299,C1=CC2=CC[NH2+]C[C@H]2[C@@H](c2ccccc2)C1
decoy_847,0.230388,0.304965,0.42179,0.619594,0.276216,0.351003,c1ccc(CC[NH2+]Cc2ccccc2)cc1
decoy_85,0.27564,0.287246,0.459312,0.516973,0.311075,0.345453,c1cn([C@@H]2CCCO2)nn1
decoy_850,0.341738,0.390608,0.491697,0.598856,0.356682,0.417575,[O-]C1=c2ccccc2=NC(=C2C=NN=C2)N1
decoy_851,0.292205,0.303199,0.442751,0.455414,0.310327,0.337776,O=C1NCNC=C1CSc1nnco1
decoy_852,0.212682,0.265691,0.415024,0.521657,0.263699,0.349227,O=C1CCO[C@@H]2O[C@@H]3CCCC[C@@H]3O[C@H]12
decoy_853,0.230468,0.295739,0.466548,0.784454,0.281321,0.331765,O=C(OCc1ccccc1)c1ccccc1
decoy_854,0.21974,0.278911,0.402657,0.523374,0.280789,0.330043,O=C(Nc1ccccc1)Nc1ccccc1
decoy_855,0.251375,0.306199,0.401942,0.483916,0.276994,0.35581,c1ccc(C2=NC[NH2+][C@H]2c2c[nH]cn2)cc1
decoy_856,0.187518,0.244231,0.333122,0.442526,0.231709,0.325133,c1ccc(C2=NCN[C@@H]2c2ncc[nH]2)cc1
decoy_857,0.268791,0.343495,0.504339,0.682878,0.330387,0.408126,C1=CNN2C=NN(Cc3ccccc3)C2=C1
decoy_858,0.253605,0.334695,0.492914,0.705354,0.320595,0.404929,O=C(NC[C@H]1CCCO1)c1ccns1
decoy_859,0.225473,0.308258,0.415835,0.636883,0.267868,0.38098,c1ccc(-c2ncc3ccsc3n2)cc1
decoy_86,0.289178,0.266665,0.518938,0.521706,0.321511,0.317694,c1nc2c(s1)CCCC2
decoy_860,0.224539,0.300351,0.428744,0.536374,0.292719,0.364582,O=C(NC[C@H]1CCCCO1)[C@@H]1CCC[NH2+]1
decoy_861,0.230207,0.2672,0.391223,0.428154,0.265675,0.317593,c1ccc2c(c1)c1c3n2CC[NH2+][C@H]3CCC1
decoy_862,0.224509,0.298537,0.39437,0.58173,0.260731,0.325761,c1ccc(-c2c[nH]c(C3CCCC3)[nH+]2)cc1
decoy_863,0.217314,0.247953,0.403606,0.457053,0.259049,0.295589,c1ccc2c(N3CCCCC3)cc[nH+]c2c1
decoy_865,0.270048,0.309123,0.356065,0.444208,0.275659,0.315957,O=c1[n-]c2nc3ccccc3cc2c(=O)[nH]1
decoy_866,0.270349,0.304695,0.492383,0.552488,0.32074,0.359425,c1ccc(Nc2ccc3c(c2)OCO3)cc1
decoy_867,0.426257,0.399018,0.861624,0.862679,0.507897,0.472095,O=C1Cc2cc(Cc3ccoc3)ccc2N1
decoy_868,0.241481,0.260287,0.422053,0.441844,0.31347,0.312181,O=C(N/C=C/c1ccccc1)c1ccco1
decoy_869,0.226634,0.283201,0.414611,0.574225,0.276202,0.320658,O=C(OCc1ccccc1)c1ccccn1
decoy_87,0.25572,0.280166,0.449689,0.487519,0.315488,0.356795,C1CCC2(CCCC2)[NH2+]C1
decoy_870,0.307625,0.316534,0.52884,0.534885,0.349396,0.362564,O=C1Cc2cc(Cc3cc[nH]n3)ccc2N1
decoy_871,0.386531,0.348515,0.665773,0.637286,0.452878,0.427887,O=C(/C=C/c1ccccc1)Nc1cn[nH]c1
decoy_872,0.305556,0.39768,0.527166,0.669797,0.360179,0.462005,C(=C/c1ccccc1)\C=N\Nc1ncn[nH]1
decoy_873,0.180147,0.209873,0.380736,0.688147,0.252449,0.303577,c1ccc(NCCOc2ccccc2)cc1
decoy_874,0.172407,0.170166,0.334193,0.327857,0.236664,0.250568,O=c1ccn(CCCc2ccccc2)cc1
decoy_875,0.219148,0.249518,0.393919,0.427388,0.266729,0.296662,c1ccc2c(N3CC[NH2+]CC3)cc[nH+]c2c1
decoy_876,0.387214,0.382104,0.675981,0.676461,0.456296,0.438342,c1ccc2nc(N3CC[NH2+]CC3)ccc2c1
decoy_877,0.244805,0.316811,0.435885,0.575968,0.309105,0.371148,c1ccc(NCCNc2cccc[nH+]2)cc1
decoy_878,0.245599,0.276092,0.340163,0.478248,0.281194,0.332142,O=c1[nH]nc(SCc2cccs2)[nH]1
decoy_879,0.251938,0.255435,0.473878,0.450153,0.300859,0.30234,c1csc(Cc2c[nH]c3ccccc23)c1
decoy_88,0.309572,0.321868,0.519749,0.524447,0.348182,0.369369,C1CCC([NH+]2CCCC2)C1
decoy_880,0.239461,0.211706,0.463052,0.396821,0.309906,0.293477,C1=C[C@H](c2ccccc2)c2ccsc2N1
decoy_881,0.361865,0.322476,0.5769,0.560483,0.402967,0.395631,c1nnc(-c2ccc(-c3nnco3)cc2)o1
decoy_882,0.29846,0.320828,0.381304,0.460878,0.30692,0.315635,O=c1[n-]c2nc3ccccc3nc2c(=O)[nH]1
decoy_883,0.351672,0.369875,0.631483,0.658396,0.400986,0.425514,O=c1[nH]c2ccc(Cc3ccco3)cc2[nH]1
decoy_884,0.35485,0.371696,0.627093,0.6529,0.402122,0.42311,O=c1[nH]c2ccc(Cc3ccoc3)cc2[nH]1
decoy_885,0.297078,0.287601,0.492194,0.488476,0.358248,0.343855,O=c1nc(N/N=C/c2ccccc2)cc[nH]1
decoy_886,0.314472,0.326077,0.493972,0.505486,0.348344,0.364835,O=c1[nH]c2ccc(Cc3cc[nH]n3)cc2[nH]1
decoy_887,0.332689,0.37322,0.537384,0.577073,0.378561,0.425563,O=c1[nH]c2ccc(Cc3cn[nH]c3)cc2[nH]1
decoy_888,0.233425,0.376415,0.380765,0.611643,0.273933,0.417133,O=C(NNc1ccncn1)c1ccccc1
decoy_889,0.25077,0.312205,0.494328,0.606575,0.306319,0.369008,C1CC[C@@H](O[C@H]2CC[C@H]3OC[C@@H]2O3)OC1
decoy_89,0.283715,0.322777,0.447717,0.480315,0.336272,0.360512,C1CCC([NH2+]CC2CC2)C1
decoy_890,0.214405,0.281418,0.430031,0.516206,0.275161,0.338636,C1CC[C@@H](O[C@H]2CO[C@H]3OC[C@@H]3C2)OC1
decoy_891,0.200083,0.181555,0.431624,0.373977,0.259504,0.245324,c1ccc(OCCOc2ccccc2)cc1
decoy_892,0.1777,0.198828,0.376091,0.434569,0.235845,0.27175,O=C1C=C[C@]2(CO2)[C@@H]2[C@H]1[C@@H]1C=C[C@H]2C12CC2
decoy_893,0.247874,0.274769,0.424264,0.455348,0.28144,0.317864,c1ccc2c(N3CCOCC3)cc[nH+]c2c1
decoy_894,0.249622,0.270653,0.454419,0.538144,0.295049,0.339376,c1ccc2nc(N3CCOCC3)ccc2c1
decoy_895,0.172046,0.171069,0.332672,0.346769,0.239281,0.280789,c1ccc(OCCCc2cncnc2)cc1
decoy_896,0.201265,0.256339,0.363625,0.474349,0.257892,0.299151,C(\NCc1ccccc1)=[NH+]/Cc1ccco1
decoy_897,0.239258,0.324076,0.412614,0.581084,0.27621,0.360831,O=C1CCC[C@@H](c2c[nH]c3ccccc23)N1
decoy_898,0.367587,0.43512,0.611153,0.709649,0.444877,0.488924,c1ccc2nc(N3CC[NH2+]CC3)ncc2c1
decoy_9,0.25988,0.284629,0.488212,0.564216,0.339693,0.370841,O=C1CCCC(=O)N1
decoy_90,0.253854,0.270934,0.429863,0.508655,0.268365,0.313341,C=C1C(=O)[N-]C(=O)NC1=O
decoy_902,0.257802,0.2461,0.459533,0.441954,0.298666,0.2977,C1=C[C@@H](c2ccccc2)N2C=CSC2=N1
decoy_903,0.244389,0.221435,0.41648,0.37904,0.301841,0.294899,C1=C[C@H](c2cccnc2)c2ccsc2N1
decoy_904,0.292108,0.284003,0.570478,0.606061,0.360016,0.361132,[H]/N=C(/C=C/c1ccccc1)c1cncs1
decoy_905,0.217525,0.274738,0.460252,0.574503,0.270997,0.36128,C1CC[C@H](COC[C@@H]2CCCCO2)OC1
decoy_906,0.189993,0.200047,0.446796,0.462612,0.250663,0.275341,O=C1C=C[C@H]2[C@@H]3CC[C@@H]4C[C@@H]4[C@@H]3C=CC[C@H]12
decoy_907,0.31296,0.367926,0.491643,0.655006,0.334117,0.407055,O=C1OCCOc2c1cnc1ccccc21
decoy_908,0.343517,0.328929,0.514618,0.527861,0.373951,0.361494,O=C1CCNc2c1[nH]c(=O)c1cccnc21
decoy_909,0.254855,0.277509,0.413993,0.444906,0.305829,0.319188,N/C(=N\N=C\c1ccccc1)c1cnon1
decoy_91,0.291244,0.320578,0.418845,0.437635,0.328063,0.355656,O=C1NCC[N@H+]2CCC[C@@H]12
decoy_910,0.346652,0.352202,0.700965,0.742223,0.420236,0.419983,[NH2+]=C(C/C=C/c1ccco1)Cc1ccco1
decoy_911,0.226371,0.284533,0.432705,0.597605,0.281699,0.3299,O=C(Cc1ccccc1)NCc1ccco1
decoy_912,0.228148,0.276843,0.392421,0.474277,0.289897,0.319327,C1=CN=C([C@H]2NN[C@H](c3ccccc3)O2)C1
decoy_913,0.259388,0.336246,0.419474,0.561891,0.290551,0.371353,c1ccc(C[N@H+]2C[C@@H](c3ncno3)C2)cc1
decoy_914,0.246503,0.228817,0.442788,0.419245,0.293837,0.298437,c1ccc2c(c1)=NCC=2CC[C@H]1N=NCO1
decoy_915,0.304312,0.325592,0.583145,0.635999,0.381913,0.39751,c1nc(N2CCCCC2)c2ncncc2n1
decoy_916,0.258521,0.326667,0.41746,0.500887,0.302463,0.356823,C1=C(c2ccccc2)N=N[C@H]1[C@H]1NCNN1
decoy_917,0.32306,0.384656,0.522388,0.606228,0.375302,0.422192,c1ccc(NCCNc2ccncn2)[nH+]c1
decoy_918,0.232781,0.305554,0.375363,0.564147,0.261863,0.360501,c1ccc2c(c1)CNc1cncnc1S2
decoy_919,0.322584,0.321345,0.68405,0.694861,0.395504,0.398625,c1ccc(Cc2cn3ncnc3s2)cc1
decoy_92,0.26132,0.252736,0.467165,0.502718,0.285231,0.30805,c1cc2c(s1)COCC2
decoy_920,0.40982,0.389409,0.679633,0.665437,0.502362,0.462624,c1ccc2c(CN3CC[NH2+]CC3)c[nH]c2c1
decoy_921,0.370236,0.367131,0.696267,0.693091,0.43389,0.432311,c1ccc(NCCCCn2cc[nH+]c2)cc1
decoy_922,0.199435,0.253934,0.379171,0.490935,0.270407,0.292389,c1ccc(C[NH2+]CCCn2cccn2)cc1
decoy_923,0.232428,0.3018,0.397974,0.726117,0.295503,0.359342,c1csc(C[NH+]2Cc3ccccc3C2)c1
decoy_924,0.16151,0.214958,0.333138,0.402129,0.223579,0.284973,c1ccc([C@H]2[NH2+]CC[C@H]3CCCC[C@@H]32)cc1
decoy_925,0.003094,0.002659,0.006588,0.005402,0.023612,0.025153,C=C1C(=O)[N-]C(=O)N(c2ccccc2)C1=O
decoy_926,0.272535,0.276177,0.555014,0.558718,0.350054,0.34629,c1coc(Cc2ccc3c(c2)OCCO3)c1
decoy_927,0.243323,0.26977,0.438265,0.49116,0.294775,0.31776,O=C1CCCc2c1ccn2Cc1ccon1
decoy_928,0.197006,0.226763,0.341886,0.37163,0.242285,0.2959,O=C1NC(=O)[C@H]2C[NH2+][C@@H](c3ccccc3)[C@@H]12
decoy_929,0.342581,0.35038,0.593229,0.637368,0.377464,0.404212,c1cc(Nc2onc3c2CCCC3)ncn1
decoy_93,0.215542,0.229244,0.367684,0.375818,0.283255,0.28847,C1CC2(CC[NH2+]1)CC[NH2+]C2
decoy_930,0.238254,0.324742,0.399608,0.557538,0.27333,0.375328,C1=C([C@H]2N[C@@H](c3ccccc3)NO2)CN=N1
decoy_931,0.352183,0.336739,0.547161,0.517367,0.424815,0.384689,O=C1NCC[C@H](c2c[nH+]c[nH]2)c2cc[nH]c21
decoy_932,0.21903,0.307019,0.381242,0.547165,0.260549,0.353681,O=S(=O)(c1cc[nH]c1)N1CCOCC1
decoy_933,0.290636,0.320571,0.47012,0.573249,0.309806,0.367942,c1cnn(Cc2ncc3ccsc3n2)c1
decoy_934,0.241264,0.353447,0.418025,0.658566,0.291721,0.415328,O=C1Nc2ccccc2[C@@H]1[NH+]1CCCCC1
decoy_935,0.324941,0.340779,0.64782,0.672486,0.382737,0.405046,O=c1[nH]c2ccc(CC3CCCC3)cc2[nH]1
decoy_936,0.210778,0.284884,0.426493,0.631468,0.266223,0.339127,O=C(N[C@H]1C[C@H]2C[C@H](C2)C1)c1cccnc1
decoy_938,0.215992,0.281334,0.389075,0.492128,0.262041,0.358132,NC1=[NH+]c2ccccc2NC12CC[NH2+]CC2
decoy_939,0.243174,0.264985,0.456113,0.502544,0.295904,0.303483,c1ccc(N2CCc3sccc3C2)nc1
decoy_94,0.416384,0.386432,0.685669,0.665704,0.452067,0.438051,C1C[NH+](CC2CC2)CCN1
decoy_940,0.232696,0.257755,0.48146,0.50316,0.298253,0.323404,c1ccc(CCSc2ncccn2)cc1
decoy_941,0.22464,0.261766,0.422152,0.461395,0.295971,0.336205,c1ccc(N[C@H]2CC[NH2+]C3(CCC3)C2)cc1
decoy_943,0.233992,0.286536,0.442197,0.496942,0.297126,0.35804,c1ccc(N[C@H]2CC[N@@H+]3CCCC[C@@H]23)cc1
decoy_944,0.250695,0.294902,0.394747,0.437916,0.286242,0.31816,O=c1cc(NCc2ccccc2)[nH]c(=O)[nH]1
decoy_945,0.37406,0.368774,0.623017,0.625376,0.425024,0.419742,O=c1[nH]cc(NCc2ccccc2)c(=O)[nH]1
decoy_946,0.192263,0.2401,0.38329,0.708413,0.239119,0.298396,C1=Nc2ccccc2[C@H]1O[C@@H]1CCCCO1
decoy_947,0.248521,0.274394,0.46417,0.486704,0.301324,0.308137,c1ccc2c(O[C@@H]3CCCCO3)c[nH]c2c1
decoy_948,0.230339,0.2761,0.4569,0.475636,0.289882,0.338003,c1ccc2[nH]c(O[C@@H]3CCCCO3)cc2c1
decoy_949,0.205594,0.244567,0.368887,0.399212,0.252775,0.323697,O=C1CC2(CC[NH2+]CC2)Oc2ccccc21
decoy_95,0.425346,0.386161,0.691068,0.660203,0.493217,0.459587,C1C[NH2+]C[C@@H]2CCCN2C1
decoy_950,0.318909,0.308688,0.558595,0.560975,0.37025,0.361486,c1coc(C[NH2+][C@H]2CCCc3[nH]ncc32)c1
decoy_951,0.254645,0.255133,0.434254,0.429185,0.305237,0.303131,c1ccc2c(CC[C@H]3NNCO3)c[nH]c2c1
decoy_952,0.251651,0.317005,0.428405,0.523348,0.294667,0.358182,O=C1NCC=C(C[NH2+]Cc2ccccc2)N1
decoy_953,0.239393,0.262898,0.409418,0.417469,0.291074,0.304716,O=c1[nH]c2ccccc2n1C1CC[NH2+]CC1
decoy_954,0.240454,0.293288,0.44227,0.598598,0.280585,0.342007,O=C(NCc1cccs1)c1ccccc1
decoy_955,0.260316,0.277268,0.425278,0.443901,0.29439,0.303417,c1c[nH]c(Sc2ccc3c(n2)CCC3)n1
decoy_956,0.339396,0.336297,0.627393,0.646253,0.402094,0.392547,c1cc(Nc2cc3c(s2)CCC3)ncn1
decoy_957,0.202016,0.267053,0.434308,0.611715,0.253828,0.317432,O=C(Cc1ccccc1)NC1CCCCC1
decoy_958,0.436884,0.418753,0.758365,0.754878,0.493212,0.480388,O=C(CCC1CC[NH2+]CC1)c1ccccc1
decoy_959,0.209636,0.280248,0.434679,0.638654,0.261178,0.334125,O=C(NC1CCCCCC1)c1ccccc1
decoy_96,0.326245,0.326427,0.483429,0.469668,0.353263,0.361322,C1CC[NH+]([C@H]2CCOC2)C1
decoy_960,0.172917,0.263812,0.378931,0.711871,0.232862,0.329109,O=C(NCC1CCCCC1)c1ccccc1
decoy_961,0.297867,0.334502,0.519505,0.568831,0.347982,0.391392,C1OC[C@@H]2OCO[C@H]3COCO[C@H]3[C@H]2O1
decoy_962,0.241399,0.255528,0.399036,0.404,0.288373,0.306092,O=c1ccnc(CCc2nccc(=O)[nH]2)[nH]1
decoy_963,0.297075,0.34029,0.52908,0.669406,0.330695,0.364639,O=C1CCCC2=C1CC1=C(CCCC1=O)O2
decoy_964,0.212107,0.234049,0.412229,0.437596,0.265521,0.289442,O=C1O[C@@H]2CCO[C@@H]2[C@@H]1Cc1ccccc1
decoy_965,0.214586,0.286093,0.383361,0.5078,0.260466,0.330759,O=C1CC[C@@H](C(=O)NCc2ccccc2)N1
decoy_966,0.413548,0.368974,0.675058,0.634656,0.466376,0.409804,c1ccc2c(c1)ccc1c3c[nH+]ccc3[nH]c21
decoy_967,0.382828,0.420101,0.639547,0.64072,0.440061,0.459571,O=c1[nH]c2ccc(N[C@H]3CC[NH2+]C3)cc2[nH]1
decoy_968,0.220433,0.284067,0.438685,0.757315,0.268493,0.322435,O=C(OCc1ccsc1)c1ccccc1
decoy_969,0.239042,0.302219,0.395505,0.582712,0.265873,0.336497,O=S(=O)(c1ccccc1)c1ccccc1
decoy_97,0.241768,0.27746,0.422812,0.489411,0.290284,0.319906,C1CCC2(CC1)OCCO2
decoy_970,0.264425,0.279236,0.477853,0.47723,0.301348,0.316705,O=c1ccnc(SCc2ccccc2)[nH]1
decoy_971,0.248337,0.30576,0.428623,0.554175,0.284591,0.353857,O=C(NCc1ccccc1)c1ccns1
decoy_972,0.163803,0.170197,0.368887,0.362365,0.243533,0.247939,C1COCC[NH2+]CCOCCOCC[NH2+]1
decoy_973,0.226724,0.318275,0.451585,0.823718,0.273826,0.36015,c1cc2c(nc1N1CCOCC1)CCCC2
decoy_974,0.218753,0.300889,0.410347,0.575608,0.273182,0.352639,O=C1NCCCC[C@@H]1NCc1ccccc1
decoy_975,0.21945,0.247013,0.409783,0.421852,0.288744,0.296415,O=C(C[NH+]1CCCCC1)Nc1ccccc1
decoy_976,0.229739,0.306325,0.465261,0.80384,0.280031,0.350201,O=C(c1cccn1C1CC1)N1CCCCC1
decoy_977,0.189969,0.222833,0.386277,0.495182,0.252819,0.288136,O=C(Nc1ccccc1)NC1CCCCC1
decoy_978,0.360623,0.343505,0.643248,0.613401,0.444232,0.410097,O=C(NCCc1ccccc1)[C@H]1CC[NH2+]C1
decoy_979,0.25394,0.303683,0.426675,0.657635,0.288544,0.381233,c1csc(-c2ncc3ccsc3n2)c1
decoy_98,0.332766,0.287561,0.535009,0.491964,0.376088,0.335155,c1ccc(-c2ccc[nH]2)cc1
decoy_980,0.196812,0.247368,0.433038,0.544754,0.256388,0.31902,c1c[nH]c(C[NH2+][C@H]2CC[C@H]3CCCC[C@@H]32)c1
decoy_981,0.198338,0.2487,0.400209,0.460976,0.264076,0.33002,c1ccc(NCCC[NH+]2CCCCC2)cc1
decoy_982,0.158823,0.177346,0.357221,0.374067,0.222051,0.229877,c1ccc(C[NH2+]CCC[NH+]2CCCC2)cc1
decoy_983,0.168682,0.243937,0.359358,0.513975,0.228684,0.320559,c1ccc(CNCC[NH+]2CCCCC2)cc1
decoy_984,0.292872,0.322302,0.447762,0.662223,0.296512,0.364349,O=c1oc(-c2ccco2)nc2sccc12
decoy_985,0.288322,0.373638,0.513833,0.662897,0.353978,0.433047,c1nc(N[C@@H]2CCCCO2)c2nc[nH]c2n1
decoy_986,0.296308,0.277391,0.531602,0.509595,0.352248,0.329981,Nc1nc2cncnc2n1[C@@H]1CCCCO1
decoy_987,0.292477,0.310141,0.508947,0.519922,0.367891,0.380604,O=c1ccnc(SCc2ccccn2)[nH]1
decoy_988,0.26785,0.29339,0.453522,0.481221,0.301606,0.324756,O=c1ccnc(SCc2cccnc2)[nH]1
decoy_989,0.239972,0.357878,0.391452,0.610033,0.288548,0.38749,O=C1CS/C(=N/N=C/c2ccccc2)N1
decoy_99,0.317699,0.30962,0.536527,0.55696,0.369931,0.373986,c1ccc(-n2cccc2)cc1
decoy_990,0.326987,0.361969,0.595456,0.660693,0.391881,0.431066,O=C(CSc1nc[nH]n1)c1ccccc1
decoy_991,0.227751,0.247918,0.406821,0.415616,0.270043,0.285713,c1cc2c(cc1C[NH2+]C1CCCC1)OCO2
decoy_992,0.220279,0.245003,0.437284,0.471773,0.28166,0.297676,O=C(NC[C@H]1CCCCO1)c1ccccc1
decoy_993,0.179978,0.182682,0.350166,0.339517,0.240516,0.25359,O=C(C[NH+]1CCCCC1)Nc1ccccn1
decoy_994,0.398364,0.449252,0.654884,0.721179,0.458852,0.510172,O=C(CN1CC[NH2+]CC1)Nc1ccccc1
decoy_995,0.388731,0.424506,0.657364,0.699593,0.453264,0.479986,O=C(Nc1ccccc1)NC1CC[NH2+]CC1
decoy_996,0.351044,0.412151,0.606738,0.67993,0.416932,0.479758,O=C(NC[C@H]1CCC[NH2+]C1)c1cccnc1
decoy_997,0.389714,0.429904,0.659761,0.707726,0.452606,0.49056,O=C(NC[C@H]1CC[NH2+]C1)Nc1ccccc1
decoy_998,0.362622,0.435368,0.631776,0.717508,0.439822,0.498269,O=C(NCC1CC[NH2+]CC1)c1cccnc1
decoy_999,0.263264,0.258991,0.490746,0.47177,0.329631,0.32188,O=C(NCC[NH+]1CCCC1)c1cccnc1
